seed,split,method,attack,attack_queries,selected_attack_query,attack_score_feasible,configured_fault_bound,actual_byzantine_clients,accepted,commit_delta,audit_delta,population_delta,population_harm,population_escape,score_delta,score_source_rows,score_eval_rows,score_gate_accepted,score_gate_escape,score_gate_population_escape,operational_harm,declared_harm,harmful_escape,declared_harmful_escape,beneficial,false_rejection,before_balanced_accuracy,candidate_balanced_accuracy,installed_balanced_accuracy,paired_accuracy_gain,paired_audit_risk_reduction,proposal_cycle_ids,score_cycle_ids,catalog_cycle_ids,audit_cycle_ids,receipt_decision,receipt_delta,receipt_hash,append_succeeded,append_attempts,append_successes,installed_candidate,installed_model_version,serving_bytes_verified,risk_consumed,probe_consumed,competing_fixation_blocked,eligible_subset_blocked,witness_faults_injected,witness_signatures,witness_threshold,witness_quorum_met,event_chain_valid,protocol_event_count,catalog_leaves,selected_catalog_leaf,selected_cycle_ids,catalog_leaves_consumed,certificate_issue_ms,protocol_e2e_ms
0,random,FedAvg,none,0,0,0,6,0,1,-0.0018980298177894736,-0.00151714212205,-0.0019292176373947368,0,0,-0.0021275229986666665,840,114,1,0,0,0,0,0,0,1,0,0.5148674854557207,0.5157832363714716,0.5157832363714716,0.0,0.0,168;196;101;10;234;255;162;105;37;259;216;171;92;69;94;52;98;20;53;257;189;158;1;248;47;45;15;159;122;204,27;164;195;221;84;176;228;229;93;41;17;70;154;14;128;174;11;89;201;57;67;261;125;75;252;112;56;81;7;104,249;208;111;103;200;13;43;76;34;157;262;117;232;33;237;251;253;124;50;260;3;217;207;172;123;240;80;24;238;241;12;193;64;5;233;44;114;191;219;199;155;115;26;153;156;230;102;60;55;151;181;68;203;82;150;222;218;211;256;58;4;223;48;245;21;177;100;106;178;127;90;194;202;108;61;205,116;39;182;236;118;2;119;86;190;36;38;227;235;25;83;185;46;212;173;263,commit,-0.0018980298177894736,072dc43944e7f6b04ed5c49d0b9830b071a3abfae01642d1ade39bc0938173d3,1,2,2,1,1,1,1,1,1,1,1,3,3,1,1,9,2,1,cycle-0004;cycle-0021;cycle-0026;cycle-0048;cycle-0055;cycle-0058;cycle-0060;cycle-0061;cycle-0068;cycle-0082;cycle-0090;cycle-0100;cycle-0102;cycle-0106;cycle-0108;cycle-0115;cycle-0127;cycle-0150;cycle-0151;cycle-0153;cycle-0155;cycle-0156;cycle-0177;cycle-0178;cycle-0181;cycle-0194;cycle-0199;cycle-0202;cycle-0203;cycle-0205;cycle-0211;cycle-0218;cycle-0219;cycle-0222;cycle-0223;cycle-0230;cycle-0245;cycle-0256,1,2095.359606,5026.069233
0,random,CoordinateMedian,none,0,0,0,6,0,1,-0.012196270094921052,-0.0084792813404,-0.01167263393625,0,0,-0.013972026965733334,840,114,1,0,0,0,0,0,0,1,0,0.5148674854557207,0.5157563025210085,0.5157563025210085,0.0,0.0,168;196;101;10;234;255;162;105;37;259;216;171;92;69;94;52;98;20;53;257;189;158;1;248;47;45;15;159;122;204,27;164;195;221;84;176;228;229;93;41;17;70;154;14;128;174;11;89;201;57;67;261;125;75;252;112;56;81;7;104,249;208;111;103;200;13;43;76;34;157;262;117;232;33;237;251;253;124;50;260;3;217;207;172;123;240;80;24;238;241;12;193;64;5;233;44;114;191;219;199;155;115;26;153;156;230;102;60;55;151;181;68;203;82;150;222;218;211;256;58;4;223;48;245;21;177;100;106;178;127;90;194;202;108;61;205,116;39;182;236;118;2;119;86;190;36;38;227;235;25;83;185;46;212;173;263,commit,-0.012196270094921052,89b545b313e763b8e58801b07a351847bbec333cc35e6e4e9fa193c26e24c876,1,1,1,1,1,1,1,1,1,1,1,3,3,1,1,9,2,0,cycle-0003;cycle-0005;cycle-0012;cycle-0013;cycle-0024;cycle-0033;cycle-0034;cycle-0043;cycle-0044;cycle-0050;cycle-0064;cycle-0076;cycle-0080;cycle-0103;cycle-0111;cycle-0114;cycle-0117;cycle-0123;cycle-0124;cycle-0157;cycle-0172;cycle-0191;cycle-0193;cycle-0200;cycle-0207;cycle-0208;cycle-0217;cycle-0232;cycle-0233;cycle-0237;cycle-0238;cycle-0240;cycle-0241;cycle-0249;cycle-0251;cycle-0253;cycle-0260;cycle-0262,1,2092.047192,4381.433087
0,random,Krum,none,0,0,0,6,0,0,0.0006503182100526315,0.0004222355032,0.0010298557688947368,0,0,0.0016394363962333332,840,114,0,0,0,0,0,0,0,0,0,0.5148674854557207,0.5194731738849386,0.5148674854557207,-0.004605688429217936,0.0004222355032,168;196;101;10;234;255;162;105;37;259;216;171;92;69;94;52;98;20;53;257;189;158;1;248;47;45;15;159;122;204,27;164;195;221;84;176;228;229;93;41;17;70;154;14;128;174;11;89;201;57;67;261;125;75;252;112;56;81;7;104,249;208;111;103;200;13;43;76;34;157;262;117;232;33;237;251;253;124;50;260;3;217;207;172;123;240;80;24;238;241;12;193;64;5;233;44;114;191;219;199;155;115;26;153;156;230;102;60;55;151;181;68;203;82;150;222;218;211;256;58;4;223;48;245;21;177;100;106;178;127;90;194;202;108;61;205,116;39;182;236;118;2;119;86;190;36;38;227;235;25;83;185;46;212;173;263,reject,0.0006503182100526315,2eca9dcec5d7ec7d2f66de02d3e7dfc3e68fdab90732c618dca0c3a98bfd522a,1,1,1,0,0,1,1,1,1,1,1,3,3,1,1,9,2,1,cycle-0004;cycle-0021;cycle-0026;cycle-0048;cycle-0055;cycle-0058;cycle-0060;cycle-0061;cycle-0068;cycle-0082;cycle-0090;cycle-0100;cycle-0102;cycle-0106;cycle-0108;cycle-0115;cycle-0127;cycle-0150;cycle-0151;cycle-0153;cycle-0155;cycle-0156;cycle-0177;cycle-0178;cycle-0181;cycle-0194;cycle-0199;cycle-0202;cycle-0203;cycle-0205;cycle-0211;cycle-0218;cycle-0219;cycle-0222;cycle-0223;cycle-0230;cycle-0245;cycle-0256,1,2019.618973,4235.080004
0,random,FLTrust,none,0,0,0,6,0,0,0.0084686971615,0.00755393508145,0.00916185255736842,0,0,0.010048243629533334,840,114,0,0,0,0,0,0,0,0,0,0.5148674854557207,0.5443331178625296,0.5148674854557207,-0.029465632406808884,0.00755393508145,168;196;101;10;234;255;162;105;37;259;216;171;92;69;94;52;98;20;53;257;189;158;1;248;47;45;15;159;122;204,27;164;195;221;84;176;228;229;93;41;17;70;154;14;128;174;11;89;201;57;67;261;125;75;252;112;56;81;7;104,249;208;111;103;200;13;43;76;34;157;262;117;232;33;237;251;253;124;50;260;3;217;207;172;123;240;80;24;238;241;12;193;64;5;233;44;114;191;219;199;155;115;26;153;156;230;102;60;55;151;181;68;203;82;150;222;218;211;256;58;4;223;48;245;21;177;100;106;178;127;90;194;202;108;61;205,116;39;182;236;118;2;119;86;190;36;38;227;235;25;83;185;46;212;173;263,reject,0.0084686971615,0bd288d7044cfed8ef86d2bb4c143333bfa9e140d7affee53dc95f7931d1872f,1,1,1,0,0,1,1,1,1,1,1,3,3,1,1,9,2,0,cycle-0003;cycle-0005;cycle-0012;cycle-0013;cycle-0024;cycle-0033;cycle-0034;cycle-0043;cycle-0044;cycle-0050;cycle-0064;cycle-0076;cycle-0080;cycle-0103;cycle-0111;cycle-0114;cycle-0117;cycle-0123;cycle-0124;cycle-0157;cycle-0172;cycle-0191;cycle-0193;cycle-0200;cycle-0207;cycle-0208;cycle-0217;cycle-0232;cycle-0233;cycle-0237;cycle-0238;cycle-0240;cycle-0241;cycle-0249;cycle-0251;cycle-0253;cycle-0260;cycle-0262,1,2082.219386,4394.929331
0,random,FedVal,none,0,0,0,6,0,1,-0.0017286780915526316,-0.00086940458685,-0.0027878700264210524,0,0,-0.004735972361533333,840,114,1,0,0,0,0,0,0,1,0,0.5148674854557207,0.5222204266321914,0.5222204266321914,0.0,0.0,168;196;101;10;234;255;162;105;37;259;216;171;92;69;94;52;98;20;53;257;189;158;1;248;47;45;15;159;122;204,27;164;195;221;84;176;228;229;93;41;17;70;154;14;128;174;11;89;201;57;67;261;125;75;252;112;56;81;7;104,249;208;111;103;200;13;43;76;34;157;262;117;232;33;237;251;253;124;50;260;3;217;207;172;123;240;80;24;238;241;12;193;64;5;233;44;114;191;219;199;155;115;26;153;156;230;102;60;55;151;181;68;203;82;150;222;218;211;256;58;4;223;48;245;21;177;100;106;178;127;90;194;202;108;61;205,116;39;182;236;118;2;119;86;190;36;38;227;235;25;83;185;46;212;173;263,commit,-0.0017286780915526316,85a3867f5b49631053e3fb1401f211157def7b9c965a48206de0683c25f7037a,1,1,1,1,1,1,1,1,1,1,1,3,3,1,1,9,2,1,cycle-0004;cycle-0021;cycle-0026;cycle-0048;cycle-0055;cycle-0058;cycle-0060;cycle-0061;cycle-0068;cycle-0082;cycle-0090;cycle-0100;cycle-0102;cycle-0106;cycle-0108;cycle-0115;cycle-0127;cycle-0150;cycle-0151;cycle-0153;cycle-0155;cycle-0156;cycle-0177;cycle-0178;cycle-0181;cycle-0194;cycle-0199;cycle-0202;cycle-0203;cycle-0205;cycle-0211;cycle-0218;cycle-0219;cycle-0222;cycle-0223;cycle-0230;cycle-0245;cycle-0256,1,2036.704078,4242.275963
0,random,FLShield,none,0,0,0,6,0,1,-0.0018056046281578948,0.0068718106728,0.0012288418559605262,0,0,-0.005739088298466667,840,114,1,0,0,0,0,0,0,0,0,0.5148674854557207,0.5425016160310278,0.5425016160310278,0.0,0.0,168;196;101;10;234;255;162;105;37;259;216;171;92;69;94;52;98;20;53;257;189;158;1;248;47;45;15;159;122;204,27;164;195;221;84;176;228;229;93;41;17;70;154;14;128;174;11;89;201;57;67;261;125;75;252;112;56;81;7;104,249;208;111;103;200;13;43;76;34;157;262;117;232;33;237;251;253;124;50;260;3;217;207;172;123;240;80;24;238;241;12;193;64;5;233;44;114;191;219;199;155;115;26;153;156;230;102;60;55;151;181;68;203;82;150;222;218;211;256;58;4;223;48;245;21;177;100;106;178;127;90;194;202;108;61;205,116;39;182;236;118;2;119;86;190;36;38;227;235;25;83;185;46;212;173;263,commit,-0.0018056046281578948,fdf30c90714a797d2f10dd350152bd77f96874ebf196d52cac7e6c151f3f44e8,1,1,1,1,1,1,1,1,1,1,1,3,3,1,1,9,2,0,cycle-0003;cycle-0005;cycle-0012;cycle-0013;cycle-0024;cycle-0033;cycle-0034;cycle-0043;cycle-0044;cycle-0050;cycle-0064;cycle-0076;cycle-0080;cycle-0103;cycle-0111;cycle-0114;cycle-0117;cycle-0123;cycle-0124;cycle-0157;cycle-0172;cycle-0191;cycle-0193;cycle-0200;cycle-0207;cycle-0208;cycle-0217;cycle-0232;cycle-0233;cycle-0237;cycle-0238;cycle-0240;cycle-0241;cycle-0249;cycle-0251;cycle-0253;cycle-0260;cycle-0262,1,2155.529684,4381.605005
0,random,FoundationFL,none,0,0,0,6,0,1,-0.004291556773684211,-0.00292799907695,-0.003364180048342105,0,0,-0.0031581237419333334,840,114,1,0,0,0,0,0,0,1,0,0.5148674854557207,0.5130359836242189,0.5130359836242189,0.0,0.0,168;196;101;10;234;255;162;105;37;259;216;171;92;69;94;52;98;20;53;257;189;158;1;248;47;45;15;159;122;204,27;164;195;221;84;176;228;229;93;41;17;70;154;14;128;174;11;89;201;57;67;261;125;75;252;112;56;81;7;104,249;208;111;103;200;13;43;76;34;157;262;117;232;33;237;251;253;124;50;260;3;217;207;172;123;240;80;24;238;241;12;193;64;5;233;44;114;191;219;199;155;115;26;153;156;230;102;60;55;151;181;68;203;82;150;222;218;211;256;58;4;223;48;245;21;177;100;106;178;127;90;194;202;108;61;205,116;39;182;236;118;2;119;86;190;36;38;227;235;25;83;185;46;212;173;263,commit,-0.004291556773684211,7e607532f19b8c2f22fa0a662808d49bf4f61e00171af4be8c0a986a74f62cb0,1,1,1,1,1,1,1,1,1,1,1,3,3,1,1,9,2,0,cycle-0003;cycle-0005;cycle-0012;cycle-0013;cycle-0024;cycle-0033;cycle-0034;cycle-0043;cycle-0044;cycle-0050;cycle-0064;cycle-0076;cycle-0080;cycle-0103;cycle-0111;cycle-0114;cycle-0117;cycle-0123;cycle-0124;cycle-0157;cycle-0172;cycle-0191;cycle-0193;cycle-0200;cycle-0207;cycle-0208;cycle-0217;cycle-0232;cycle-0233;cycle-0237;cycle-0238;cycle-0240;cycle-0241;cycle-0249;cycle-0251;cycle-0253;cycle-0260;cycle-0262,1,2118.564998,4383.75312
0,random,FedAvg,sign_flip,0,0,0,6,6,1,-0.007320497099078948,0.00034371164915,-0.005413345430828947,0,0,-0.012135732556766667,840,114,1,0,0,0,0,0,0,0,0,0.5148674854557207,0.5378151260504201,0.5378151260504201,0.0,0.0,168;196;101;10;234;255;162;105;37;259;216;171;92;69;94;52;98;20;53;257;189;158;1;248;47;45;15;159;122;204,27;164;195;221;84;176;228;229;93;41;17;70;154;14;128;174;11;89;201;57;67;261;125;75;252;112;56;81;7;104,249;208;111;103;200;13;43;76;34;157;262;117;232;33;237;251;253;124;50;260;3;217;207;172;123;240;80;24;238;241;12;193;64;5;233;44;114;191;219;199;155;115;26;153;156;230;102;60;55;151;181;68;203;82;150;222;218;211;256;58;4;223;48;245;21;177;100;106;178;127;90;194;202;108;61;205,116;39;182;236;118;2;119;86;190;36;38;227;235;25;83;185;46;212;173;263,commit,-0.007320497099078948,6992731c7d4790dbd42478c8092270c91ccd61a775e7d807140e84f443bc4d03,1,1,1,1,1,1,1,1,1,1,1,3,3,1,1,9,2,0,cycle-0003;cycle-0005;cycle-0012;cycle-0013;cycle-0024;cycle-0033;cycle-0034;cycle-0043;cycle-0044;cycle-0050;cycle-0064;cycle-0076;cycle-0080;cycle-0103;cycle-0111;cycle-0114;cycle-0117;cycle-0123;cycle-0124;cycle-0157;cycle-0172;cycle-0191;cycle-0193;cycle-0200;cycle-0207;cycle-0208;cycle-0217;cycle-0232;cycle-0233;cycle-0237;cycle-0238;cycle-0240;cycle-0241;cycle-0249;cycle-0251;cycle-0253;cycle-0260;cycle-0262,1,2132.492134,4311.4163
0,random,CoordinateMedian,sign_flip,0,0,0,6,6,1,-0.012995724883921053,-0.00729622012965,-0.011863145969894736,0,0,-0.0157381540059,840,114,1,0,0,0,0,0,0,1,0,0.5148674854557207,0.5240249946132299,0.5240249946132299,0.0,0.0,168;196;101;10;234;255;162;105;37;259;216;171;92;69;94;52;98;20;53;257;189;158;1;248;47;45;15;159;122;204,27;164;195;221;84;176;228;229;93;41;17;70;154;14;128;174;11;89;201;57;67;261;125;75;252;112;56;81;7;104,249;208;111;103;200;13;43;76;34;157;262;117;232;33;237;251;253;124;50;260;3;217;207;172;123;240;80;24;238;241;12;193;64;5;233;44;114;191;219;199;155;115;26;153;156;230;102;60;55;151;181;68;203;82;150;222;218;211;256;58;4;223;48;245;21;177;100;106;178;127;90;194;202;108;61;205,116;39;182;236;118;2;119;86;190;36;38;227;235;25;83;185;46;212;173;263,commit,-0.012995724883921053,e0c1fc6272316bf62470fac708770a190d12c6819e6912d7982d40c80fb2f8f2,1,1,1,1,1,1,1,1,1,1,1,3,3,1,1,9,2,0,cycle-0003;cycle-0005;cycle-0012;cycle-0013;cycle-0024;cycle-0033;cycle-0034;cycle-0043;cycle-0044;cycle-0050;cycle-0064;cycle-0076;cycle-0080;cycle-0103;cycle-0111;cycle-0114;cycle-0117;cycle-0123;cycle-0124;cycle-0157;cycle-0172;cycle-0191;cycle-0193;cycle-0200;cycle-0207;cycle-0208;cycle-0217;cycle-0232;cycle-0233;cycle-0237;cycle-0238;cycle-0240;cycle-0241;cycle-0249;cycle-0251;cycle-0253;cycle-0260;cycle-0262,1,2085.682048,4372.208099
0,random,Krum,sign_flip,0,0,0,6,6,1,-0.011804656280447369,-0.0085952102369,-0.012563231347434211,0,0,-0.0148589963297,840,114,1,0,0,0,0,0,0,1,0,0.5148674854557207,0.5176147382029734,0.5176147382029734,0.0,0.0,168;196;101;10;234;255;162;105;37;259;216;171;92;69;94;52;98;20;53;257;189;158;1;248;47;45;15;159;122;204,27;164;195;221;84;176;228;229;93;41;17;70;154;14;128;174;11;89;201;57;67;261;125;75;252;112;56;81;7;104,249;208;111;103;200;13;43;76;34;157;262;117;232;33;237;251;253;124;50;260;3;217;207;172;123;240;80;24;238;241;12;193;64;5;233;44;114;191;219;199;155;115;26;153;156;230;102;60;55;151;181;68;203;82;150;222;218;211;256;58;4;223;48;245;21;177;100;106;178;127;90;194;202;108;61;205,116;39;182;236;118;2;119;86;190;36;38;227;235;25;83;185;46;212;173;263,commit,-0.011804656280447369,701cbeabce3a94ef43678cd7e746e2e402bdaedc99e2c09ec51d4c221c9720ea,1,1,1,1,1,1,1,1,1,1,1,3,3,1,1,9,2,1,cycle-0004;cycle-0021;cycle-0026;cycle-0048;cycle-0055;cycle-0058;cycle-0060;cycle-0061;cycle-0068;cycle-0082;cycle-0090;cycle-0100;cycle-0102;cycle-0106;cycle-0108;cycle-0115;cycle-0127;cycle-0150;cycle-0151;cycle-0153;cycle-0155;cycle-0156;cycle-0177;cycle-0178;cycle-0181;cycle-0194;cycle-0199;cycle-0202;cycle-0203;cycle-0205;cycle-0211;cycle-0218;cycle-0219;cycle-0222;cycle-0223;cycle-0230;cycle-0245;cycle-0256,1,2083.13874,4290.058771
0,random,FLTrust,sign_flip,0,0,0,6,6,0,0.006723170833789474,0.008399843398,0.008395360066407894,0,0,0.007020992122833333,840,114,0,0,0,0,0,0,0,0,0,0.5148674854557207,0.5259642318465848,0.5148674854557207,-0.01109674639086411,0.008399843398,168;196;101;10;234;255;162;105;37;259;216;171;92;69;94;52;98;20;53;257;189;158;1;248;47;45;15;159;122;204,27;164;195;221;84;176;228;229;93;41;17;70;154;14;128;174;11;89;201;57;67;261;125;75;252;112;56;81;7;104,249;208;111;103;200;13;43;76;34;157;262;117;232;33;237;251;253;124;50;260;3;217;207;172;123;240;80;24;238;241;12;193;64;5;233;44;114;191;219;199;155;115;26;153;156;230;102;60;55;151;181;68;203;82;150;222;218;211;256;58;4;223;48;245;21;177;100;106;178;127;90;194;202;108;61;205,116;39;182;236;118;2;119;86;190;36;38;227;235;25;83;185;46;212;173;263,reject,0.006723170833789474,14985057acbb563c66e0b5a1de827e2d59b351a1e6bd6849a17a834501c07372,1,1,1,0,0,1,1,1,1,1,1,3,3,1,1,9,2,0,cycle-0003;cycle-0005;cycle-0012;cycle-0013;cycle-0024;cycle-0033;cycle-0034;cycle-0043;cycle-0044;cycle-0050;cycle-0064;cycle-0076;cycle-0080;cycle-0103;cycle-0111;cycle-0114;cycle-0117;cycle-0123;cycle-0124;cycle-0157;cycle-0172;cycle-0191;cycle-0193;cycle-0200;cycle-0207;cycle-0208;cycle-0217;cycle-0232;cycle-0233;cycle-0237;cycle-0238;cycle-0240;cycle-0241;cycle-0249;cycle-0251;cycle-0253;cycle-0260;cycle-0262,1,2087.749508,4358.194856
0,random,FedVal,sign_flip,0,0,0,6,6,0,2.5794491605263158e-05,0.0015412094426,-0.0017351959439868422,0,0,-0.005787787902566666,840,114,1,0,0,0,0,0,0,0,0,0.5148674854557207,0.5360105580693816,0.5148674854557207,-0.021143072613660885,0.0015412094426,168;196;101;10;234;255;162;105;37;259;216;171;92;69;94;52;98;20;53;257;189;158;1;248;47;45;15;159;122;204,27;164;195;221;84;176;228;229;93;41;17;70;154;14;128;174;11;89;201;57;67;261;125;75;252;112;56;81;7;104,249;208;111;103;200;13;43;76;34;157;262;117;232;33;237;251;253;124;50;260;3;217;207;172;123;240;80;24;238;241;12;193;64;5;233;44;114;191;219;199;155;115;26;153;156;230;102;60;55;151;181;68;203;82;150;222;218;211;256;58;4;223;48;245;21;177;100;106;178;127;90;194;202;108;61;205,116;39;182;236;118;2;119;86;190;36;38;227;235;25;83;185;46;212;173;263,reject,2.5794491605263158e-05,4a680a881bc4e44b6a8be5aa4bb7c168d91a6f07931aa11df734f32f22df3cf7,1,1,1,0,0,1,1,1,1,1,1,3,3,1,1,9,2,1,cycle-0004;cycle-0021;cycle-0026;cycle-0048;cycle-0055;cycle-0058;cycle-0060;cycle-0061;cycle-0068;cycle-0082;cycle-0090;cycle-0100;cycle-0102;cycle-0106;cycle-0108;cycle-0115;cycle-0127;cycle-0150;cycle-0151;cycle-0153;cycle-0155;cycle-0156;cycle-0177;cycle-0178;cycle-0181;cycle-0194;cycle-0199;cycle-0202;cycle-0203;cycle-0205;cycle-0211;cycle-0218;cycle-0219;cycle-0222;cycle-0223;cycle-0230;cycle-0245;cycle-0256,1,2007.325447,4328.611057
0,random,FLShield,sign_flip,0,0,0,6,6,1,-0.005193450485842105,-0.00419337833955,-0.00476931066575,0,0,-0.004759663920733333,840,114,1,0,0,0,0,0,0,1,0,0.5148674854557207,0.5120932988580047,0.5120932988580047,0.0,0.0,168;196;101;10;234;255;162;105;37;259;216;171;92;69;94;52;98;20;53;257;189;158;1;248;47;45;15;159;122;204,27;164;195;221;84;176;228;229;93;41;17;70;154;14;128;174;11;89;201;57;67;261;125;75;252;112;56;81;7;104,249;208;111;103;200;13;43;76;34;157;262;117;232;33;237;251;253;124;50;260;3;217;207;172;123;240;80;24;238;241;12;193;64;5;233;44;114;191;219;199;155;115;26;153;156;230;102;60;55;151;181;68;203;82;150;222;218;211;256;58;4;223;48;245;21;177;100;106;178;127;90;194;202;108;61;205,116;39;182;236;118;2;119;86;190;36;38;227;235;25;83;185;46;212;173;263,commit,-0.005193450485842105,9c610edde17c810a6f9c03c4dae312bbb1bcbbcf9ea1f9a3e43c7ccbc9eadb22,1,1,1,1,1,1,1,1,1,1,1,3,3,1,1,9,2,1,cycle-0004;cycle-0021;cycle-0026;cycle-0048;cycle-0055;cycle-0058;cycle-0060;cycle-0061;cycle-0068;cycle-0082;cycle-0090;cycle-0100;cycle-0102;cycle-0106;cycle-0108;cycle-0115;cycle-0127;cycle-0150;cycle-0151;cycle-0153;cycle-0155;cycle-0156;cycle-0177;cycle-0178;cycle-0181;cycle-0194;cycle-0199;cycle-0202;cycle-0203;cycle-0205;cycle-0211;cycle-0218;cycle-0219;cycle-0222;cycle-0223;cycle-0230;cycle-0245;cycle-0256,1,2014.512728,4292.564207
0,random,FoundationFL,sign_flip,0,0,0,6,6,0,0.004683415266526316,0.0118544491319,0.0011837267032105262,0,0,-0.0115857052028,840,114,1,0,0,0,0,0,0,0,0,0.5148674854557207,0.5287653522947641,0.5148674854557207,-0.013897866839043371,0.0118544491319,168;196;101;10;234;255;162;105;37;259;216;171;92;69;94;52;98;20;53;257;189;158;1;248;47;45;15;159;122;204,27;164;195;221;84;176;228;229;93;41;17;70;154;14;128;174;11;89;201;57;67;261;125;75;252;112;56;81;7;104,249;208;111;103;200;13;43;76;34;157;262;117;232;33;237;251;253;124;50;260;3;217;207;172;123;240;80;24;238;241;12;193;64;5;233;44;114;191;219;199;155;115;26;153;156;230;102;60;55;151;181;68;203;82;150;222;218;211;256;58;4;223;48;245;21;177;100;106;178;127;90;194;202;108;61;205,116;39;182;236;118;2;119;86;190;36;38;227;235;25;83;185;46;212;173;263,reject,0.004683415266526316,86e9d89386a72708be0d1e8ac21297696bc3f553340cd670771a7cfa7b6ebb22,1,1,1,0,0,1,1,1,1,1,1,3,3,1,1,9,2,1,cycle-0004;cycle-0021;cycle-0026;cycle-0048;cycle-0055;cycle-0058;cycle-0060;cycle-0061;cycle-0068;cycle-0082;cycle-0090;cycle-0100;cycle-0102;cycle-0106;cycle-0108;cycle-0115;cycle-0127;cycle-0150;cycle-0151;cycle-0153;cycle-0155;cycle-0156;cycle-0177;cycle-0178;cycle-0181;cycle-0194;cycle-0199;cycle-0202;cycle-0203;cycle-0205;cycle-0211;cycle-0218;cycle-0219;cycle-0222;cycle-0223;cycle-0230;cycle-0245;cycle-0256,1,2063.57305,4258.908354
0,random,FedAvg,model_replacement,0,0,0,6,6,0,0.29892785465847366,0.27346778586715,0.30114529701598686,0,0,0.28557978704476666,840,114,0,0,0,1,0,0,0,0,0,0.5148674854557207,0.47503232062055595,0.5148674854557207,0.03983516483516475,0.27346778586715,168;196;101;10;234;255;162;105;37;259;216;171;92;69;94;52;98;20;53;257;189;158;1;248;47;45;15;159;122;204,27;164;195;221;84;176;228;229;93;41;17;70;154;14;128;174;11;89;201;57;67;261;125;75;252;112;56;81;7;104,249;208;111;103;200;13;43;76;34;157;262;117;232;33;237;251;253;124;50;260;3;217;207;172;123;240;80;24;238;241;12;193;64;5;233;44;114;191;219;199;155;115;26;153;156;230;102;60;55;151;181;68;203;82;150;222;218;211;256;58;4;223;48;245;21;177;100;106;178;127;90;194;202;108;61;205,116;39;182;236;118;2;119;86;190;36;38;227;235;25;83;185;46;212;173;263,reject,0.29892785465847366,a2d24c9efd6efe22ba7ebb6bbf517ca095484e6edd46dd886556af62bce851ff,1,1,1,0,0,1,1,1,1,1,1,3,3,1,1,9,2,0,cycle-0003;cycle-0005;cycle-0012;cycle-0013;cycle-0024;cycle-0033;cycle-0034;cycle-0043;cycle-0044;cycle-0050;cycle-0064;cycle-0076;cycle-0080;cycle-0103;cycle-0111;cycle-0114;cycle-0117;cycle-0123;cycle-0124;cycle-0157;cycle-0172;cycle-0191;cycle-0193;cycle-0200;cycle-0207;cycle-0208;cycle-0217;cycle-0232;cycle-0233;cycle-0237;cycle-0238;cycle-0240;cycle-0241;cycle-0249;cycle-0251;cycle-0253;cycle-0260;cycle-0262,1,2139.190909,4450.065867
0,random,CoordinateMedian,model_replacement,0,0,0,6,6,0,0.00010313601478947368,0.00328162668595,0.0015073251655,0,0,-0.001644098777,840,114,1,0,0,0,0,0,0,0,0,0.5148674854557207,0.5249676793794441,0.5148674854557207,-0.01010019392372341,0.00328162668595,168;196;101;10;234;255;162;105;37;259;216;171;92;69;94;52;98;20;53;257;189;158;1;248;47;45;15;159;122;204,27;164;195;221;84;176;228;229;93;41;17;70;154;14;128;174;11;89;201;57;67;261;125;75;252;112;56;81;7;104,249;208;111;103;200;13;43;76;34;157;262;117;232;33;237;251;253;124;50;260;3;217;207;172;123;240;80;24;238;241;12;193;64;5;233;44;114;191;219;199;155;115;26;153;156;230;102;60;55;151;181;68;203;82;150;222;218;211;256;58;4;223;48;245;21;177;100;106;178;127;90;194;202;108;61;205,116;39;182;236;118;2;119;86;190;36;38;227;235;25;83;185;46;212;173;263,reject,0.00010313601478947368,893c2504df0955629fb323f9cd24c8abd924bd8977095f4e9a0d21b22e65c735,1,1,1,0,0,1,1,1,1,1,1,3,3,1,1,9,2,0,cycle-0003;cycle-0005;cycle-0012;cycle-0013;cycle-0024;cycle-0033;cycle-0034;cycle-0043;cycle-0044;cycle-0050;cycle-0064;cycle-0076;cycle-0080;cycle-0103;cycle-0111;cycle-0114;cycle-0117;cycle-0123;cycle-0124;cycle-0157;cycle-0172;cycle-0191;cycle-0193;cycle-0200;cycle-0207;cycle-0208;cycle-0217;cycle-0232;cycle-0233;cycle-0237;cycle-0238;cycle-0240;cycle-0241;cycle-0249;cycle-0251;cycle-0253;cycle-0260;cycle-0262,1,2157.858042,4419.075836
0,random,Krum,model_replacement,0,0,0,6,6,0,0.0006503182100526315,0.0004222355032,0.0010298557688947368,0,0,0.0016394363962333332,840,114,0,0,0,0,0,0,0,0,0,0.5148674854557207,0.5194731738849386,0.5148674854557207,-0.004605688429217936,0.0004222355032,168;196;101;10;234;255;162;105;37;259;216;171;92;69;94;52;98;20;53;257;189;158;1;248;47;45;15;159;122;204,27;164;195;221;84;176;228;229;93;41;17;70;154;14;128;174;11;89;201;57;67;261;125;75;252;112;56;81;7;104,249;208;111;103;200;13;43;76;34;157;262;117;232;33;237;251;253;124;50;260;3;217;207;172;123;240;80;24;238;241;12;193;64;5;233;44;114;191;219;199;155;115;26;153;156;230;102;60;55;151;181;68;203;82;150;222;218;211;256;58;4;223;48;245;21;177;100;106;178;127;90;194;202;108;61;205,116;39;182;236;118;2;119;86;190;36;38;227;235;25;83;185;46;212;173;263,reject,0.0006503182100526315,3f952e70c6d0eb813a2244d7ad6189ec91e4db4385158a053e146e152317333e,1,1,1,0,0,1,1,1,1,1,1,3,3,1,1,9,2,1,cycle-0004;cycle-0021;cycle-0026;cycle-0048;cycle-0055;cycle-0058;cycle-0060;cycle-0061;cycle-0068;cycle-0082;cycle-0090;cycle-0100;cycle-0102;cycle-0106;cycle-0108;cycle-0115;cycle-0127;cycle-0150;cycle-0151;cycle-0153;cycle-0155;cycle-0156;cycle-0177;cycle-0178;cycle-0181;cycle-0194;cycle-0199;cycle-0202;cycle-0203;cycle-0205;cycle-0211;cycle-0218;cycle-0219;cycle-0222;cycle-0223;cycle-0230;cycle-0245;cycle-0256,1,2036.799298,4346.771033
0,random,FLTrust,model_replacement,0,0,0,6,6,0,0.012642011462789473,0.01037500882715,0.012235607709631578,0,0,0.012871988897933333,840,114,0,0,0,0,0,0,0,0,0,0.5148674854557207,0.5296003016591252,0.5148674854557207,-0.014732816203404497,0.01037500882715,168;196;101;10;234;255;162;105;37;259;216;171;92;69;94;52;98;20;53;257;189;158;1;248;47;45;15;159;122;204,27;164;195;221;84;176;228;229;93;41;17;70;154;14;128;174;11;89;201;57;67;261;125;75;252;112;56;81;7;104,249;208;111;103;200;13;43;76;34;157;262;117;232;33;237;251;253;124;50;260;3;217;207;172;123;240;80;24;238;241;12;193;64;5;233;44;114;191;219;199;155;115;26;153;156;230;102;60;55;151;181;68;203;82;150;222;218;211;256;58;4;223;48;245;21;177;100;106;178;127;90;194;202;108;61;205,116;39;182;236;118;2;119;86;190;36;38;227;235;25;83;185;46;212;173;263,reject,0.012642011462789473,fb9762c54418ee8ee8f2108244ec4146599a12b111937f24032b19852eae9e81,1,1,1,0,0,1,1,1,1,1,1,3,3,1,1,9,2,1,cycle-0004;cycle-0021;cycle-0026;cycle-0048;cycle-0055;cycle-0058;cycle-0060;cycle-0061;cycle-0068;cycle-0082;cycle-0090;cycle-0100;cycle-0102;cycle-0106;cycle-0108;cycle-0115;cycle-0127;cycle-0150;cycle-0151;cycle-0153;cycle-0155;cycle-0156;cycle-0177;cycle-0178;cycle-0181;cycle-0194;cycle-0199;cycle-0202;cycle-0203;cycle-0205;cycle-0211;cycle-0218;cycle-0219;cycle-0222;cycle-0223;cycle-0230;cycle-0245;cycle-0256,1,2029.253979,4277.324536
0,random,FedVal,model_replacement,0,0,0,6,6,0,0.06068690330789474,0.05328007628285,0.05729445581748684,0,0,0.0494482797607,840,114,0,0,0,1,0,0,0,0,0,0.5148674854557207,0.5343406593406593,0.5148674854557207,-0.019473173884938633,0.05328007628285,168;196;101;10;234;255;162;105;37;259;216;171;92;69;94;52;98;20;53;257;189;158;1;248;47;45;15;159;122;204,27;164;195;221;84;176;228;229;93;41;17;70;154;14;128;174;11;89;201;57;67;261;125;75;252;112;56;81;7;104,249;208;111;103;200;13;43;76;34;157;262;117;232;33;237;251;253;124;50;260;3;217;207;172;123;240;80;24;238;241;12;193;64;5;233;44;114;191;219;199;155;115;26;153;156;230;102;60;55;151;181;68;203;82;150;222;218;211;256;58;4;223;48;245;21;177;100;106;178;127;90;194;202;108;61;205,116;39;182;236;118;2;119;86;190;36;38;227;235;25;83;185;46;212;173;263,reject,0.06068690330789474,50d609caf4b3722311175c437b9a5a564e2805c7ffa411521d3b8b29c29306ae,1,1,1,0,0,1,1,1,1,1,1,3,3,1,1,9,2,1,cycle-0004;cycle-0021;cycle-0026;cycle-0048;cycle-0055;cycle-0058;cycle-0060;cycle-0061;cycle-0068;cycle-0082;cycle-0090;cycle-0100;cycle-0102;cycle-0106;cycle-0108;cycle-0115;cycle-0127;cycle-0150;cycle-0151;cycle-0153;cycle-0155;cycle-0156;cycle-0177;cycle-0178;cycle-0181;cycle-0194;cycle-0199;cycle-0202;cycle-0203;cycle-0205;cycle-0211;cycle-0218;cycle-0219;cycle-0222;cycle-0223;cycle-0230;cycle-0245;cycle-0256,1,1940.527944,4187.022388
0,random,FLShield,model_replacement,0,0,0,6,6,1,-0.0007752412184473685,-0.0006990373041,-0.0006980443051578947,0,0,-0.0005198918038333333,840,114,1,0,0,0,0,0,0,1,0,0.5148674854557207,0.5157832363714716,0.5157832363714716,0.0,0.0,168;196;101;10;234;255;162;105;37;259;216;171;92;69;94;52;98;20;53;257;189;158;1;248;47;45;15;159;122;204,27;164;195;221;84;176;228;229;93;41;17;70;154;14;128;174;11;89;201;57;67;261;125;75;252;112;56;81;7;104,249;208;111;103;200;13;43;76;34;157;262;117;232;33;237;251;253;124;50;260;3;217;207;172;123;240;80;24;238;241;12;193;64;5;233;44;114;191;219;199;155;115;26;153;156;230;102;60;55;151;181;68;203;82;150;222;218;211;256;58;4;223;48;245;21;177;100;106;178;127;90;194;202;108;61;205,116;39;182;236;118;2;119;86;190;36;38;227;235;25;83;185;46;212;173;263,commit,-0.0007752412184473685,320369afb40c9cb606f8f745ced52b5b11a267c3389bccdb0795cf91950beaac,1,1,1,1,1,1,1,1,1,1,1,3,3,1,1,9,2,1,cycle-0004;cycle-0021;cycle-0026;cycle-0048;cycle-0055;cycle-0058;cycle-0060;cycle-0061;cycle-0068;cycle-0082;cycle-0090;cycle-0100;cycle-0102;cycle-0106;cycle-0108;cycle-0115;cycle-0127;cycle-0150;cycle-0151;cycle-0153;cycle-0155;cycle-0156;cycle-0177;cycle-0178;cycle-0181;cycle-0194;cycle-0199;cycle-0202;cycle-0203;cycle-0205;cycle-0211;cycle-0218;cycle-0219;cycle-0222;cycle-0223;cycle-0230;cycle-0245;cycle-0256,1,2007.463773,4309.128559
0,random,FoundationFL,model_replacement,0,0,0,6,6,0,0.5391596005561842,0.5029795184235,0.5421087351384869,1,0,0.5678690591651333,840,114,0,0,0,1,1,0,0,0,0,0.5148674854557207,0.44559362206421027,0.5148674854557207,0.06927386339151043,0.5029795184235,168;196;101;10;234;255;162;105;37;259;216;171;92;69;94;52;98;20;53;257;189;158;1;248;47;45;15;159;122;204,27;164;195;221;84;176;228;229;93;41;17;70;154;14;128;174;11;89;201;57;67;261;125;75;252;112;56;81;7;104,249;208;111;103;200;13;43;76;34;157;262;117;232;33;237;251;253;124;50;260;3;217;207;172;123;240;80;24;238;241;12;193;64;5;233;44;114;191;219;199;155;115;26;153;156;230;102;60;55;151;181;68;203;82;150;222;218;211;256;58;4;223;48;245;21;177;100;106;178;127;90;194;202;108;61;205,116;39;182;236;118;2;119;86;190;36;38;227;235;25;83;185;46;212;173;263,reject,0.5391596005561842,c30e0593417f95e05a468dc098c914e95cd370ee498a8db806a9f6a3c26eb6f9,1,1,1,0,0,1,1,1,1,1,1,3,3,1,1,9,2,1,cycle-0004;cycle-0021;cycle-0026;cycle-0048;cycle-0055;cycle-0058;cycle-0060;cycle-0061;cycle-0068;cycle-0082;cycle-0090;cycle-0100;cycle-0102;cycle-0106;cycle-0108;cycle-0115;cycle-0127;cycle-0150;cycle-0151;cycle-0153;cycle-0155;cycle-0156;cycle-0177;cycle-0178;cycle-0181;cycle-0194;cycle-0199;cycle-0202;cycle-0203;cycle-0205;cycle-0211;cycle-0218;cycle-0219;cycle-0222;cycle-0223;cycle-0230;cycle-0245;cycle-0256,1,2023.5425,4243.893103
0,random,FedAvg,score_aware,64,49,0,6,6,0,4.398183e-06,2.398089815e-05,8.907330697368421e-06,0,0,-6.7883349666666665e-06,840,114,1,0,0,0,0,0,0,0,0,0.5148674854557207,0.5148674854557207,0.5148674854557207,0.0,2.398089815e-05,168;196;101;10;234;255;162;105;37;259;216;171;92;69;94;52;98;20;53;257;189;158;1;248;47;45;15;159;122;204,27;164;195;221;84;176;228;229;93;41;17;70;154;14;128;174;11;89;201;57;67;261;125;75;252;112;56;81;7;104,249;208;111;103;200;13;43;76;34;157;262;117;232;33;237;251;253;124;50;260;3;217;207;172;123;240;80;24;238;241;12;193;64;5;233;44;114;191;219;199;155;115;26;153;156;230;102;60;55;151;181;68;203;82;150;222;218;211;256;58;4;223;48;245;21;177;100;106;178;127;90;194;202;108;61;205,116;39;182;236;118;2;119;86;190;36;38;227;235;25;83;185;46;212;173;263,reject,4.398183e-06,bbcf9ab8300d2287de709fb23d33e54fba61f76902034bf53bfb7c0141fc4cff,1,1,1,0,0,1,1,1,1,1,1,3,3,1,1,9,2,0,cycle-0003;cycle-0005;cycle-0012;cycle-0013;cycle-0024;cycle-0033;cycle-0034;cycle-0043;cycle-0044;cycle-0050;cycle-0064;cycle-0076;cycle-0080;cycle-0103;cycle-0111;cycle-0114;cycle-0117;cycle-0123;cycle-0124;cycle-0157;cycle-0172;cycle-0191;cycle-0193;cycle-0200;cycle-0207;cycle-0208;cycle-0217;cycle-0232;cycle-0233;cycle-0237;cycle-0238;cycle-0240;cycle-0241;cycle-0249;cycle-0251;cycle-0253;cycle-0260;cycle-0262,1,2225.67383,4455.686521
0,random,FLTrust,score_aware,64,35,0,6,6,0,0.007645215512078947,0.0073801079445,0.008488742431565789,0,0,0.008741400094533334,840,114,0,0,0,0,0,0,0,0,0,0.5148674854557207,0.5479961215255332,0.5148674854557207,-0.033128636069812534,0.0073801079445,168;196;101;10;234;255;162;105;37;259;216;171;92;69;94;52;98;20;53;257;189;158;1;248;47;45;15;159;122;204,27;164;195;221;84;176;228;229;93;41;17;70;154;14;128;174;11;89;201;57;67;261;125;75;252;112;56;81;7;104,249;208;111;103;200;13;43;76;34;157;262;117;232;33;237;251;253;124;50;260;3;217;207;172;123;240;80;24;238;241;12;193;64;5;233;44;114;191;219;199;155;115;26;153;156;230;102;60;55;151;181;68;203;82;150;222;218;211;256;58;4;223;48;245;21;177;100;106;178;127;90;194;202;108;61;205,116;39;182;236;118;2;119;86;190;36;38;227;235;25;83;185;46;212;173;263,reject,0.007645215512078947,ff8bae09a4a024cbc21ca925650bbe7b84dd491fdd6c38e6b12e75ce32cf7371,1,1,1,0,0,1,1,1,1,1,1,3,3,1,1,9,2,0,cycle-0003;cycle-0005;cycle-0012;cycle-0013;cycle-0024;cycle-0033;cycle-0034;cycle-0043;cycle-0044;cycle-0050;cycle-0064;cycle-0076;cycle-0080;cycle-0103;cycle-0111;cycle-0114;cycle-0117;cycle-0123;cycle-0124;cycle-0157;cycle-0172;cycle-0191;cycle-0193;cycle-0200;cycle-0207;cycle-0208;cycle-0217;cycle-0232;cycle-0233;cycle-0237;cycle-0238;cycle-0240;cycle-0241;cycle-0249;cycle-0251;cycle-0253;cycle-0260;cycle-0262,1,2130.719103,4312.848512
0,random,FoundationFL,score_aware,64,25,1,6,6,1,-0.004517042588026316,-0.00537177237915,-0.0032720737759342105,0,0,0.0002016316392,840,114,0,0,0,0,0,0,0,1,0,0.5148674854557207,0.5075145442792501,0.5075145442792501,0.0,0.0,168;196;101;10;234;255;162;105;37;259;216;171;92;69;94;52;98;20;53;257;189;158;1;248;47;45;15;159;122;204,27;164;195;221;84;176;228;229;93;41;17;70;154;14;128;174;11;89;201;57;67;261;125;75;252;112;56;81;7;104,249;208;111;103;200;13;43;76;34;157;262;117;232;33;237;251;253;124;50;260;3;217;207;172;123;240;80;24;238;241;12;193;64;5;233;44;114;191;219;199;155;115;26;153;156;230;102;60;55;151;181;68;203;82;150;222;218;211;256;58;4;223;48;245;21;177;100;106;178;127;90;194;202;108;61;205,116;39;182;236;118;2;119;86;190;36;38;227;235;25;83;185;46;212;173;263,commit,-0.004517042588026316,518bc6e32bd43b56072bbeaef6c47381ce2dedcbe928dd550b9f2c29231b630b,1,1,1,1,1,1,1,1,1,1,1,3,3,1,1,9,2,1,cycle-0004;cycle-0021;cycle-0026;cycle-0048;cycle-0055;cycle-0058;cycle-0060;cycle-0061;cycle-0068;cycle-0082;cycle-0090;cycle-0100;cycle-0102;cycle-0106;cycle-0108;cycle-0115;cycle-0127;cycle-0150;cycle-0151;cycle-0153;cycle-0155;cycle-0156;cycle-0177;cycle-0178;cycle-0181;cycle-0194;cycle-0199;cycle-0202;cycle-0203;cycle-0205;cycle-0211;cycle-0218;cycle-0219;cycle-0222;cycle-0223;cycle-0230;cycle-0245;cycle-0256,1,2114.337582,4304.82424
1,random,FedAvg,none,0,0,0,6,0,1,-0.0030104930686052633,0.00209271273605,-0.0020598710433157893,0,0,-0.0010393812309666666,835,114,1,0,0,0,0,0,0,0,0,0.49225197139189436,0.5150834403080873,0.5150834403080873,0.0,0.0,231;80;162;223;152;12;221;44;153;241;189;90;122;87;100;170;108;188;86;260;218;193;185;106;159;37;182;124;7;237,26;14;29;104;251;262;36;103;200;227;92;3;195;215;76;34;207;113;11;65;91;33;178;205;176;169;184;46;249;123,201;222;107;48;199;32;64;210;50;67;190;55;102;49;99;225;79;183;261;264;224;59;93;17;83;68;45;23;217;77;197;150;10;253;196;163;209;151;219;214;30;240;111;25;73;236;1;256;5;78;118;213;62;58;6;211;125;28;38;259;158;228;180;27;19;157;8;230;13;192;101;16;248;88;43;216,168;115;41;69;109;85;98;186;165;4;117;121;234;177;208;252;202;52;175;63,commit,-0.0030104930686052633,c533a173a70bd16cd236387dc6fd699931a700d97ced5f015069f24c8eadebd0,1,2,2,1,1,1,1,1,1,1,1,3,3,1,1,9,2,1,cycle-0001;cycle-0005;cycle-0006;cycle-0008;cycle-0013;cycle-0016;cycle-0019;cycle-0025;cycle-0027;cycle-0028;cycle-0030;cycle-0038;cycle-0043;cycle-0058;cycle-0062;cycle-0073;cycle-0078;cycle-0088;cycle-0101;cycle-0111;cycle-0118;cycle-0125;cycle-0157;cycle-0158;cycle-0180;cycle-0192;cycle-0211;cycle-0213;cycle-0214;cycle-0216;cycle-0219;cycle-0228;cycle-0230;cycle-0236;cycle-0240;cycle-0248;cycle-0256;cycle-0259,1,2053.816136,4964.836598
1,random,CoordinateMedian,none,0,0,0,6,0,1,-0.006241109323921052,-0.0022770987418,-0.005700295180671053,0,0,-0.004552317249333334,835,114,1,0,0,0,0,0,0,1,0,0.49225197139189436,0.4931230515312672,0.4931230515312672,0.0,0.0,231;80;162;223;152;12;221;44;153;241;189;90;122;87;100;170;108;188;86;260;218;193;185;106;159;37;182;124;7;237,26;14;29;104;251;262;36;103;200;227;92;3;195;215;76;34;207;113;11;65;91;33;178;205;176;169;184;46;249;123,201;222;107;48;199;32;64;210;50;67;190;55;102;49;99;225;79;183;261;264;224;59;93;17;83;68;45;23;217;77;197;150;10;253;196;163;209;151;219;214;30;240;111;25;73;236;1;256;5;78;118;213;62;58;6;211;125;28;38;259;158;228;180;27;19;157;8;230;13;192;101;16;248;88;43;216,168;115;41;69;109;85;98;186;165;4;117;121;234;177;208;252;202;52;175;63,commit,-0.006241109323921052,165ff7c08f3c1560d3fb853ce9f36e6343af847a9f1336da456dae1815454c91,1,1,1,1,1,1,1,1,1,1,1,3,3,1,1,9,2,1,cycle-0001;cycle-0005;cycle-0006;cycle-0008;cycle-0013;cycle-0016;cycle-0019;cycle-0025;cycle-0027;cycle-0028;cycle-0030;cycle-0038;cycle-0043;cycle-0058;cycle-0062;cycle-0073;cycle-0078;cycle-0088;cycle-0101;cycle-0111;cycle-0118;cycle-0125;cycle-0157;cycle-0158;cycle-0180;cycle-0192;cycle-0211;cycle-0213;cycle-0214;cycle-0216;cycle-0219;cycle-0228;cycle-0230;cycle-0236;cycle-0240;cycle-0248;cycle-0256;cycle-0259,1,1994.680946,4359.895163
1,random,Krum,none,0,0,0,6,0,0,0.007994619152894736,-0.0048072759445,0.004992083707894737,0,0,0.0018705420638333334,835,114,0,0,0,0,0,0,0,1,1,0.49225197139189436,0.47473867595818814,0.49225197139189436,0.017513295433706222,-0.0048072759445,231;80;162;223;152;12;221;44;153;241;189;90;122;87;100;170;108;188;86;260;218;193;185;106;159;37;182;124;7;237,26;14;29;104;251;262;36;103;200;227;92;3;195;215;76;34;207;113;11;65;91;33;178;205;176;169;184;46;249;123,201;222;107;48;199;32;64;210;50;67;190;55;102;49;99;225;79;183;261;264;224;59;93;17;83;68;45;23;217;77;197;150;10;253;196;163;209;151;219;214;30;240;111;25;73;236;1;256;5;78;118;213;62;58;6;211;125;28;38;259;158;228;180;27;19;157;8;230;13;192;101;16;248;88;43;216,168;115;41;69;109;85;98;186;165;4;117;121;234;177;208;252;202;52;175;63,reject,0.007994619152894736,7cc2cb47646dc58f86c9831464c51c30a85636d999b5e076c946f59392591bcb,1,1,1,0,0,1,1,1,1,1,1,3,3,1,1,9,2,1,cycle-0001;cycle-0005;cycle-0006;cycle-0008;cycle-0013;cycle-0016;cycle-0019;cycle-0025;cycle-0027;cycle-0028;cycle-0030;cycle-0038;cycle-0043;cycle-0058;cycle-0062;cycle-0073;cycle-0078;cycle-0088;cycle-0101;cycle-0111;cycle-0118;cycle-0125;cycle-0157;cycle-0158;cycle-0180;cycle-0192;cycle-0211;cycle-0213;cycle-0214;cycle-0216;cycle-0219;cycle-0228;cycle-0230;cycle-0236;cycle-0240;cycle-0248;cycle-0256;cycle-0259,1,2015.141363,4313.344447
1,random,FLTrust,none,0,0,0,6,0,0,0.015271426867052632,0.0029530918376,0.021207128049210527,0,0,0.015161014047733333,835,114,0,0,0,0,0,0,0,0,0,0.49225197139189436,0.48179900971942047,0.49225197139189436,0.010452961672473893,0.0029530918376,231;80;162;223;152;12;221;44;153;241;189;90;122;87;100;170;108;188;86;260;218;193;185;106;159;37;182;124;7;237,26;14;29;104;251;262;36;103;200;227;92;3;195;215;76;34;207;113;11;65;91;33;178;205;176;169;184;46;249;123,201;222;107;48;199;32;64;210;50;67;190;55;102;49;99;225;79;183;261;264;224;59;93;17;83;68;45;23;217;77;197;150;10;253;196;163;209;151;219;214;30;240;111;25;73;236;1;256;5;78;118;213;62;58;6;211;125;28;38;259;158;228;180;27;19;157;8;230;13;192;101;16;248;88;43;216,168;115;41;69;109;85;98;186;165;4;117;121;234;177;208;252;202;52;175;63,reject,0.015271426867052632,39099ee0ae6d57dc8a428ec113aef27e7a99a8143cf56d13a4f3609cd6d1427c,1,1,1,0,0,1,1,1,1,1,1,3,3,1,1,9,2,0,cycle-0010;cycle-0017;cycle-0023;cycle-0032;cycle-0045;cycle-0048;cycle-0049;cycle-0050;cycle-0055;cycle-0059;cycle-0064;cycle-0067;cycle-0068;cycle-0077;cycle-0079;cycle-0083;cycle-0093;cycle-0099;cycle-0102;cycle-0107;cycle-0150;cycle-0151;cycle-0163;cycle-0183;cycle-0190;cycle-0196;cycle-0197;cycle-0199;cycle-0201;cycle-0209;cycle-0210;cycle-0217;cycle-0222;cycle-0224;cycle-0225;cycle-0253;cycle-0261;cycle-0264,1,2390.227573,4809.068374
1,random,FedVal,none,0,0,0,6,0,1,-0.0026143768257894735,0.00296193414545,-0.003928690281368421,0,0,-0.0019067642133,835,114,1,0,0,0,0,0,0,0,0,0.49225197139189436,0.5264991747661838,0.5264991747661838,0.0,0.0,231;80;162;223;152;12;221;44;153;241;189;90;122;87;100;170;108;188;86;260;218;193;185;106;159;37;182;124;7;237,26;14;29;104;251;262;36;103;200;227;92;3;195;215;76;34;207;113;11;65;91;33;178;205;176;169;184;46;249;123,201;222;107;48;199;32;64;210;50;67;190;55;102;49;99;225;79;183;261;264;224;59;93;17;83;68;45;23;217;77;197;150;10;253;196;163;209;151;219;214;30;240;111;25;73;236;1;256;5;78;118;213;62;58;6;211;125;28;38;259;158;228;180;27;19;157;8;230;13;192;101;16;248;88;43;216,168;115;41;69;109;85;98;186;165;4;117;121;234;177;208;252;202;52;175;63,commit,-0.0026143768257894735,af67f6f7503e9397c14131fa17d6b49f1c4c068f0f08c311cf9c5ffea63b53b0,1,1,1,1,1,1,1,1,1,1,1,3,3,1,1,9,2,0,cycle-0010;cycle-0017;cycle-0023;cycle-0032;cycle-0045;cycle-0048;cycle-0049;cycle-0050;cycle-0055;cycle-0059;cycle-0064;cycle-0067;cycle-0068;cycle-0077;cycle-0079;cycle-0083;cycle-0093;cycle-0099;cycle-0102;cycle-0107;cycle-0150;cycle-0151;cycle-0163;cycle-0183;cycle-0190;cycle-0196;cycle-0197;cycle-0199;cycle-0201;cycle-0209;cycle-0210;cycle-0217;cycle-0222;cycle-0224;cycle-0225;cycle-0253;cycle-0261;cycle-0264,1,2397.411178,4774.635899
1,random,FLShield,none,0,0,0,6,0,1,-0.00013106715071052632,0.0082153197395,0.0016870554643157894,0,0,0.0031278485698,835,114,0,0,0,0,0,0,0,0,0,0.49225197139189436,0.5300751879699248,0.5300751879699248,0.0,0.0,231;80;162;223;152;12;221;44;153;241;189;90;122;87;100;170;108;188;86;260;218;193;185;106;159;37;182;124;7;237,26;14;29;104;251;262;36;103;200;227;92;3;195;215;76;34;207;113;11;65;91;33;178;205;176;169;184;46;249;123,201;222;107;48;199;32;64;210;50;67;190;55;102;49;99;225;79;183;261;264;224;59;93;17;83;68;45;23;217;77;197;150;10;253;196;163;209;151;219;214;30;240;111;25;73;236;1;256;5;78;118;213;62;58;6;211;125;28;38;259;158;228;180;27;19;157;8;230;13;192;101;16;248;88;43;216,168;115;41;69;109;85;98;186;165;4;117;121;234;177;208;252;202;52;175;63,commit,-0.00013106715071052632,b2657df1d0a558cc2c7e895508d9d287d1a12d99901a49f3ad26195af434281a,1,1,1,1,1,1,1,1,1,1,1,3,3,1,1,9,2,1,cycle-0001;cycle-0005;cycle-0006;cycle-0008;cycle-0013;cycle-0016;cycle-0019;cycle-0025;cycle-0027;cycle-0028;cycle-0030;cycle-0038;cycle-0043;cycle-0058;cycle-0062;cycle-0073;cycle-0078;cycle-0088;cycle-0101;cycle-0111;cycle-0118;cycle-0125;cycle-0157;cycle-0158;cycle-0180;cycle-0192;cycle-0211;cycle-0213;cycle-0214;cycle-0216;cycle-0219;cycle-0228;cycle-0230;cycle-0236;cycle-0240;cycle-0248;cycle-0256;cycle-0259,1,1967.051916,4205.154534
1,random,FoundationFL,none,0,0,0,6,0,1,-2.0456152526315788e-05,-0.00381255168415,-0.0014224562290394737,0,0,-0.0021070212747,835,114,1,0,0,0,0,0,0,1,0,0.49225197139189436,0.49399413167064,0.49399413167064,0.0,0.0,231;80;162;223;152;12;221;44;153;241;189;90;122;87;100;170;108;188;86;260;218;193;185;106;159;37;182;124;7;237,26;14;29;104;251;262;36;103;200;227;92;3;195;215;76;34;207;113;11;65;91;33;178;205;176;169;184;46;249;123,201;222;107;48;199;32;64;210;50;67;190;55;102;49;99;225;79;183;261;264;224;59;93;17;83;68;45;23;217;77;197;150;10;253;196;163;209;151;219;214;30;240;111;25;73;236;1;256;5;78;118;213;62;58;6;211;125;28;38;259;158;228;180;27;19;157;8;230;13;192;101;16;248;88;43;216,168;115;41;69;109;85;98;186;165;4;117;121;234;177;208;252;202;52;175;63,commit,-2.0456152526315788e-05,70efe45d3bfcbadca16ef7fbc6258fe99de0f254f7458818ac7a617f935201bd,1,1,1,1,1,1,1,1,1,1,1,3,3,1,1,9,2,1,cycle-0001;cycle-0005;cycle-0006;cycle-0008;cycle-0013;cycle-0016;cycle-0019;cycle-0025;cycle-0027;cycle-0028;cycle-0030;cycle-0038;cycle-0043;cycle-0058;cycle-0062;cycle-0073;cycle-0078;cycle-0088;cycle-0101;cycle-0111;cycle-0118;cycle-0125;cycle-0157;cycle-0158;cycle-0180;cycle-0192;cycle-0211;cycle-0213;cycle-0214;cycle-0216;cycle-0219;cycle-0228;cycle-0230;cycle-0236;cycle-0240;cycle-0248;cycle-0256;cycle-0259,1,1980.528494,4269.745187
1,random,FedAvg,sign_flip,0,0,0,6,6,1,-0.00019975002031578947,-0.00025508177865,-0.0007555979343421053,0,0,-0.0002563594307,835,114,1,0,0,0,0,0,0,1,0,0.49225197139189436,0.5256280946268109,0.5256280946268109,0.0,0.0,231;80;162;223;152;12;221;44;153;241;189;90;122;87;100;170;108;188;86;260;218;193;185;106;159;37;182;124;7;237,26;14;29;104;251;262;36;103;200;227;92;3;195;215;76;34;207;113;11;65;91;33;178;205;176;169;184;46;249;123,201;222;107;48;199;32;64;210;50;67;190;55;102;49;99;225;79;183;261;264;224;59;93;17;83;68;45;23;217;77;197;150;10;253;196;163;209;151;219;214;30;240;111;25;73;236;1;256;5;78;118;213;62;58;6;211;125;28;38;259;158;228;180;27;19;157;8;230;13;192;101;16;248;88;43;216,168;115;41;69;109;85;98;186;165;4;117;121;234;177;208;252;202;52;175;63,commit,-0.00019975002031578947,e22364fae692429db0562b01e71263113e6e5670bba5ce4be9b07e2bb7702ea2,1,1,1,1,1,1,1,1,1,1,1,3,3,1,1,9,2,0,cycle-0010;cycle-0017;cycle-0023;cycle-0032;cycle-0045;cycle-0048;cycle-0049;cycle-0050;cycle-0055;cycle-0059;cycle-0064;cycle-0067;cycle-0068;cycle-0077;cycle-0079;cycle-0083;cycle-0093;cycle-0099;cycle-0102;cycle-0107;cycle-0150;cycle-0151;cycle-0163;cycle-0183;cycle-0190;cycle-0196;cycle-0197;cycle-0199;cycle-0201;cycle-0209;cycle-0210;cycle-0217;cycle-0222;cycle-0224;cycle-0225;cycle-0253;cycle-0261;cycle-0264,1,2411.440202,4769.691349
1,random,CoordinateMedian,sign_flip,0,0,0,6,6,1,-0.00744963817781579,-0.00030979473795,-0.006269489594736842,0,0,-0.004177389098333334,835,114,1,0,0,0,0,0,0,1,0,0.49225197139189436,0.5142123601687144,0.5142123601687144,0.0,0.0,231;80;162;223;152;12;221;44;153;241;189;90;122;87;100;170;108;188;86;260;218;193;185;106;159;37;182;124;7;237,26;14;29;104;251;262;36;103;200;227;92;3;195;215;76;34;207;113;11;65;91;33;178;205;176;169;184;46;249;123,201;222;107;48;199;32;64;210;50;67;190;55;102;49;99;225;79;183;261;264;224;59;93;17;83;68;45;23;217;77;197;150;10;253;196;163;209;151;219;214;30;240;111;25;73;236;1;256;5;78;118;213;62;58;6;211;125;28;38;259;158;228;180;27;19;157;8;230;13;192;101;16;248;88;43;216,168;115;41;69;109;85;98;186;165;4;117;121;234;177;208;252;202;52;175;63,commit,-0.00744963817781579,5ac3852b0a15f174f839c7909da36eb7a1e930bdd41cc9f6c3b1d0f21dd3a685,1,1,1,1,1,1,1,1,1,1,1,3,3,1,1,9,2,1,cycle-0001;cycle-0005;cycle-0006;cycle-0008;cycle-0013;cycle-0016;cycle-0019;cycle-0025;cycle-0027;cycle-0028;cycle-0030;cycle-0038;cycle-0043;cycle-0058;cycle-0062;cycle-0073;cycle-0078;cycle-0088;cycle-0101;cycle-0111;cycle-0118;cycle-0125;cycle-0157;cycle-0158;cycle-0180;cycle-0192;cycle-0211;cycle-0213;cycle-0214;cycle-0216;cycle-0219;cycle-0228;cycle-0230;cycle-0236;cycle-0240;cycle-0248;cycle-0256;cycle-0259,1,2036.167755,4260.395725
1,random,Krum,sign_flip,0,0,0,6,6,1,-0.01309616754363158,-0.0060738209634,-0.013841193907394737,0,0,-0.012006898640766667,835,114,1,0,0,0,0,0,0,1,0,0.49225197139189436,0.5036677058499909,0.5036677058499909,0.0,0.0,231;80;162;223;152;12;221;44;153;241;189;90;122;87;100;170;108;188;86;260;218;193;185;106;159;37;182;124;7;237,26;14;29;104;251;262;36;103;200;227;92;3;195;215;76;34;207;113;11;65;91;33;178;205;176;169;184;46;249;123,201;222;107;48;199;32;64;210;50;67;190;55;102;49;99;225;79;183;261;264;224;59;93;17;83;68;45;23;217;77;197;150;10;253;196;163;209;151;219;214;30;240;111;25;73;236;1;256;5;78;118;213;62;58;6;211;125;28;38;259;158;228;180;27;19;157;8;230;13;192;101;16;248;88;43;216,168;115;41;69;109;85;98;186;165;4;117;121;234;177;208;252;202;52;175;63,commit,-0.01309616754363158,6b8092a5c2cf15055fd6c8010f29001d6251bfe0e4706644a76d8cece3045fb2,1,1,1,1,1,1,1,1,1,1,1,3,3,1,1,9,2,0,cycle-0010;cycle-0017;cycle-0023;cycle-0032;cycle-0045;cycle-0048;cycle-0049;cycle-0050;cycle-0055;cycle-0059;cycle-0064;cycle-0067;cycle-0068;cycle-0077;cycle-0079;cycle-0083;cycle-0093;cycle-0099;cycle-0102;cycle-0107;cycle-0150;cycle-0151;cycle-0163;cycle-0183;cycle-0190;cycle-0196;cycle-0197;cycle-0199;cycle-0201;cycle-0209;cycle-0210;cycle-0217;cycle-0222;cycle-0224;cycle-0225;cycle-0253;cycle-0261;cycle-0264,1,2398.27929,4773.743392
1,random,FLTrust,sign_flip,0,0,0,6,6,0,0.03214397275207895,0.0036526318961,0.025111318686421052,0,0,0.018582920561,835,114,0,0,0,0,0,0,0,0,0,0.49225197139189436,0.4765725288831836,0.49225197139189436,0.015679442508710784,0.0036526318961,231;80;162;223;152;12;221;44;153;241;189;90;122;87;100;170;108;188;86;260;218;193;185;106;159;37;182;124;7;237,26;14;29;104;251;262;36;103;200;227;92;3;195;215;76;34;207;113;11;65;91;33;178;205;176;169;184;46;249;123,201;222;107;48;199;32;64;210;50;67;190;55;102;49;99;225;79;183;261;264;224;59;93;17;83;68;45;23;217;77;197;150;10;253;196;163;209;151;219;214;30;240;111;25;73;236;1;256;5;78;118;213;62;58;6;211;125;28;38;259;158;228;180;27;19;157;8;230;13;192;101;16;248;88;43;216,168;115;41;69;109;85;98;186;165;4;117;121;234;177;208;252;202;52;175;63,reject,0.03214397275207895,6bbcb04cf84fea051dda9b37fda6bdfa53789f018d1b25956afcc0c2fcbf26bf,1,1,1,0,0,1,1,1,1,1,1,3,3,1,1,9,2,1,cycle-0001;cycle-0005;cycle-0006;cycle-0008;cycle-0013;cycle-0016;cycle-0019;cycle-0025;cycle-0027;cycle-0028;cycle-0030;cycle-0038;cycle-0043;cycle-0058;cycle-0062;cycle-0073;cycle-0078;cycle-0088;cycle-0101;cycle-0111;cycle-0118;cycle-0125;cycle-0157;cycle-0158;cycle-0180;cycle-0192;cycle-0211;cycle-0213;cycle-0214;cycle-0216;cycle-0219;cycle-0228;cycle-0230;cycle-0236;cycle-0240;cycle-0248;cycle-0256;cycle-0259,1,1989.460356,4203.998236
1,random,FedVal,sign_flip,0,0,0,6,6,1,-0.004894716225131579,0.0080636124451,-0.0029337138072894737,0,0,0.0004906954128,835,114,0,0,0,0,0,0,0,0,0,0.49225197139189436,0.529204107830552,0.529204107830552,0.0,0.0,231;80;162;223;152;12;221;44;153;241;189;90;122;87;100;170;108;188;86;260;218;193;185;106;159;37;182;124;7;237,26;14;29;104;251;262;36;103;200;227;92;3;195;215;76;34;207;113;11;65;91;33;178;205;176;169;184;46;249;123,201;222;107;48;199;32;64;210;50;67;190;55;102;49;99;225;79;183;261;264;224;59;93;17;83;68;45;23;217;77;197;150;10;253;196;163;209;151;219;214;30;240;111;25;73;236;1;256;5;78;118;213;62;58;6;211;125;28;38;259;158;228;180;27;19;157;8;230;13;192;101;16;248;88;43;216,168;115;41;69;109;85;98;186;165;4;117;121;234;177;208;252;202;52;175;63,commit,-0.004894716225131579,ef40794b4f1cd4101093023a458003f318269f8e816bc0b2944c024df7fa8260,1,1,1,1,1,1,1,1,1,1,1,3,3,1,1,9,2,1,cycle-0001;cycle-0005;cycle-0006;cycle-0008;cycle-0013;cycle-0016;cycle-0019;cycle-0025;cycle-0027;cycle-0028;cycle-0030;cycle-0038;cycle-0043;cycle-0058;cycle-0062;cycle-0073;cycle-0078;cycle-0088;cycle-0101;cycle-0111;cycle-0118;cycle-0125;cycle-0157;cycle-0158;cycle-0180;cycle-0192;cycle-0211;cycle-0213;cycle-0214;cycle-0216;cycle-0219;cycle-0228;cycle-0230;cycle-0236;cycle-0240;cycle-0248;cycle-0256;cycle-0259,1,1972.428581,4284.231484
1,random,FLShield,sign_flip,0,0,0,6,6,1,-0.003026589626368421,0.00171556370905,-0.002052753280131579,0,0,-0.0009837568256666667,835,114,1,0,0,0,0,0,0,0,0,0.49225197139189436,0.5142123601687144,0.5142123601687144,0.0,0.0,231;80;162;223;152;12;221;44;153;241;189;90;122;87;100;170;108;188;86;260;218;193;185;106;159;37;182;124;7;237,26;14;29;104;251;262;36;103;200;227;92;3;195;215;76;34;207;113;11;65;91;33;178;205;176;169;184;46;249;123,201;222;107;48;199;32;64;210;50;67;190;55;102;49;99;225;79;183;261;264;224;59;93;17;83;68;45;23;217;77;197;150;10;253;196;163;209;151;219;214;30;240;111;25;73;236;1;256;5;78;118;213;62;58;6;211;125;28;38;259;158;228;180;27;19;157;8;230;13;192;101;16;248;88;43;216,168;115;41;69;109;85;98;186;165;4;117;121;234;177;208;252;202;52;175;63,commit,-0.003026589626368421,26dd720f4e3dca2f7ff1ef26477e3677dc4ce5e1cc1b25a2e3e60b0754671e8c,1,1,1,1,1,1,1,1,1,1,1,3,3,1,1,9,2,1,cycle-0001;cycle-0005;cycle-0006;cycle-0008;cycle-0013;cycle-0016;cycle-0019;cycle-0025;cycle-0027;cycle-0028;cycle-0030;cycle-0038;cycle-0043;cycle-0058;cycle-0062;cycle-0073;cycle-0078;cycle-0088;cycle-0101;cycle-0111;cycle-0118;cycle-0125;cycle-0157;cycle-0158;cycle-0180;cycle-0192;cycle-0211;cycle-0213;cycle-0214;cycle-0216;cycle-0219;cycle-0228;cycle-0230;cycle-0236;cycle-0240;cycle-0248;cycle-0256;cycle-0259,1,1991.755517,4335.617298
1,random,FoundationFL,sign_flip,0,0,0,6,6,1,-0.009413989189368421,0.01000832885485,-0.009366431832263157,0,0,0.003375702501433333,835,114,0,0,0,0,0,0,0,0,0,0.49225197139189436,0.5337428938199156,0.5337428938199156,0.0,0.0,231;80;162;223;152;12;221;44;153;241;189;90;122;87;100;170;108;188;86;260;218;193;185;106;159;37;182;124;7;237,26;14;29;104;251;262;36;103;200;227;92;3;195;215;76;34;207;113;11;65;91;33;178;205;176;169;184;46;249;123,201;222;107;48;199;32;64;210;50;67;190;55;102;49;99;225;79;183;261;264;224;59;93;17;83;68;45;23;217;77;197;150;10;253;196;163;209;151;219;214;30;240;111;25;73;236;1;256;5;78;118;213;62;58;6;211;125;28;38;259;158;228;180;27;19;157;8;230;13;192;101;16;248;88;43;216,168;115;41;69;109;85;98;186;165;4;117;121;234;177;208;252;202;52;175;63,commit,-0.009413989189368421,b9ab40556e03c27b9e7ea60859161140c2fe519bebf648cf088ce8d16ad9dcc7,1,1,1,1,1,1,1,1,1,1,1,3,3,1,1,9,2,1,cycle-0001;cycle-0005;cycle-0006;cycle-0008;cycle-0013;cycle-0016;cycle-0019;cycle-0025;cycle-0027;cycle-0028;cycle-0030;cycle-0038;cycle-0043;cycle-0058;cycle-0062;cycle-0073;cycle-0078;cycle-0088;cycle-0101;cycle-0111;cycle-0118;cycle-0125;cycle-0157;cycle-0158;cycle-0180;cycle-0192;cycle-0211;cycle-0213;cycle-0214;cycle-0216;cycle-0219;cycle-0228;cycle-0230;cycle-0236;cycle-0240;cycle-0248;cycle-0256;cycle-0259,1,2055.175206,4394.259642
1,random,FedAvg,model_replacement,0,0,0,6,6,0,0.30154760655536844,0.29525126884605,0.3099324318207105,0,0,0.30570668606746665,835,114,0,0,0,1,0,0,0,0,0,0.49225197139189436,0.514808362369338,0.49225197139189436,-0.022556390977443663,0.29525126884605,231;80;162;223;152;12;221;44;153;241;189;90;122;87;100;170;108;188;86;260;218;193;185;106;159;37;182;124;7;237,26;14;29;104;251;262;36;103;200;227;92;3;195;215;76;34;207;113;11;65;91;33;178;205;176;169;184;46;249;123,201;222;107;48;199;32;64;210;50;67;190;55;102;49;99;225;79;183;261;264;224;59;93;17;83;68;45;23;217;77;197;150;10;253;196;163;209;151;219;214;30;240;111;25;73;236;1;256;5;78;118;213;62;58;6;211;125;28;38;259;158;228;180;27;19;157;8;230;13;192;101;16;248;88;43;216,168;115;41;69;109;85;98;186;165;4;117;121;234;177;208;252;202;52;175;63,reject,0.30154760655536844,07e37231b4aaebcf7de595b2c22c67b57b369b4da3b8d947849f1344ec7c138e,1,1,1,0,0,1,1,1,1,1,1,3,3,1,1,9,2,0,cycle-0010;cycle-0017;cycle-0023;cycle-0032;cycle-0045;cycle-0048;cycle-0049;cycle-0050;cycle-0055;cycle-0059;cycle-0064;cycle-0067;cycle-0068;cycle-0077;cycle-0079;cycle-0083;cycle-0093;cycle-0099;cycle-0102;cycle-0107;cycle-0150;cycle-0151;cycle-0163;cycle-0183;cycle-0190;cycle-0196;cycle-0197;cycle-0199;cycle-0201;cycle-0209;cycle-0210;cycle-0217;cycle-0222;cycle-0224;cycle-0225;cycle-0253;cycle-0261;cycle-0264,1,2464.740791,4884.740763
1,random,CoordinateMedian,model_replacement,0,0,0,6,6,1,-0.00030054152494736843,0.0020066715828,-0.0008888584080263158,0,0,-0.00025612799526666664,835,114,1,0,0,0,0,0,0,0,0,0.49225197139189436,0.49050981111314873,0.49050981111314873,0.0,0.0,231;80;162;223;152;12;221;44;153;241;189;90;122;87;100;170;108;188;86;260;218;193;185;106;159;37;182;124;7;237,26;14;29;104;251;262;36;103;200;227;92;3;195;215;76;34;207;113;11;65;91;33;178;205;176;169;184;46;249;123,201;222;107;48;199;32;64;210;50;67;190;55;102;49;99;225;79;183;261;264;224;59;93;17;83;68;45;23;217;77;197;150;10;253;196;163;209;151;219;214;30;240;111;25;73;236;1;256;5;78;118;213;62;58;6;211;125;28;38;259;158;228;180;27;19;157;8;230;13;192;101;16;248;88;43;216,168;115;41;69;109;85;98;186;165;4;117;121;234;177;208;252;202;52;175;63,commit,-0.00030054152494736843,d3c1057a931e525ea36dd031567a5a904a3507f1c2d3b79aa2d0f86f97a021db,1,1,1,1,1,1,1,1,1,1,1,3,3,1,1,9,2,0,cycle-0010;cycle-0017;cycle-0023;cycle-0032;cycle-0045;cycle-0048;cycle-0049;cycle-0050;cycle-0055;cycle-0059;cycle-0064;cycle-0067;cycle-0068;cycle-0077;cycle-0079;cycle-0083;cycle-0093;cycle-0099;cycle-0102;cycle-0107;cycle-0150;cycle-0151;cycle-0163;cycle-0183;cycle-0190;cycle-0196;cycle-0197;cycle-0199;cycle-0201;cycle-0209;cycle-0210;cycle-0217;cycle-0222;cycle-0224;cycle-0225;cycle-0253;cycle-0261;cycle-0264,1,2351.904061,4741.432704
1,random,Krum,model_replacement,0,0,0,6,6,1,-0.014586220271157895,-0.0060738209634,-0.013841193907394737,0,0,-0.012006898640766667,835,114,1,0,0,0,0,0,0,1,0,0.49225197139189436,0.5036677058499909,0.5036677058499909,0.0,0.0,231;80;162;223;152;12;221;44;153;241;189;90;122;87;100;170;108;188;86;260;218;193;185;106;159;37;182;124;7;237,26;14;29;104;251;262;36;103;200;227;92;3;195;215;76;34;207;113;11;65;91;33;178;205;176;169;184;46;249;123,201;222;107;48;199;32;64;210;50;67;190;55;102;49;99;225;79;183;261;264;224;59;93;17;83;68;45;23;217;77;197;150;10;253;196;163;209;151;219;214;30;240;111;25;73;236;1;256;5;78;118;213;62;58;6;211;125;28;38;259;158;228;180;27;19;157;8;230;13;192;101;16;248;88;43;216,168;115;41;69;109;85;98;186;165;4;117;121;234;177;208;252;202;52;175;63,commit,-0.014586220271157895,61f2356d736093de56144d10dd2f316d66c457eab72a1547d4c95efcf1199ef3,1,1,1,1,1,1,1,1,1,1,1,3,3,1,1,9,2,1,cycle-0001;cycle-0005;cycle-0006;cycle-0008;cycle-0013;cycle-0016;cycle-0019;cycle-0025;cycle-0027;cycle-0028;cycle-0030;cycle-0038;cycle-0043;cycle-0058;cycle-0062;cycle-0073;cycle-0078;cycle-0088;cycle-0101;cycle-0111;cycle-0118;cycle-0125;cycle-0157;cycle-0158;cycle-0180;cycle-0192;cycle-0211;cycle-0213;cycle-0214;cycle-0216;cycle-0219;cycle-0228;cycle-0230;cycle-0236;cycle-0240;cycle-0248;cycle-0256;cycle-0259,1,1978.223659,4357.099521
1,random,FLTrust,model_replacement,0,0,0,6,6,0,0.022798632331710526,0.0154711871174,0.025463580630355264,0,0,0.021386172743,835,114,0,0,0,0,0,0,0,0,0,0.49225197139189436,0.4695121951219512,0.49225197139189436,0.022739776269943168,0.0154711871174,231;80;162;223;152;12;221;44;153;241;189;90;122;87;100;170;108;188;86;260;218;193;185;106;159;37;182;124;7;237,26;14;29;104;251;262;36;103;200;227;92;3;195;215;76;34;207;113;11;65;91;33;178;205;176;169;184;46;249;123,201;222;107;48;199;32;64;210;50;67;190;55;102;49;99;225;79;183;261;264;224;59;93;17;83;68;45;23;217;77;197;150;10;253;196;163;209;151;219;214;30;240;111;25;73;236;1;256;5;78;118;213;62;58;6;211;125;28;38;259;158;228;180;27;19;157;8;230;13;192;101;16;248;88;43;216,168;115;41;69;109;85;98;186;165;4;117;121;234;177;208;252;202;52;175;63,reject,0.022798632331710526,c10e5303163dfeffc6ef760192f7cb66ba1f94e288fcbd784f2b1adde137ff9c,1,1,1,0,0,1,1,1,1,1,1,3,3,1,1,9,2,0,cycle-0010;cycle-0017;cycle-0023;cycle-0032;cycle-0045;cycle-0048;cycle-0049;cycle-0050;cycle-0055;cycle-0059;cycle-0064;cycle-0067;cycle-0068;cycle-0077;cycle-0079;cycle-0083;cycle-0093;cycle-0099;cycle-0102;cycle-0107;cycle-0150;cycle-0151;cycle-0163;cycle-0183;cycle-0190;cycle-0196;cycle-0197;cycle-0199;cycle-0201;cycle-0209;cycle-0210;cycle-0217;cycle-0222;cycle-0224;cycle-0225;cycle-0253;cycle-0261;cycle-0264,1,2387.230245,4735.320669
1,random,FedVal,model_replacement,0,0,0,6,6,0,0.12929620654505264,0.1544957442171,0.1341769076888158,0,0,0.1340135110529,835,114,0,0,0,1,0,0,0,0,0,0.49225197139189436,0.40010086191087474,0.49225197139189436,0.09215110948101962,0.1544957442171,231;80;162;223;152;12;221;44;153;241;189;90;122;87;100;170;108;188;86;260;218;193;185;106;159;37;182;124;7;237,26;14;29;104;251;262;36;103;200;227;92;3;195;215;76;34;207;113;11;65;91;33;178;205;176;169;184;46;249;123,201;222;107;48;199;32;64;210;50;67;190;55;102;49;99;225;79;183;261;264;224;59;93;17;83;68;45;23;217;77;197;150;10;253;196;163;209;151;219;214;30;240;111;25;73;236;1;256;5;78;118;213;62;58;6;211;125;28;38;259;158;228;180;27;19;157;8;230;13;192;101;16;248;88;43;216,168;115;41;69;109;85;98;186;165;4;117;121;234;177;208;252;202;52;175;63,reject,0.12929620654505264,102675ede7a7e64d942edef99b8f3c2b0b1b8f32969a12494f61a3b3b378affc,1,1,1,0,0,1,1,1,1,1,1,3,3,1,1,9,2,1,cycle-0001;cycle-0005;cycle-0006;cycle-0008;cycle-0013;cycle-0016;cycle-0019;cycle-0025;cycle-0027;cycle-0028;cycle-0030;cycle-0038;cycle-0043;cycle-0058;cycle-0062;cycle-0073;cycle-0078;cycle-0088;cycle-0101;cycle-0111;cycle-0118;cycle-0125;cycle-0157;cycle-0158;cycle-0180;cycle-0192;cycle-0211;cycle-0213;cycle-0214;cycle-0216;cycle-0219;cycle-0228;cycle-0230;cycle-0236;cycle-0240;cycle-0248;cycle-0256;cycle-0259,1,1996.022889,4206.525747
1,random,FLShield,model_replacement,0,0,0,6,6,1,-0.002048211802842105,0.0017914421346,-0.001167142921118421,0,0,-0.00045573983666666665,835,114,1,0,0,0,0,0,0,0,0,0.49225197139189436,0.5124701998899688,0.5124701998899688,0.0,0.0,231;80;162;223;152;12;221;44;153;241;189;90;122;87;100;170;108;188;86;260;218;193;185;106;159;37;182;124;7;237,26;14;29;104;251;262;36;103;200;227;92;3;195;215;76;34;207;113;11;65;91;33;178;205;176;169;184;46;249;123,201;222;107;48;199;32;64;210;50;67;190;55;102;49;99;225;79;183;261;264;224;59;93;17;83;68;45;23;217;77;197;150;10;253;196;163;209;151;219;214;30;240;111;25;73;236;1;256;5;78;118;213;62;58;6;211;125;28;38;259;158;228;180;27;19;157;8;230;13;192;101;16;248;88;43;216,168;115;41;69;109;85;98;186;165;4;117;121;234;177;208;252;202;52;175;63,commit,-0.002048211802842105,1e26d298112d1dffd05eea2c5dfaec741da23e93c91a1c84573cf413edd1cb88,1,1,1,1,1,1,1,1,1,1,1,3,3,1,1,9,2,1,cycle-0001;cycle-0005;cycle-0006;cycle-0008;cycle-0013;cycle-0016;cycle-0019;cycle-0025;cycle-0027;cycle-0028;cycle-0030;cycle-0038;cycle-0043;cycle-0058;cycle-0062;cycle-0073;cycle-0078;cycle-0088;cycle-0101;cycle-0111;cycle-0118;cycle-0125;cycle-0157;cycle-0158;cycle-0180;cycle-0192;cycle-0211;cycle-0213;cycle-0214;cycle-0216;cycle-0219;cycle-0228;cycle-0230;cycle-0236;cycle-0240;cycle-0248;cycle-0256;cycle-0259,1,2018.799453,4275.683081
1,random,FoundationFL,model_replacement,0,0,0,6,6,0,0.6370163877835263,0.568818558403,0.6226633653623026,1,0,0.6070294674414667,835,114,0,0,0,1,1,0,0,0,0,0.49225197139189436,0.519163763066202,0.49225197139189436,-0.026911791674307683,0.568818558403,231;80;162;223;152;12;221;44;153;241;189;90;122;87;100;170;108;188;86;260;218;193;185;106;159;37;182;124;7;237,26;14;29;104;251;262;36;103;200;227;92;3;195;215;76;34;207;113;11;65;91;33;178;205;176;169;184;46;249;123,201;222;107;48;199;32;64;210;50;67;190;55;102;49;99;225;79;183;261;264;224;59;93;17;83;68;45;23;217;77;197;150;10;253;196;163;209;151;219;214;30;240;111;25;73;236;1;256;5;78;118;213;62;58;6;211;125;28;38;259;158;228;180;27;19;157;8;230;13;192;101;16;248;88;43;216,168;115;41;69;109;85;98;186;165;4;117;121;234;177;208;252;202;52;175;63,reject,0.6370163877835263,dcb256edbb001774e46a70d456a6901e3d5bc72bb11542b814770a5fe6c1e8c4,1,1,1,0,0,1,1,1,1,1,1,3,3,1,1,9,2,1,cycle-0001;cycle-0005;cycle-0006;cycle-0008;cycle-0013;cycle-0016;cycle-0019;cycle-0025;cycle-0027;cycle-0028;cycle-0030;cycle-0038;cycle-0043;cycle-0058;cycle-0062;cycle-0073;cycle-0078;cycle-0088;cycle-0101;cycle-0111;cycle-0118;cycle-0125;cycle-0157;cycle-0158;cycle-0180;cycle-0192;cycle-0211;cycle-0213;cycle-0214;cycle-0216;cycle-0219;cycle-0228;cycle-0230;cycle-0236;cycle-0240;cycle-0248;cycle-0256;cycle-0259,1,2053.669835,4263.110302
1,random,FedAvg,score_aware,64,49,0,6,6,1,-1.606538007894737e-05,1.2935817e-05,-1.7763088828947367e-05,0,0,-3.1383626333333335e-06,835,114,1,0,0,0,0,0,0,0,0,0.49225197139189436,0.49225197139189436,0.49225197139189436,0.0,0.0,231;80;162;223;152;12;221;44;153;241;189;90;122;87;100;170;108;188;86;260;218;193;185;106;159;37;182;124;7;237,26;14;29;104;251;262;36;103;200;227;92;3;195;215;76;34;207;113;11;65;91;33;178;205;176;169;184;46;249;123,201;222;107;48;199;32;64;210;50;67;190;55;102;49;99;225;79;183;261;264;224;59;93;17;83;68;45;23;217;77;197;150;10;253;196;163;209;151;219;214;30;240;111;25;73;236;1;256;5;78;118;213;62;58;6;211;125;28;38;259;158;228;180;27;19;157;8;230;13;192;101;16;248;88;43;216,168;115;41;69;109;85;98;186;165;4;117;121;234;177;208;252;202;52;175;63,commit,-1.606538007894737e-05,c684fa7e4cd8f6637aa9a7252a5716a3f1dea8fb6b7573238c543b87ecef05f4,1,1,1,1,1,1,1,1,1,1,1,3,3,1,1,9,2,0,cycle-0010;cycle-0017;cycle-0023;cycle-0032;cycle-0045;cycle-0048;cycle-0049;cycle-0050;cycle-0055;cycle-0059;cycle-0064;cycle-0067;cycle-0068;cycle-0077;cycle-0079;cycle-0083;cycle-0093;cycle-0099;cycle-0102;cycle-0107;cycle-0150;cycle-0151;cycle-0163;cycle-0183;cycle-0190;cycle-0196;cycle-0197;cycle-0199;cycle-0201;cycle-0209;cycle-0210;cycle-0217;cycle-0222;cycle-0224;cycle-0225;cycle-0253;cycle-0261;cycle-0264,1,2345.89997,4776.523797
1,random,FLTrust,score_aware,64,55,0,6,6,0,0.008909466471421053,-0.00106281735075,0.013921107781223685,0,0,0.009049180590966667,835,114,0,0,0,0,0,0,0,1,1,0.49225197139189436,0.47822299651567945,0.49225197139189436,0.014028974876214906,-0.00106281735075,231;80;162;223;152;12;221;44;153;241;189;90;122;87;100;170;108;188;86;260;218;193;185;106;159;37;182;124;7;237,26;14;29;104;251;262;36;103;200;227;92;3;195;215;76;34;207;113;11;65;91;33;178;205;176;169;184;46;249;123,201;222;107;48;199;32;64;210;50;67;190;55;102;49;99;225;79;183;261;264;224;59;93;17;83;68;45;23;217;77;197;150;10;253;196;163;209;151;219;214;30;240;111;25;73;236;1;256;5;78;118;213;62;58;6;211;125;28;38;259;158;228;180;27;19;157;8;230;13;192;101;16;248;88;43;216,168;115;41;69;109;85;98;186;165;4;117;121;234;177;208;252;202;52;175;63,reject,0.008909466471421053,4a7425c17bc093f773e3d2601e76cd4a236410e54bae8efbce1d309084a493df,1,1,1,0,0,1,1,1,1,1,1,3,3,1,1,9,2,0,cycle-0010;cycle-0017;cycle-0023;cycle-0032;cycle-0045;cycle-0048;cycle-0049;cycle-0050;cycle-0055;cycle-0059;cycle-0064;cycle-0067;cycle-0068;cycle-0077;cycle-0079;cycle-0083;cycle-0093;cycle-0099;cycle-0102;cycle-0107;cycle-0150;cycle-0151;cycle-0163;cycle-0183;cycle-0190;cycle-0196;cycle-0197;cycle-0199;cycle-0201;cycle-0209;cycle-0210;cycle-0217;cycle-0222;cycle-0224;cycle-0225;cycle-0253;cycle-0261;cycle-0264,1,2363.628426,4828.005783
1,random,FoundationFL,score_aware,64,26,1,6,6,1,-0.0010229855443157894,-0.00759666410275,0.0020011348608552633,0,0,-0.0008576874413333334,835,114,1,0,0,0,0,0,0,1,0,0.49225197139189436,0.4808362369337979,0.4808362369337979,0.0,0.0,231;80;162;223;152;12;221;44;153;241;189;90;122;87;100;170;108;188;86;260;218;193;185;106;159;37;182;124;7;237,26;14;29;104;251;262;36;103;200;227;92;3;195;215;76;34;207;113;11;65;91;33;178;205;176;169;184;46;249;123,201;222;107;48;199;32;64;210;50;67;190;55;102;49;99;225;79;183;261;264;224;59;93;17;83;68;45;23;217;77;197;150;10;253;196;163;209;151;219;214;30;240;111;25;73;236;1;256;5;78;118;213;62;58;6;211;125;28;38;259;158;228;180;27;19;157;8;230;13;192;101;16;248;88;43;216,168;115;41;69;109;85;98;186;165;4;117;121;234;177;208;252;202;52;175;63,commit,-0.0010229855443157894,19090f0afa897e471d26dd1c5f0e943675c0c29655e7994be1e725c5c612d5a2,1,1,1,1,1,1,1,1,1,1,1,3,3,1,1,9,2,0,cycle-0010;cycle-0017;cycle-0023;cycle-0032;cycle-0045;cycle-0048;cycle-0049;cycle-0050;cycle-0055;cycle-0059;cycle-0064;cycle-0067;cycle-0068;cycle-0077;cycle-0079;cycle-0083;cycle-0093;cycle-0099;cycle-0102;cycle-0107;cycle-0150;cycle-0151;cycle-0163;cycle-0183;cycle-0190;cycle-0196;cycle-0197;cycle-0199;cycle-0201;cycle-0209;cycle-0210;cycle-0217;cycle-0222;cycle-0224;cycle-0225;cycle-0253;cycle-0261;cycle-0264,1,2374.843383,4763.237997
2,random,FedAvg,none,0,0,0,6,0,1,-0.0023868327428421053,-0.0022397851705,-0.002543529424131579,0,0,-0.0022265483452333333,932,146,1,0,0,0,0,0,0,1,0,0.514458499054574,0.514458499054574,0.514458499054574,0.0,0.0,245;158;61;198;117;106;62;57;256;95;161;72;80;45;156;47;63;49;79;85;46;18;166;97;12;230;73;162;11;200,65;208;172;83;66;211;242;13;89;36;264;111;194;120;228;75;159;195;56;44;1;263;226;22;81;90;217;237;231;109,52;169;6;185;41;33;26;69;180;17;112;250;101;119;38;192;70;91;127;164;219;3;43;260;229;125;115;5;87;60;236;239;222;40;157;168;118;261;31;29;186;171;249;178;246;176;201;163;55;175;220;94;225;9;54;233;116;14;7;108;221;224;182;210;170;50;96;203;190;153;27;37;104;212;59;191,196;86;35;253;82;48;155;257;247;177;98;107;238;240;32;53;183;76;199;234,commit,-0.0023868327428421053,dbcd2148faf4c24b54a6fcb525afc786874350c60e86b49af0d68aeb1162ff67,1,2,2,1,1,1,1,1,1,1,1,3,3,1,1,9,2,1,cycle-0007;cycle-0009;cycle-0014;cycle-0027;cycle-0029;cycle-0031;cycle-0037;cycle-0050;cycle-0054;cycle-0055;cycle-0059;cycle-0094;cycle-0096;cycle-0104;cycle-0108;cycle-0116;cycle-0153;cycle-0163;cycle-0170;cycle-0171;cycle-0175;cycle-0176;cycle-0178;cycle-0182;cycle-0186;cycle-0190;cycle-0191;cycle-0201;cycle-0203;cycle-0210;cycle-0212;cycle-0220;cycle-0221;cycle-0224;cycle-0225;cycle-0233;cycle-0246;cycle-0249,1,2268.989701,5616.368702
2,random,CoordinateMedian,none,0,0,0,6,0,1,-0.0086853304475,-0.00896360619425,-0.0090946770475,0,0,-0.008700564106933333,932,146,1,0,0,0,0,0,0,1,0,0.514458499054574,0.5020375562365521,0.5020375562365521,0.0,0.0,245;158;61;198;117;106;62;57;256;95;161;72;80;45;156;47;63;49;79;85;46;18;166;97;12;230;73;162;11;200,65;208;172;83;66;211;242;13;89;36;264;111;194;120;228;75;159;195;56;44;1;263;226;22;81;90;217;237;231;109,52;169;6;185;41;33;26;69;180;17;112;250;101;119;38;192;70;91;127;164;219;3;43;260;229;125;115;5;87;60;236;239;222;40;157;168;118;261;31;29;186;171;249;178;246;176;201;163;55;175;220;94;225;9;54;233;116;14;7;108;221;224;182;210;170;50;96;203;190;153;27;37;104;212;59;191,196;86;35;253;82;48;155;257;247;177;98;107;238;240;32;53;183;76;199;234,commit,-0.0086853304475,39150754393d41b1d32cb05f1a7643d9b87de076da0b37b3d012ba200ee21b80,1,1,1,1,1,1,1,1,1,1,1,3,3,1,1,9,2,0,cycle-0003;cycle-0005;cycle-0006;cycle-0017;cycle-0026;cycle-0033;cycle-0038;cycle-0040;cycle-0041;cycle-0043;cycle-0052;cycle-0060;cycle-0069;cycle-0070;cycle-0087;cycle-0091;cycle-0101;cycle-0112;cycle-0115;cycle-0118;cycle-0119;cycle-0125;cycle-0127;cycle-0157;cycle-0164;cycle-0168;cycle-0169;cycle-0180;cycle-0185;cycle-0192;cycle-0219;cycle-0222;cycle-0229;cycle-0236;cycle-0239;cycle-0250;cycle-0260;cycle-0261,1,2197.257554,4536.903193
2,random,Krum,none,0,0,0,6,0,0,0.0017547603414473684,0.0022906992615,0.0003543462815263158,0,0,0.0017731974805333334,932,146,0,0,0,0,0,0,0,0,0,0.514458499054574,0.5833115994001434,0.514458499054574,-0.06885310034556946,0.0022906992615,245;158;61;198;117;106;62;57;256;95;161;72;80;45;156;47;63;49;79;85;46;18;166;97;12;230;73;162;11;200,65;208;172;83;66;211;242;13;89;36;264;111;194;120;228;75;159;195;56;44;1;263;226;22;81;90;217;237;231;109,52;169;6;185;41;33;26;69;180;17;112;250;101;119;38;192;70;91;127;164;219;3;43;260;229;125;115;5;87;60;236;239;222;40;157;168;118;261;31;29;186;171;249;178;246;176;201;163;55;175;220;94;225;9;54;233;116;14;7;108;221;224;182;210;170;50;96;203;190;153;27;37;104;212;59;191,196;86;35;253;82;48;155;257;247;177;98;107;238;240;32;53;183;76;199;234,reject,0.0017547603414473684,54430220fffb101dc42fe070b555bc963458a83a60c5e392b1cd7f1650fabf08,1,1,1,0,0,1,1,1,1,1,1,3,3,1,1,9,2,1,cycle-0007;cycle-0009;cycle-0014;cycle-0027;cycle-0029;cycle-0031;cycle-0037;cycle-0050;cycle-0054;cycle-0055;cycle-0059;cycle-0094;cycle-0096;cycle-0104;cycle-0108;cycle-0116;cycle-0153;cycle-0163;cycle-0170;cycle-0171;cycle-0175;cycle-0176;cycle-0178;cycle-0182;cycle-0186;cycle-0190;cycle-0191;cycle-0201;cycle-0203;cycle-0210;cycle-0212;cycle-0220;cycle-0221;cycle-0224;cycle-0225;cycle-0233;cycle-0246;cycle-0249,1,2300.913943,4674.061953
2,random,FLTrust,none,0,0,0,6,0,0,0.008353328288157895,0.0038430120413,0.007515334733736842,0,0,0.004962025973433333,932,146,0,0,0,0,0,0,0,0,0,0.514458499054574,0.507270000652018,0.514458499054574,0.007188498402555976,0.0038430120413,245;158;61;198;117;106;62;57;256;95;161;72;80;45;156;47;63;49;79;85;46;18;166;97;12;230;73;162;11;200,65;208;172;83;66;211;242;13;89;36;264;111;194;120;228;75;159;195;56;44;1;263;226;22;81;90;217;237;231;109,52;169;6;185;41;33;26;69;180;17;112;250;101;119;38;192;70;91;127;164;219;3;43;260;229;125;115;5;87;60;236;239;222;40;157;168;118;261;31;29;186;171;249;178;246;176;201;163;55;175;220;94;225;9;54;233;116;14;7;108;221;224;182;210;170;50;96;203;190;153;27;37;104;212;59;191,196;86;35;253;82;48;155;257;247;177;98;107;238;240;32;53;183;76;199;234,reject,0.008353328288157895,7b50ac9feb887b945904c0a2ec6c7c60b1cfb02dde228d912f8562eedfe0a6b7,1,1,1,0,0,1,1,1,1,1,1,3,3,1,1,9,2,0,cycle-0003;cycle-0005;cycle-0006;cycle-0017;cycle-0026;cycle-0033;cycle-0038;cycle-0040;cycle-0041;cycle-0043;cycle-0052;cycle-0060;cycle-0069;cycle-0070;cycle-0087;cycle-0091;cycle-0101;cycle-0112;cycle-0115;cycle-0118;cycle-0119;cycle-0125;cycle-0127;cycle-0157;cycle-0164;cycle-0168;cycle-0169;cycle-0180;cycle-0185;cycle-0192;cycle-0219;cycle-0222;cycle-0229;cycle-0236;cycle-0239;cycle-0250;cycle-0260;cycle-0261,1,2185.090093,4519.038892
2,random,FedVal,none,0,0,0,6,0,1,-0.005817594304789474,-0.0065046943651,-0.005152194877552632,0,0,-0.005569173065366666,932,146,1,0,0,0,0,0,0,1,0,0.514458499054574,0.49964139010236686,0.49964139010236686,0.0,0.0,245;158;61;198;117;106;62;57;256;95;161;72;80;45;156;47;63;49;79;85;46;18;166;97;12;230;73;162;11;200,65;208;172;83;66;211;242;13;89;36;264;111;194;120;228;75;159;195;56;44;1;263;226;22;81;90;217;237;231;109,52;169;6;185;41;33;26;69;180;17;112;250;101;119;38;192;70;91;127;164;219;3;43;260;229;125;115;5;87;60;236;239;222;40;157;168;118;261;31;29;186;171;249;178;246;176;201;163;55;175;220;94;225;9;54;233;116;14;7;108;221;224;182;210;170;50;96;203;190;153;27;37;104;212;59;191,196;86;35;253;82;48;155;257;247;177;98;107;238;240;32;53;183;76;199;234,commit,-0.005817594304789474,8b516f6f42db6ba601761838907c4393abc2a05085e3b49023ac3c510d0c5530,1,1,1,1,1,1,1,1,1,1,1,3,3,1,1,9,2,1,cycle-0007;cycle-0009;cycle-0014;cycle-0027;cycle-0029;cycle-0031;cycle-0037;cycle-0050;cycle-0054;cycle-0055;cycle-0059;cycle-0094;cycle-0096;cycle-0104;cycle-0108;cycle-0116;cycle-0153;cycle-0163;cycle-0170;cycle-0171;cycle-0175;cycle-0176;cycle-0178;cycle-0182;cycle-0186;cycle-0190;cycle-0191;cycle-0201;cycle-0203;cycle-0210;cycle-0212;cycle-0220;cycle-0221;cycle-0224;cycle-0225;cycle-0233;cycle-0246;cycle-0249,1,2260.446217,4631.591959
2,random,FLShield,none,0,0,0,6,0,1,-0.008691259020921053,-0.01123258938395,-0.0071077996819078944,0,0,-0.0078331683694,932,146,1,0,0,0,0,0,0,1,0,0.514458499054574,0.5012388341918237,0.5012388341918237,0.0,0.0,245;158;61;198;117;106;62;57;256;95;161;72;80;45;156;47;63;49;79;85;46;18;166;97;12;230;73;162;11;200,65;208;172;83;66;211;242;13;89;36;264;111;194;120;228;75;159;195;56;44;1;263;226;22;81;90;217;237;231;109,52;169;6;185;41;33;26;69;180;17;112;250;101;119;38;192;70;91;127;164;219;3;43;260;229;125;115;5;87;60;236;239;222;40;157;168;118;261;31;29;186;171;249;178;246;176;201;163;55;175;220;94;225;9;54;233;116;14;7;108;221;224;182;210;170;50;96;203;190;153;27;37;104;212;59;191,196;86;35;253;82;48;155;257;247;177;98;107;238;240;32;53;183;76;199;234,commit,-0.008691259020921053,b819b1f0dd780fdbe30faa4300a80348c47ee08d915dd20e6b16af4de167e88c,1,1,1,1,1,1,1,1,1,1,1,3,3,1,1,9,2,1,cycle-0007;cycle-0009;cycle-0014;cycle-0027;cycle-0029;cycle-0031;cycle-0037;cycle-0050;cycle-0054;cycle-0055;cycle-0059;cycle-0094;cycle-0096;cycle-0104;cycle-0108;cycle-0116;cycle-0153;cycle-0163;cycle-0170;cycle-0171;cycle-0175;cycle-0176;cycle-0178;cycle-0182;cycle-0186;cycle-0190;cycle-0191;cycle-0201;cycle-0203;cycle-0210;cycle-0212;cycle-0220;cycle-0221;cycle-0224;cycle-0225;cycle-0233;cycle-0246;cycle-0249,1,2281.850982,4763.10782
2,random,FoundationFL,none,0,0,0,6,0,1,-0.00012268148557894736,-0.00049531036105,0.0004906718323947368,0,0,-0.0010448855667666668,932,146,1,0,0,0,0,0,0,1,0,0.514458499054574,0.49245289169981094,0.49245289169981094,0.0,0.0,245;158;61;198;117;106;62;57;256;95;161;72;80;45;156;47;63;49;79;85;46;18;166;97;12;230;73;162;11;200,65;208;172;83;66;211;242;13;89;36;264;111;194;120;228;75;159;195;56;44;1;263;226;22;81;90;217;237;231;109,52;169;6;185;41;33;26;69;180;17;112;250;101;119;38;192;70;91;127;164;219;3;43;260;229;125;115;5;87;60;236;239;222;40;157;168;118;261;31;29;186;171;249;178;246;176;201;163;55;175;220;94;225;9;54;233;116;14;7;108;221;224;182;210;170;50;96;203;190;153;27;37;104;212;59;191,196;86;35;253;82;48;155;257;247;177;98;107;238;240;32;53;183;76;199;234,commit,-0.00012268148557894736,0b378631e357bd6fe12d3bd7a0bf6977f30c76da86f7a93104fbcf9fa7b5e7be,1,1,1,1,1,1,1,1,1,1,1,3,3,1,1,9,2,1,cycle-0007;cycle-0009;cycle-0014;cycle-0027;cycle-0029;cycle-0031;cycle-0037;cycle-0050;cycle-0054;cycle-0055;cycle-0059;cycle-0094;cycle-0096;cycle-0104;cycle-0108;cycle-0116;cycle-0153;cycle-0163;cycle-0170;cycle-0171;cycle-0175;cycle-0176;cycle-0178;cycle-0182;cycle-0186;cycle-0190;cycle-0191;cycle-0201;cycle-0203;cycle-0210;cycle-0212;cycle-0220;cycle-0221;cycle-0224;cycle-0225;cycle-0233;cycle-0246;cycle-0249,1,2322.835563,4662.907588
2,random,FedAvg,sign_flip,0,0,0,6,6,0,0.0064848115853421056,0.0052394335028,0.0064731792651710526,0,0,0.0059048809459,932,146,0,0,0,0,0,0,0,0,0,0.514458499054574,0.5284768859620526,0.514458499054574,-0.014018386907478586,0.0052394335028,245;158;61;198;117;106;62;57;256;95;161;72;80;45;156;47;63;49;79;85;46;18;166;97;12;230;73;162;11;200,65;208;172;83;66;211;242;13;89;36;264;111;194;120;228;75;159;195;56;44;1;263;226;22;81;90;217;237;231;109,52;169;6;185;41;33;26;69;180;17;112;250;101;119;38;192;70;91;127;164;219;3;43;260;229;125;115;5;87;60;236;239;222;40;157;168;118;261;31;29;186;171;249;178;246;176;201;163;55;175;220;94;225;9;54;233;116;14;7;108;221;224;182;210;170;50;96;203;190;153;27;37;104;212;59;191,196;86;35;253;82;48;155;257;247;177;98;107;238;240;32;53;183;76;199;234,reject,0.0064848115853421056,c09aa5d3cdbc9f4ee5c12eb0fcd3c064d13944012e3d60f44cda655f46a3a58a,1,1,1,0,0,1,1,1,1,1,1,3,3,1,1,9,2,1,cycle-0007;cycle-0009;cycle-0014;cycle-0027;cycle-0029;cycle-0031;cycle-0037;cycle-0050;cycle-0054;cycle-0055;cycle-0059;cycle-0094;cycle-0096;cycle-0104;cycle-0108;cycle-0116;cycle-0153;cycle-0163;cycle-0170;cycle-0171;cycle-0175;cycle-0176;cycle-0178;cycle-0182;cycle-0186;cycle-0190;cycle-0191;cycle-0201;cycle-0203;cycle-0210;cycle-0212;cycle-0220;cycle-0221;cycle-0224;cycle-0225;cycle-0233;cycle-0246;cycle-0249,1,2336.012221,4671.418778
2,random,CoordinateMedian,sign_flip,0,0,0,6,6,1,-0.004473938682236842,-0.0046239045979,-0.004649718854894737,0,0,-0.004523863913066667,932,146,1,0,0,0,0,0,0,1,0,0.514458499054574,0.49724522396818155,0.49724522396818155,0.0,0.0,245;158;61;198;117;106;62;57;256;95;161;72;80;45;156;47;63;49;79;85;46;18;166;97;12;230;73;162;11;200,65;208;172;83;66;211;242;13;89;36;264;111;194;120;228;75;159;195;56;44;1;263;226;22;81;90;217;237;231;109,52;169;6;185;41;33;26;69;180;17;112;250;101;119;38;192;70;91;127;164;219;3;43;260;229;125;115;5;87;60;236;239;222;40;157;168;118;261;31;29;186;171;249;178;246;176;201;163;55;175;220;94;225;9;54;233;116;14;7;108;221;224;182;210;170;50;96;203;190;153;27;37;104;212;59;191,196;86;35;253;82;48;155;257;247;177;98;107;238;240;32;53;183;76;199;234,commit,-0.004473938682236842,62aa9546b69e1e41a978212291d5cea9d35fd84c971acfd5687baeb1f3636567,1,1,1,1,1,1,1,1,1,1,1,3,3,1,1,9,2,0,cycle-0003;cycle-0005;cycle-0006;cycle-0017;cycle-0026;cycle-0033;cycle-0038;cycle-0040;cycle-0041;cycle-0043;cycle-0052;cycle-0060;cycle-0069;cycle-0070;cycle-0087;cycle-0091;cycle-0101;cycle-0112;cycle-0115;cycle-0118;cycle-0119;cycle-0125;cycle-0127;cycle-0157;cycle-0164;cycle-0168;cycle-0169;cycle-0180;cycle-0185;cycle-0192;cycle-0219;cycle-0222;cycle-0229;cycle-0236;cycle-0239;cycle-0250;cycle-0260;cycle-0261,1,2110.105736,4410.565503
2,random,Krum,sign_flip,0,0,0,6,6,1,-0.0010460677783947368,0.0022906992615,0.0003543462815263158,0,0,0.0017731974805333334,932,146,0,0,0,0,0,0,0,0,0,0.514458499054574,0.5833115994001434,0.5833115994001434,0.0,0.0,245;158;61;198;117;106;62;57;256;95;161;72;80;45;156;47;63;49;79;85;46;18;166;97;12;230;73;162;11;200,65;208;172;83;66;211;242;13;89;36;264;111;194;120;228;75;159;195;56;44;1;263;226;22;81;90;217;237;231;109,52;169;6;185;41;33;26;69;180;17;112;250;101;119;38;192;70;91;127;164;219;3;43;260;229;125;115;5;87;60;236;239;222;40;157;168;118;261;31;29;186;171;249;178;246;176;201;163;55;175;220;94;225;9;54;233;116;14;7;108;221;224;182;210;170;50;96;203;190;153;27;37;104;212;59;191,196;86;35;253;82;48;155;257;247;177;98;107;238;240;32;53;183;76;199;234,commit,-0.0010460677783947368,952d071b2cf02f2234c57c92545e680d5140d0ec40508171caf3be905ee3343f,1,1,1,1,1,1,1,1,1,1,1,3,3,1,1,9,2,0,cycle-0003;cycle-0005;cycle-0006;cycle-0017;cycle-0026;cycle-0033;cycle-0038;cycle-0040;cycle-0041;cycle-0043;cycle-0052;cycle-0060;cycle-0069;cycle-0070;cycle-0087;cycle-0091;cycle-0101;cycle-0112;cycle-0115;cycle-0118;cycle-0119;cycle-0125;cycle-0127;cycle-0157;cycle-0164;cycle-0168;cycle-0169;cycle-0180;cycle-0185;cycle-0192;cycle-0219;cycle-0222;cycle-0229;cycle-0236;cycle-0239;cycle-0250;cycle-0260;cycle-0261,1,2084.466109,4480.682452
2,random,FLTrust,sign_flip,0,0,0,6,6,0,0.008084247874263158,0.000944241971,0.0064697664824605264,0,0,0.0036231449593,932,146,0,0,0,0,0,0,0,0,0,0.514458499054574,0.5018582512877355,0.514458499054574,0.012600247766838435,0.000944241971,245;158;61;198;117;106;62;57;256;95;161;72;80;45;156;47;63;49;79;85;46;18;166;97;12;230;73;162;11;200,65;208;172;83;66;211;242;13;89;36;264;111;194;120;228;75;159;195;56;44;1;263;226;22;81;90;217;237;231;109,52;169;6;185;41;33;26;69;180;17;112;250;101;119;38;192;70;91;127;164;219;3;43;260;229;125;115;5;87;60;236;239;222;40;157;168;118;261;31;29;186;171;249;178;246;176;201;163;55;175;220;94;225;9;54;233;116;14;7;108;221;224;182;210;170;50;96;203;190;153;27;37;104;212;59;191,196;86;35;253;82;48;155;257;247;177;98;107;238;240;32;53;183;76;199;234,reject,0.008084247874263158,eb0ebdb2ace8c94a948a31438b3b0130aa5412a3eac357c87828e671316d3e44,1,1,1,0,0,1,1,1,1,1,1,3,3,1,1,9,2,0,cycle-0003;cycle-0005;cycle-0006;cycle-0017;cycle-0026;cycle-0033;cycle-0038;cycle-0040;cycle-0041;cycle-0043;cycle-0052;cycle-0060;cycle-0069;cycle-0070;cycle-0087;cycle-0091;cycle-0101;cycle-0112;cycle-0115;cycle-0118;cycle-0119;cycle-0125;cycle-0127;cycle-0157;cycle-0164;cycle-0168;cycle-0169;cycle-0180;cycle-0185;cycle-0192;cycle-0219;cycle-0222;cycle-0229;cycle-0236;cycle-0239;cycle-0250;cycle-0260;cycle-0261,1,2140.53421,4422.383535
2,random,FedVal,sign_flip,0,0,0,6,6,0,0.0021907418969210526,-0.00325553879485,0.00080972379925,0,0,-0.0013719945210333333,932,146,1,0,0,0,0,0,0,1,1,0.514458499054574,0.5058518615113777,0.514458499054574,0.008606637543196238,-0.00325553879485,245;158;61;198;117;106;62;57;256;95;161;72;80;45;156;47;63;49;79;85;46;18;166;97;12;230;73;162;11;200,65;208;172;83;66;211;242;13;89;36;264;111;194;120;228;75;159;195;56;44;1;263;226;22;81;90;217;237;231;109,52;169;6;185;41;33;26;69;180;17;112;250;101;119;38;192;70;91;127;164;219;3;43;260;229;125;115;5;87;60;236;239;222;40;157;168;118;261;31;29;186;171;249;178;246;176;201;163;55;175;220;94;225;9;54;233;116;14;7;108;221;224;182;210;170;50;96;203;190;153;27;37;104;212;59;191,196;86;35;253;82;48;155;257;247;177;98;107;238;240;32;53;183;76;199;234,reject,0.0021907418969210526,1f2e40a23dad0ca5877c249657cbe9e2d6fe5db9f4975cd6af0c5fd53adc324f,1,1,1,0,0,1,1,1,1,1,1,3,3,1,1,9,2,0,cycle-0003;cycle-0005;cycle-0006;cycle-0017;cycle-0026;cycle-0033;cycle-0038;cycle-0040;cycle-0041;cycle-0043;cycle-0052;cycle-0060;cycle-0069;cycle-0070;cycle-0087;cycle-0091;cycle-0101;cycle-0112;cycle-0115;cycle-0118;cycle-0119;cycle-0125;cycle-0127;cycle-0157;cycle-0164;cycle-0168;cycle-0169;cycle-0180;cycle-0185;cycle-0192;cycle-0219;cycle-0222;cycle-0229;cycle-0236;cycle-0239;cycle-0250;cycle-0260;cycle-0261,1,2175.579115,4468.695964
2,random,FLShield,sign_flip,0,0,0,6,6,1,-0.0019730854573157893,-0.0025197806908,-0.0017676561051973684,0,0,-0.0018419855644333334,932,146,1,0,0,0,0,0,0,1,0,0.514458499054574,0.5136597770098454,0.5136597770098454,0.0,0.0,245;158;61;198;117;106;62;57;256;95;161;72;80;45;156;47;63;49;79;85;46;18;166;97;12;230;73;162;11;200,65;208;172;83;66;211;242;13;89;36;264;111;194;120;228;75;159;195;56;44;1;263;226;22;81;90;217;237;231;109,52;169;6;185;41;33;26;69;180;17;112;250;101;119;38;192;70;91;127;164;219;3;43;260;229;125;115;5;87;60;236;239;222;40;157;168;118;261;31;29;186;171;249;178;246;176;201;163;55;175;220;94;225;9;54;233;116;14;7;108;221;224;182;210;170;50;96;203;190;153;27;37;104;212;59;191,196;86;35;253;82;48;155;257;247;177;98;107;238;240;32;53;183;76;199;234,commit,-0.0019730854573157893,932dca0b54d840b836f357068825e1d6464c3f9927ed991bd06aaf788d8883c7,1,1,1,1,1,1,1,1,1,1,1,3,3,1,1,9,2,1,cycle-0007;cycle-0009;cycle-0014;cycle-0027;cycle-0029;cycle-0031;cycle-0037;cycle-0050;cycle-0054;cycle-0055;cycle-0059;cycle-0094;cycle-0096;cycle-0104;cycle-0108;cycle-0116;cycle-0153;cycle-0163;cycle-0170;cycle-0171;cycle-0175;cycle-0176;cycle-0178;cycle-0182;cycle-0186;cycle-0190;cycle-0191;cycle-0201;cycle-0203;cycle-0210;cycle-0212;cycle-0220;cycle-0221;cycle-0224;cycle-0225;cycle-0233;cycle-0246;cycle-0249,1,2316.889025,4666.638807
2,random,FoundationFL,sign_flip,0,0,0,6,6,1,-0.006988935610578948,-0.00569181256215,-0.006764257005605263,0,0,-0.0010857314725333334,932,146,1,0,0,0,0,0,0,1,0,0.514458499054574,0.5603279650518355,0.5603279650518355,0.0,0.0,245;158;61;198;117;106;62;57;256;95;161;72;80;45;156;47;63;49;79;85;46;18;166;97;12;230;73;162;11;200,65;208;172;83;66;211;242;13;89;36;264;111;194;120;228;75;159;195;56;44;1;263;226;22;81;90;217;237;231;109,52;169;6;185;41;33;26;69;180;17;112;250;101;119;38;192;70;91;127;164;219;3;43;260;229;125;115;5;87;60;236;239;222;40;157;168;118;261;31;29;186;171;249;178;246;176;201;163;55;175;220;94;225;9;54;233;116;14;7;108;221;224;182;210;170;50;96;203;190;153;27;37;104;212;59;191,196;86;35;253;82;48;155;257;247;177;98;107;238;240;32;53;183;76;199;234,commit,-0.006988935610578948,33a1b1d1d2a418d616eae7d3aa3000171d3b7dff141f3b89776f0859ff446e4f,1,1,1,1,1,1,1,1,1,1,1,3,3,1,1,9,2,1,cycle-0007;cycle-0009;cycle-0014;cycle-0027;cycle-0029;cycle-0031;cycle-0037;cycle-0050;cycle-0054;cycle-0055;cycle-0059;cycle-0094;cycle-0096;cycle-0104;cycle-0108;cycle-0116;cycle-0153;cycle-0163;cycle-0170;cycle-0171;cycle-0175;cycle-0176;cycle-0178;cycle-0182;cycle-0186;cycle-0190;cycle-0191;cycle-0201;cycle-0203;cycle-0210;cycle-0212;cycle-0220;cycle-0221;cycle-0224;cycle-0225;cycle-0233;cycle-0246;cycle-0249,1,2248.014383,4620.976323
2,random,FedAvg,model_replacement,0,0,0,6,6,0,0.2607550587792368,0.2514379299026,0.27453671303201316,0,0,0.26387807007773334,932,146,0,0,0,1,0,0,0,0,0,0.514458499054574,0.4244963160983243,0.514458499054574,0.08996218295624969,0.2514379299026,245;158;61;198;117;106;62;57;256;95;161;72;80;45;156;47;63;49;79;85;46;18;166;97;12;230;73;162;11;200,65;208;172;83;66;211;242;13;89;36;264;111;194;120;228;75;159;195;56;44;1;263;226;22;81;90;217;237;231;109,52;169;6;185;41;33;26;69;180;17;112;250;101;119;38;192;70;91;127;164;219;3;43;260;229;125;115;5;87;60;236;239;222;40;157;168;118;261;31;29;186;171;249;178;246;176;201;163;55;175;220;94;225;9;54;233;116;14;7;108;221;224;182;210;170;50;96;203;190;153;27;37;104;212;59;191,196;86;35;253;82;48;155;257;247;177;98;107;238;240;32;53;183;76;199;234,reject,0.2607550587792368,6735edb320f2f6b6d8c9685aadbb39b3767f1b2281b5d7bcfa0384793b811b5b,1,1,1,0,0,1,1,1,1,1,1,3,3,1,1,9,2,1,cycle-0007;cycle-0009;cycle-0014;cycle-0027;cycle-0029;cycle-0031;cycle-0037;cycle-0050;cycle-0054;cycle-0055;cycle-0059;cycle-0094;cycle-0096;cycle-0104;cycle-0108;cycle-0116;cycle-0153;cycle-0163;cycle-0170;cycle-0171;cycle-0175;cycle-0176;cycle-0178;cycle-0182;cycle-0186;cycle-0190;cycle-0191;cycle-0201;cycle-0203;cycle-0210;cycle-0212;cycle-0220;cycle-0221;cycle-0224;cycle-0225;cycle-0233;cycle-0246;cycle-0249,1,2268.89486,4717.086612
2,random,CoordinateMedian,model_replacement,0,0,0,6,6,1,-0.010024293902447369,-0.01022567880015,-0.008921395609355263,0,0,-0.0089453963798,932,146,1,0,0,0,0,0,0,1,0,0.514458499054574,0.5068298885049227,0.5068298885049227,0.0,0.0,245;158;61;198;117;106;62;57;256;95;161;72;80;45;156;47;63;49;79;85;46;18;166;97;12;230;73;162;11;200,65;208;172;83;66;211;242;13;89;36;264;111;194;120;228;75;159;195;56;44;1;263;226;22;81;90;217;237;231;109,52;169;6;185;41;33;26;69;180;17;112;250;101;119;38;192;70;91;127;164;219;3;43;260;229;125;115;5;87;60;236;239;222;40;157;168;118;261;31;29;186;171;249;178;246;176;201;163;55;175;220;94;225;9;54;233;116;14;7;108;221;224;182;210;170;50;96;203;190;153;27;37;104;212;59;191,196;86;35;253;82;48;155;257;247;177;98;107;238;240;32;53;183;76;199;234,commit,-0.010024293902447369,76cda5f83c405fc45994a0876610af401916451ac688bc7dbbaaa679fa54ee38,1,1,1,1,1,1,1,1,1,1,1,3,3,1,1,9,2,1,cycle-0007;cycle-0009;cycle-0014;cycle-0027;cycle-0029;cycle-0031;cycle-0037;cycle-0050;cycle-0054;cycle-0055;cycle-0059;cycle-0094;cycle-0096;cycle-0104;cycle-0108;cycle-0116;cycle-0153;cycle-0163;cycle-0170;cycle-0171;cycle-0175;cycle-0176;cycle-0178;cycle-0182;cycle-0186;cycle-0190;cycle-0191;cycle-0201;cycle-0203;cycle-0210;cycle-0212;cycle-0220;cycle-0221;cycle-0224;cycle-0225;cycle-0233;cycle-0246;cycle-0249,1,2292.560325,4634.391913
2,random,Krum,model_replacement,0,0,0,6,6,1,-0.0010460677783947368,0.0022906992615,0.0003543462815263158,0,0,0.0017731974805333334,932,146,0,0,0,0,0,0,0,0,0,0.514458499054574,0.5833115994001434,0.5833115994001434,0.0,0.0,245;158;61;198;117;106;62;57;256;95;161;72;80;45;156;47;63;49;79;85;46;18;166;97;12;230;73;162;11;200,65;208;172;83;66;211;242;13;89;36;264;111;194;120;228;75;159;195;56;44;1;263;226;22;81;90;217;237;231;109,52;169;6;185;41;33;26;69;180;17;112;250;101;119;38;192;70;91;127;164;219;3;43;260;229;125;115;5;87;60;236;239;222;40;157;168;118;261;31;29;186;171;249;178;246;176;201;163;55;175;220;94;225;9;54;233;116;14;7;108;221;224;182;210;170;50;96;203;190;153;27;37;104;212;59;191,196;86;35;253;82;48;155;257;247;177;98;107;238;240;32;53;183;76;199;234,commit,-0.0010460677783947368,f6bb1f6cb0455e748683348cfaf4cea9011c9be1e670241efe17af12555fc007,1,1,1,1,1,1,1,1,1,1,1,3,3,1,1,9,2,0,cycle-0003;cycle-0005;cycle-0006;cycle-0017;cycle-0026;cycle-0033;cycle-0038;cycle-0040;cycle-0041;cycle-0043;cycle-0052;cycle-0060;cycle-0069;cycle-0070;cycle-0087;cycle-0091;cycle-0101;cycle-0112;cycle-0115;cycle-0118;cycle-0119;cycle-0125;cycle-0127;cycle-0157;cycle-0164;cycle-0168;cycle-0169;cycle-0180;cycle-0185;cycle-0192;cycle-0219;cycle-0222;cycle-0229;cycle-0236;cycle-0239;cycle-0250;cycle-0260;cycle-0261,1,2143.993485,4476.471721
2,random,FLTrust,model_replacement,0,0,0,6,6,0,0.011597231864,0.01031963565285,0.012397954409973684,0,0,0.010917063598266667,932,146,0,0,0,0,0,0,0,0,0,0.514458499054574,0.49564777987872466,0.514458499054574,0.01881071917584931,0.01031963565285,245;158;61;198;117;106;62;57;256;95;161;72;80;45;156;47;63;49;79;85;46;18;166;97;12;230;73;162;11;200,65;208;172;83;66;211;242;13;89;36;264;111;194;120;228;75;159;195;56;44;1;263;226;22;81;90;217;237;231;109,52;169;6;185;41;33;26;69;180;17;112;250;101;119;38;192;70;91;127;164;219;3;43;260;229;125;115;5;87;60;236;239;222;40;157;168;118;261;31;29;186;171;249;178;246;176;201;163;55;175;220;94;225;9;54;233;116;14;7;108;221;224;182;210;170;50;96;203;190;153;27;37;104;212;59;191,196;86;35;253;82;48;155;257;247;177;98;107;238;240;32;53;183;76;199;234,reject,0.011597231864,1a10a80f5150819d6c2c15bf1170ff1dd2776195d093ee885eb2bbf55596a15b,1,1,1,0,0,1,1,1,1,1,1,3,3,1,1,9,2,1,cycle-0007;cycle-0009;cycle-0014;cycle-0027;cycle-0029;cycle-0031;cycle-0037;cycle-0050;cycle-0054;cycle-0055;cycle-0059;cycle-0094;cycle-0096;cycle-0104;cycle-0108;cycle-0116;cycle-0153;cycle-0163;cycle-0170;cycle-0171;cycle-0175;cycle-0176;cycle-0178;cycle-0182;cycle-0186;cycle-0190;cycle-0191;cycle-0201;cycle-0203;cycle-0210;cycle-0212;cycle-0220;cycle-0221;cycle-0224;cycle-0225;cycle-0233;cycle-0246;cycle-0249,1,2266.680955,4628.121872
2,random,FedVal,model_replacement,0,0,0,6,6,0,0.06525612470031579,0.0569737162904,0.06225234988842105,0,0,0.0585096076062,932,146,0,0,0,1,0,0,0,0,0,0.514458499054574,0.4984025559105431,0.514458499054574,0.01605594314403086,0.0569737162904,245;158;61;198;117;106;62;57;256;95;161;72;80;45;156;47;63;49;79;85;46;18;166;97;12;230;73;162;11;200,65;208;172;83;66;211;242;13;89;36;264;111;194;120;228;75;159;195;56;44;1;263;226;22;81;90;217;237;231;109,52;169;6;185;41;33;26;69;180;17;112;250;101;119;38;192;70;91;127;164;219;3;43;260;229;125;115;5;87;60;236;239;222;40;157;168;118;261;31;29;186;171;249;178;246;176;201;163;55;175;220;94;225;9;54;233;116;14;7;108;221;224;182;210;170;50;96;203;190;153;27;37;104;212;59;191,196;86;35;253;82;48;155;257;247;177;98;107;238;240;32;53;183;76;199;234,reject,0.06525612470031579,67a7022c544f8b48fa45f6abee4912947879bc23539ad823ca2134d087879993,1,1,1,0,0,1,1,1,1,1,1,3,3,1,1,9,2,0,cycle-0003;cycle-0005;cycle-0006;cycle-0017;cycle-0026;cycle-0033;cycle-0038;cycle-0040;cycle-0041;cycle-0043;cycle-0052;cycle-0060;cycle-0069;cycle-0070;cycle-0087;cycle-0091;cycle-0101;cycle-0112;cycle-0115;cycle-0118;cycle-0119;cycle-0125;cycle-0127;cycle-0157;cycle-0164;cycle-0168;cycle-0169;cycle-0180;cycle-0185;cycle-0192;cycle-0219;cycle-0222;cycle-0229;cycle-0236;cycle-0239;cycle-0250;cycle-0260;cycle-0261,1,2151.643962,4583.012141
2,random,FLShield,model_replacement,0,0,0,6,6,1,-0.0036014512013157894,-0.00355374285085,-0.003609927918105263,0,0,-0.0032597244027666667,932,146,1,0,0,0,0,0,0,1,0,0.514458499054574,0.5042544174219209,0.5042544174219209,0.0,0.0,245;158;61;198;117;106;62;57;256;95;161;72;80;45;156;47;63;49;79;85;46;18;166;97;12;230;73;162;11;200,65;208;172;83;66;211;242;13;89;36;264;111;194;120;228;75;159;195;56;44;1;263;226;22;81;90;217;237;231;109,52;169;6;185;41;33;26;69;180;17;112;250;101;119;38;192;70;91;127;164;219;3;43;260;229;125;115;5;87;60;236;239;222;40;157;168;118;261;31;29;186;171;249;178;246;176;201;163;55;175;220;94;225;9;54;233;116;14;7;108;221;224;182;210;170;50;96;203;190;153;27;37;104;212;59;191,196;86;35;253;82;48;155;257;247;177;98;107;238;240;32;53;183;76;199;234,commit,-0.0036014512013157894,47293bf3987aa9fef09ff4fd5fe7b1746f3e05008a50a9d3671bcd44fb86b7c6,1,1,1,1,1,1,1,1,1,1,1,3,3,1,1,9,2,1,cycle-0007;cycle-0009;cycle-0014;cycle-0027;cycle-0029;cycle-0031;cycle-0037;cycle-0050;cycle-0054;cycle-0055;cycle-0059;cycle-0094;cycle-0096;cycle-0104;cycle-0108;cycle-0116;cycle-0153;cycle-0163;cycle-0170;cycle-0171;cycle-0175;cycle-0176;cycle-0178;cycle-0182;cycle-0186;cycle-0190;cycle-0191;cycle-0201;cycle-0203;cycle-0210;cycle-0212;cycle-0220;cycle-0221;cycle-0224;cycle-0225;cycle-0233;cycle-0246;cycle-0249,1,2325.317797,4657.177147
2,random,FoundationFL,model_replacement,0,0,0,6,6,0,0.40567157305207896,0.40427130056995,0.43310924022703945,1,0,0.42830544386663333,932,146,0,0,0,1,1,0,0,0,0,0.514458499054574,0.3689606833148595,0.514458499054574,0.1454978157397145,0.40427130056995,245;158;61;198;117;106;62;57;256;95;161;72;80;45;156;47;63;49;79;85;46;18;166;97;12;230;73;162;11;200,65;208;172;83;66;211;242;13;89;36;264;111;194;120;228;75;159;195;56;44;1;263;226;22;81;90;217;237;231;109,52;169;6;185;41;33;26;69;180;17;112;250;101;119;38;192;70;91;127;164;219;3;43;260;229;125;115;5;87;60;236;239;222;40;157;168;118;261;31;29;186;171;249;178;246;176;201;163;55;175;220;94;225;9;54;233;116;14;7;108;221;224;182;210;170;50;96;203;190;153;27;37;104;212;59;191,196;86;35;253;82;48;155;257;247;177;98;107;238;240;32;53;183;76;199;234,reject,0.40567157305207896,c2f2aad656df6e4b81504bc8888753077670fa18cbd75e323ddd7002f7b002f2,1,1,1,0,0,1,1,1,1,1,1,3,3,1,1,9,2,1,cycle-0007;cycle-0009;cycle-0014;cycle-0027;cycle-0029;cycle-0031;cycle-0037;cycle-0050;cycle-0054;cycle-0055;cycle-0059;cycle-0094;cycle-0096;cycle-0104;cycle-0108;cycle-0116;cycle-0153;cycle-0163;cycle-0170;cycle-0171;cycle-0175;cycle-0176;cycle-0178;cycle-0182;cycle-0186;cycle-0190;cycle-0191;cycle-0201;cycle-0203;cycle-0210;cycle-0212;cycle-0220;cycle-0221;cycle-0224;cycle-0225;cycle-0233;cycle-0246;cycle-0249,1,2311.242183,4654.959156
2,random,FedAvg,score_aware,64,49,0,6,6,1,-1.1897173631578948e-05,1.572840525e-05,-1.1526938513157895e-05,0,0,-6.855979666666666e-06,932,146,1,0,0,0,0,0,0,0,0,0.514458499054574,0.514458499054574,0.514458499054574,0.0,0.0,245;158;61;198;117;106;62;57;256;95;161;72;80;45;156;47;63;49;79;85;46;18;166;97;12;230;73;162;11;200,65;208;172;83;66;211;242;13;89;36;264;111;194;120;228;75;159;195;56;44;1;263;226;22;81;90;217;237;231;109,52;169;6;185;41;33;26;69;180;17;112;250;101;119;38;192;70;91;127;164;219;3;43;260;229;125;115;5;87;60;236;239;222;40;157;168;118;261;31;29;186;171;249;178;246;176;201;163;55;175;220;94;225;9;54;233;116;14;7;108;221;224;182;210;170;50;96;203;190;153;27;37;104;212;59;191,196;86;35;253;82;48;155;257;247;177;98;107;238;240;32;53;183;76;199;234,commit,-1.1897173631578948e-05,a9853b4aee51a97243252d56617ddc9051f62f7a3f895cee8edb6487d4fad3d3,1,1,1,1,1,1,1,1,1,1,1,3,3,1,1,9,2,0,cycle-0003;cycle-0005;cycle-0006;cycle-0017;cycle-0026;cycle-0033;cycle-0038;cycle-0040;cycle-0041;cycle-0043;cycle-0052;cycle-0060;cycle-0069;cycle-0070;cycle-0087;cycle-0091;cycle-0101;cycle-0112;cycle-0115;cycle-0118;cycle-0119;cycle-0125;cycle-0127;cycle-0157;cycle-0164;cycle-0168;cycle-0169;cycle-0180;cycle-0185;cycle-0192;cycle-0219;cycle-0222;cycle-0229;cycle-0236;cycle-0239;cycle-0250;cycle-0260;cycle-0261,1,2123.371457,4459.229624
2,random,FLTrust,score_aware,64,55,0,6,6,0,0.0066342776068157895,0.00382420333005,0.007464760711381579,0,0,0.004943983347566666,932,146,0,0,0,0,0,0,0,0,0,0.514458499054574,0.507270000652018,0.514458499054574,0.007188498402555976,0.00382420333005,245;158;61;198;117;106;62;57;256;95;161;72;80;45;156;47;63;49;79;85;46;18;166;97;12;230;73;162;11;200,65;208;172;83;66;211;242;13;89;36;264;111;194;120;228;75;159;195;56;44;1;263;226;22;81;90;217;237;231;109,52;169;6;185;41;33;26;69;180;17;112;250;101;119;38;192;70;91;127;164;219;3;43;260;229;125;115;5;87;60;236;239;222;40;157;168;118;261;31;29;186;171;249;178;246;176;201;163;55;175;220;94;225;9;54;233;116;14;7;108;221;224;182;210;170;50;96;203;190;153;27;37;104;212;59;191,196;86;35;253;82;48;155;257;247;177;98;107;238;240;32;53;183;76;199;234,reject,0.0066342776068157895,cbfdd6182a6aa2a1a912c8698979772126c61f1a52c2498c20719f64c3df9fc4,1,1,1,0,0,1,1,1,1,1,1,3,3,1,1,9,2,1,cycle-0007;cycle-0009;cycle-0014;cycle-0027;cycle-0029;cycle-0031;cycle-0037;cycle-0050;cycle-0054;cycle-0055;cycle-0059;cycle-0094;cycle-0096;cycle-0104;cycle-0108;cycle-0116;cycle-0153;cycle-0163;cycle-0170;cycle-0171;cycle-0175;cycle-0176;cycle-0178;cycle-0182;cycle-0186;cycle-0190;cycle-0191;cycle-0201;cycle-0203;cycle-0210;cycle-0212;cycle-0220;cycle-0221;cycle-0224;cycle-0225;cycle-0233;cycle-0246;cycle-0249,1,2242.617298,4743.739152
2,random,FoundationFL,score_aware,64,22,1,6,6,0,0.005399413181526316,0.0017502665935,0.004273916757960526,0,0,0.0018503984656,932,146,0,0,0,0,0,0,0,0,0,0.514458499054574,0.48145008802242945,0.514458499054574,0.033008411032144525,0.0017502665935,245;158;61;198;117;106;62;57;256;95;161;72;80;45;156;47;63;49;79;85;46;18;166;97;12;230;73;162;11;200,65;208;172;83;66;211;242;13;89;36;264;111;194;120;228;75;159;195;56;44;1;263;226;22;81;90;217;237;231;109,52;169;6;185;41;33;26;69;180;17;112;250;101;119;38;192;70;91;127;164;219;3;43;260;229;125;115;5;87;60;236;239;222;40;157;168;118;261;31;29;186;171;249;178;246;176;201;163;55;175;220;94;225;9;54;233;116;14;7;108;221;224;182;210;170;50;96;203;190;153;27;37;104;212;59;191,196;86;35;253;82;48;155;257;247;177;98;107;238;240;32;53;183;76;199;234,reject,0.005399413181526316,5dd800c4f5ac8773a991719d237633a91bbcc11c8d2cff2f83d2a03e58a1835d,1,1,1,0,0,1,1,1,1,1,1,3,3,1,1,9,2,0,cycle-0003;cycle-0005;cycle-0006;cycle-0017;cycle-0026;cycle-0033;cycle-0038;cycle-0040;cycle-0041;cycle-0043;cycle-0052;cycle-0060;cycle-0069;cycle-0070;cycle-0087;cycle-0091;cycle-0101;cycle-0112;cycle-0115;cycle-0118;cycle-0119;cycle-0125;cycle-0127;cycle-0157;cycle-0164;cycle-0168;cycle-0169;cycle-0180;cycle-0185;cycle-0192;cycle-0219;cycle-0222;cycle-0229;cycle-0236;cycle-0239;cycle-0250;cycle-0260;cycle-0261,1,2172.509492,4482.243887
3,random,FedAvg,none,0,0,0,6,0,1,-0.0021040051692631577,0.00014478076695,-0.0017267564654605263,0,0,-0.0016332035320333334,983,136,1,0,0,0,0,0,0,0,0,0.6944444444444444,0.7181372549019608,0.7181372549019608,0.0,0.0,66;112;178;68;114;95;59;75;111;24;223;169;30;89;255;238;186;160;86;50;226;216;3;31;34;237;258;79;110;33,206;190;219;239;96;222;211;180;182;103;242;42;172;69;11;84;123;12;70;218;152;151;7;214;150;17;48;252;165;72,14;98;176;118;63;87;107;153;173;230;51;250;185;20;81;90;212;224;193;162;77;94;25;264;60;99;208;183;62;65;221;54;167;171;164;234;67;100;44;91;202;35;199;254;39;82;247;73;126;93;205;156;13;159;197;16;119;22;184;43;57;188;215;46;27;83;52;236;76;116;256;40;6;174;196;217,227;257;213;120;220;106;71;122;18;246;166;179;38;263;32;210;155;170;161;158,commit,-0.0021040051692631577,81246fe6d11e9c29a33ef31ac439bc1be2b6ab6098a423f1ee8dd1a0cd7797ce,1,2,2,1,1,1,1,1,1,1,1,3,3,1,1,9,2,1,cycle-0006;cycle-0013;cycle-0016;cycle-0022;cycle-0027;cycle-0035;cycle-0039;cycle-0040;cycle-0043;cycle-0044;cycle-0046;cycle-0052;cycle-0057;cycle-0073;cycle-0076;cycle-0082;cycle-0083;cycle-0091;cycle-0093;cycle-0116;cycle-0119;cycle-0126;cycle-0156;cycle-0159;cycle-0174;cycle-0184;cycle-0188;cycle-0196;cycle-0197;cycle-0199;cycle-0202;cycle-0205;cycle-0215;cycle-0217;cycle-0236;cycle-0247;cycle-0254;cycle-0256,1,2068.460397,5068.406161
3,random,CoordinateMedian,none,0,0,0,6,0,1,-0.004009892237157895,-0.0015219191423,-0.004738212685894737,0,0,-0.004867618086733333,983,136,1,0,0,0,0,0,0,1,0,0.6944444444444444,0.6936274509803921,0.6936274509803921,0.0,0.0,66;112;178;68;114;95;59;75;111;24;223;169;30;89;255;238;186;160;86;50;226;216;3;31;34;237;258;79;110;33,206;190;219;239;96;222;211;180;182;103;242;42;172;69;11;84;123;12;70;218;152;151;7;214;150;17;48;252;165;72,14;98;176;118;63;87;107;153;173;230;51;250;185;20;81;90;212;224;193;162;77;94;25;264;60;99;208;183;62;65;221;54;167;171;164;234;67;100;44;91;202;35;199;254;39;82;247;73;126;93;205;156;13;159;197;16;119;22;184;43;57;188;215;46;27;83;52;236;76;116;256;40;6;174;196;217,227;257;213;120;220;106;71;122;18;246;166;179;38;263;32;210;155;170;161;158,commit,-0.004009892237157895,96ae33de64a4afd79a55d2497883a45a6bea37f771bd375dae2e682dea4e5ba9,1,1,1,1,1,1,1,1,1,1,1,3,3,1,1,9,2,0,cycle-0014;cycle-0020;cycle-0025;cycle-0051;cycle-0054;cycle-0060;cycle-0062;cycle-0063;cycle-0065;cycle-0067;cycle-0077;cycle-0081;cycle-0087;cycle-0090;cycle-0094;cycle-0098;cycle-0099;cycle-0100;cycle-0107;cycle-0118;cycle-0153;cycle-0162;cycle-0164;cycle-0167;cycle-0171;cycle-0173;cycle-0176;cycle-0183;cycle-0185;cycle-0193;cycle-0208;cycle-0212;cycle-0221;cycle-0224;cycle-0230;cycle-0234;cycle-0250;cycle-0264,1,2253.459426,4648.903286
3,random,Krum,none,0,0,0,6,0,1,-0.0055991996875,-0.00348790119585,-0.006396008170723684,0,0,-0.0065118402231,983,136,1,0,0,0,0,0,0,1,0,0.6944444444444444,0.6952614379084967,0.6952614379084967,0.0,0.0,66;112;178;68;114;95;59;75;111;24;223;169;30;89;255;238;186;160;86;50;226;216;3;31;34;237;258;79;110;33,206;190;219;239;96;222;211;180;182;103;242;42;172;69;11;84;123;12;70;218;152;151;7;214;150;17;48;252;165;72,14;98;176;118;63;87;107;153;173;230;51;250;185;20;81;90;212;224;193;162;77;94;25;264;60;99;208;183;62;65;221;54;167;171;164;234;67;100;44;91;202;35;199;254;39;82;247;73;126;93;205;156;13;159;197;16;119;22;184;43;57;188;215;46;27;83;52;236;76;116;256;40;6;174;196;217,227;257;213;120;220;106;71;122;18;246;166;179;38;263;32;210;155;170;161;158,commit,-0.0055991996875,f35a8afd2db9f2fe56f9e1a0ca6698ebf7d6c03f0d2cbc4f3a5a44ee5cf4175b,1,1,1,1,1,1,1,1,1,1,1,3,3,1,1,9,2,0,cycle-0014;cycle-0020;cycle-0025;cycle-0051;cycle-0054;cycle-0060;cycle-0062;cycle-0063;cycle-0065;cycle-0067;cycle-0077;cycle-0081;cycle-0087;cycle-0090;cycle-0094;cycle-0098;cycle-0099;cycle-0100;cycle-0107;cycle-0118;cycle-0153;cycle-0162;cycle-0164;cycle-0167;cycle-0171;cycle-0173;cycle-0176;cycle-0183;cycle-0185;cycle-0193;cycle-0208;cycle-0212;cycle-0221;cycle-0224;cycle-0230;cycle-0234;cycle-0250;cycle-0264,1,2248.297921,4654.930989
3,random,FLTrust,none,0,0,0,6,0,0,0.013178778189315789,0.0243890874457,0.01214872318286842,0,0,0.014315952175766667,983,136,0,0,0,0,0,0,0,0,0,0.6944444444444444,0.8357843137254901,0.6944444444444444,-0.1413398692810457,0.0243890874457,66;112;178;68;114;95;59;75;111;24;223;169;30;89;255;238;186;160;86;50;226;216;3;31;34;237;258;79;110;33,206;190;219;239;96;222;211;180;182;103;242;42;172;69;11;84;123;12;70;218;152;151;7;214;150;17;48;252;165;72,14;98;176;118;63;87;107;153;173;230;51;250;185;20;81;90;212;224;193;162;77;94;25;264;60;99;208;183;62;65;221;54;167;171;164;234;67;100;44;91;202;35;199;254;39;82;247;73;126;93;205;156;13;159;197;16;119;22;184;43;57;188;215;46;27;83;52;236;76;116;256;40;6;174;196;217,227;257;213;120;220;106;71;122;18;246;166;179;38;263;32;210;155;170;161;158,reject,0.013178778189315789,500239d220582d0c8f073e0fad505427236baabfdabe0ba41e8d905c2dc26a30,1,1,1,0,0,1,1,1,1,1,1,3,3,1,1,9,2,0,cycle-0014;cycle-0020;cycle-0025;cycle-0051;cycle-0054;cycle-0060;cycle-0062;cycle-0063;cycle-0065;cycle-0067;cycle-0077;cycle-0081;cycle-0087;cycle-0090;cycle-0094;cycle-0098;cycle-0099;cycle-0100;cycle-0107;cycle-0118;cycle-0153;cycle-0162;cycle-0164;cycle-0167;cycle-0171;cycle-0173;cycle-0176;cycle-0183;cycle-0185;cycle-0193;cycle-0208;cycle-0212;cycle-0221;cycle-0224;cycle-0230;cycle-0234;cycle-0250;cycle-0264,1,2315.559491,4647.234188
3,random,FedVal,none,0,0,0,6,0,1,-0.004571409992605263,-0.00633909710375,-0.004563832766644737,0,0,-0.005124429026666667,983,136,1,0,0,0,0,0,0,1,0,0.6944444444444444,0.5531045751633987,0.5531045751633987,0.0,0.0,66;112;178;68;114;95;59;75;111;24;223;169;30;89;255;238;186;160;86;50;226;216;3;31;34;237;258;79;110;33,206;190;219;239;96;222;211;180;182;103;242;42;172;69;11;84;123;12;70;218;152;151;7;214;150;17;48;252;165;72,14;98;176;118;63;87;107;153;173;230;51;250;185;20;81;90;212;224;193;162;77;94;25;264;60;99;208;183;62;65;221;54;167;171;164;234;67;100;44;91;202;35;199;254;39;82;247;73;126;93;205;156;13;159;197;16;119;22;184;43;57;188;215;46;27;83;52;236;76;116;256;40;6;174;196;217,227;257;213;120;220;106;71;122;18;246;166;179;38;263;32;210;155;170;161;158,commit,-0.004571409992605263,dad957f21c43555012ed56a37503a8de41778eb60238fed763531d77feeda33a,1,1,1,1,1,1,1,1,1,1,1,3,3,1,1,9,2,0,cycle-0014;cycle-0020;cycle-0025;cycle-0051;cycle-0054;cycle-0060;cycle-0062;cycle-0063;cycle-0065;cycle-0067;cycle-0077;cycle-0081;cycle-0087;cycle-0090;cycle-0094;cycle-0098;cycle-0099;cycle-0100;cycle-0107;cycle-0118;cycle-0153;cycle-0162;cycle-0164;cycle-0167;cycle-0171;cycle-0173;cycle-0176;cycle-0183;cycle-0185;cycle-0193;cycle-0208;cycle-0212;cycle-0221;cycle-0224;cycle-0230;cycle-0234;cycle-0250;cycle-0264,1,2289.253201,4602.638552
3,random,FLShield,none,0,0,0,6,0,0,0.0030776170332105263,0.00924129182785,0.002268361929407895,0,0,0.0033744175229666667,983,136,0,0,0,0,0,0,0,0,0,0.6944444444444444,0.8464052287581699,0.6944444444444444,-0.1519607843137255,0.00924129182785,66;112;178;68;114;95;59;75;111;24;223;169;30;89;255;238;186;160;86;50;226;216;3;31;34;237;258;79;110;33,206;190;219;239;96;222;211;180;182;103;242;42;172;69;11;84;123;12;70;218;152;151;7;214;150;17;48;252;165;72,14;98;176;118;63;87;107;153;173;230;51;250;185;20;81;90;212;224;193;162;77;94;25;264;60;99;208;183;62;65;221;54;167;171;164;234;67;100;44;91;202;35;199;254;39;82;247;73;126;93;205;156;13;159;197;16;119;22;184;43;57;188;215;46;27;83;52;236;76;116;256;40;6;174;196;217,227;257;213;120;220;106;71;122;18;246;166;179;38;263;32;210;155;170;161;158,reject,0.0030776170332105263,6f0ab6bc49240f85fe8d73732d1803e1fbc96b4430d37ba97260f2af3e7adb31,1,1,1,0,0,1,1,1,1,1,1,3,3,1,1,9,2,0,cycle-0014;cycle-0020;cycle-0025;cycle-0051;cycle-0054;cycle-0060;cycle-0062;cycle-0063;cycle-0065;cycle-0067;cycle-0077;cycle-0081;cycle-0087;cycle-0090;cycle-0094;cycle-0098;cycle-0099;cycle-0100;cycle-0107;cycle-0118;cycle-0153;cycle-0162;cycle-0164;cycle-0167;cycle-0171;cycle-0173;cycle-0176;cycle-0183;cycle-0185;cycle-0193;cycle-0208;cycle-0212;cycle-0221;cycle-0224;cycle-0230;cycle-0234;cycle-0250;cycle-0264,1,2257.98242,4614.03
3,random,FoundationFL,none,0,0,0,6,0,1,-0.0004929941457105263,-0.00197007964755,-0.00014491930921052632,0,0,-0.0008063443362333333,983,136,1,0,0,0,0,0,0,1,0,0.6944444444444444,0.4616013071895425,0.4616013071895425,0.0,0.0,66;112;178;68;114;95;59;75;111;24;223;169;30;89;255;238;186;160;86;50;226;216;3;31;34;237;258;79;110;33,206;190;219;239;96;222;211;180;182;103;242;42;172;69;11;84;123;12;70;218;152;151;7;214;150;17;48;252;165;72,14;98;176;118;63;87;107;153;173;230;51;250;185;20;81;90;212;224;193;162;77;94;25;264;60;99;208;183;62;65;221;54;167;171;164;234;67;100;44;91;202;35;199;254;39;82;247;73;126;93;205;156;13;159;197;16;119;22;184;43;57;188;215;46;27;83;52;236;76;116;256;40;6;174;196;217,227;257;213;120;220;106;71;122;18;246;166;179;38;263;32;210;155;170;161;158,commit,-0.0004929941457105263,47cc125038e91a6e575edae35c5ec98dcd4bd41ee76fddcb5ac3b98c0bc538cd,1,1,1,1,1,1,1,1,1,1,1,3,3,1,1,9,2,0,cycle-0014;cycle-0020;cycle-0025;cycle-0051;cycle-0054;cycle-0060;cycle-0062;cycle-0063;cycle-0065;cycle-0067;cycle-0077;cycle-0081;cycle-0087;cycle-0090;cycle-0094;cycle-0098;cycle-0099;cycle-0100;cycle-0107;cycle-0118;cycle-0153;cycle-0162;cycle-0164;cycle-0167;cycle-0171;cycle-0173;cycle-0176;cycle-0183;cycle-0185;cycle-0193;cycle-0208;cycle-0212;cycle-0221;cycle-0224;cycle-0230;cycle-0234;cycle-0250;cycle-0264,1,2286.075379,4753.132429
3,random,FedAvg,sign_flip,0,0,0,6,6,1,-0.003789160886868421,-0.0070275110899,-0.003980428241013158,0,0,-0.004728570577466667,983,136,1,0,0,0,0,0,0,1,0,0.6944444444444444,0.5547385620915033,0.5547385620915033,0.0,0.0,66;112;178;68;114;95;59;75;111;24;223;169;30;89;255;238;186;160;86;50;226;216;3;31;34;237;258;79;110;33,206;190;219;239;96;222;211;180;182;103;242;42;172;69;11;84;123;12;70;218;152;151;7;214;150;17;48;252;165;72,14;98;176;118;63;87;107;153;173;230;51;250;185;20;81;90;212;224;193;162;77;94;25;264;60;99;208;183;62;65;221;54;167;171;164;234;67;100;44;91;202;35;199;254;39;82;247;73;126;93;205;156;13;159;197;16;119;22;184;43;57;188;215;46;27;83;52;236;76;116;256;40;6;174;196;217,227;257;213;120;220;106;71;122;18;246;166;179;38;263;32;210;155;170;161;158,commit,-0.003789160886868421,07bb069e452bac7b2040c317ab5ef45ae1f3466137fcdd0c0e36ddfff16b0152,1,1,1,1,1,1,1,1,1,1,1,3,3,1,1,9,2,1,cycle-0006;cycle-0013;cycle-0016;cycle-0022;cycle-0027;cycle-0035;cycle-0039;cycle-0040;cycle-0043;cycle-0044;cycle-0046;cycle-0052;cycle-0057;cycle-0073;cycle-0076;cycle-0082;cycle-0083;cycle-0091;cycle-0093;cycle-0116;cycle-0119;cycle-0126;cycle-0156;cycle-0159;cycle-0174;cycle-0184;cycle-0188;cycle-0196;cycle-0197;cycle-0199;cycle-0202;cycle-0205;cycle-0215;cycle-0217;cycle-0236;cycle-0247;cycle-0254;cycle-0256,1,2030.056705,4248.119606
3,random,CoordinateMedian,sign_flip,0,0,0,6,6,1,-0.0059579570737894735,-0.0033154360486,-0.005302428712394737,0,0,-0.005522192124833333,983,136,1,0,0,0,0,0,0,1,0,0.6944444444444444,0.6658496732026143,0.6658496732026143,0.0,0.0,66;112;178;68;114;95;59;75;111;24;223;169;30;89;255;238;186;160;86;50;226;216;3;31;34;237;258;79;110;33,206;190;219;239;96;222;211;180;182;103;242;42;172;69;11;84;123;12;70;218;152;151;7;214;150;17;48;252;165;72,14;98;176;118;63;87;107;153;173;230;51;250;185;20;81;90;212;224;193;162;77;94;25;264;60;99;208;183;62;65;221;54;167;171;164;234;67;100;44;91;202;35;199;254;39;82;247;73;126;93;205;156;13;159;197;16;119;22;184;43;57;188;215;46;27;83;52;236;76;116;256;40;6;174;196;217,227;257;213;120;220;106;71;122;18;246;166;179;38;263;32;210;155;170;161;158,commit,-0.0059579570737894735,bf0d3ada1d3baf9a262b6df4ea25641fd9b2d543f3ae4d86399894f6f0a47d2f,1,1,1,1,1,1,1,1,1,1,1,3,3,1,1,9,2,1,cycle-0006;cycle-0013;cycle-0016;cycle-0022;cycle-0027;cycle-0035;cycle-0039;cycle-0040;cycle-0043;cycle-0044;cycle-0046;cycle-0052;cycle-0057;cycle-0073;cycle-0076;cycle-0082;cycle-0083;cycle-0091;cycle-0093;cycle-0116;cycle-0119;cycle-0126;cycle-0156;cycle-0159;cycle-0174;cycle-0184;cycle-0188;cycle-0196;cycle-0197;cycle-0199;cycle-0202;cycle-0205;cycle-0215;cycle-0217;cycle-0236;cycle-0247;cycle-0254;cycle-0256,1,2059.865806,4268.255719
3,random,Krum,sign_flip,0,0,0,6,6,1,-0.0030814828420789473,0.00458204593275,-0.002027670291013158,0,0,-0.0010733562908,983,136,1,0,0,0,0,0,0,0,0,0.6944444444444444,0.7957516339869282,0.7957516339869282,0.0,0.0,66;112;178;68;114;95;59;75;111;24;223;169;30;89;255;238;186;160;86;50;226;216;3;31;34;237;258;79;110;33,206;190;219;239;96;222;211;180;182;103;242;42;172;69;11;84;123;12;70;218;152;151;7;214;150;17;48;252;165;72,14;98;176;118;63;87;107;153;173;230;51;250;185;20;81;90;212;224;193;162;77;94;25;264;60;99;208;183;62;65;221;54;167;171;164;234;67;100;44;91;202;35;199;254;39;82;247;73;126;93;205;156;13;159;197;16;119;22;184;43;57;188;215;46;27;83;52;236;76;116;256;40;6;174;196;217,227;257;213;120;220;106;71;122;18;246;166;179;38;263;32;210;155;170;161;158,commit,-0.0030814828420789473,a7d54ceb12f75874d7a67c53d9808136e9b96d8bbc44efc95cac94bf39a1dd20,1,1,1,1,1,1,1,1,1,1,1,3,3,1,1,9,2,1,cycle-0006;cycle-0013;cycle-0016;cycle-0022;cycle-0027;cycle-0035;cycle-0039;cycle-0040;cycle-0043;cycle-0044;cycle-0046;cycle-0052;cycle-0057;cycle-0073;cycle-0076;cycle-0082;cycle-0083;cycle-0091;cycle-0093;cycle-0116;cycle-0119;cycle-0126;cycle-0156;cycle-0159;cycle-0174;cycle-0184;cycle-0188;cycle-0196;cycle-0197;cycle-0199;cycle-0202;cycle-0205;cycle-0215;cycle-0217;cycle-0236;cycle-0247;cycle-0254;cycle-0256,1,2020.329878,4256.951386
3,random,FLTrust,sign_flip,0,0,0,6,6,0,0.011065823769421052,0.02360263703825,0.01203834092781579,0,0,0.0141643308945,983,136,0,0,0,0,0,0,0,0,0,0.6944444444444444,0.8709150326797386,0.6944444444444444,-0.17647058823529416,0.02360263703825,66;112;178;68;114;95;59;75;111;24;223;169;30;89;255;238;186;160;86;50;226;216;3;31;34;237;258;79;110;33,206;190;219;239;96;222;211;180;182;103;242;42;172;69;11;84;123;12;70;218;152;151;7;214;150;17;48;252;165;72,14;98;176;118;63;87;107;153;173;230;51;250;185;20;81;90;212;224;193;162;77;94;25;264;60;99;208;183;62;65;221;54;167;171;164;234;67;100;44;91;202;35;199;254;39;82;247;73;126;93;205;156;13;159;197;16;119;22;184;43;57;188;215;46;27;83;52;236;76;116;256;40;6;174;196;217,227;257;213;120;220;106;71;122;18;246;166;179;38;263;32;210;155;170;161;158,reject,0.011065823769421052,0b99b669e13e173d5e09caa5074ec28cb3e9b0694e033ccbb50c71562f51de37,1,1,1,0,0,1,1,1,1,1,1,3,3,1,1,9,2,1,cycle-0006;cycle-0013;cycle-0016;cycle-0022;cycle-0027;cycle-0035;cycle-0039;cycle-0040;cycle-0043;cycle-0044;cycle-0046;cycle-0052;cycle-0057;cycle-0073;cycle-0076;cycle-0082;cycle-0083;cycle-0091;cycle-0093;cycle-0116;cycle-0119;cycle-0126;cycle-0156;cycle-0159;cycle-0174;cycle-0184;cycle-0188;cycle-0196;cycle-0197;cycle-0199;cycle-0202;cycle-0205;cycle-0215;cycle-0217;cycle-0236;cycle-0247;cycle-0254;cycle-0256,1,1977.948686,4256.568353
3,random,FedVal,sign_flip,0,0,0,6,6,1,-0.0062858903263947365,-0.0134619880827,-0.005121490861092105,0,0,-0.006192273732,983,136,1,0,0,0,0,0,0,1,0,0.6944444444444444,0.4665032679738562,0.4665032679738562,0.0,0.0,66;112;178;68;114;95;59;75;111;24;223;169;30;89;255;238;186;160;86;50;226;216;3;31;34;237;258;79;110;33,206;190;219;239;96;222;211;180;182;103;242;42;172;69;11;84;123;12;70;218;152;151;7;214;150;17;48;252;165;72,14;98;176;118;63;87;107;153;173;230;51;250;185;20;81;90;212;224;193;162;77;94;25;264;60;99;208;183;62;65;221;54;167;171;164;234;67;100;44;91;202;35;199;254;39;82;247;73;126;93;205;156;13;159;197;16;119;22;184;43;57;188;215;46;27;83;52;236;76;116;256;40;6;174;196;217,227;257;213;120;220;106;71;122;18;246;166;179;38;263;32;210;155;170;161;158,commit,-0.0062858903263947365,7ce411e235d93548b94d09c0b83c9262a352ac914d36e53183763f1c1ea735f2,1,1,1,1,1,1,1,1,1,1,1,3,3,1,1,9,2,0,cycle-0014;cycle-0020;cycle-0025;cycle-0051;cycle-0054;cycle-0060;cycle-0062;cycle-0063;cycle-0065;cycle-0067;cycle-0077;cycle-0081;cycle-0087;cycle-0090;cycle-0094;cycle-0098;cycle-0099;cycle-0100;cycle-0107;cycle-0118;cycle-0153;cycle-0162;cycle-0164;cycle-0167;cycle-0171;cycle-0173;cycle-0176;cycle-0183;cycle-0185;cycle-0193;cycle-0208;cycle-0212;cycle-0221;cycle-0224;cycle-0230;cycle-0234;cycle-0250;cycle-0264,1,2239.557003,4629.67099
3,random,FLShield,sign_flip,0,0,0,6,6,1,-0.0018396086064473684,-0.0010883403378,-0.0021486693010131577,0,0,-0.002309089258766667,983,136,1,0,0,0,0,0,0,1,0,0.6944444444444444,0.6944444444444444,0.6944444444444444,0.0,0.0,66;112;178;68;114;95;59;75;111;24;223;169;30;89;255;238;186;160;86;50;226;216;3;31;34;237;258;79;110;33,206;190;219;239;96;222;211;180;182;103;242;42;172;69;11;84;123;12;70;218;152;151;7;214;150;17;48;252;165;72,14;98;176;118;63;87;107;153;173;230;51;250;185;20;81;90;212;224;193;162;77;94;25;264;60;99;208;183;62;65;221;54;167;171;164;234;67;100;44;91;202;35;199;254;39;82;247;73;126;93;205;156;13;159;197;16;119;22;184;43;57;188;215;46;27;83;52;236;76;116;256;40;6;174;196;217,227;257;213;120;220;106;71;122;18;246;166;179;38;263;32;210;155;170;161;158,commit,-0.0018396086064473684,da591bb9d2ded5cf480c306707857302adcefa45358f83fee66899057d218fc4,1,1,1,1,1,1,1,1,1,1,1,3,3,1,1,9,2,0,cycle-0014;cycle-0020;cycle-0025;cycle-0051;cycle-0054;cycle-0060;cycle-0062;cycle-0063;cycle-0065;cycle-0067;cycle-0077;cycle-0081;cycle-0087;cycle-0090;cycle-0094;cycle-0098;cycle-0099;cycle-0100;cycle-0107;cycle-0118;cycle-0153;cycle-0162;cycle-0164;cycle-0167;cycle-0171;cycle-0173;cycle-0176;cycle-0183;cycle-0185;cycle-0193;cycle-0208;cycle-0212;cycle-0221;cycle-0224;cycle-0230;cycle-0234;cycle-0250;cycle-0264,1,2325.464177,4717.076275
3,random,FoundationFL,sign_flip,0,0,0,6,6,1,-0.013228020487947368,-0.00880097545665,-0.012021562369276316,0,0,-0.012334243466,983,136,1,0,0,0,0,0,0,1,0,0.6944444444444444,0.8488562091503268,0.8488562091503268,0.0,0.0,66;112;178;68;114;95;59;75;111;24;223;169;30;89;255;238;186;160;86;50;226;216;3;31;34;237;258;79;110;33,206;190;219;239;96;222;211;180;182;103;242;42;172;69;11;84;123;12;70;218;152;151;7;214;150;17;48;252;165;72,14;98;176;118;63;87;107;153;173;230;51;250;185;20;81;90;212;224;193;162;77;94;25;264;60;99;208;183;62;65;221;54;167;171;164;234;67;100;44;91;202;35;199;254;39;82;247;73;126;93;205;156;13;159;197;16;119;22;184;43;57;188;215;46;27;83;52;236;76;116;256;40;6;174;196;217,227;257;213;120;220;106;71;122;18;246;166;179;38;263;32;210;155;170;161;158,commit,-0.013228020487947368,5ef0740f5cd58f2df467f8b8732eb3e16aeb660b30b37d9bfc3d7469d4931ad5,1,1,1,1,1,1,1,1,1,1,1,3,3,1,1,9,2,1,cycle-0006;cycle-0013;cycle-0016;cycle-0022;cycle-0027;cycle-0035;cycle-0039;cycle-0040;cycle-0043;cycle-0044;cycle-0046;cycle-0052;cycle-0057;cycle-0073;cycle-0076;cycle-0082;cycle-0083;cycle-0091;cycle-0093;cycle-0116;cycle-0119;cycle-0126;cycle-0156;cycle-0159;cycle-0174;cycle-0184;cycle-0188;cycle-0196;cycle-0197;cycle-0199;cycle-0202;cycle-0205;cycle-0215;cycle-0217;cycle-0236;cycle-0247;cycle-0254;cycle-0256,1,2081.457514,4239.684666
3,random,FedAvg,model_replacement,0,0,0,6,6,0,0.3580030516609737,0.32744742794115,0.3368840438861184,0,0,0.3351987458710667,983,136,0,0,0,1,0,0,0,0,0,0.6944444444444444,0.30800653594771243,0.6944444444444444,0.386437908496732,0.32744742794115,66;112;178;68;114;95;59;75;111;24;223;169;30;89;255;238;186;160;86;50;226;216;3;31;34;237;258;79;110;33,206;190;219;239;96;222;211;180;182;103;242;42;172;69;11;84;123;12;70;218;152;151;7;214;150;17;48;252;165;72,14;98;176;118;63;87;107;153;173;230;51;250;185;20;81;90;212;224;193;162;77;94;25;264;60;99;208;183;62;65;221;54;167;171;164;234;67;100;44;91;202;35;199;254;39;82;247;73;126;93;205;156;13;159;197;16;119;22;184;43;57;188;215;46;27;83;52;236;76;116;256;40;6;174;196;217,227;257;213;120;220;106;71;122;18;246;166;179;38;263;32;210;155;170;161;158,reject,0.3580030516609737,78b378bd6f1e8a53a1096e961f0870e02176e4c522eb3985cf07cf6b9a95ca99,1,1,1,0,0,1,1,1,1,1,1,3,3,1,1,9,2,1,cycle-0006;cycle-0013;cycle-0016;cycle-0022;cycle-0027;cycle-0035;cycle-0039;cycle-0040;cycle-0043;cycle-0044;cycle-0046;cycle-0052;cycle-0057;cycle-0073;cycle-0076;cycle-0082;cycle-0083;cycle-0091;cycle-0093;cycle-0116;cycle-0119;cycle-0126;cycle-0156;cycle-0159;cycle-0174;cycle-0184;cycle-0188;cycle-0196;cycle-0197;cycle-0199;cycle-0202;cycle-0205;cycle-0215;cycle-0217;cycle-0236;cycle-0247;cycle-0254;cycle-0256,1,2029.251928,4222.32457
3,random,CoordinateMedian,model_replacement,0,0,0,6,6,1,-0.008211878206368421,-0.01187635995385,-0.008212378319828947,0,0,-0.009379598975866666,983,136,1,0,0,0,0,0,0,1,0,0.6944444444444444,0.46977124183006536,0.46977124183006536,0.0,0.0,66;112;178;68;114;95;59;75;111;24;223;169;30;89;255;238;186;160;86;50;226;216;3;31;34;237;258;79;110;33,206;190;219;239;96;222;211;180;182;103;242;42;172;69;11;84;123;12;70;218;152;151;7;214;150;17;48;252;165;72,14;98;176;118;63;87;107;153;173;230;51;250;185;20;81;90;212;224;193;162;77;94;25;264;60;99;208;183;62;65;221;54;167;171;164;234;67;100;44;91;202;35;199;254;39;82;247;73;126;93;205;156;13;159;197;16;119;22;184;43;57;188;215;46;27;83;52;236;76;116;256;40;6;174;196;217,227;257;213;120;220;106;71;122;18;246;166;179;38;263;32;210;155;170;161;158,commit,-0.008211878206368421,49a8cabe7d1c63a2ea3b8ed1d1cea31f971294a1e3e68dbebb4f5f78e0742104,1,1,1,1,1,1,1,1,1,1,1,3,3,1,1,9,2,0,cycle-0014;cycle-0020;cycle-0025;cycle-0051;cycle-0054;cycle-0060;cycle-0062;cycle-0063;cycle-0065;cycle-0067;cycle-0077;cycle-0081;cycle-0087;cycle-0090;cycle-0094;cycle-0098;cycle-0099;cycle-0100;cycle-0107;cycle-0118;cycle-0153;cycle-0162;cycle-0164;cycle-0167;cycle-0171;cycle-0173;cycle-0176;cycle-0183;cycle-0185;cycle-0193;cycle-0208;cycle-0212;cycle-0221;cycle-0224;cycle-0230;cycle-0234;cycle-0250;cycle-0264,1,2303.514234,4807.563111
3,random,Krum,model_replacement,0,0,0,6,6,1,-0.007192816653947369,-0.00348790119585,-0.006396008170723684,0,0,-0.0065118402231,983,136,1,0,0,0,0,0,0,1,0,0.6944444444444444,0.6952614379084967,0.6952614379084967,0.0,0.0,66;112;178;68;114;95;59;75;111;24;223;169;30;89;255;238;186;160;86;50;226;216;3;31;34;237;258;79;110;33,206;190;219;239;96;222;211;180;182;103;242;42;172;69;11;84;123;12;70;218;152;151;7;214;150;17;48;252;165;72,14;98;176;118;63;87;107;153;173;230;51;250;185;20;81;90;212;224;193;162;77;94;25;264;60;99;208;183;62;65;221;54;167;171;164;234;67;100;44;91;202;35;199;254;39;82;247;73;126;93;205;156;13;159;197;16;119;22;184;43;57;188;215;46;27;83;52;236;76;116;256;40;6;174;196;217,227;257;213;120;220;106;71;122;18;246;166;179;38;263;32;210;155;170;161;158,commit,-0.007192816653947369,03b2f7cf0f766f40d8b91e58b798759a6597c198f48e44af411444b27d10de74,1,1,1,1,1,1,1,1,1,1,1,3,3,1,1,9,2,1,cycle-0006;cycle-0013;cycle-0016;cycle-0022;cycle-0027;cycle-0035;cycle-0039;cycle-0040;cycle-0043;cycle-0044;cycle-0046;cycle-0052;cycle-0057;cycle-0073;cycle-0076;cycle-0082;cycle-0083;cycle-0091;cycle-0093;cycle-0116;cycle-0119;cycle-0126;cycle-0156;cycle-0159;cycle-0174;cycle-0184;cycle-0188;cycle-0196;cycle-0197;cycle-0199;cycle-0202;cycle-0205;cycle-0215;cycle-0217;cycle-0236;cycle-0247;cycle-0254;cycle-0256,1,2010.677984,4402.922593
3,random,FLTrust,model_replacement,0,0,0,6,6,0,0.01331514073936842,0.0201272848794,0.013023764445223684,0,0,0.014157423425966667,983,136,0,0,0,0,0,0,0,0,0,0.6944444444444444,0.8202614379084967,0.6944444444444444,-0.12581699346405228,0.0201272848794,66;112;178;68;114;95;59;75;111;24;223;169;30;89;255;238;186;160;86;50;226;216;3;31;34;237;258;79;110;33,206;190;219;239;96;222;211;180;182;103;242;42;172;69;11;84;123;12;70;218;152;151;7;214;150;17;48;252;165;72,14;98;176;118;63;87;107;153;173;230;51;250;185;20;81;90;212;224;193;162;77;94;25;264;60;99;208;183;62;65;221;54;167;171;164;234;67;100;44;91;202;35;199;254;39;82;247;73;126;93;205;156;13;159;197;16;119;22;184;43;57;188;215;46;27;83;52;236;76;116;256;40;6;174;196;217,227;257;213;120;220;106;71;122;18;246;166;179;38;263;32;210;155;170;161;158,reject,0.01331514073936842,2d8c734a5c84c559cd4c21819f737c748d915d69fe923abf5d24d1bc2ab289c6,1,1,1,0,0,1,1,1,1,1,1,3,3,1,1,9,2,0,cycle-0014;cycle-0020;cycle-0025;cycle-0051;cycle-0054;cycle-0060;cycle-0062;cycle-0063;cycle-0065;cycle-0067;cycle-0077;cycle-0081;cycle-0087;cycle-0090;cycle-0094;cycle-0098;cycle-0099;cycle-0100;cycle-0107;cycle-0118;cycle-0153;cycle-0162;cycle-0164;cycle-0167;cycle-0171;cycle-0173;cycle-0176;cycle-0183;cycle-0185;cycle-0193;cycle-0208;cycle-0212;cycle-0221;cycle-0224;cycle-0230;cycle-0234;cycle-0250;cycle-0264,1,2234.234821,4672.721046
3,random,FedVal,model_replacement,0,0,0,6,6,0,0.11533820102981579,0.1238300167425,0.12384753551360526,0,0,0.12534452106693333,983,136,0,0,0,1,0,0,0,0,0,0.6944444444444444,0.20098039215686275,0.6944444444444444,0.49346405228758167,0.1238300167425,66;112;178;68;114;95;59;75;111;24;223;169;30;89;255;238;186;160;86;50;226;216;3;31;34;237;258;79;110;33,206;190;219;239;96;222;211;180;182;103;242;42;172;69;11;84;123;12;70;218;152;151;7;214;150;17;48;252;165;72,14;98;176;118;63;87;107;153;173;230;51;250;185;20;81;90;212;224;193;162;77;94;25;264;60;99;208;183;62;65;221;54;167;171;164;234;67;100;44;91;202;35;199;254;39;82;247;73;126;93;205;156;13;159;197;16;119;22;184;43;57;188;215;46;27;83;52;236;76;116;256;40;6;174;196;217,227;257;213;120;220;106;71;122;18;246;166;179;38;263;32;210;155;170;161;158,reject,0.11533820102981579,84ccf2cc4d18e915c7e7db72e53e2d3f15b57f42fc8dd7f7e211260f683cab55,1,1,1,0,0,1,1,1,1,1,1,3,3,1,1,9,2,0,cycle-0014;cycle-0020;cycle-0025;cycle-0051;cycle-0054;cycle-0060;cycle-0062;cycle-0063;cycle-0065;cycle-0067;cycle-0077;cycle-0081;cycle-0087;cycle-0090;cycle-0094;cycle-0098;cycle-0099;cycle-0100;cycle-0107;cycle-0118;cycle-0153;cycle-0162;cycle-0164;cycle-0167;cycle-0171;cycle-0173;cycle-0176;cycle-0183;cycle-0185;cycle-0193;cycle-0208;cycle-0212;cycle-0221;cycle-0224;cycle-0230;cycle-0234;cycle-0250;cycle-0264,1,2261.817534,4497.620501
3,random,FLShield,model_replacement,0,0,0,6,6,1,-0.0013075242760526315,0.0001509846363,-0.0016950630025526316,0,0,-0.0016343204912666668,983,136,1,0,0,0,0,0,0,0,0,0.6944444444444444,0.6919934640522876,0.6919934640522876,0.0,0.0,66;112;178;68;114;95;59;75;111;24;223;169;30;89;255;238;186;160;86;50;226;216;3;31;34;237;258;79;110;33,206;190;219;239;96;222;211;180;182;103;242;42;172;69;11;84;123;12;70;218;152;151;7;214;150;17;48;252;165;72,14;98;176;118;63;87;107;153;173;230;51;250;185;20;81;90;212;224;193;162;77;94;25;264;60;99;208;183;62;65;221;54;167;171;164;234;67;100;44;91;202;35;199;254;39;82;247;73;126;93;205;156;13;159;197;16;119;22;184;43;57;188;215;46;27;83;52;236;76;116;256;40;6;174;196;217,227;257;213;120;220;106;71;122;18;246;166;179;38;263;32;210;155;170;161;158,commit,-0.0013075242760526315,59a837c10954d9df2cc11d41b6e745a7d45f85edeb83356cdf60000865fe051c,1,1,1,1,1,1,1,1,1,1,1,3,3,1,1,9,2,0,cycle-0014;cycle-0020;cycle-0025;cycle-0051;cycle-0054;cycle-0060;cycle-0062;cycle-0063;cycle-0065;cycle-0067;cycle-0077;cycle-0081;cycle-0087;cycle-0090;cycle-0094;cycle-0098;cycle-0099;cycle-0100;cycle-0107;cycle-0118;cycle-0153;cycle-0162;cycle-0164;cycle-0167;cycle-0171;cycle-0173;cycle-0176;cycle-0183;cycle-0185;cycle-0193;cycle-0208;cycle-0212;cycle-0221;cycle-0224;cycle-0230;cycle-0234;cycle-0250;cycle-0264,1,2288.691759,4545.382057
3,random,FoundationFL,model_replacement,0,0,0,6,6,0,0.6087738609117368,0.54235148137265,0.5814247074837106,1,0,0.5629321563932667,983,136,0,0,0,1,1,0,0,0,0,0.6944444444444444,0.17320261437908496,0.6944444444444444,0.5212418300653594,0.54235148137265,66;112;178;68;114;95;59;75;111;24;223;169;30;89;255;238;186;160;86;50;226;216;3;31;34;237;258;79;110;33,206;190;219;239;96;222;211;180;182;103;242;42;172;69;11;84;123;12;70;218;152;151;7;214;150;17;48;252;165;72,14;98;176;118;63;87;107;153;173;230;51;250;185;20;81;90;212;224;193;162;77;94;25;264;60;99;208;183;62;65;221;54;167;171;164;234;67;100;44;91;202;35;199;254;39;82;247;73;126;93;205;156;13;159;197;16;119;22;184;43;57;188;215;46;27;83;52;236;76;116;256;40;6;174;196;217,227;257;213;120;220;106;71;122;18;246;166;179;38;263;32;210;155;170;161;158,reject,0.6087738609117368,e80f2d6ef177cb6b861af7501251d098fc1a01fbdfc87ba4e64dca2608cb5b3d,1,1,1,0,0,1,1,1,1,1,1,3,3,1,1,9,2,1,cycle-0006;cycle-0013;cycle-0016;cycle-0022;cycle-0027;cycle-0035;cycle-0039;cycle-0040;cycle-0043;cycle-0044;cycle-0046;cycle-0052;cycle-0057;cycle-0073;cycle-0076;cycle-0082;cycle-0083;cycle-0091;cycle-0093;cycle-0116;cycle-0119;cycle-0126;cycle-0156;cycle-0159;cycle-0174;cycle-0184;cycle-0188;cycle-0196;cycle-0197;cycle-0199;cycle-0202;cycle-0205;cycle-0215;cycle-0217;cycle-0236;cycle-0247;cycle-0254;cycle-0256,1,2050.840694,4243.778353
3,random,FedAvg,score_aware,64,49,0,6,6,1,-1.395774302631579e-05,2.211612435e-05,-8.521543921052631e-06,0,0,-6.2326837e-06,983,136,1,0,0,0,0,0,0,0,0,0.6944444444444444,0.6944444444444444,0.6944444444444444,0.0,0.0,66;112;178;68;114;95;59;75;111;24;223;169;30;89;255;238;186;160;86;50;226;216;3;31;34;237;258;79;110;33,206;190;219;239;96;222;211;180;182;103;242;42;172;69;11;84;123;12;70;218;152;151;7;214;150;17;48;252;165;72,14;98;176;118;63;87;107;153;173;230;51;250;185;20;81;90;212;224;193;162;77;94;25;264;60;99;208;183;62;65;221;54;167;171;164;234;67;100;44;91;202;35;199;254;39;82;247;73;126;93;205;156;13;159;197;16;119;22;184;43;57;188;215;46;27;83;52;236;76;116;256;40;6;174;196;217,227;257;213;120;220;106;71;122;18;246;166;179;38;263;32;210;155;170;161;158,commit,-1.395774302631579e-05,6d6ef7798ff280300644c351b4f8ada5a93e604fe125d4f386697a63ab0353a1,1,1,1,1,1,1,1,1,1,1,1,3,3,1,1,9,2,1,cycle-0006;cycle-0013;cycle-0016;cycle-0022;cycle-0027;cycle-0035;cycle-0039;cycle-0040;cycle-0043;cycle-0044;cycle-0046;cycle-0052;cycle-0057;cycle-0073;cycle-0076;cycle-0082;cycle-0083;cycle-0091;cycle-0093;cycle-0116;cycle-0119;cycle-0126;cycle-0156;cycle-0159;cycle-0174;cycle-0184;cycle-0188;cycle-0196;cycle-0197;cycle-0199;cycle-0202;cycle-0205;cycle-0215;cycle-0217;cycle-0236;cycle-0247;cycle-0254;cycle-0256,1,2000.998508,4288.980957
3,random,FLTrust,score_aware,64,56,0,6,6,0,0.008459768907763157,0.0186812110468,0.009394530432828948,0,0,0.010956944918433333,983,136,0,0,0,0,0,0,0,0,0,0.6944444444444444,0.8472222222222222,0.6944444444444444,-0.1527777777777778,0.0186812110468,66;112;178;68;114;95;59;75;111;24;223;169;30;89;255;238;186;160;86;50;226;216;3;31;34;237;258;79;110;33,206;190;219;239;96;222;211;180;182;103;242;42;172;69;11;84;123;12;70;218;152;151;7;214;150;17;48;252;165;72,14;98;176;118;63;87;107;153;173;230;51;250;185;20;81;90;212;224;193;162;77;94;25;264;60;99;208;183;62;65;221;54;167;171;164;234;67;100;44;91;202;35;199;254;39;82;247;73;126;93;205;156;13;159;197;16;119;22;184;43;57;188;215;46;27;83;52;236;76;116;256;40;6;174;196;217,227;257;213;120;220;106;71;122;18;246;166;179;38;263;32;210;155;170;161;158,reject,0.008459768907763157,43ff52c256a363307fd4d3095ea19c62ba9186cbaeb63871fcb14bc360aa415f,1,1,1,0,0,1,1,1,1,1,1,3,3,1,1,9,2,1,cycle-0006;cycle-0013;cycle-0016;cycle-0022;cycle-0027;cycle-0035;cycle-0039;cycle-0040;cycle-0043;cycle-0044;cycle-0046;cycle-0052;cycle-0057;cycle-0073;cycle-0076;cycle-0082;cycle-0083;cycle-0091;cycle-0093;cycle-0116;cycle-0119;cycle-0126;cycle-0156;cycle-0159;cycle-0174;cycle-0184;cycle-0188;cycle-0196;cycle-0197;cycle-0199;cycle-0202;cycle-0205;cycle-0215;cycle-0217;cycle-0236;cycle-0247;cycle-0254;cycle-0256,1,1996.657942,4239.025848
3,random,FoundationFL,score_aware,64,26,1,6,6,1,-0.010483921054842105,-0.02157499254505,-0.00865609510581579,0,0,-0.0100809821644,983,136,1,0,0,0,0,0,0,1,0,0.6944444444444444,0.46977124183006536,0.46977124183006536,0.0,0.0,66;112;178;68;114;95;59;75;111;24;223;169;30;89;255;238;186;160;86;50;226;216;3;31;34;237;258;79;110;33,206;190;219;239;96;222;211;180;182;103;242;42;172;69;11;84;123;12;70;218;152;151;7;214;150;17;48;252;165;72,14;98;176;118;63;87;107;153;173;230;51;250;185;20;81;90;212;224;193;162;77;94;25;264;60;99;208;183;62;65;221;54;167;171;164;234;67;100;44;91;202;35;199;254;39;82;247;73;126;93;205;156;13;159;197;16;119;22;184;43;57;188;215;46;27;83;52;236;76;116;256;40;6;174;196;217,227;257;213;120;220;106;71;122;18;246;166;179;38;263;32;210;155;170;161;158,commit,-0.010483921054842105,3c00561aafce8f0d3437fa55a9a50699498eb4e34f29319da0d4d2d419afa91e,1,1,1,1,1,1,1,1,1,1,1,3,3,1,1,9,2,0,cycle-0014;cycle-0020;cycle-0025;cycle-0051;cycle-0054;cycle-0060;cycle-0062;cycle-0063;cycle-0065;cycle-0067;cycle-0077;cycle-0081;cycle-0087;cycle-0090;cycle-0094;cycle-0098;cycle-0099;cycle-0100;cycle-0107;cycle-0118;cycle-0153;cycle-0162;cycle-0164;cycle-0167;cycle-0171;cycle-0173;cycle-0176;cycle-0183;cycle-0185;cycle-0193;cycle-0208;cycle-0212;cycle-0221;cycle-0224;cycle-0230;cycle-0234;cycle-0250;cycle-0264,1,2288.534621,4615.894952
4,random,FedAvg,none,0,0,0,6,0,0,0.0013432705682105263,-0.001294434761,-0.0011563614640263157,0,0,-0.0067030323638333335,1075,124,1,0,0,0,0,0,0,1,1,0.5212950650118203,0.4980607269503546,0.5212950650118203,0.023234338061465742,-0.001294434761,199;220;215;108;193;42;163;157;119;170;12;89;229;51;207;213;6;22;167;209;2;185;48;29;126;194;37;56;192;243,150;165;240;231;115;127;103;230;85;152;169;171;247;217;77;188;101;120;26;70;55;177;246;257;263;173;228;212;238;19,168;254;4;49;241;176;65;186;113;98;124;109;172;5;36;221;225;183;158;252;211;8;235;179;162;69;107;50;255;81;91;10;47;102;27;125;184;154;23;39;178;58;210;67;18;66;208;245;236;80;160;261;234;106;57;189;86;97;32;72;191;24;38;79;76;190;43;7;95;54;78;117;11;14;96;83,204;110;151;60;35;224;62;258;111;68;25;201;53;203;219;3;122;63;34;174,reject,0.0013432705682105263,a19a24773012b69b60890abb3d8a73391a87cef8f4e32489404a7cdf0fa27e8d,1,2,2,0,0,1,1,1,1,1,1,3,3,1,1,9,2,1,cycle-0007;cycle-0011;cycle-0014;cycle-0018;cycle-0023;cycle-0024;cycle-0032;cycle-0038;cycle-0039;cycle-0043;cycle-0054;cycle-0057;cycle-0058;cycle-0066;cycle-0067;cycle-0072;cycle-0076;cycle-0078;cycle-0079;cycle-0080;cycle-0083;cycle-0086;cycle-0095;cycle-0096;cycle-0097;cycle-0106;cycle-0117;cycle-0160;cycle-0178;cycle-0189;cycle-0190;cycle-0191;cycle-0208;cycle-0210;cycle-0234;cycle-0236;cycle-0245;cycle-0261,1,1965.758655,4818.524302
4,random,CoordinateMedian,none,0,0,0,6,0,1,-0.005474952979578947,-0.0072473448633,-0.0072128774419868424,0,0,-0.010516274357433334,1075,124,1,0,0,0,0,0,0,1,0,0.5212950650118203,0.5058732269503546,0.5058732269503546,0.0,0.0,199;220;215;108;193;42;163;157;119;170;12;89;229;51;207;213;6;22;167;209;2;185;48;29;126;194;37;56;192;243,150;165;240;231;115;127;103;230;85;152;169;171;247;217;77;188;101;120;26;70;55;177;246;257;263;173;228;212;238;19,168;254;4;49;241;176;65;186;113;98;124;109;172;5;36;221;225;183;158;252;211;8;235;179;162;69;107;50;255;81;91;10;47;102;27;125;184;154;23;39;178;58;210;67;18;66;208;245;236;80;160;261;234;106;57;189;86;97;32;72;191;24;38;79;76;190;43;7;95;54;78;117;11;14;96;83,204;110;151;60;35;224;62;258;111;68;25;201;53;203;219;3;122;63;34;174,commit,-0.005474952979578947,111fd31abd82a6fef79b7b328293bebd56e9654c91bd2cbfb35576dc9f0f6d34,1,1,1,1,1,1,1,1,1,1,1,3,3,1,1,9,2,1,cycle-0007;cycle-0011;cycle-0014;cycle-0018;cycle-0023;cycle-0024;cycle-0032;cycle-0038;cycle-0039;cycle-0043;cycle-0054;cycle-0057;cycle-0058;cycle-0066;cycle-0067;cycle-0072;cycle-0076;cycle-0078;cycle-0079;cycle-0080;cycle-0083;cycle-0086;cycle-0095;cycle-0096;cycle-0097;cycle-0106;cycle-0117;cycle-0160;cycle-0178;cycle-0189;cycle-0190;cycle-0191;cycle-0208;cycle-0210;cycle-0234;cycle-0236;cycle-0245;cycle-0261,1,1957.078353,4082.144601
4,random,Krum,none,0,0,0,6,0,0,0.0006556916872631579,0.00012589124865,-0.00011179964240789473,0,0,-0.0022754875623666668,1075,124,1,0,0,0,0,0,0,0,0,0.5212950650118203,0.5549460697399528,0.5212950650118203,-0.03365100472813243,0.00012589124865,199;220;215;108;193;42;163;157;119;170;12;89;229;51;207;213;6;22;167;209;2;185;48;29;126;194;37;56;192;243,150;165;240;231;115;127;103;230;85;152;169;171;247;217;77;188;101;120;26;70;55;177;246;257;263;173;228;212;238;19,168;254;4;49;241;176;65;186;113;98;124;109;172;5;36;221;225;183;158;252;211;8;235;179;162;69;107;50;255;81;91;10;47;102;27;125;184;154;23;39;178;58;210;67;18;66;208;245;236;80;160;261;234;106;57;189;86;97;32;72;191;24;38;79;76;190;43;7;95;54;78;117;11;14;96;83,204;110;151;60;35;224;62;258;111;68;25;201;53;203;219;3;122;63;34;174,reject,0.0006556916872631579,d0e5c0d838ca74326ffb900bc655ea5bc649fcb856148edbb809f33ac24b8b78,1,1,1,0,0,1,1,1,1,1,1,3,3,1,1,9,2,1,cycle-0007;cycle-0011;cycle-0014;cycle-0018;cycle-0023;cycle-0024;cycle-0032;cycle-0038;cycle-0039;cycle-0043;cycle-0054;cycle-0057;cycle-0058;cycle-0066;cycle-0067;cycle-0072;cycle-0076;cycle-0078;cycle-0079;cycle-0080;cycle-0083;cycle-0086;cycle-0095;cycle-0096;cycle-0097;cycle-0106;cycle-0117;cycle-0160;cycle-0178;cycle-0189;cycle-0190;cycle-0191;cycle-0208;cycle-0210;cycle-0234;cycle-0236;cycle-0245;cycle-0261,1,1958.606777,4038.991973
4,random,FLTrust,none,0,0,0,6,0,0,0.0006992420049736842,0.01153129040885,0.010448794001578948,0,0,0.0289865321746,1075,124,0,0,0,0,0,0,0,0,0,0.5212950650118203,0.5365137411347518,0.5212950650118203,-0.015218676122931485,0.01153129040885,199;220;215;108;193;42;163;157;119;170;12;89;229;51;207;213;6;22;167;209;2;185;48;29;126;194;37;56;192;243,150;165;240;231;115;127;103;230;85;152;169;171;247;217;77;188;101;120;26;70;55;177;246;257;263;173;228;212;238;19,168;254;4;49;241;176;65;186;113;98;124;109;172;5;36;221;225;183;158;252;211;8;235;179;162;69;107;50;255;81;91;10;47;102;27;125;184;154;23;39;178;58;210;67;18;66;208;245;236;80;160;261;234;106;57;189;86;97;32;72;191;24;38;79;76;190;43;7;95;54;78;117;11;14;96;83,204;110;151;60;35;224;62;258;111;68;25;201;53;203;219;3;122;63;34;174,reject,0.0006992420049736842,535d6bfca7a376b7b0e42a42c8ad403691c523c2465da44867df25d0597915ab,1,1,1,0,0,1,1,1,1,1,1,3,3,1,1,9,2,1,cycle-0007;cycle-0011;cycle-0014;cycle-0018;cycle-0023;cycle-0024;cycle-0032;cycle-0038;cycle-0039;cycle-0043;cycle-0054;cycle-0057;cycle-0058;cycle-0066;cycle-0067;cycle-0072;cycle-0076;cycle-0078;cycle-0079;cycle-0080;cycle-0083;cycle-0086;cycle-0095;cycle-0096;cycle-0097;cycle-0106;cycle-0117;cycle-0160;cycle-0178;cycle-0189;cycle-0190;cycle-0191;cycle-0208;cycle-0210;cycle-0234;cycle-0236;cycle-0245;cycle-0261,1,1980.413208,4086.731773
4,random,FedVal,none,0,0,0,6,0,1,-0.0019356353765526315,-0.00295709169,-0.003124355505894737,0,0,-0.0005150641408333334,1075,124,1,0,0,0,0,0,0,1,0,0.5212950650118203,0.5336694739952719,0.5336694739952719,0.0,0.0,199;220;215;108;193;42;163;157;119;170;12;89;229;51;207;213;6;22;167;209;2;185;48;29;126;194;37;56;192;243,150;165;240;231;115;127;103;230;85;152;169;171;247;217;77;188;101;120;26;70;55;177;246;257;263;173;228;212;238;19,168;254;4;49;241;176;65;186;113;98;124;109;172;5;36;221;225;183;158;252;211;8;235;179;162;69;107;50;255;81;91;10;47;102;27;125;184;154;23;39;178;58;210;67;18;66;208;245;236;80;160;261;234;106;57;189;86;97;32;72;191;24;38;79;76;190;43;7;95;54;78;117;11;14;96;83,204;110;151;60;35;224;62;258;111;68;25;201;53;203;219;3;122;63;34;174,commit,-0.0019356353765526315,db8ca42a35767aaccf67ebb95f7147b6bb35be84a684e7a292c2c19b5bcd01e5,1,1,1,1,1,1,1,1,1,1,1,3,3,1,1,9,2,0,cycle-0004;cycle-0005;cycle-0008;cycle-0010;cycle-0027;cycle-0036;cycle-0047;cycle-0049;cycle-0050;cycle-0065;cycle-0069;cycle-0081;cycle-0091;cycle-0098;cycle-0102;cycle-0107;cycle-0109;cycle-0113;cycle-0124;cycle-0125;cycle-0154;cycle-0158;cycle-0162;cycle-0168;cycle-0172;cycle-0176;cycle-0179;cycle-0183;cycle-0184;cycle-0186;cycle-0211;cycle-0221;cycle-0225;cycle-0235;cycle-0241;cycle-0252;cycle-0254;cycle-0255,1,1961.39293,3980.653801
4,random,FLShield,none,0,0,0,6,0,0,0.002900445730763158,0.0037332613829,0.0037163178177894735,0,0,0.0050626966115666664,1075,124,0,0,0,0,0,0,0,0,0,0.5212950650118203,0.5649379432624113,0.5212950650118203,-0.04364287825059099,0.0037332613829,199;220;215;108;193;42;163;157;119;170;12;89;229;51;207;213;6;22;167;209;2;185;48;29;126;194;37;56;192;243,150;165;240;231;115;127;103;230;85;152;169;171;247;217;77;188;101;120;26;70;55;177;246;257;263;173;228;212;238;19,168;254;4;49;241;176;65;186;113;98;124;109;172;5;36;221;225;183;158;252;211;8;235;179;162;69;107;50;255;81;91;10;47;102;27;125;184;154;23;39;178;58;210;67;18;66;208;245;236;80;160;261;234;106;57;189;86;97;32;72;191;24;38;79;76;190;43;7;95;54;78;117;11;14;96;83,204;110;151;60;35;224;62;258;111;68;25;201;53;203;219;3;122;63;34;174,reject,0.002900445730763158,afd741f54823c15fd95147e2107bb55c2e8d09fdadca1a335ff87c6ca462f909,1,1,1,0,0,1,1,1,1,1,1,3,3,1,1,9,2,1,cycle-0007;cycle-0011;cycle-0014;cycle-0018;cycle-0023;cycle-0024;cycle-0032;cycle-0038;cycle-0039;cycle-0043;cycle-0054;cycle-0057;cycle-0058;cycle-0066;cycle-0067;cycle-0072;cycle-0076;cycle-0078;cycle-0079;cycle-0080;cycle-0083;cycle-0086;cycle-0095;cycle-0096;cycle-0097;cycle-0106;cycle-0117;cycle-0160;cycle-0178;cycle-0189;cycle-0190;cycle-0191;cycle-0208;cycle-0210;cycle-0234;cycle-0236;cycle-0245;cycle-0261,1,1930.740679,4075.491723
4,random,FoundationFL,none,0,0,0,6,0,1,-0.001471828228105263,-0.0052437184086,-0.005168867406513158,0,0,-0.013457673515433333,1075,124,1,0,0,0,0,0,0,1,0,0.5212950650118203,0.5015329491725768,0.5015329491725768,0.0,0.0,199;220;215;108;193;42;163;157;119;170;12;89;229;51;207;213;6;22;167;209;2;185;48;29;126;194;37;56;192;243,150;165;240;231;115;127;103;230;85;152;169;171;247;217;77;188;101;120;26;70;55;177;246;257;263;173;228;212;238;19,168;254;4;49;241;176;65;186;113;98;124;109;172;5;36;221;225;183;158;252;211;8;235;179;162;69;107;50;255;81;91;10;47;102;27;125;184;154;23;39;178;58;210;67;18;66;208;245;236;80;160;261;234;106;57;189;86;97;32;72;191;24;38;79;76;190;43;7;95;54;78;117;11;14;96;83,204;110;151;60;35;224;62;258;111;68;25;201;53;203;219;3;122;63;34;174,commit,-0.001471828228105263,1519f1280d3e4ac34c3b0925333eadb3ad1d5b37bdb0b94f1a0208cc22e2c0b7,1,1,1,1,1,1,1,1,1,1,1,3,3,1,1,9,2,1,cycle-0007;cycle-0011;cycle-0014;cycle-0018;cycle-0023;cycle-0024;cycle-0032;cycle-0038;cycle-0039;cycle-0043;cycle-0054;cycle-0057;cycle-0058;cycle-0066;cycle-0067;cycle-0072;cycle-0076;cycle-0078;cycle-0079;cycle-0080;cycle-0083;cycle-0086;cycle-0095;cycle-0096;cycle-0097;cycle-0106;cycle-0117;cycle-0160;cycle-0178;cycle-0189;cycle-0190;cycle-0191;cycle-0208;cycle-0210;cycle-0234;cycle-0236;cycle-0245;cycle-0261,1,1932.182024,4058.641957
4,random,FedAvg,sign_flip,0,0,0,6,6,1,-0.0030337679685,0.00372272858495,0.004241042438697369,0,0,-0.013484111507433333,1075,124,1,0,0,0,0,0,0,0,0,0.5212950650118203,0.4865543735224586,0.4865543735224586,0.0,0.0,199;220;215;108;193;42;163;157;119;170;12;89;229;51;207;213;6;22;167;209;2;185;48;29;126;194;37;56;192;243,150;165;240;231;115;127;103;230;85;152;169;171;247;217;77;188;101;120;26;70;55;177;246;257;263;173;228;212;238;19,168;254;4;49;241;176;65;186;113;98;124;109;172;5;36;221;225;183;158;252;211;8;235;179;162;69;107;50;255;81;91;10;47;102;27;125;184;154;23;39;178;58;210;67;18;66;208;245;236;80;160;261;234;106;57;189;86;97;32;72;191;24;38;79;76;190;43;7;95;54;78;117;11;14;96;83,204;110;151;60;35;224;62;258;111;68;25;201;53;203;219;3;122;63;34;174,commit,-0.0030337679685,f5d091ac418d7e6629e82d3d813c0aff1cec91eeb0080a54a8ea532c4cfd4371,1,1,1,1,1,1,1,1,1,1,1,3,3,1,1,9,2,0,cycle-0004;cycle-0005;cycle-0008;cycle-0010;cycle-0027;cycle-0036;cycle-0047;cycle-0049;cycle-0050;cycle-0065;cycle-0069;cycle-0081;cycle-0091;cycle-0098;cycle-0102;cycle-0107;cycle-0109;cycle-0113;cycle-0124;cycle-0125;cycle-0154;cycle-0158;cycle-0162;cycle-0168;cycle-0172;cycle-0176;cycle-0179;cycle-0183;cycle-0184;cycle-0186;cycle-0211;cycle-0221;cycle-0225;cycle-0235;cycle-0241;cycle-0252;cycle-0254;cycle-0255,1,1855.809604,4000.630656
4,random,CoordinateMedian,sign_flip,0,0,0,6,6,1,-0.007463723325578948,-0.00282838970465,-0.002534258747144737,0,0,-0.013667189778766667,1075,124,1,0,0,0,0,0,0,1,0,0.5212950650118203,0.5015329491725768,0.5015329491725768,0.0,0.0,199;220;215;108;193;42;163;157;119;170;12;89;229;51;207;213;6;22;167;209;2;185;48;29;126;194;37;56;192;243,150;165;240;231;115;127;103;230;85;152;169;171;247;217;77;188;101;120;26;70;55;177;246;257;263;173;228;212;238;19,168;254;4;49;241;176;65;186;113;98;124;109;172;5;36;221;225;183;158;252;211;8;235;179;162;69;107;50;255;81;91;10;47;102;27;125;184;154;23;39;178;58;210;67;18;66;208;245;236;80;160;261;234;106;57;189;86;97;32;72;191;24;38;79;76;190;43;7;95;54;78;117;11;14;96;83,204;110;151;60;35;224;62;258;111;68;25;201;53;203;219;3;122;63;34;174,commit,-0.007463723325578948,5e2f1ae1814b07aa4c1245165609dd3c4360ae2f390ae4f6dea9018d3739b85d,1,1,1,1,1,1,1,1,1,1,1,3,3,1,1,9,2,0,cycle-0004;cycle-0005;cycle-0008;cycle-0010;cycle-0027;cycle-0036;cycle-0047;cycle-0049;cycle-0050;cycle-0065;cycle-0069;cycle-0081;cycle-0091;cycle-0098;cycle-0102;cycle-0107;cycle-0109;cycle-0113;cycle-0124;cycle-0125;cycle-0154;cycle-0158;cycle-0162;cycle-0168;cycle-0172;cycle-0176;cycle-0179;cycle-0183;cycle-0184;cycle-0186;cycle-0211;cycle-0221;cycle-0225;cycle-0235;cycle-0241;cycle-0252;cycle-0254;cycle-0255,1,1867.451629,4042.72321
4,random,Krum,sign_flip,0,0,0,6,6,0,0.0006556916872631579,0.00012589124865,-0.00011179964240789473,0,0,-0.0022754875623666668,1075,124,1,0,0,0,0,0,0,0,0,0.5212950650118203,0.5549460697399528,0.5212950650118203,-0.03365100472813243,0.00012589124865,199;220;215;108;193;42;163;157;119;170;12;89;229;51;207;213;6;22;167;209;2;185;48;29;126;194;37;56;192;243,150;165;240;231;115;127;103;230;85;152;169;171;247;217;77;188;101;120;26;70;55;177;246;257;263;173;228;212;238;19,168;254;4;49;241;176;65;186;113;98;124;109;172;5;36;221;225;183;158;252;211;8;235;179;162;69;107;50;255;81;91;10;47;102;27;125;184;154;23;39;178;58;210;67;18;66;208;245;236;80;160;261;234;106;57;189;86;97;32;72;191;24;38;79;76;190;43;7;95;54;78;117;11;14;96;83,204;110;151;60;35;224;62;258;111;68;25;201;53;203;219;3;122;63;34;174,reject,0.0006556916872631579,a2270bf0a39d4cf9665d814a8d40b9ff8e14e867ff8e30c11dc848d4663af85f,1,1,1,0,0,1,1,1,1,1,1,3,3,1,1,9,2,1,cycle-0007;cycle-0011;cycle-0014;cycle-0018;cycle-0023;cycle-0024;cycle-0032;cycle-0038;cycle-0039;cycle-0043;cycle-0054;cycle-0057;cycle-0058;cycle-0066;cycle-0067;cycle-0072;cycle-0076;cycle-0078;cycle-0079;cycle-0080;cycle-0083;cycle-0086;cycle-0095;cycle-0096;cycle-0097;cycle-0106;cycle-0117;cycle-0160;cycle-0178;cycle-0189;cycle-0190;cycle-0191;cycle-0208;cycle-0210;cycle-0234;cycle-0236;cycle-0245;cycle-0261,1,1939.109091,4155.377385
4,random,FLTrust,sign_flip,0,0,0,6,6,0,0.0018124339850526315,0.0125483743886,0.011401479804973684,0,0,0.029642092662933335,1075,124,0,0,0,0,0,0,0,0,0,0.5212950650118203,0.5365137411347518,0.5212950650118203,-0.015218676122931485,0.0125483743886,199;220;215;108;193;42;163;157;119;170;12;89;229;51;207;213;6;22;167;209;2;185;48;29;126;194;37;56;192;243,150;165;240;231;115;127;103;230;85;152;169;171;247;217;77;188;101;120;26;70;55;177;246;257;263;173;228;212;238;19,168;254;4;49;241;176;65;186;113;98;124;109;172;5;36;221;225;183;158;252;211;8;235;179;162;69;107;50;255;81;91;10;47;102;27;125;184;154;23;39;178;58;210;67;18;66;208;245;236;80;160;261;234;106;57;189;86;97;32;72;191;24;38;79;76;190;43;7;95;54;78;117;11;14;96;83,204;110;151;60;35;224;62;258;111;68;25;201;53;203;219;3;122;63;34;174,reject,0.0018124339850526315,b1a9ae37537a29d05722a44b5d5624c52122659f95980a7f0d149ecc09a363bd,1,1,1,0,0,1,1,1,1,1,1,3,3,1,1,9,2,1,cycle-0007;cycle-0011;cycle-0014;cycle-0018;cycle-0023;cycle-0024;cycle-0032;cycle-0038;cycle-0039;cycle-0043;cycle-0054;cycle-0057;cycle-0058;cycle-0066;cycle-0067;cycle-0072;cycle-0076;cycle-0078;cycle-0079;cycle-0080;cycle-0083;cycle-0086;cycle-0095;cycle-0096;cycle-0097;cycle-0106;cycle-0117;cycle-0160;cycle-0178;cycle-0189;cycle-0190;cycle-0191;cycle-0208;cycle-0210;cycle-0234;cycle-0236;cycle-0245;cycle-0261,1,1899.225203,4095.487561
4,random,FedVal,sign_flip,0,0,0,6,6,0,0.0005537660753947368,0.00134406681055,0.001164828811394737,0,0,0.002310044477066667,1075,124,0,0,0,0,0,0,0,0,0,0.5212950650118203,0.4885121158392435,0.5212950650118203,0.03278294917257685,0.00134406681055,199;220;215;108;193;42;163;157;119;170;12;89;229;51;207;213;6;22;167;209;2;185;48;29;126;194;37;56;192;243,150;165;240;231;115;127;103;230;85;152;169;171;247;217;77;188;101;120;26;70;55;177;246;257;263;173;228;212;238;19,168;254;4;49;241;176;65;186;113;98;124;109;172;5;36;221;225;183;158;252;211;8;235;179;162;69;107;50;255;81;91;10;47;102;27;125;184;154;23;39;178;58;210;67;18;66;208;245;236;80;160;261;234;106;57;189;86;97;32;72;191;24;38;79;76;190;43;7;95;54;78;117;11;14;96;83,204;110;151;60;35;224;62;258;111;68;25;201;53;203;219;3;122;63;34;174,reject,0.0005537660753947368,13ef71aa340115b82a95a68bc5cd2bf45ede55cbec737a0c306cd9e1875477c7,1,1,1,0,0,1,1,1,1,1,1,3,3,1,1,9,2,1,cycle-0007;cycle-0011;cycle-0014;cycle-0018;cycle-0023;cycle-0024;cycle-0032;cycle-0038;cycle-0039;cycle-0043;cycle-0054;cycle-0057;cycle-0058;cycle-0066;cycle-0067;cycle-0072;cycle-0076;cycle-0078;cycle-0079;cycle-0080;cycle-0083;cycle-0086;cycle-0095;cycle-0096;cycle-0097;cycle-0106;cycle-0117;cycle-0160;cycle-0178;cycle-0189;cycle-0190;cycle-0191;cycle-0208;cycle-0210;cycle-0234;cycle-0236;cycle-0245;cycle-0261,1,1911.5522,4098.19005
4,random,FLShield,sign_flip,0,0,0,6,6,1,-0.004687870361842105,-0.00190547695605,-0.0018226278393157895,0,0,-0.0081635949322,1075,124,1,0,0,0,0,0,0,1,0,0.5212950650118203,0.5024010047281324,0.5024010047281324,0.0,0.0,199;220;215;108;193;42;163;157;119;170;12;89;229;51;207;213;6;22;167;209;2;185;48;29;126;194;37;56;192;243,150;165;240;231;115;127;103;230;85;152;169;171;247;217;77;188;101;120;26;70;55;177;246;257;263;173;228;212;238;19,168;254;4;49;241;176;65;186;113;98;124;109;172;5;36;221;225;183;158;252;211;8;235;179;162;69;107;50;255;81;91;10;47;102;27;125;184;154;23;39;178;58;210;67;18;66;208;245;236;80;160;261;234;106;57;189;86;97;32;72;191;24;38;79;76;190;43;7;95;54;78;117;11;14;96;83,204;110;151;60;35;224;62;258;111;68;25;201;53;203;219;3;122;63;34;174,commit,-0.004687870361842105,88e16fd3b2bca80b4c6a95d35fb4cec5c0b1089bc45dc1d6d74f5486ff493f2b,1,1,1,1,1,1,1,1,1,1,1,3,3,1,1,9,2,0,cycle-0004;cycle-0005;cycle-0008;cycle-0010;cycle-0027;cycle-0036;cycle-0047;cycle-0049;cycle-0050;cycle-0065;cycle-0069;cycle-0081;cycle-0091;cycle-0098;cycle-0102;cycle-0107;cycle-0109;cycle-0113;cycle-0124;cycle-0125;cycle-0154;cycle-0158;cycle-0162;cycle-0168;cycle-0172;cycle-0176;cycle-0179;cycle-0183;cycle-0184;cycle-0186;cycle-0211;cycle-0221;cycle-0225;cycle-0235;cycle-0241;cycle-0252;cycle-0254;cycle-0255,1,1858.040378,4034.790702
4,random,FoundationFL,sign_flip,0,0,0,6,6,1,-0.002573068783526316,0.00073495068015,0.0012350927055263159,0,0,-0.007680240553166667,1075,124,1,0,0,0,0,0,0,0,0,0.5212950650118203,0.5115248226950354,0.5115248226950354,0.0,0.0,199;220;215;108;193;42;163;157;119;170;12;89;229;51;207;213;6;22;167;209;2;185;48;29;126;194;37;56;192;243,150;165;240;231;115;127;103;230;85;152;169;171;247;217;77;188;101;120;26;70;55;177;246;257;263;173;228;212;238;19,168;254;4;49;241;176;65;186;113;98;124;109;172;5;36;221;225;183;158;252;211;8;235;179;162;69;107;50;255;81;91;10;47;102;27;125;184;154;23;39;178;58;210;67;18;66;208;245;236;80;160;261;234;106;57;189;86;97;32;72;191;24;38;79;76;190;43;7;95;54;78;117;11;14;96;83,204;110;151;60;35;224;62;258;111;68;25;201;53;203;219;3;122;63;34;174,commit,-0.002573068783526316,c7973024a75b632132c12e17008f323040d496e09d83a7d606028380aeaa2390,1,1,1,1,1,1,1,1,1,1,1,3,3,1,1,9,2,0,cycle-0004;cycle-0005;cycle-0008;cycle-0010;cycle-0027;cycle-0036;cycle-0047;cycle-0049;cycle-0050;cycle-0065;cycle-0069;cycle-0081;cycle-0091;cycle-0098;cycle-0102;cycle-0107;cycle-0109;cycle-0113;cycle-0124;cycle-0125;cycle-0154;cycle-0158;cycle-0162;cycle-0168;cycle-0172;cycle-0176;cycle-0179;cycle-0183;cycle-0184;cycle-0186;cycle-0211;cycle-0221;cycle-0225;cycle-0235;cycle-0241;cycle-0252;cycle-0254;cycle-0255,1,1903.359959,4045.338906
4,random,FedAvg,model_replacement,0,0,0,6,6,0,0.26771533826010524,0.2742673969848,0.2796522848905,0,0,0.2496628129865,1075,124,0,0,0,1,0,0,0,0,0,0.5212950650118203,0.4750110815602837,0.5212950650118203,0.046283983451536614,0.2742673969848,199;220;215;108;193;42;163;157;119;170;12;89;229;51;207;213;6;22;167;209;2;185;48;29;126;194;37;56;192;243,150;165;240;231;115;127;103;230;85;152;169;171;247;217;77;188;101;120;26;70;55;177;246;257;263;173;228;212;238;19,168;254;4;49;241;176;65;186;113;98;124;109;172;5;36;221;225;183;158;252;211;8;235;179;162;69;107;50;255;81;91;10;47;102;27;125;184;154;23;39;178;58;210;67;18;66;208;245;236;80;160;261;234;106;57;189;86;97;32;72;191;24;38;79;76;190;43;7;95;54;78;117;11;14;96;83,204;110;151;60;35;224;62;258;111;68;25;201;53;203;219;3;122;63;34;174,reject,0.26771533826010524,501cf9e4d467c4733e2d78a7c23430d1c4a54c339984a06cefae4516cd28482e,1,1,1,0,0,1,1,1,1,1,1,3,3,1,1,9,2,0,cycle-0004;cycle-0005;cycle-0008;cycle-0010;cycle-0027;cycle-0036;cycle-0047;cycle-0049;cycle-0050;cycle-0065;cycle-0069;cycle-0081;cycle-0091;cycle-0098;cycle-0102;cycle-0107;cycle-0109;cycle-0113;cycle-0124;cycle-0125;cycle-0154;cycle-0158;cycle-0162;cycle-0168;cycle-0172;cycle-0176;cycle-0179;cycle-0183;cycle-0184;cycle-0186;cycle-0211;cycle-0221;cycle-0225;cycle-0235;cycle-0241;cycle-0252;cycle-0254;cycle-0255,1,1875.064843,4044.527395
4,random,CoordinateMedian,model_replacement,0,0,0,6,6,1,-0.006444988537,-0.0021193330255,-0.0019725206553289475,0,0,-0.011914039559666667,1075,124,1,0,0,0,0,0,0,1,0,0.5212950650118203,0.4943668735224586,0.4943668735224586,0.0,0.0,199;220;215;108;193;42;163;157;119;170;12;89;229;51;207;213;6;22;167;209;2;185;48;29;126;194;37;56;192;243,150;165;240;231;115;127;103;230;85;152;169;171;247;217;77;188;101;120;26;70;55;177;246;257;263;173;228;212;238;19,168;254;4;49;241;176;65;186;113;98;124;109;172;5;36;221;225;183;158;252;211;8;235;179;162;69;107;50;255;81;91;10;47;102;27;125;184;154;23;39;178;58;210;67;18;66;208;245;236;80;160;261;234;106;57;189;86;97;32;72;191;24;38;79;76;190;43;7;95;54;78;117;11;14;96;83,204;110;151;60;35;224;62;258;111;68;25;201;53;203;219;3;122;63;34;174,commit,-0.006444988537,a8867adcd93ed946bcd5e7996a62f251c05c4fc75224981c9af14b0f71bc0ce9,1,1,1,1,1,1,1,1,1,1,1,3,3,1,1,9,2,0,cycle-0004;cycle-0005;cycle-0008;cycle-0010;cycle-0027;cycle-0036;cycle-0047;cycle-0049;cycle-0050;cycle-0065;cycle-0069;cycle-0081;cycle-0091;cycle-0098;cycle-0102;cycle-0107;cycle-0109;cycle-0113;cycle-0124;cycle-0125;cycle-0154;cycle-0158;cycle-0162;cycle-0168;cycle-0172;cycle-0176;cycle-0179;cycle-0183;cycle-0184;cycle-0186;cycle-0211;cycle-0221;cycle-0225;cycle-0235;cycle-0241;cycle-0252;cycle-0254;cycle-0255,1,1907.772481,4011.575876
4,random,Krum,model_replacement,0,0,0,6,6,1,-0.004859881698973684,-0.00307566620235,-0.0034962500655657896,0,0,-0.006288579649033333,1075,124,1,0,0,0,0,0,0,1,0,0.5212950650118203,0.5076093380614657,0.5076093380614657,0.0,0.0,199;220;215;108;193;42;163;157;119;170;12;89;229;51;207;213;6;22;167;209;2;185;48;29;126;194;37;56;192;243,150;165;240;231;115;127;103;230;85;152;169;171;247;217;77;188;101;120;26;70;55;177;246;257;263;173;228;212;238;19,168;254;4;49;241;176;65;186;113;98;124;109;172;5;36;221;225;183;158;252;211;8;235;179;162;69;107;50;255;81;91;10;47;102;27;125;184;154;23;39;178;58;210;67;18;66;208;245;236;80;160;261;234;106;57;189;86;97;32;72;191;24;38;79;76;190;43;7;95;54;78;117;11;14;96;83,204;110;151;60;35;224;62;258;111;68;25;201;53;203;219;3;122;63;34;174,commit,-0.004859881698973684,80899ac909fd581b51db136e5ee81d58b37aed1072b915019aa1c2f606dd4eb6,1,1,1,1,1,1,1,1,1,1,1,3,3,1,1,9,2,0,cycle-0004;cycle-0005;cycle-0008;cycle-0010;cycle-0027;cycle-0036;cycle-0047;cycle-0049;cycle-0050;cycle-0065;cycle-0069;cycle-0081;cycle-0091;cycle-0098;cycle-0102;cycle-0107;cycle-0109;cycle-0113;cycle-0124;cycle-0125;cycle-0154;cycle-0158;cycle-0162;cycle-0168;cycle-0172;cycle-0176;cycle-0179;cycle-0183;cycle-0184;cycle-0186;cycle-0211;cycle-0221;cycle-0225;cycle-0235;cycle-0241;cycle-0252;cycle-0254;cycle-0255,1,1959.656129,4124.747202
4,random,FLTrust,model_replacement,0,0,0,6,6,0,0.019094456581605263,0.01219233611105,0.011422690629105264,0,0,0.0266711721317,1075,124,0,0,0,0,0,0,0,0,0,0.5212950650118203,0.5469304078014184,0.5212950650118203,-0.025635342789598115,0.01219233611105,199;220;215;108;193;42;163;157;119;170;12;89;229;51;207;213;6;22;167;209;2;185;48;29;126;194;37;56;192;243,150;165;240;231;115;127;103;230;85;152;169;171;247;217;77;188;101;120;26;70;55;177;246;257;263;173;228;212;238;19,168;254;4;49;241;176;65;186;113;98;124;109;172;5;36;221;225;183;158;252;211;8;235;179;162;69;107;50;255;81;91;10;47;102;27;125;184;154;23;39;178;58;210;67;18;66;208;245;236;80;160;261;234;106;57;189;86;97;32;72;191;24;38;79;76;190;43;7;95;54;78;117;11;14;96;83,204;110;151;60;35;224;62;258;111;68;25;201;53;203;219;3;122;63;34;174,reject,0.019094456581605263,fe220ca873ff9c18be657cbbb2b603612c3fd2e10e0813f204dbaf024ae4044e,1,1,1,0,0,1,1,1,1,1,1,3,3,1,1,9,2,0,cycle-0004;cycle-0005;cycle-0008;cycle-0010;cycle-0027;cycle-0036;cycle-0047;cycle-0049;cycle-0050;cycle-0065;cycle-0069;cycle-0081;cycle-0091;cycle-0098;cycle-0102;cycle-0107;cycle-0109;cycle-0113;cycle-0124;cycle-0125;cycle-0154;cycle-0158;cycle-0162;cycle-0168;cycle-0172;cycle-0176;cycle-0179;cycle-0183;cycle-0184;cycle-0186;cycle-0211;cycle-0221;cycle-0225;cycle-0235;cycle-0241;cycle-0252;cycle-0254;cycle-0255,1,1852.415778,4003.71471
4,random,FedVal,model_replacement,0,0,0,6,6,0,0.059551542539368424,0.06208075206765,0.06268696799555264,0,0,0.05582813394406667,1075,124,0,0,0,1,0,0,0,0,0,0.5212950650118203,0.4939236111111111,0.5212950650118203,0.02737145390070922,0.06208075206765,199;220;215;108;193;42;163;157;119;170;12;89;229;51;207;213;6;22;167;209;2;185;48;29;126;194;37;56;192;243,150;165;240;231;115;127;103;230;85;152;169;171;247;217;77;188;101;120;26;70;55;177;246;257;263;173;228;212;238;19,168;254;4;49;241;176;65;186;113;98;124;109;172;5;36;221;225;183;158;252;211;8;235;179;162;69;107;50;255;81;91;10;47;102;27;125;184;154;23;39;178;58;210;67;18;66;208;245;236;80;160;261;234;106;57;189;86;97;32;72;191;24;38;79;76;190;43;7;95;54;78;117;11;14;96;83,204;110;151;60;35;224;62;258;111;68;25;201;53;203;219;3;122;63;34;174,reject,0.059551542539368424,472ceae720751d2eddc9842f0c7918c82727fda5d98eb86005c2f3aa4ad61960,1,1,1,0,0,1,1,1,1,1,1,3,3,1,1,9,2,0,cycle-0004;cycle-0005;cycle-0008;cycle-0010;cycle-0027;cycle-0036;cycle-0047;cycle-0049;cycle-0050;cycle-0065;cycle-0069;cycle-0081;cycle-0091;cycle-0098;cycle-0102;cycle-0107;cycle-0109;cycle-0113;cycle-0124;cycle-0125;cycle-0154;cycle-0158;cycle-0162;cycle-0168;cycle-0172;cycle-0176;cycle-0179;cycle-0183;cycle-0184;cycle-0186;cycle-0211;cycle-0221;cycle-0225;cycle-0235;cycle-0241;cycle-0252;cycle-0254;cycle-0255,1,1853.326128,3969.105282
4,random,FLShield,model_replacement,0,0,0,6,6,1,-0.0025644937978684212,-0.0018061949029,-0.0018551877888157895,0,0,-0.0033149701883,1075,124,1,0,0,0,0,0,0,1,0,0.5212950650118203,0.49372044917257685,0.49372044917257685,0.0,0.0,199;220;215;108;193;42;163;157;119;170;12;89;229;51;207;213;6;22;167;209;2;185;48;29;126;194;37;56;192;243,150;165;240;231;115;127;103;230;85;152;169;171;247;217;77;188;101;120;26;70;55;177;246;257;263;173;228;212;238;19,168;254;4;49;241;176;65;186;113;98;124;109;172;5;36;221;225;183;158;252;211;8;235;179;162;69;107;50;255;81;91;10;47;102;27;125;184;154;23;39;178;58;210;67;18;66;208;245;236;80;160;261;234;106;57;189;86;97;32;72;191;24;38;79;76;190;43;7;95;54;78;117;11;14;96;83,204;110;151;60;35;224;62;258;111;68;25;201;53;203;219;3;122;63;34;174,commit,-0.0025644937978684212,5fa2e7dffc01d2e94c1a072c0a430d840ea2a698d893aa9c7527ff1a55e343e0,1,1,1,1,1,1,1,1,1,1,1,3,3,1,1,9,2,0,cycle-0004;cycle-0005;cycle-0008;cycle-0010;cycle-0027;cycle-0036;cycle-0047;cycle-0049;cycle-0050;cycle-0065;cycle-0069;cycle-0081;cycle-0091;cycle-0098;cycle-0102;cycle-0107;cycle-0109;cycle-0113;cycle-0124;cycle-0125;cycle-0154;cycle-0158;cycle-0162;cycle-0168;cycle-0172;cycle-0176;cycle-0179;cycle-0183;cycle-0184;cycle-0186;cycle-0211;cycle-0221;cycle-0225;cycle-0235;cycle-0241;cycle-0252;cycle-0254;cycle-0255,1,1910.534939,3988.407814
4,random,FoundationFL,model_replacement,0,0,0,6,6,0,0.5933155515540263,0.5561749128112,0.5696524056410395,1,0,0.5119026003609,1075,124,0,0,0,1,1,0,0,0,0,0.5212950650118203,0.4767471926713948,0.5212950650118203,0.04454787234042551,0.5561749128112,199;220;215;108;193;42;163;157;119;170;12;89;229;51;207;213;6;22;167;209;2;185;48;29;126;194;37;56;192;243,150;165;240;231;115;127;103;230;85;152;169;171;247;217;77;188;101;120;26;70;55;177;246;257;263;173;228;212;238;19,168;254;4;49;241;176;65;186;113;98;124;109;172;5;36;221;225;183;158;252;211;8;235;179;162;69;107;50;255;81;91;10;47;102;27;125;184;154;23;39;178;58;210;67;18;66;208;245;236;80;160;261;234;106;57;189;86;97;32;72;191;24;38;79;76;190;43;7;95;54;78;117;11;14;96;83,204;110;151;60;35;224;62;258;111;68;25;201;53;203;219;3;122;63;34;174,reject,0.5933155515540263,3fa21ade653b0a3a91a78676192e74fc3996d18162ec9d40feb4af1d1aa7983c,1,1,1,0,0,1,1,1,1,1,1,3,3,1,1,9,2,1,cycle-0007;cycle-0011;cycle-0014;cycle-0018;cycle-0023;cycle-0024;cycle-0032;cycle-0038;cycle-0039;cycle-0043;cycle-0054;cycle-0057;cycle-0058;cycle-0066;cycle-0067;cycle-0072;cycle-0076;cycle-0078;cycle-0079;cycle-0080;cycle-0083;cycle-0086;cycle-0095;cycle-0096;cycle-0097;cycle-0106;cycle-0117;cycle-0160;cycle-0178;cycle-0189;cycle-0190;cycle-0191;cycle-0208;cycle-0210;cycle-0234;cycle-0236;cycle-0245;cycle-0261,1,1986.200992,4159.466707
4,random,FedAvg,score_aware,64,49,0,6,6,1,-3.136357815789474e-05,-4.135542695e-05,-4.7574611328947366e-05,0,0,-9.694905566666666e-06,1075,124,1,0,0,0,0,0,0,1,0,0.5212950650118203,0.5212950650118203,0.5212950650118203,0.0,0.0,199;220;215;108;193;42;163;157;119;170;12;89;229;51;207;213;6;22;167;209;2;185;48;29;126;194;37;56;192;243,150;165;240;231;115;127;103;230;85;152;169;171;247;217;77;188;101;120;26;70;55;177;246;257;263;173;228;212;238;19,168;254;4;49;241;176;65;186;113;98;124;109;172;5;36;221;225;183;158;252;211;8;235;179;162;69;107;50;255;81;91;10;47;102;27;125;184;154;23;39;178;58;210;67;18;66;208;245;236;80;160;261;234;106;57;189;86;97;32;72;191;24;38;79;76;190;43;7;95;54;78;117;11;14;96;83,204;110;151;60;35;224;62;258;111;68;25;201;53;203;219;3;122;63;34;174,commit,-3.136357815789474e-05,2b42cb15db4b807f1a09aab954ae659dd922c545e2b471196ae27c8d65665f5d,1,1,1,1,1,1,1,1,1,1,1,3,3,1,1,9,2,0,cycle-0004;cycle-0005;cycle-0008;cycle-0010;cycle-0027;cycle-0036;cycle-0047;cycle-0049;cycle-0050;cycle-0065;cycle-0069;cycle-0081;cycle-0091;cycle-0098;cycle-0102;cycle-0107;cycle-0109;cycle-0113;cycle-0124;cycle-0125;cycle-0154;cycle-0158;cycle-0162;cycle-0168;cycle-0172;cycle-0176;cycle-0179;cycle-0183;cycle-0184;cycle-0186;cycle-0211;cycle-0221;cycle-0225;cycle-0235;cycle-0241;cycle-0252;cycle-0254;cycle-0255,1,1935.123909,4028.064707
4,random,FLTrust,score_aware,64,56,0,6,6,0,0.0005072340922105263,0.00973314576615,0.008626342955,0,0,0.0242222279943,1075,124,0,0,0,0,0,0,0,0,0,0.5212950650118203,0.5512706855791962,0.5212950650118203,-0.029975620567375905,0.00973314576615,199;220;215;108;193;42;163;157;119;170;12;89;229;51;207;213;6;22;167;209;2;185;48;29;126;194;37;56;192;243,150;165;240;231;115;127;103;230;85;152;169;171;247;217;77;188;101;120;26;70;55;177;246;257;263;173;228;212;238;19,168;254;4;49;241;176;65;186;113;98;124;109;172;5;36;221;225;183;158;252;211;8;235;179;162;69;107;50;255;81;91;10;47;102;27;125;184;154;23;39;178;58;210;67;18;66;208;245;236;80;160;261;234;106;57;189;86;97;32;72;191;24;38;79;76;190;43;7;95;54;78;117;11;14;96;83,204;110;151;60;35;224;62;258;111;68;25;201;53;203;219;3;122;63;34;174,reject,0.0005072340922105263,35dc8bada82f76a868ed9da77fc4a2fd3f587cd66453d989e9b3b25084b08056,1,1,1,0,0,1,1,1,1,1,1,3,3,1,1,9,2,1,cycle-0007;cycle-0011;cycle-0014;cycle-0018;cycle-0023;cycle-0024;cycle-0032;cycle-0038;cycle-0039;cycle-0043;cycle-0054;cycle-0057;cycle-0058;cycle-0066;cycle-0067;cycle-0072;cycle-0076;cycle-0078;cycle-0079;cycle-0080;cycle-0083;cycle-0086;cycle-0095;cycle-0096;cycle-0097;cycle-0106;cycle-0117;cycle-0160;cycle-0178;cycle-0189;cycle-0190;cycle-0191;cycle-0208;cycle-0210;cycle-0234;cycle-0236;cycle-0245;cycle-0261,1,1954.139552,4067.782222
4,random,FoundationFL,score_aware,64,39,1,6,6,1,-0.000877749145631579,-0.00181351144195,-0.0016148535751578947,0,0,-0.0030467089228666667,1075,124,1,0,0,0,0,0,0,1,0,0.5212950650118203,0.535405585106383,0.535405585106383,0.0,0.0,199;220;215;108;193;42;163;157;119;170;12;89;229;51;207;213;6;22;167;209;2;185;48;29;126;194;37;56;192;243,150;165;240;231;115;127;103;230;85;152;169;171;247;217;77;188;101;120;26;70;55;177;246;257;263;173;228;212;238;19,168;254;4;49;241;176;65;186;113;98;124;109;172;5;36;221;225;183;158;252;211;8;235;179;162;69;107;50;255;81;91;10;47;102;27;125;184;154;23;39;178;58;210;67;18;66;208;245;236;80;160;261;234;106;57;189;86;97;32;72;191;24;38;79;76;190;43;7;95;54;78;117;11;14;96;83,204;110;151;60;35;224;62;258;111;68;25;201;53;203;219;3;122;63;34;174,commit,-0.000877749145631579,186d63ce272b14b1558f8da0b926037149c8f76fb87bc1a1bfb12f22551f7a61,1,1,1,1,1,1,1,1,1,1,1,3,3,1,1,9,2,1,cycle-0007;cycle-0011;cycle-0014;cycle-0018;cycle-0023;cycle-0024;cycle-0032;cycle-0038;cycle-0039;cycle-0043;cycle-0054;cycle-0057;cycle-0058;cycle-0066;cycle-0067;cycle-0072;cycle-0076;cycle-0078;cycle-0079;cycle-0080;cycle-0083;cycle-0086;cycle-0095;cycle-0096;cycle-0097;cycle-0106;cycle-0117;cycle-0160;cycle-0178;cycle-0189;cycle-0190;cycle-0191;cycle-0208;cycle-0210;cycle-0234;cycle-0236;cycle-0245;cycle-0261,1,1968.951604,4052.889699
5,random,FedAvg,none,0,0,0,6,0,0,0.00033443608905263156,-0.0017566644002,0.0015755863194210527,0,0,0.0009672872987,858,72,0,0,0,0,0,0,0,1,1,0.5106060606060606,0.5351239669421488,0.5106060606060606,-0.02451790633608819,-0.0017566644002,160;154;58;86;186;179;27;4;206;56;34;212;67;245;39;99;224;44;23;232;63;193;82;159;211;246;37;115;78;227,19;114;247;175;165;122;75;262;17;88;73;8;125;152;220;163;169;205;259;238;57;181;192;20;195;95;51;174;119;77,43;243;25;222;237;218;116;72;64;105;189;242;251;108;178;15;250;240;93;190;150;194;234;173;126;236;151;203;199;40;185;92;79;90;102;241;59;7;183;233;257;164;172;6;113;84;161;235;176;21;98;198;162;28;70;81;170;36;229;226;32;80;208;48;103;256;168;66;49;157;13;89;45;196;71;12,123;219;42;31;10;53;217;30;69;60;210;2;249;252;62;61;24;47;213;22,reject,0.00033443608905263156,2781064701044311c7eade64765350d3fbfc5cbc74a39be0091bab00bfd1f215,1,2,2,0,0,1,1,1,1,1,1,3,3,1,1,9,2,1,cycle-0006;cycle-0012;cycle-0013;cycle-0021;cycle-0028;cycle-0032;cycle-0036;cycle-0045;cycle-0048;cycle-0049;cycle-0066;cycle-0070;cycle-0071;cycle-0080;cycle-0081;cycle-0084;cycle-0089;cycle-0098;cycle-0103;cycle-0113;cycle-0157;cycle-0161;cycle-0162;cycle-0164;cycle-0168;cycle-0170;cycle-0172;cycle-0176;cycle-0183;cycle-0196;cycle-0198;cycle-0208;cycle-0226;cycle-0229;cycle-0233;cycle-0235;cycle-0256;cycle-0257,1,2300.442422,5349.022906
5,random,CoordinateMedian,none,0,0,0,6,0,1,-0.0037078425954473683,-0.00771012622795,-0.004949185502276316,0,0,-0.006047883278,858,72,1,0,0,0,0,0,0,1,0,0.5106060606060606,0.515564738292011,0.515564738292011,0.0,0.0,160;154;58;86;186;179;27;4;206;56;34;212;67;245;39;99;224;44;23;232;63;193;82;159;211;246;37;115;78;227,19;114;247;175;165;122;75;262;17;88;73;8;125;152;220;163;169;205;259;238;57;181;192;20;195;95;51;174;119;77,43;243;25;222;237;218;116;72;64;105;189;242;251;108;178;15;250;240;93;190;150;194;234;173;126;236;151;203;199;40;185;92;79;90;102;241;59;7;183;233;257;164;172;6;113;84;161;235;176;21;98;198;162;28;70;81;170;36;229;226;32;80;208;48;103;256;168;66;49;157;13;89;45;196;71;12,123;219;42;31;10;53;217;30;69;60;210;2;249;252;62;61;24;47;213;22,commit,-0.0037078425954473683,378d0ad3fc98938a8da7b5292d58935ec53a083231ef125d7723fdbcf159ed8a,1,1,1,1,1,1,1,1,1,1,1,3,3,1,1,9,2,0,cycle-0007;cycle-0015;cycle-0025;cycle-0040;cycle-0043;cycle-0059;cycle-0064;cycle-0072;cycle-0079;cycle-0090;cycle-0092;cycle-0093;cycle-0102;cycle-0105;cycle-0108;cycle-0116;cycle-0126;cycle-0150;cycle-0151;cycle-0173;cycle-0178;cycle-0185;cycle-0189;cycle-0190;cycle-0194;cycle-0199;cycle-0203;cycle-0218;cycle-0222;cycle-0234;cycle-0236;cycle-0237;cycle-0240;cycle-0241;cycle-0242;cycle-0243;cycle-0250;cycle-0251,1,2179.084739,4520.737237
5,random,Krum,none,0,0,0,6,0,1,-0.010012724128,-0.0187021943897,-0.004235266858592105,0,0,-0.0072941331971,858,72,1,0,0,0,0,0,0,1,0,0.5106060606060606,0.5458677685950413,0.5458677685950413,0.0,0.0,160;154;58;86;186;179;27;4;206;56;34;212;67;245;39;99;224;44;23;232;63;193;82;159;211;246;37;115;78;227,19;114;247;175;165;122;75;262;17;88;73;8;125;152;220;163;169;205;259;238;57;181;192;20;195;95;51;174;119;77,43;243;25;222;237;218;116;72;64;105;189;242;251;108;178;15;250;240;93;190;150;194;234;173;126;236;151;203;199;40;185;92;79;90;102;241;59;7;183;233;257;164;172;6;113;84;161;235;176;21;98;198;162;28;70;81;170;36;229;226;32;80;208;48;103;256;168;66;49;157;13;89;45;196;71;12,123;219;42;31;10;53;217;30;69;60;210;2;249;252;62;61;24;47;213;22,commit,-0.010012724128,f5d7efaa718ae3a8b1c44d3faa08c3f581088d2fcbb02e69f0dcd732a0c81160,1,1,1,1,1,1,1,1,1,1,1,3,3,1,1,9,2,1,cycle-0006;cycle-0012;cycle-0013;cycle-0021;cycle-0028;cycle-0032;cycle-0036;cycle-0045;cycle-0048;cycle-0049;cycle-0066;cycle-0070;cycle-0071;cycle-0080;cycle-0081;cycle-0084;cycle-0089;cycle-0098;cycle-0103;cycle-0113;cycle-0157;cycle-0161;cycle-0162;cycle-0164;cycle-0168;cycle-0170;cycle-0172;cycle-0176;cycle-0183;cycle-0196;cycle-0198;cycle-0208;cycle-0226;cycle-0229;cycle-0233;cycle-0235;cycle-0256;cycle-0257,1,2245.474502,4541.644989
5,random,FLTrust,none,0,0,0,6,0,0,0.018369711272394736,-0.01187909856005,0.010245553199486843,0,0,0.007533128098733333,858,72,0,0,0,0,0,0,0,1,1,0.5106060606060606,0.5435261707988981,0.5106060606060606,-0.03292011019283747,-0.01187909856005,160;154;58;86;186;179;27;4;206;56;34;212;67;245;39;99;224;44;23;232;63;193;82;159;211;246;37;115;78;227,19;114;247;175;165;122;75;262;17;88;73;8;125;152;220;163;169;205;259;238;57;181;192;20;195;95;51;174;119;77,43;243;25;222;237;218;116;72;64;105;189;242;251;108;178;15;250;240;93;190;150;194;234;173;126;236;151;203;199;40;185;92;79;90;102;241;59;7;183;233;257;164;172;6;113;84;161;235;176;21;98;198;162;28;70;81;170;36;229;226;32;80;208;48;103;256;168;66;49;157;13;89;45;196;71;12,123;219;42;31;10;53;217;30;69;60;210;2;249;252;62;61;24;47;213;22,reject,0.018369711272394736,7fab13ff85929bf7d4c67f1fe426dffa4c1219056dcd2a0a1c2eff83e116f244,1,1,1,0,0,1,1,1,1,1,1,3,3,1,1,9,2,0,cycle-0007;cycle-0015;cycle-0025;cycle-0040;cycle-0043;cycle-0059;cycle-0064;cycle-0072;cycle-0079;cycle-0090;cycle-0092;cycle-0093;cycle-0102;cycle-0105;cycle-0108;cycle-0116;cycle-0126;cycle-0150;cycle-0151;cycle-0173;cycle-0178;cycle-0185;cycle-0189;cycle-0190;cycle-0194;cycle-0199;cycle-0203;cycle-0218;cycle-0222;cycle-0234;cycle-0236;cycle-0237;cycle-0240;cycle-0241;cycle-0242;cycle-0243;cycle-0250;cycle-0251,1,2266.633195,4498.071438
5,random,FedVal,none,0,0,0,6,0,1,-0.0015156947695526316,-0.0104580411005,0.0037100952468421054,0,0,0.0016552757448333334,858,72,0,0,0,0,0,0,0,1,0,0.5106060606060606,0.5426997245179064,0.5426997245179064,0.0,0.0,160;154;58;86;186;179;27;4;206;56;34;212;67;245;39;99;224;44;23;232;63;193;82;159;211;246;37;115;78;227,19;114;247;175;165;122;75;262;17;88;73;8;125;152;220;163;169;205;259;238;57;181;192;20;195;95;51;174;119;77,43;243;25;222;237;218;116;72;64;105;189;242;251;108;178;15;250;240;93;190;150;194;234;173;126;236;151;203;199;40;185;92;79;90;102;241;59;7;183;233;257;164;172;6;113;84;161;235;176;21;98;198;162;28;70;81;170;36;229;226;32;80;208;48;103;256;168;66;49;157;13;89;45;196;71;12,123;219;42;31;10;53;217;30;69;60;210;2;249;252;62;61;24;47;213;22,commit,-0.0015156947695526316,0b344a2759884f0103fa1af21d0b5f5b37c50fa6293c1b3bfafd0f9b161d985e,1,1,1,1,1,1,1,1,1,1,1,3,3,1,1,9,2,1,cycle-0006;cycle-0012;cycle-0013;cycle-0021;cycle-0028;cycle-0032;cycle-0036;cycle-0045;cycle-0048;cycle-0049;cycle-0066;cycle-0070;cycle-0071;cycle-0080;cycle-0081;cycle-0084;cycle-0089;cycle-0098;cycle-0103;cycle-0113;cycle-0157;cycle-0161;cycle-0162;cycle-0164;cycle-0168;cycle-0170;cycle-0172;cycle-0176;cycle-0183;cycle-0196;cycle-0198;cycle-0208;cycle-0226;cycle-0229;cycle-0233;cycle-0235;cycle-0256;cycle-0257,1,2269.949312,4524.529989
5,random,FLShield,none,0,0,0,6,0,1,-0.000738567393,0.00809303992385,0.00141946454675,0,0,0.0021144988492,858,72,0,0,0,0,0,0,0,0,0,0.5106060606060606,0.5100550964187328,0.5100550964187328,0.0,0.0,160;154;58;86;186;179;27;4;206;56;34;212;67;245;39;99;224;44;23;232;63;193;82;159;211;246;37;115;78;227,19;114;247;175;165;122;75;262;17;88;73;8;125;152;220;163;169;205;259;238;57;181;192;20;195;95;51;174;119;77,43;243;25;222;237;218;116;72;64;105;189;242;251;108;178;15;250;240;93;190;150;194;234;173;126;236;151;203;199;40;185;92;79;90;102;241;59;7;183;233;257;164;172;6;113;84;161;235;176;21;98;198;162;28;70;81;170;36;229;226;32;80;208;48;103;256;168;66;49;157;13;89;45;196;71;12,123;219;42;31;10;53;217;30;69;60;210;2;249;252;62;61;24;47;213;22,commit,-0.000738567393,f415aa606fc792eae307da37217bc9e136b42310efdf5f8e20aa8c8edf4292fc,1,1,1,1,1,1,1,1,1,1,1,3,3,1,1,9,2,0,cycle-0007;cycle-0015;cycle-0025;cycle-0040;cycle-0043;cycle-0059;cycle-0064;cycle-0072;cycle-0079;cycle-0090;cycle-0092;cycle-0093;cycle-0102;cycle-0105;cycle-0108;cycle-0116;cycle-0126;cycle-0150;cycle-0151;cycle-0173;cycle-0178;cycle-0185;cycle-0189;cycle-0190;cycle-0194;cycle-0199;cycle-0203;cycle-0218;cycle-0222;cycle-0234;cycle-0236;cycle-0237;cycle-0240;cycle-0241;cycle-0242;cycle-0243;cycle-0250;cycle-0251,1,2192.160273,4497.831929
5,random,FoundationFL,none,0,0,0,6,0,0,0.010779625616342105,-0.0028828494503,0.007214148298894737,0,0,0.006184049507833333,858,72,0,0,0,0,0,0,0,1,1,0.5106060606060606,0.5402203856749311,0.5106060606060606,-0.029614325068870517,-0.0028828494503,160;154;58;86;186;179;27;4;206;56;34;212;67;245;39;99;224;44;23;232;63;193;82;159;211;246;37;115;78;227,19;114;247;175;165;122;75;262;17;88;73;8;125;152;220;163;169;205;259;238;57;181;192;20;195;95;51;174;119;77,43;243;25;222;237;218;116;72;64;105;189;242;251;108;178;15;250;240;93;190;150;194;234;173;126;236;151;203;199;40;185;92;79;90;102;241;59;7;183;233;257;164;172;6;113;84;161;235;176;21;98;198;162;28;70;81;170;36;229;226;32;80;208;48;103;256;168;66;49;157;13;89;45;196;71;12,123;219;42;31;10;53;217;30;69;60;210;2;249;252;62;61;24;47;213;22,reject,0.010779625616342105,d40ee73253fd5e1fdf84e34f7326b0debc89f8af805cf1f3c1738817143734e9,1,1,1,0,0,1,1,1,1,1,1,3,3,1,1,9,2,0,cycle-0007;cycle-0015;cycle-0025;cycle-0040;cycle-0043;cycle-0059;cycle-0064;cycle-0072;cycle-0079;cycle-0090;cycle-0092;cycle-0093;cycle-0102;cycle-0105;cycle-0108;cycle-0116;cycle-0126;cycle-0150;cycle-0151;cycle-0173;cycle-0178;cycle-0185;cycle-0189;cycle-0190;cycle-0194;cycle-0199;cycle-0203;cycle-0218;cycle-0222;cycle-0234;cycle-0236;cycle-0237;cycle-0240;cycle-0241;cycle-0242;cycle-0243;cycle-0250;cycle-0251,1,2202.417301,4572.201366
5,random,FedAvg,sign_flip,0,0,0,6,6,1,-0.003325885905868421,0.04545652134785,0.009253091221710526,0,0,0.014058784026533334,858,72,0,0,0,0,0,0,0,0,0,0.5106060606060606,0.6578512396694215,0.6578512396694215,0.0,0.0,160;154;58;86;186;179;27;4;206;56;34;212;67;245;39;99;224;44;23;232;63;193;82;159;211;246;37;115;78;227,19;114;247;175;165;122;75;262;17;88;73;8;125;152;220;163;169;205;259;238;57;181;192;20;195;95;51;174;119;77,43;243;25;222;237;218;116;72;64;105;189;242;251;108;178;15;250;240;93;190;150;194;234;173;126;236;151;203;199;40;185;92;79;90;102;241;59;7;183;233;257;164;172;6;113;84;161;235;176;21;98;198;162;28;70;81;170;36;229;226;32;80;208;48;103;256;168;66;49;157;13;89;45;196;71;12,123;219;42;31;10;53;217;30;69;60;210;2;249;252;62;61;24;47;213;22,commit,-0.003325885905868421,193fa15de9a83f50b319974ea2f1ffd5b61afee797f86314894fc0ad95bfad41,1,1,1,1,1,1,1,1,1,1,1,3,3,1,1,9,2,0,cycle-0007;cycle-0015;cycle-0025;cycle-0040;cycle-0043;cycle-0059;cycle-0064;cycle-0072;cycle-0079;cycle-0090;cycle-0092;cycle-0093;cycle-0102;cycle-0105;cycle-0108;cycle-0116;cycle-0126;cycle-0150;cycle-0151;cycle-0173;cycle-0178;cycle-0185;cycle-0189;cycle-0190;cycle-0194;cycle-0199;cycle-0203;cycle-0218;cycle-0222;cycle-0234;cycle-0236;cycle-0237;cycle-0240;cycle-0241;cycle-0242;cycle-0243;cycle-0250;cycle-0251,1,2230.969792,4466.479288
5,random,CoordinateMedian,sign_flip,0,0,0,6,6,1,-0.0064601109805,0.0126855608252,-0.001602710486513158,0,0,5.5623017733333335e-05,858,72,0,0,0,0,0,0,0,0,0,0.5106060606060606,0.4815426997245179,0.4815426997245179,0.0,0.0,160;154;58;86;186;179;27;4;206;56;34;212;67;245;39;99;224;44;23;232;63;193;82;159;211;246;37;115;78;227,19;114;247;175;165;122;75;262;17;88;73;8;125;152;220;163;169;205;259;238;57;181;192;20;195;95;51;174;119;77,43;243;25;222;237;218;116;72;64;105;189;242;251;108;178;15;250;240;93;190;150;194;234;173;126;236;151;203;199;40;185;92;79;90;102;241;59;7;183;233;257;164;172;6;113;84;161;235;176;21;98;198;162;28;70;81;170;36;229;226;32;80;208;48;103;256;168;66;49;157;13;89;45;196;71;12,123;219;42;31;10;53;217;30;69;60;210;2;249;252;62;61;24;47;213;22,commit,-0.0064601109805,a3d9251b16e42721e3880f7b0c90ba5a724318a21aa7dcd9c5b96b0d66d69555,1,1,1,1,1,1,1,1,1,1,1,3,3,1,1,9,2,0,cycle-0007;cycle-0015;cycle-0025;cycle-0040;cycle-0043;cycle-0059;cycle-0064;cycle-0072;cycle-0079;cycle-0090;cycle-0092;cycle-0093;cycle-0102;cycle-0105;cycle-0108;cycle-0116;cycle-0126;cycle-0150;cycle-0151;cycle-0173;cycle-0178;cycle-0185;cycle-0189;cycle-0190;cycle-0194;cycle-0199;cycle-0203;cycle-0218;cycle-0222;cycle-0234;cycle-0236;cycle-0237;cycle-0240;cycle-0241;cycle-0242;cycle-0243;cycle-0250;cycle-0251,1,2257.598425,4503.332862
5,random,Krum,sign_flip,0,0,0,6,6,0,0.0012406763577894736,0.00669083285175,-0.0014034369098421052,0,0,-0.0007024660561333333,858,72,1,0,0,0,0,0,0,0,0,0.5106060606060606,0.5041322314049587,0.5106060606060606,0.006473829201101955,0.00669083285175,160;154;58;86;186;179;27;4;206;56;34;212;67;245;39;99;224;44;23;232;63;193;82;159;211;246;37;115;78;227,19;114;247;175;165;122;75;262;17;88;73;8;125;152;220;163;169;205;259;238;57;181;192;20;195;95;51;174;119;77,43;243;25;222;237;218;116;72;64;105;189;242;251;108;178;15;250;240;93;190;150;194;234;173;126;236;151;203;199;40;185;92;79;90;102;241;59;7;183;233;257;164;172;6;113;84;161;235;176;21;98;198;162;28;70;81;170;36;229;226;32;80;208;48;103;256;168;66;49;157;13;89;45;196;71;12,123;219;42;31;10;53;217;30;69;60;210;2;249;252;62;61;24;47;213;22,reject,0.0012406763577894736,cc281bcc67ddf3d32f41ebecb546626482d747e9ec60e36e3c463f6074e24d24,1,1,1,0,0,1,1,1,1,1,1,3,3,1,1,9,2,1,cycle-0006;cycle-0012;cycle-0013;cycle-0021;cycle-0028;cycle-0032;cycle-0036;cycle-0045;cycle-0048;cycle-0049;cycle-0066;cycle-0070;cycle-0071;cycle-0080;cycle-0081;cycle-0084;cycle-0089;cycle-0098;cycle-0103;cycle-0113;cycle-0157;cycle-0161;cycle-0162;cycle-0164;cycle-0168;cycle-0170;cycle-0172;cycle-0176;cycle-0183;cycle-0196;cycle-0198;cycle-0208;cycle-0226;cycle-0229;cycle-0233;cycle-0235;cycle-0256;cycle-0257,1,2166.755833,4468.873478
5,random,FLTrust,sign_flip,0,0,0,6,6,0,0.0032384674479210528,-0.01053725933755,0.011112124518723685,0,0,0.0084807362761,858,72,0,0,0,0,0,0,0,1,1,0.5106060606060606,0.5418732782369147,0.5106060606060606,-0.03126721763085405,-0.01053725933755,160;154;58;86;186;179;27;4;206;56;34;212;67;245;39;99;224;44;23;232;63;193;82;159;211;246;37;115;78;227,19;114;247;175;165;122;75;262;17;88;73;8;125;152;220;163;169;205;259;238;57;181;192;20;195;95;51;174;119;77,43;243;25;222;237;218;116;72;64;105;189;242;251;108;178;15;250;240;93;190;150;194;234;173;126;236;151;203;199;40;185;92;79;90;102;241;59;7;183;233;257;164;172;6;113;84;161;235;176;21;98;198;162;28;70;81;170;36;229;226;32;80;208;48;103;256;168;66;49;157;13;89;45;196;71;12,123;219;42;31;10;53;217;30;69;60;210;2;249;252;62;61;24;47;213;22,reject,0.0032384674479210528,da23704e45da58de95abef270daf1c77e25e362250ca8b079e24226b3c5e8214,1,1,1,0,0,1,1,1,1,1,1,3,3,1,1,9,2,1,cycle-0006;cycle-0012;cycle-0013;cycle-0021;cycle-0028;cycle-0032;cycle-0036;cycle-0045;cycle-0048;cycle-0049;cycle-0066;cycle-0070;cycle-0071;cycle-0080;cycle-0081;cycle-0084;cycle-0089;cycle-0098;cycle-0103;cycle-0113;cycle-0157;cycle-0161;cycle-0162;cycle-0164;cycle-0168;cycle-0170;cycle-0172;cycle-0176;cycle-0183;cycle-0196;cycle-0198;cycle-0208;cycle-0226;cycle-0229;cycle-0233;cycle-0235;cycle-0256;cycle-0257,1,2176.726597,4519.098525
5,random,FedVal,sign_flip,0,0,0,6,6,1,-0.0018068595678421052,-0.00113056290855,-0.0022253316995789474,0,0,-0.00231751884,858,72,1,0,0,0,0,0,0,1,0,0.5106060606060606,0.5022038567493113,0.5022038567493113,0.0,0.0,160;154;58;86;186;179;27;4;206;56;34;212;67;245;39;99;224;44;23;232;63;193;82;159;211;246;37;115;78;227,19;114;247;175;165;122;75;262;17;88;73;8;125;152;220;163;169;205;259;238;57;181;192;20;195;95;51;174;119;77,43;243;25;222;237;218;116;72;64;105;189;242;251;108;178;15;250;240;93;190;150;194;234;173;126;236;151;203;199;40;185;92;79;90;102;241;59;7;183;233;257;164;172;6;113;84;161;235;176;21;98;198;162;28;70;81;170;36;229;226;32;80;208;48;103;256;168;66;49;157;13;89;45;196;71;12,123;219;42;31;10;53;217;30;69;60;210;2;249;252;62;61;24;47;213;22,commit,-0.0018068595678421052,2be59684bf51d8cf6e78cb312aceb212602eb56fa30caae61c44e054abf35ab5,1,1,1,1,1,1,1,1,1,1,1,3,3,1,1,9,2,1,cycle-0006;cycle-0012;cycle-0013;cycle-0021;cycle-0028;cycle-0032;cycle-0036;cycle-0045;cycle-0048;cycle-0049;cycle-0066;cycle-0070;cycle-0071;cycle-0080;cycle-0081;cycle-0084;cycle-0089;cycle-0098;cycle-0103;cycle-0113;cycle-0157;cycle-0161;cycle-0162;cycle-0164;cycle-0168;cycle-0170;cycle-0172;cycle-0176;cycle-0183;cycle-0196;cycle-0198;cycle-0208;cycle-0226;cycle-0229;cycle-0233;cycle-0235;cycle-0256;cycle-0257,1,2262.702192,4425.532151
5,random,FLShield,sign_flip,0,0,0,6,6,0,0.0004386978659210526,0.0020612033165,0.0008521497026710526,0,0,0.0009390102638,858,72,0,0,0,0,0,0,0,0,0,0.5106060606060606,0.5267217630853995,0.5106060606060606,-0.01611570247933891,0.0020612033165,160;154;58;86;186;179;27;4;206;56;34;212;67;245;39;99;224;44;23;232;63;193;82;159;211;246;37;115;78;227,19;114;247;175;165;122;75;262;17;88;73;8;125;152;220;163;169;205;259;238;57;181;192;20;195;95;51;174;119;77,43;243;25;222;237;218;116;72;64;105;189;242;251;108;178;15;250;240;93;190;150;194;234;173;126;236;151;203;199;40;185;92;79;90;102;241;59;7;183;233;257;164;172;6;113;84;161;235;176;21;98;198;162;28;70;81;170;36;229;226;32;80;208;48;103;256;168;66;49;157;13;89;45;196;71;12,123;219;42;31;10;53;217;30;69;60;210;2;249;252;62;61;24;47;213;22,reject,0.0004386978659210526,decf6f9fd3b58beaaddc2ff1314cf0851a4e36942d8f3d49ff973ac57065f61d,1,1,1,0,0,1,1,1,1,1,1,3,3,1,1,9,2,0,cycle-0007;cycle-0015;cycle-0025;cycle-0040;cycle-0043;cycle-0059;cycle-0064;cycle-0072;cycle-0079;cycle-0090;cycle-0092;cycle-0093;cycle-0102;cycle-0105;cycle-0108;cycle-0116;cycle-0126;cycle-0150;cycle-0151;cycle-0173;cycle-0178;cycle-0185;cycle-0189;cycle-0190;cycle-0194;cycle-0199;cycle-0203;cycle-0218;cycle-0222;cycle-0234;cycle-0236;cycle-0237;cycle-0240;cycle-0241;cycle-0242;cycle-0243;cycle-0250;cycle-0251,1,2221.33042,4464.403189
5,random,FoundationFL,sign_flip,0,0,0,6,6,0,0.04307291146528947,0.24553754937335,0.09122667473721052,0,0,0.1004471034995,858,72,0,0,0,1,0,0,0,0,0,0.5106060606060606,0.5292011019283747,0.5106060606060606,-0.018595041322314043,0.24553754937335,160;154;58;86;186;179;27;4;206;56;34;212;67;245;39;99;224;44;23;232;63;193;82;159;211;246;37;115;78;227,19;114;247;175;165;122;75;262;17;88;73;8;125;152;220;163;169;205;259;238;57;181;192;20;195;95;51;174;119;77,43;243;25;222;237;218;116;72;64;105;189;242;251;108;178;15;250;240;93;190;150;194;234;173;126;236;151;203;199;40;185;92;79;90;102;241;59;7;183;233;257;164;172;6;113;84;161;235;176;21;98;198;162;28;70;81;170;36;229;226;32;80;208;48;103;256;168;66;49;157;13;89;45;196;71;12,123;219;42;31;10;53;217;30;69;60;210;2;249;252;62;61;24;47;213;22,reject,0.04307291146528947,dd839085ac9a723e2595358d963325d003df1252e273a01d14fd8e63e585395d,1,1,1,0,0,1,1,1,1,1,1,3,3,1,1,9,2,0,cycle-0007;cycle-0015;cycle-0025;cycle-0040;cycle-0043;cycle-0059;cycle-0064;cycle-0072;cycle-0079;cycle-0090;cycle-0092;cycle-0093;cycle-0102;cycle-0105;cycle-0108;cycle-0116;cycle-0126;cycle-0150;cycle-0151;cycle-0173;cycle-0178;cycle-0185;cycle-0189;cycle-0190;cycle-0194;cycle-0199;cycle-0203;cycle-0218;cycle-0222;cycle-0234;cycle-0236;cycle-0237;cycle-0240;cycle-0241;cycle-0242;cycle-0243;cycle-0250;cycle-0251,1,2269.501425,4564.135241
5,random,FedAvg,model_replacement,0,0,0,6,6,0,0.4086120938793158,0.38939405836805,0.39408235400603947,1,0,0.42626029113583336,858,72,0,0,0,1,1,0,0,0,0,0.5106060606060606,0.48057851239669425,0.5106060606060606,0.030027548209366373,0.38939405836805,160;154;58;86;186;179;27;4;206;56;34;212;67;245;39;99;224;44;23;232;63;193;82;159;211;246;37;115;78;227,19;114;247;175;165;122;75;262;17;88;73;8;125;152;220;163;169;205;259;238;57;181;192;20;195;95;51;174;119;77,43;243;25;222;237;218;116;72;64;105;189;242;251;108;178;15;250;240;93;190;150;194;234;173;126;236;151;203;199;40;185;92;79;90;102;241;59;7;183;233;257;164;172;6;113;84;161;235;176;21;98;198;162;28;70;81;170;36;229;226;32;80;208;48;103;256;168;66;49;157;13;89;45;196;71;12,123;219;42;31;10;53;217;30;69;60;210;2;249;252;62;61;24;47;213;22,reject,0.4086120938793158,4fa83490db4e61f93ccb7af8dfaa3a6c7df4b3745850408900bfe9577ab1ff1d,1,1,1,0,0,1,1,1,1,1,1,3,3,1,1,9,2,1,cycle-0006;cycle-0012;cycle-0013;cycle-0021;cycle-0028;cycle-0032;cycle-0036;cycle-0045;cycle-0048;cycle-0049;cycle-0066;cycle-0070;cycle-0071;cycle-0080;cycle-0081;cycle-0084;cycle-0089;cycle-0098;cycle-0103;cycle-0113;cycle-0157;cycle-0161;cycle-0162;cycle-0164;cycle-0168;cycle-0170;cycle-0172;cycle-0176;cycle-0183;cycle-0196;cycle-0198;cycle-0208;cycle-0226;cycle-0229;cycle-0233;cycle-0235;cycle-0256;cycle-0257,1,2213.736286,4512.882948
5,random,CoordinateMedian,model_replacement,0,0,0,6,6,0,0.004434593206894737,-0.0062342763453,0.0016818532025657895,0,0,0.0009161283928,858,72,0,0,0,0,0,0,0,1,1,0.5106060606060606,0.5450413223140496,0.5106060606060606,-0.03443526170798894,-0.0062342763453,160;154;58;86;186;179;27;4;206;56;34;212;67;245;39;99;224;44;23;232;63;193;82;159;211;246;37;115;78;227,19;114;247;175;165;122;75;262;17;88;73;8;125;152;220;163;169;205;259;238;57;181;192;20;195;95;51;174;119;77,43;243;25;222;237;218;116;72;64;105;189;242;251;108;178;15;250;240;93;190;150;194;234;173;126;236;151;203;199;40;185;92;79;90;102;241;59;7;183;233;257;164;172;6;113;84;161;235;176;21;98;198;162;28;70;81;170;36;229;226;32;80;208;48;103;256;168;66;49;157;13;89;45;196;71;12,123;219;42;31;10;53;217;30;69;60;210;2;249;252;62;61;24;47;213;22,reject,0.004434593206894737,0daee1a09b0cbf81d8492ae717bd32a493d391ae57de4be92853417c296fd1b8,1,1,1,0,0,1,1,1,1,1,1,3,3,1,1,9,2,0,cycle-0007;cycle-0015;cycle-0025;cycle-0040;cycle-0043;cycle-0059;cycle-0064;cycle-0072;cycle-0079;cycle-0090;cycle-0092;cycle-0093;cycle-0102;cycle-0105;cycle-0108;cycle-0116;cycle-0126;cycle-0150;cycle-0151;cycle-0173;cycle-0178;cycle-0185;cycle-0189;cycle-0190;cycle-0194;cycle-0199;cycle-0203;cycle-0218;cycle-0222;cycle-0234;cycle-0236;cycle-0237;cycle-0240;cycle-0241;cycle-0242;cycle-0243;cycle-0250;cycle-0251,1,2166.234412,4523.153571
5,random,Krum,model_replacement,0,0,0,6,6,1,-0.010012724128,-0.0187021943897,-0.004235266858592105,0,0,-0.0072941331971,858,72,1,0,0,0,0,0,0,1,0,0.5106060606060606,0.5458677685950413,0.5458677685950413,0.0,0.0,160;154;58;86;186;179;27;4;206;56;34;212;67;245;39;99;224;44;23;232;63;193;82;159;211;246;37;115;78;227,19;114;247;175;165;122;75;262;17;88;73;8;125;152;220;163;169;205;259;238;57;181;192;20;195;95;51;174;119;77,43;243;25;222;237;218;116;72;64;105;189;242;251;108;178;15;250;240;93;190;150;194;234;173;126;236;151;203;199;40;185;92;79;90;102;241;59;7;183;233;257;164;172;6;113;84;161;235;176;21;98;198;162;28;70;81;170;36;229;226;32;80;208;48;103;256;168;66;49;157;13;89;45;196;71;12,123;219;42;31;10;53;217;30;69;60;210;2;249;252;62;61;24;47;213;22,commit,-0.010012724128,326130c553ec4f550b1dc7bc77fdc5bf648226b5ce63f04956535049419cbe8b,1,1,1,1,1,1,1,1,1,1,1,3,3,1,1,9,2,1,cycle-0006;cycle-0012;cycle-0013;cycle-0021;cycle-0028;cycle-0032;cycle-0036;cycle-0045;cycle-0048;cycle-0049;cycle-0066;cycle-0070;cycle-0071;cycle-0080;cycle-0081;cycle-0084;cycle-0089;cycle-0098;cycle-0103;cycle-0113;cycle-0157;cycle-0161;cycle-0162;cycle-0164;cycle-0168;cycle-0170;cycle-0172;cycle-0176;cycle-0183;cycle-0196;cycle-0198;cycle-0208;cycle-0226;cycle-0229;cycle-0233;cycle-0235;cycle-0256;cycle-0257,1,2257.484797,4533.933288
5,random,FLTrust,model_replacement,0,0,0,6,6,0,0.004903581668131579,-0.00721872381985,0.011352477485197368,0,0,0.009755944888533333,858,72,0,0,0,0,0,0,0,1,1,0.5106060606060606,0.5342975206611571,0.5106060606060606,-0.02369146005509648,-0.00721872381985,160;154;58;86;186;179;27;4;206;56;34;212;67;245;39;99;224;44;23;232;63;193;82;159;211;246;37;115;78;227,19;114;247;175;165;122;75;262;17;88;73;8;125;152;220;163;169;205;259;238;57;181;192;20;195;95;51;174;119;77,43;243;25;222;237;218;116;72;64;105;189;242;251;108;178;15;250;240;93;190;150;194;234;173;126;236;151;203;199;40;185;92;79;90;102;241;59;7;183;233;257;164;172;6;113;84;161;235;176;21;98;198;162;28;70;81;170;36;229;226;32;80;208;48;103;256;168;66;49;157;13;89;45;196;71;12,123;219;42;31;10;53;217;30;69;60;210;2;249;252;62;61;24;47;213;22,reject,0.004903581668131579,407cf87f8b90ffca860745d1813f39a68efa318c59e5a768f0cacaaa06eb8c44,1,1,1,0,0,1,1,1,1,1,1,3,3,1,1,9,2,1,cycle-0006;cycle-0012;cycle-0013;cycle-0021;cycle-0028;cycle-0032;cycle-0036;cycle-0045;cycle-0048;cycle-0049;cycle-0066;cycle-0070;cycle-0071;cycle-0080;cycle-0081;cycle-0084;cycle-0089;cycle-0098;cycle-0103;cycle-0113;cycle-0157;cycle-0161;cycle-0162;cycle-0164;cycle-0168;cycle-0170;cycle-0172;cycle-0176;cycle-0183;cycle-0196;cycle-0198;cycle-0208;cycle-0226;cycle-0229;cycle-0233;cycle-0235;cycle-0256;cycle-0257,1,2233.288965,4516.601628
5,random,FedVal,model_replacement,0,0,0,6,6,0,0.09627590864210527,0.06328702010685,0.10500143169282895,0,0,0.11541071891243333,858,72,0,0,0,1,0,0,0,0,0,0.5106060606060606,0.4662534435261708,0.5106060606060606,0.0443526170798898,0.06328702010685,160;154;58;86;186;179;27;4;206;56;34;212;67;245;39;99;224;44;23;232;63;193;82;159;211;246;37;115;78;227,19;114;247;175;165;122;75;262;17;88;73;8;125;152;220;163;169;205;259;238;57;181;192;20;195;95;51;174;119;77,43;243;25;222;237;218;116;72;64;105;189;242;251;108;178;15;250;240;93;190;150;194;234;173;126;236;151;203;199;40;185;92;79;90;102;241;59;7;183;233;257;164;172;6;113;84;161;235;176;21;98;198;162;28;70;81;170;36;229;226;32;80;208;48;103;256;168;66;49;157;13;89;45;196;71;12,123;219;42;31;10;53;217;30;69;60;210;2;249;252;62;61;24;47;213;22,reject,0.09627590864210527,0f2a47277097f6440d203ed2ac36d1eb297b4f2d58fe0fd2c94d3b2bbfad92d1,1,1,1,0,0,1,1,1,1,1,1,3,3,1,1,9,2,1,cycle-0006;cycle-0012;cycle-0013;cycle-0021;cycle-0028;cycle-0032;cycle-0036;cycle-0045;cycle-0048;cycle-0049;cycle-0066;cycle-0070;cycle-0071;cycle-0080;cycle-0081;cycle-0084;cycle-0089;cycle-0098;cycle-0103;cycle-0113;cycle-0157;cycle-0161;cycle-0162;cycle-0164;cycle-0168;cycle-0170;cycle-0172;cycle-0176;cycle-0183;cycle-0196;cycle-0198;cycle-0208;cycle-0226;cycle-0229;cycle-0233;cycle-0235;cycle-0256;cycle-0257,1,2218.918184,4536.143439
5,random,FLShield,model_replacement,0,0,0,6,6,0,0.002238545205236842,-0.00382226844545,0.0005923462583026316,0,0,-0.0002748611672,858,72,1,0,0,0,0,0,0,1,1,0.5106060606060606,0.5409090909090909,0.5106060606060606,-0.030303030303030276,-0.00382226844545,160;154;58;86;186;179;27;4;206;56;34;212;67;245;39;99;224;44;23;232;63;193;82;159;211;246;37;115;78;227,19;114;247;175;165;122;75;262;17;88;73;8;125;152;220;163;169;205;259;238;57;181;192;20;195;95;51;174;119;77,43;243;25;222;237;218;116;72;64;105;189;242;251;108;178;15;250;240;93;190;150;194;234;173;126;236;151;203;199;40;185;92;79;90;102;241;59;7;183;233;257;164;172;6;113;84;161;235;176;21;98;198;162;28;70;81;170;36;229;226;32;80;208;48;103;256;168;66;49;157;13;89;45;196;71;12,123;219;42;31;10;53;217;30;69;60;210;2;249;252;62;61;24;47;213;22,reject,0.002238545205236842,e1ad121b31ac2217aecc5693841aad5a1757a0d43b52c1d037e16d6af293d71a,1,1,1,0,0,1,1,1,1,1,1,3,3,1,1,9,2,0,cycle-0007;cycle-0015;cycle-0025;cycle-0040;cycle-0043;cycle-0059;cycle-0064;cycle-0072;cycle-0079;cycle-0090;cycle-0092;cycle-0093;cycle-0102;cycle-0105;cycle-0108;cycle-0116;cycle-0126;cycle-0150;cycle-0151;cycle-0173;cycle-0178;cycle-0185;cycle-0189;cycle-0190;cycle-0194;cycle-0199;cycle-0203;cycle-0218;cycle-0222;cycle-0234;cycle-0236;cycle-0237;cycle-0240;cycle-0241;cycle-0242;cycle-0243;cycle-0250;cycle-0251,1,2161.743363,4536.176539
5,random,FoundationFL,model_replacement,0,0,0,6,6,0,0.4987886058731842,0.6200809141822,0.5400985256327369,1,0,0.5750549669984333,858,72,0,0,0,1,1,0,0,0,0,0.5106060606060606,0.4615702479338843,0.5106060606060606,0.04903581267217633,0.6200809141822,160;154;58;86;186;179;27;4;206;56;34;212;67;245;39;99;224;44;23;232;63;193;82;159;211;246;37;115;78;227,19;114;247;175;165;122;75;262;17;88;73;8;125;152;220;163;169;205;259;238;57;181;192;20;195;95;51;174;119;77,43;243;25;222;237;218;116;72;64;105;189;242;251;108;178;15;250;240;93;190;150;194;234;173;126;236;151;203;199;40;185;92;79;90;102;241;59;7;183;233;257;164;172;6;113;84;161;235;176;21;98;198;162;28;70;81;170;36;229;226;32;80;208;48;103;256;168;66;49;157;13;89;45;196;71;12,123;219;42;31;10;53;217;30;69;60;210;2;249;252;62;61;24;47;213;22,reject,0.4987886058731842,14a60dae68bbd0a1d0eb42ac2a9a31c220568553dc151ce049750fbaa6199530,1,1,1,0,0,1,1,1,1,1,1,3,3,1,1,9,2,0,cycle-0007;cycle-0015;cycle-0025;cycle-0040;cycle-0043;cycle-0059;cycle-0064;cycle-0072;cycle-0079;cycle-0090;cycle-0092;cycle-0093;cycle-0102;cycle-0105;cycle-0108;cycle-0116;cycle-0126;cycle-0150;cycle-0151;cycle-0173;cycle-0178;cycle-0185;cycle-0189;cycle-0190;cycle-0194;cycle-0199;cycle-0203;cycle-0218;cycle-0222;cycle-0234;cycle-0236;cycle-0237;cycle-0240;cycle-0241;cycle-0242;cycle-0243;cycle-0250;cycle-0251,1,2250.500788,4643.863721
5,random,FedAvg,score_aware,64,49,0,6,6,1,-1.6376811263157896e-05,2.713889725e-05,-6.083316539473684e-06,0,0,1.3728913333333333e-06,858,72,0,0,0,0,0,0,0,0,0,0.5106060606060606,0.5106060606060606,0.5106060606060606,0.0,0.0,160;154;58;86;186;179;27;4;206;56;34;212;67;245;39;99;224;44;23;232;63;193;82;159;211;246;37;115;78;227,19;114;247;175;165;122;75;262;17;88;73;8;125;152;220;163;169;205;259;238;57;181;192;20;195;95;51;174;119;77,43;243;25;222;237;218;116;72;64;105;189;242;251;108;178;15;250;240;93;190;150;194;234;173;126;236;151;203;199;40;185;92;79;90;102;241;59;7;183;233;257;164;172;6;113;84;161;235;176;21;98;198;162;28;70;81;170;36;229;226;32;80;208;48;103;256;168;66;49;157;13;89;45;196;71;12,123;219;42;31;10;53;217;30;69;60;210;2;249;252;62;61;24;47;213;22,commit,-1.6376811263157896e-05,e0ad6001e5a8d6973903593976e21491e23d31b7c2a2a46f093a4b4931e08560,1,1,1,1,1,1,1,1,1,1,1,3,3,1,1,9,2,0,cycle-0007;cycle-0015;cycle-0025;cycle-0040;cycle-0043;cycle-0059;cycle-0064;cycle-0072;cycle-0079;cycle-0090;cycle-0092;cycle-0093;cycle-0102;cycle-0105;cycle-0108;cycle-0116;cycle-0126;cycle-0150;cycle-0151;cycle-0173;cycle-0178;cycle-0185;cycle-0189;cycle-0190;cycle-0194;cycle-0199;cycle-0203;cycle-0218;cycle-0222;cycle-0234;cycle-0236;cycle-0237;cycle-0240;cycle-0241;cycle-0242;cycle-0243;cycle-0250;cycle-0251,1,2262.485309,4703.803343
5,random,FLTrust,score_aware,64,40,0,6,6,0,0.0021401840307894737,-0.0103015926331,0.009145604769986842,0,0,0.006941439414066667,858,72,0,0,0,0,0,0,0,1,1,0.5106060606060606,0.5342975206611571,0.5106060606060606,-0.02369146005509648,-0.0103015926331,160;154;58;86;186;179;27;4;206;56;34;212;67;245;39;99;224;44;23;232;63;193;82;159;211;246;37;115;78;227,19;114;247;175;165;122;75;262;17;88;73;8;125;152;220;163;169;205;259;238;57;181;192;20;195;95;51;174;119;77,43;243;25;222;237;218;116;72;64;105;189;242;251;108;178;15;250;240;93;190;150;194;234;173;126;236;151;203;199;40;185;92;79;90;102;241;59;7;183;233;257;164;172;6;113;84;161;235;176;21;98;198;162;28;70;81;170;36;229;226;32;80;208;48;103;256;168;66;49;157;13;89;45;196;71;12,123;219;42;31;10;53;217;30;69;60;210;2;249;252;62;61;24;47;213;22,reject,0.0021401840307894737,ea909cf0310b6839e10c223724ad9e1b46a2edbe70f3b7084d861a2920214e7f,1,1,1,0,0,1,1,1,1,1,1,3,3,1,1,9,2,1,cycle-0006;cycle-0012;cycle-0013;cycle-0021;cycle-0028;cycle-0032;cycle-0036;cycle-0045;cycle-0048;cycle-0049;cycle-0066;cycle-0070;cycle-0071;cycle-0080;cycle-0081;cycle-0084;cycle-0089;cycle-0098;cycle-0103;cycle-0113;cycle-0157;cycle-0161;cycle-0162;cycle-0164;cycle-0168;cycle-0170;cycle-0172;cycle-0176;cycle-0183;cycle-0196;cycle-0198;cycle-0208;cycle-0226;cycle-0229;cycle-0233;cycle-0235;cycle-0256;cycle-0257,1,2202.452533,4529.664521
5,random,FoundationFL,score_aware,64,5,1,6,6,1,-0.005226731735842105,0.0053062167557,-0.002336458194368421,0,0,-0.0007877381533,858,72,1,0,0,0,0,0,0,0,0,0.5106060606060606,0.4903581267217631,0.4903581267217631,0.0,0.0,160;154;58;86;186;179;27;4;206;56;34;212;67;245;39;99;224;44;23;232;63;193;82;159;211;246;37;115;78;227,19;114;247;175;165;122;75;262;17;88;73;8;125;152;220;163;169;205;259;238;57;181;192;20;195;95;51;174;119;77,43;243;25;222;237;218;116;72;64;105;189;242;251;108;178;15;250;240;93;190;150;194;234;173;126;236;151;203;199;40;185;92;79;90;102;241;59;7;183;233;257;164;172;6;113;84;161;235;176;21;98;198;162;28;70;81;170;36;229;226;32;80;208;48;103;256;168;66;49;157;13;89;45;196;71;12,123;219;42;31;10;53;217;30;69;60;210;2;249;252;62;61;24;47;213;22,commit,-0.005226731735842105,22623aa4356229f592bc5f41405b60e2a803fa64e99eb7659f102de11cb71112,1,1,1,1,1,1,1,1,1,1,1,3,3,1,1,9,2,0,cycle-0007;cycle-0015;cycle-0025;cycle-0040;cycle-0043;cycle-0059;cycle-0064;cycle-0072;cycle-0079;cycle-0090;cycle-0092;cycle-0093;cycle-0102;cycle-0105;cycle-0108;cycle-0116;cycle-0126;cycle-0150;cycle-0151;cycle-0173;cycle-0178;cycle-0185;cycle-0189;cycle-0190;cycle-0194;cycle-0199;cycle-0203;cycle-0218;cycle-0222;cycle-0234;cycle-0236;cycle-0237;cycle-0240;cycle-0241;cycle-0242;cycle-0243;cycle-0250;cycle-0251,1,2194.31307,4493.989858
6,random,FedAvg,none,0,0,0,6,0,1,-0.003985076542131579,-0.003179036268,-0.003852560310394737,0,0,-0.003114394342933333,968,204,1,0,0,0,0,0,0,1,0,0.5494592109296317,0.534045627709419,0.534045627709419,0.0,0.0,226;250;112;216;97;55;235;248;171;57;10;193;262;78;249;47;176;76;116;150;60;196;82;12;207;42;93;204;15;32,191;71;40;103;86;203;121;181;63;237;115;44;199;6;79;43;210;22;178;197;214;65;14;81;156;24;192;119;29;36,231;206;9;224;120;23;177;236;158;5;113;27;46;64;157;245;152;69;95;7;118;261;151;53;91;246;35;229;220;114;108;19;241;34;155;264;255;37;41;212;232;1;73;117;230;243;259;8;92;238;240;217;182;165;167;170;96;185;104;54;180;106;260;160;154;164;228;122;90;4;80;72;233;109;2;68,39;159;100;30;256;174;123;175;195;51;20;225;257;31;173;183;49;254;101;213,commit,-0.003985076542131579,2d673600aa331db7b71179ea36284c99703df255400275f340ce7ec91de6e91d,1,2,2,1,1,1,1,1,1,1,1,3,3,1,1,9,2,1,cycle-0001;cycle-0002;cycle-0004;cycle-0008;cycle-0041;cycle-0054;cycle-0068;cycle-0072;cycle-0073;cycle-0080;cycle-0090;cycle-0092;cycle-0096;cycle-0104;cycle-0106;cycle-0109;cycle-0117;cycle-0122;cycle-0154;cycle-0160;cycle-0164;cycle-0165;cycle-0167;cycle-0170;cycle-0180;cycle-0182;cycle-0185;cycle-0212;cycle-0217;cycle-0228;cycle-0230;cycle-0232;cycle-0233;cycle-0238;cycle-0240;cycle-0243;cycle-0259;cycle-0260,1,2070.307734,5098.224016
6,random,CoordinateMedian,none,0,0,0,6,0,0,0.005443045938052632,0.00412805063605,0.005543835989868421,0,0,0.0046918367243,968,204,0,0,0,0,0,0,0,0,0,0.5494592109296317,0.5397381442396112,0.5494592109296317,0.009721066690020486,0.00412805063605,226;250;112;216;97;55;235;248;171;57;10;193;262;78;249;47;176;76;116;150;60;196;82;12;207;42;93;204;15;32,191;71;40;103;86;203;121;181;63;237;115;44;199;6;79;43;210;22;178;197;214;65;14;81;156;24;192;119;29;36,231;206;9;224;120;23;177;236;158;5;113;27;46;64;157;245;152;69;95;7;118;261;151;53;91;246;35;229;220;114;108;19;241;34;155;264;255;37;41;212;232;1;73;117;230;243;259;8;92;238;240;217;182;165;167;170;96;185;104;54;180;106;260;160;154;164;228;122;90;4;80;72;233;109;2;68,39;159;100;30;256;174;123;175;195;51;20;225;257;31;173;183;49;254;101;213,reject,0.005443045938052632,650568fff5616f5ea76bce3937dec1ebff8b4ee4e3f69d67628c745eaf308d41,1,1,1,0,0,1,1,1,1,1,1,3,3,1,1,9,2,0,cycle-0005;cycle-0007;cycle-0009;cycle-0019;cycle-0023;cycle-0027;cycle-0034;cycle-0035;cycle-0037;cycle-0046;cycle-0053;cycle-0064;cycle-0069;cycle-0091;cycle-0095;cycle-0108;cycle-0113;cycle-0114;cycle-0118;cycle-0120;cycle-0151;cycle-0152;cycle-0155;cycle-0157;cycle-0158;cycle-0177;cycle-0206;cycle-0220;cycle-0224;cycle-0229;cycle-0231;cycle-0236;cycle-0241;cycle-0245;cycle-0246;cycle-0255;cycle-0261;cycle-0264,1,2253.410282,4560.037341
6,random,Krum,none,0,0,0,6,0,0,0.02115132282081579,0.0171489140835,0.020889302281394736,0,0,0.0170142452107,968,204,0,0,0,0,0,0,0,0,0,0.5494592109296317,0.681832114550948,0.5494592109296317,-0.13237290362131637,0.0171489140835,226;250;112;216;97;55;235;248;171;57;10;193;262;78;249;47;176;76;116;150;60;196;82;12;207;42;93;204;15;32,191;71;40;103;86;203;121;181;63;237;115;44;199;6;79;43;210;22;178;197;214;65;14;81;156;24;192;119;29;36,231;206;9;224;120;23;177;236;158;5;113;27;46;64;157;245;152;69;95;7;118;261;151;53;91;246;35;229;220;114;108;19;241;34;155;264;255;37;41;212;232;1;73;117;230;243;259;8;92;238;240;217;182;165;167;170;96;185;104;54;180;106;260;160;154;164;228;122;90;4;80;72;233;109;2;68,39;159;100;30;256;174;123;175;195;51;20;225;257;31;173;183;49;254;101;213,reject,0.02115132282081579,bc2026b8b3422a0ea32c53b1ec1ab010f88d6a5e822e691f4174685c98aa2104,1,1,1,0,0,1,1,1,1,1,1,3,3,1,1,9,2,1,cycle-0001;cycle-0002;cycle-0004;cycle-0008;cycle-0041;cycle-0054;cycle-0068;cycle-0072;cycle-0073;cycle-0080;cycle-0090;cycle-0092;cycle-0096;cycle-0104;cycle-0106;cycle-0109;cycle-0117;cycle-0122;cycle-0154;cycle-0160;cycle-0164;cycle-0165;cycle-0167;cycle-0170;cycle-0180;cycle-0182;cycle-0185;cycle-0212;cycle-0217;cycle-0228;cycle-0230;cycle-0232;cycle-0233;cycle-0238;cycle-0240;cycle-0243;cycle-0259;cycle-0260,1,2054.858563,4223.54565
6,random,FLTrust,none,0,0,0,6,0,1,-0.047244860187,-0.02676377586015,-0.03953652957344737,0,0,-0.031614100659966664,968,204,1,0,0,0,0,0,0,1,0,0.5494592109296317,0.4982046678635548,0.4982046678635548,0.0,0.0,226;250;112;216;97;55;235;248;171;57;10;193;262;78;249;47;176;76;116;150;60;196;82;12;207;42;93;204;15;32,191;71;40;103;86;203;121;181;63;237;115;44;199;6;79;43;210;22;178;197;214;65;14;81;156;24;192;119;29;36,231;206;9;224;120;23;177;236;158;5;113;27;46;64;157;245;152;69;95;7;118;261;151;53;91;246;35;229;220;114;108;19;241;34;155;264;255;37;41;212;232;1;73;117;230;243;259;8;92;238;240;217;182;165;167;170;96;185;104;54;180;106;260;160;154;164;228;122;90;4;80;72;233;109;2;68,39;159;100;30;256;174;123;175;195;51;20;225;257;31;173;183;49;254;101;213,commit,-0.047244860187,341ddd2be088a6494ffef98bb0397024dbac6fa1260b405f5926e0b4ffa8b346,1,1,1,1,1,1,1,1,1,1,1,3,3,1,1,9,2,1,cycle-0001;cycle-0002;cycle-0004;cycle-0008;cycle-0041;cycle-0054;cycle-0068;cycle-0072;cycle-0073;cycle-0080;cycle-0090;cycle-0092;cycle-0096;cycle-0104;cycle-0106;cycle-0109;cycle-0117;cycle-0122;cycle-0154;cycle-0160;cycle-0164;cycle-0165;cycle-0167;cycle-0170;cycle-0180;cycle-0182;cycle-0185;cycle-0212;cycle-0217;cycle-0228;cycle-0230;cycle-0232;cycle-0233;cycle-0238;cycle-0240;cycle-0243;cycle-0259;cycle-0260,1,2081.465507,4329.20832
6,random,FedVal,none,0,0,0,6,0,1,-0.014966081136105263,-0.01245276193475,-0.01588279469188158,0,0,-0.012837271456366667,968,204,1,0,0,0,0,0,0,1,0,0.5494592109296317,0.4987301309278802,0.4987301309278802,0.0,0.0,226;250;112;216;97;55;235;248;171;57;10;193;262;78;249;47;176;76;116;150;60;196;82;12;207;42;93;204;15;32,191;71;40;103;86;203;121;181;63;237;115;44;199;6;79;43;210;22;178;197;214;65;14;81;156;24;192;119;29;36,231;206;9;224;120;23;177;236;158;5;113;27;46;64;157;245;152;69;95;7;118;261;151;53;91;246;35;229;220;114;108;19;241;34;155;264;255;37;41;212;232;1;73;117;230;243;259;8;92;238;240;217;182;165;167;170;96;185;104;54;180;106;260;160;154;164;228;122;90;4;80;72;233;109;2;68,39;159;100;30;256;174;123;175;195;51;20;225;257;31;173;183;49;254;101;213,commit,-0.014966081136105263,b275dde88af145468f0590e2a4af5763dc2bfb63eac55038a9877b13299a4243,1,1,1,1,1,1,1,1,1,1,1,3,3,1,1,9,2,0,cycle-0005;cycle-0007;cycle-0009;cycle-0019;cycle-0023;cycle-0027;cycle-0034;cycle-0035;cycle-0037;cycle-0046;cycle-0053;cycle-0064;cycle-0069;cycle-0091;cycle-0095;cycle-0108;cycle-0113;cycle-0114;cycle-0118;cycle-0120;cycle-0151;cycle-0152;cycle-0155;cycle-0157;cycle-0158;cycle-0177;cycle-0206;cycle-0220;cycle-0224;cycle-0229;cycle-0231;cycle-0236;cycle-0241;cycle-0245;cycle-0246;cycle-0255;cycle-0261;cycle-0264,1,2284.577651,4590.53414
6,random,FLShield,none,0,0,0,6,0,0,0.011366216470105264,0.0094932659775,0.011709157961960526,0,0,0.009449835550133333,968,204,0,0,0,0,0,0,0,0,0,0.5494592109296317,0.6691772124184439,0.5494592109296317,-0.11971800148881218,0.0094932659775,226;250;112;216;97;55;235;248;171;57;10;193;262;78;249;47;176;76;116;150;60;196;82;12;207;42;93;204;15;32,191;71;40;103;86;203;121;181;63;237;115;44;199;6;79;43;210;22;178;197;214;65;14;81;156;24;192;119;29;36,231;206;9;224;120;23;177;236;158;5;113;27;46;64;157;245;152;69;95;7;118;261;151;53;91;246;35;229;220;114;108;19;241;34;155;264;255;37;41;212;232;1;73;117;230;243;259;8;92;238;240;217;182;165;167;170;96;185;104;54;180;106;260;160;154;164;228;122;90;4;80;72;233;109;2;68,39;159;100;30;256;174;123;175;195;51;20;225;257;31;173;183;49;254;101;213,reject,0.011366216470105264,4c835a02195fb7178dafa1095d1ffeddc26baca06d0705ae51b8f45fd73ed632,1,1,1,0,0,1,1,1,1,1,1,3,3,1,1,9,2,0,cycle-0005;cycle-0007;cycle-0009;cycle-0019;cycle-0023;cycle-0027;cycle-0034;cycle-0035;cycle-0037;cycle-0046;cycle-0053;cycle-0064;cycle-0069;cycle-0091;cycle-0095;cycle-0108;cycle-0113;cycle-0114;cycle-0118;cycle-0120;cycle-0151;cycle-0152;cycle-0155;cycle-0157;cycle-0158;cycle-0177;cycle-0206;cycle-0220;cycle-0224;cycle-0229;cycle-0231;cycle-0236;cycle-0241;cycle-0245;cycle-0246;cycle-0255;cycle-0261;cycle-0264,1,2252.056469,4514.712947
6,random,FoundationFL,none,0,0,0,6,0,1,-0.021156473897394737,-0.01688116593215,-0.02022778277544737,0,0,-0.0160697415324,968,204,1,0,0,0,0,0,0,1,0,0.5494592109296317,0.4987301309278802,0.4987301309278802,0.0,0.0,226;250;112;216;97;55;235;248;171;57;10;193;262;78;249;47;176;76;116;150;60;196;82;12;207;42;93;204;15;32,191;71;40;103;86;203;121;181;63;237;115;44;199;6;79;43;210;22;178;197;214;65;14;81;156;24;192;119;29;36,231;206;9;224;120;23;177;236;158;5;113;27;46;64;157;245;152;69;95;7;118;261;151;53;91;246;35;229;220;114;108;19;241;34;155;264;255;37;41;212;232;1;73;117;230;243;259;8;92;238;240;217;182;165;167;170;96;185;104;54;180;106;260;160;154;164;228;122;90;4;80;72;233;109;2;68,39;159;100;30;256;174;123;175;195;51;20;225;257;31;173;183;49;254;101;213,commit,-0.021156473897394737,7512c5590018c49d97962300fb85742ab7df31de12ee10da0a088096493edbff,1,1,1,1,1,1,1,1,1,1,1,3,3,1,1,9,2,1,cycle-0001;cycle-0002;cycle-0004;cycle-0008;cycle-0041;cycle-0054;cycle-0068;cycle-0072;cycle-0073;cycle-0080;cycle-0090;cycle-0092;cycle-0096;cycle-0104;cycle-0106;cycle-0109;cycle-0117;cycle-0122;cycle-0154;cycle-0160;cycle-0164;cycle-0165;cycle-0167;cycle-0170;cycle-0180;cycle-0182;cycle-0185;cycle-0212;cycle-0217;cycle-0228;cycle-0230;cycle-0232;cycle-0233;cycle-0238;cycle-0240;cycle-0243;cycle-0259;cycle-0260,1,2108.602693,4299.205961
6,random,FedAvg,sign_flip,0,0,0,6,6,1,-0.015096485886605263,-0.01309917595965,-0.016341465725092104,0,0,-0.012983003987,968,204,1,0,0,0,0,0,0,1,0,0.5494592109296317,0.5095021237465517,0.5095021237465517,0.0,0.0,226;250;112;216;97;55;235;248;171;57;10;193;262;78;249;47;176;76;116;150;60;196;82;12;207;42;93;204;15;32,191;71;40;103;86;203;121;181;63;237;115;44;199;6;79;43;210;22;178;197;214;65;14;81;156;24;192;119;29;36,231;206;9;224;120;23;177;236;158;5;113;27;46;64;157;245;152;69;95;7;118;261;151;53;91;246;35;229;220;114;108;19;241;34;155;264;255;37;41;212;232;1;73;117;230;243;259;8;92;238;240;217;182;165;167;170;96;185;104;54;180;106;260;160;154;164;228;122;90;4;80;72;233;109;2;68,39;159;100;30;256;174;123;175;195;51;20;225;257;31;173;183;49;254;101;213,commit,-0.015096485886605263,6684a80552956a2446ab3d4bc4b15b163712c87abf6d73a3fcaadda5d9527efc,1,1,1,1,1,1,1,1,1,1,1,3,3,1,1,9,2,0,cycle-0005;cycle-0007;cycle-0009;cycle-0019;cycle-0023;cycle-0027;cycle-0034;cycle-0035;cycle-0037;cycle-0046;cycle-0053;cycle-0064;cycle-0069;cycle-0091;cycle-0095;cycle-0108;cycle-0113;cycle-0114;cycle-0118;cycle-0120;cycle-0151;cycle-0152;cycle-0155;cycle-0157;cycle-0158;cycle-0177;cycle-0206;cycle-0220;cycle-0224;cycle-0229;cycle-0231;cycle-0236;cycle-0241;cycle-0245;cycle-0246;cycle-0255;cycle-0261;cycle-0264,1,2298.97038,4609.930406
6,random,CoordinateMedian,sign_flip,0,0,0,6,6,0,0.0007501524259210527,-0.0003447923482,0.0006400141965921053,0,0,0.0008637382187333334,968,204,0,0,0,0,0,0,0,1,1,0.5494592109296317,0.5544730043350703,0.5494592109296317,-0.005013793405438616,-0.0003447923482,226;250;112;216;97;55;235;248;171;57;10;193;262;78;249;47;176;76;116;150;60;196;82;12;207;42;93;204;15;32,191;71;40;103;86;203;121;181;63;237;115;44;199;6;79;43;210;22;178;197;214;65;14;81;156;24;192;119;29;36,231;206;9;224;120;23;177;236;158;5;113;27;46;64;157;245;152;69;95;7;118;261;151;53;91;246;35;229;220;114;108;19;241;34;155;264;255;37;41;212;232;1;73;117;230;243;259;8;92;238;240;217;182;165;167;170;96;185;104;54;180;106;260;160;154;164;228;122;90;4;80;72;233;109;2;68,39;159;100;30;256;174;123;175;195;51;20;225;257;31;173;183;49;254;101;213,reject,0.0007501524259210527,35bf9407a1404b7fe775cb40a628e7cea45e38cb3729ef7e67f0f2213e54a69e,1,1,1,0,0,1,1,1,1,1,1,3,3,1,1,9,2,0,cycle-0005;cycle-0007;cycle-0009;cycle-0019;cycle-0023;cycle-0027;cycle-0034;cycle-0035;cycle-0037;cycle-0046;cycle-0053;cycle-0064;cycle-0069;cycle-0091;cycle-0095;cycle-0108;cycle-0113;cycle-0114;cycle-0118;cycle-0120;cycle-0151;cycle-0152;cycle-0155;cycle-0157;cycle-0158;cycle-0177;cycle-0206;cycle-0220;cycle-0224;cycle-0229;cycle-0231;cycle-0236;cycle-0241;cycle-0245;cycle-0246;cycle-0255;cycle-0261;cycle-0264,1,2208.370503,4576.22739
6,random,Krum,sign_flip,0,0,0,6,6,0,0.0013487396524473683,0.00012089050755,0.0015455608637763157,0,0,0.0018448476299333333,968,204,0,0,0,0,0,0,0,0,0,0.5494592109296317,0.5562683364715155,0.5494592109296317,-0.0068091255418838426,0.00012089050755,226;250;112;216;97;55;235;248;171;57;10;193;262;78;249;47;176;76;116;150;60;196;82;12;207;42;93;204;15;32,191;71;40;103;86;203;121;181;63;237;115;44;199;6;79;43;210;22;178;197;214;65;14;81;156;24;192;119;29;36,231;206;9;224;120;23;177;236;158;5;113;27;46;64;157;245;152;69;95;7;118;261;151;53;91;246;35;229;220;114;108;19;241;34;155;264;255;37;41;212;232;1;73;117;230;243;259;8;92;238;240;217;182;165;167;170;96;185;104;54;180;106;260;160;154;164;228;122;90;4;80;72;233;109;2;68,39;159;100;30;256;174;123;175;195;51;20;225;257;31;173;183;49;254;101;213,reject,0.0013487396524473683,a36287f31bd792f9a62502e798d31937da3714a899b88f25a1aebda1a13bdecd,1,1,1,0,0,1,1,1,1,1,1,3,3,1,1,9,2,1,cycle-0001;cycle-0002;cycle-0004;cycle-0008;cycle-0041;cycle-0054;cycle-0068;cycle-0072;cycle-0073;cycle-0080;cycle-0090;cycle-0092;cycle-0096;cycle-0104;cycle-0106;cycle-0109;cycle-0117;cycle-0122;cycle-0154;cycle-0160;cycle-0164;cycle-0165;cycle-0167;cycle-0170;cycle-0180;cycle-0182;cycle-0185;cycle-0212;cycle-0217;cycle-0228;cycle-0230;cycle-0232;cycle-0233;cycle-0238;cycle-0240;cycle-0243;cycle-0259;cycle-0260,1,2081.831156,4238.237133
6,random,FLTrust,sign_flip,0,0,0,6,6,1,-0.029506055449210526,-0.02488975578245,-0.037667683122447365,0,0,-0.0297162618917,968,204,1,0,0,0,0,0,0,1,0,0.5494592109296317,0.4982046678635548,0.4982046678635548,0.0,0.0,226;250;112;216;97;55;235;248;171;57;10;193;262;78;249;47;176;76;116;150;60;196;82;12;207;42;93;204;15;32,191;71;40;103;86;203;121;181;63;237;115;44;199;6;79;43;210;22;178;197;214;65;14;81;156;24;192;119;29;36,231;206;9;224;120;23;177;236;158;5;113;27;46;64;157;245;152;69;95;7;118;261;151;53;91;246;35;229;220;114;108;19;241;34;155;264;255;37;41;212;232;1;73;117;230;243;259;8;92;238;240;217;182;165;167;170;96;185;104;54;180;106;260;160;154;164;228;122;90;4;80;72;233;109;2;68,39;159;100;30;256;174;123;175;195;51;20;225;257;31;173;183;49;254;101;213,commit,-0.029506055449210526,c32866856e0023d4204c10dd70aa03bfa42bba46d947430612bdbcfea544e815,1,1,1,1,1,1,1,1,1,1,1,3,3,1,1,9,2,0,cycle-0005;cycle-0007;cycle-0009;cycle-0019;cycle-0023;cycle-0027;cycle-0034;cycle-0035;cycle-0037;cycle-0046;cycle-0053;cycle-0064;cycle-0069;cycle-0091;cycle-0095;cycle-0108;cycle-0113;cycle-0114;cycle-0118;cycle-0120;cycle-0151;cycle-0152;cycle-0155;cycle-0157;cycle-0158;cycle-0177;cycle-0206;cycle-0220;cycle-0224;cycle-0229;cycle-0231;cycle-0236;cycle-0241;cycle-0245;cycle-0246;cycle-0255;cycle-0261;cycle-0264,1,2299.186096,4540.037806
6,random,FedVal,sign_flip,0,0,0,6,6,1,-0.02257024545731579,-0.01893183822585,-0.024832670492105264,0,0,-0.019806836408233334,968,204,1,0,0,0,0,0,0,1,0,0.5494592109296317,0.5103997898147743,0.5103997898147743,0.0,0.0,226;250;112;216;97;55;235;248;171;57;10;193;262;78;249;47;176;76;116;150;60;196;82;12;207;42;93;204;15;32,191;71;40;103;86;203;121;181;63;237;115;44;199;6;79;43;210;22;178;197;214;65;14;81;156;24;192;119;29;36,231;206;9;224;120;23;177;236;158;5;113;27;46;64;157;245;152;69;95;7;118;261;151;53;91;246;35;229;220;114;108;19;241;34;155;264;255;37;41;212;232;1;73;117;230;243;259;8;92;238;240;217;182;165;167;170;96;185;104;54;180;106;260;160;154;164;228;122;90;4;80;72;233;109;2;68,39;159;100;30;256;174;123;175;195;51;20;225;257;31;173;183;49;254;101;213,commit,-0.02257024545731579,a4480e5a86f43fed7ad3ea851e14949622771970a7f3fadf78682b6da0463ed4,1,1,1,1,1,1,1,1,1,1,1,3,3,1,1,9,2,0,cycle-0005;cycle-0007;cycle-0009;cycle-0019;cycle-0023;cycle-0027;cycle-0034;cycle-0035;cycle-0037;cycle-0046;cycle-0053;cycle-0064;cycle-0069;cycle-0091;cycle-0095;cycle-0108;cycle-0113;cycle-0114;cycle-0118;cycle-0120;cycle-0151;cycle-0152;cycle-0155;cycle-0157;cycle-0158;cycle-0177;cycle-0206;cycle-0220;cycle-0224;cycle-0229;cycle-0231;cycle-0236;cycle-0241;cycle-0245;cycle-0246;cycle-0255;cycle-0261;cycle-0264,1,2268.541899,4598.169041
6,random,FLShield,sign_flip,0,0,0,6,6,1,-0.005807664494342105,-0.00522760403695,-0.006124929292039474,0,0,-0.004861730360866666,968,204,1,0,0,0,0,0,0,1,0,0.5494592109296317,0.5168367123527609,0.5168367123527609,0.0,0.0,226;250;112;216;97;55;235;248;171;57;10;193;262;78;249;47;176;76;116;150;60;196;82;12;207;42;93;204;15;32,191;71;40;103;86;203;121;181;63;237;115;44;199;6;79;43;210;22;178;197;214;65;14;81;156;24;192;119;29;36,231;206;9;224;120;23;177;236;158;5;113;27;46;64;157;245;152;69;95;7;118;261;151;53;91;246;35;229;220;114;108;19;241;34;155;264;255;37;41;212;232;1;73;117;230;243;259;8;92;238;240;217;182;165;167;170;96;185;104;54;180;106;260;160;154;164;228;122;90;4;80;72;233;109;2;68,39;159;100;30;256;174;123;175;195;51;20;225;257;31;173;183;49;254;101;213,commit,-0.005807664494342105,5607c20e5e232a371e7b872488e61f61d5ddbf643c984145f10fb8862d486599,1,1,1,1,1,1,1,1,1,1,1,3,3,1,1,9,2,0,cycle-0005;cycle-0007;cycle-0009;cycle-0019;cycle-0023;cycle-0027;cycle-0034;cycle-0035;cycle-0037;cycle-0046;cycle-0053;cycle-0064;cycle-0069;cycle-0091;cycle-0095;cycle-0108;cycle-0113;cycle-0114;cycle-0118;cycle-0120;cycle-0151;cycle-0152;cycle-0155;cycle-0157;cycle-0158;cycle-0177;cycle-0206;cycle-0220;cycle-0224;cycle-0229;cycle-0231;cycle-0236;cycle-0241;cycle-0245;cycle-0246;cycle-0255;cycle-0261;cycle-0264,1,2283.081433,4642.649693
6,random,FoundationFL,sign_flip,0,0,0,6,6,0,0.016423098987526315,0.01390187546625,0.015856459273565788,0,0,0.012789420555966666,968,204,0,0,0,0,0,0,0,0,0,0.5494592109296317,0.6610982178044402,0.5494592109296317,-0.11163900687480854,0.01390187546625,226;250;112;216;97;55;235;248;171;57;10;193;262;78;249;47;176;76;116;150;60;196;82;12;207;42;93;204;15;32,191;71;40;103;86;203;121;181;63;237;115;44;199;6;79;43;210;22;178;197;214;65;14;81;156;24;192;119;29;36,231;206;9;224;120;23;177;236;158;5;113;27;46;64;157;245;152;69;95;7;118;261;151;53;91;246;35;229;220;114;108;19;241;34;155;264;255;37;41;212;232;1;73;117;230;243;259;8;92;238;240;217;182;165;167;170;96;185;104;54;180;106;260;160;154;164;228;122;90;4;80;72;233;109;2;68,39;159;100;30;256;174;123;175;195;51;20;225;257;31;173;183;49;254;101;213,reject,0.016423098987526315,39b3c8aaa372a710d68f84ebf586b22c2a2cffcc31016114b54f525221e57909,1,1,1,0,0,1,1,1,1,1,1,3,3,1,1,9,2,1,cycle-0001;cycle-0002;cycle-0004;cycle-0008;cycle-0041;cycle-0054;cycle-0068;cycle-0072;cycle-0073;cycle-0080;cycle-0090;cycle-0092;cycle-0096;cycle-0104;cycle-0106;cycle-0109;cycle-0117;cycle-0122;cycle-0154;cycle-0160;cycle-0164;cycle-0165;cycle-0167;cycle-0170;cycle-0180;cycle-0182;cycle-0185;cycle-0212;cycle-0217;cycle-0228;cycle-0230;cycle-0232;cycle-0233;cycle-0238;cycle-0240;cycle-0243;cycle-0259;cycle-0260,1,2056.609987,4235.451679
6,random,FedAvg,model_replacement,0,0,0,6,6,0,0.281764384741,0.3400495408089,0.3109313210351842,0,0,0.341908452336,968,204,0,0,0,1,0,0,0,0,0,0.5494592109296317,0.3662915444235232,0.5494592109296317,0.1831676665061085,0.3400495408089,226;250;112;216;97;55;235;248;171;57;10;193;262;78;249;47;176;76;116;150;60;196;82;12;207;42;93;204;15;32,191;71;40;103;86;203;121;181;63;237;115;44;199;6;79;43;210;22;178;197;214;65;14;81;156;24;192;119;29;36,231;206;9;224;120;23;177;236;158;5;113;27;46;64;157;245;152;69;95;7;118;261;151;53;91;246;35;229;220;114;108;19;241;34;155;264;255;37;41;212;232;1;73;117;230;243;259;8;92;238;240;217;182;165;167;170;96;185;104;54;180;106;260;160;154;164;228;122;90;4;80;72;233;109;2;68,39;159;100;30;256;174;123;175;195;51;20;225;257;31;173;183;49;254;101;213,reject,0.281764384741,671e86aa91fe4d49878be3cda95a99f7e7f9e7215c90e650451b1b847fe4c548,1,1,1,0,0,1,1,1,1,1,1,3,3,1,1,9,2,1,cycle-0001;cycle-0002;cycle-0004;cycle-0008;cycle-0041;cycle-0054;cycle-0068;cycle-0072;cycle-0073;cycle-0080;cycle-0090;cycle-0092;cycle-0096;cycle-0104;cycle-0106;cycle-0109;cycle-0117;cycle-0122;cycle-0154;cycle-0160;cycle-0164;cycle-0165;cycle-0167;cycle-0170;cycle-0180;cycle-0182;cycle-0185;cycle-0212;cycle-0217;cycle-0228;cycle-0230;cycle-0232;cycle-0233;cycle-0238;cycle-0240;cycle-0243;cycle-0259;cycle-0260,1,2108.942111,4338.284966
6,random,CoordinateMedian,model_replacement,0,0,0,6,6,1,-0.0007522221775,-0.00020584646045,-0.0007610610411578947,0,0,-0.0005983502667333333,968,204,1,0,0,0,0,0,0,1,0,0.5494592109296317,0.5277619652318606,0.5277619652318606,0.0,0.0,226;250;112;216;97;55;235;248;171;57;10;193;262;78;249;47;176;76;116;150;60;196;82;12;207;42;93;204;15;32,191;71;40;103;86;203;121;181;63;237;115;44;199;6;79;43;210;22;178;197;214;65;14;81;156;24;192;119;29;36,231;206;9;224;120;23;177;236;158;5;113;27;46;64;157;245;152;69;95;7;118;261;151;53;91;246;35;229;220;114;108;19;241;34;155;264;255;37;41;212;232;1;73;117;230;243;259;8;92;238;240;217;182;165;167;170;96;185;104;54;180;106;260;160;154;164;228;122;90;4;80;72;233;109;2;68,39;159;100;30;256;174;123;175;195;51;20;225;257;31;173;183;49;254;101;213,commit,-0.0007522221775,087ba6491688f611fdf2e97220987a9cf84136a2566a2acc6a1371277dd392f0,1,1,1,1,1,1,1,1,1,1,1,3,3,1,1,9,2,1,cycle-0001;cycle-0002;cycle-0004;cycle-0008;cycle-0041;cycle-0054;cycle-0068;cycle-0072;cycle-0073;cycle-0080;cycle-0090;cycle-0092;cycle-0096;cycle-0104;cycle-0106;cycle-0109;cycle-0117;cycle-0122;cycle-0154;cycle-0160;cycle-0164;cycle-0165;cycle-0167;cycle-0170;cycle-0180;cycle-0182;cycle-0185;cycle-0212;cycle-0217;cycle-0228;cycle-0230;cycle-0232;cycle-0233;cycle-0238;cycle-0240;cycle-0243;cycle-0259;cycle-0260,1,2099.266325,4283.896031
6,random,Krum,model_replacement,0,0,0,6,6,0,0.010665041521578947,0.00841015466995,0.009850952807881579,0,0,0.007661304711766666,968,204,0,0,0,0,0,0,0,0,0,0.5494592109296317,0.6708192844944607,0.5494592109296317,-0.12136007356482903,0.00841015466995,226;250;112;216;97;55;235;248;171;57;10;193;262;78;249;47;176;76;116;150;60;196;82;12;207;42;93;204;15;32,191;71;40;103;86;203;121;181;63;237;115;44;199;6;79;43;210;22;178;197;214;65;14;81;156;24;192;119;29;36,231;206;9;224;120;23;177;236;158;5;113;27;46;64;157;245;152;69;95;7;118;261;151;53;91;246;35;229;220;114;108;19;241;34;155;264;255;37;41;212;232;1;73;117;230;243;259;8;92;238;240;217;182;165;167;170;96;185;104;54;180;106;260;160;154;164;228;122;90;4;80;72;233;109;2;68,39;159;100;30;256;174;123;175;195;51;20;225;257;31;173;183;49;254;101;213,reject,0.010665041521578947,398c20de3a8955b710be88b53a4303d3286de74577abf24460ae210302054e7a,1,1,1,0,0,1,1,1,1,1,1,3,3,1,1,9,2,1,cycle-0001;cycle-0002;cycle-0004;cycle-0008;cycle-0041;cycle-0054;cycle-0068;cycle-0072;cycle-0073;cycle-0080;cycle-0090;cycle-0092;cycle-0096;cycle-0104;cycle-0106;cycle-0109;cycle-0117;cycle-0122;cycle-0154;cycle-0160;cycle-0164;cycle-0165;cycle-0167;cycle-0170;cycle-0180;cycle-0182;cycle-0185;cycle-0212;cycle-0217;cycle-0228;cycle-0230;cycle-0232;cycle-0233;cycle-0238;cycle-0240;cycle-0243;cycle-0259;cycle-0260,1,2043.165734,4245.662767
6,random,FLTrust,model_replacement,0,0,0,6,6,1,-0.01129644513731579,-0.0062566099996,-0.01641562074951316,0,0,-0.01216184804,968,204,1,0,0,0,0,0,0,1,0,0.5494592109296317,0.4991023339317774,0.4991023339317774,0.0,0.0,226;250;112;216;97;55;235;248;171;57;10;193;262;78;249;47;176;76;116;150;60;196;82;12;207;42;93;204;15;32,191;71;40;103;86;203;121;181;63;237;115;44;199;6;79;43;210;22;178;197;214;65;14;81;156;24;192;119;29;36,231;206;9;224;120;23;177;236;158;5;113;27;46;64;157;245;152;69;95;7;118;261;151;53;91;246;35;229;220;114;108;19;241;34;155;264;255;37;41;212;232;1;73;117;230;243;259;8;92;238;240;217;182;165;167;170;96;185;104;54;180;106;260;160;154;164;228;122;90;4;80;72;233;109;2;68,39;159;100;30;256;174;123;175;195;51;20;225;257;31;173;183;49;254;101;213,commit,-0.01129644513731579,d2f2192ccf5ba9a3be9eb28146ae0795b0652dbc650699255a64ae9874f5f43d,1,1,1,1,1,1,1,1,1,1,1,3,3,1,1,9,2,0,cycle-0005;cycle-0007;cycle-0009;cycle-0019;cycle-0023;cycle-0027;cycle-0034;cycle-0035;cycle-0037;cycle-0046;cycle-0053;cycle-0064;cycle-0069;cycle-0091;cycle-0095;cycle-0108;cycle-0113;cycle-0114;cycle-0118;cycle-0120;cycle-0151;cycle-0152;cycle-0155;cycle-0157;cycle-0158;cycle-0177;cycle-0206;cycle-0220;cycle-0224;cycle-0229;cycle-0231;cycle-0236;cycle-0241;cycle-0245;cycle-0246;cycle-0255;cycle-0261;cycle-0264,1,2314.405134,4716.985891
6,random,FedVal,model_replacement,0,0,0,6,6,0,0.12803361537936842,0.1272672433193,0.11471196609389474,0,0,0.1130711677147,968,204,0,0,0,1,0,0,0,0,0,0.5494592109296317,0.40681788325962254,0.5494592109296317,0.14264132767000914,0.1272672433193,226;250;112;216;97;55;235;248;171;57;10;193;262;78;249;47;176;76;116;150;60;196;82;12;207;42;93;204;15;32,191;71;40;103;86;203;121;181;63;237;115;44;199;6;79;43;210;22;178;197;214;65;14;81;156;24;192;119;29;36,231;206;9;224;120;23;177;236;158;5;113;27;46;64;157;245;152;69;95;7;118;261;151;53;91;246;35;229;220;114;108;19;241;34;155;264;255;37;41;212;232;1;73;117;230;243;259;8;92;238;240;217;182;165;167;170;96;185;104;54;180;106;260;160;154;164;228;122;90;4;80;72;233;109;2;68,39;159;100;30;256;174;123;175;195;51;20;225;257;31;173;183;49;254;101;213,reject,0.12803361537936842,4afbdafcd79d6a37bb8a80fe90602ebabc9dea5a5bd6e143b299283e3021e724,1,1,1,0,0,1,1,1,1,1,1,3,3,1,1,9,2,0,cycle-0005;cycle-0007;cycle-0009;cycle-0019;cycle-0023;cycle-0027;cycle-0034;cycle-0035;cycle-0037;cycle-0046;cycle-0053;cycle-0064;cycle-0069;cycle-0091;cycle-0095;cycle-0108;cycle-0113;cycle-0114;cycle-0118;cycle-0120;cycle-0151;cycle-0152;cycle-0155;cycle-0157;cycle-0158;cycle-0177;cycle-0206;cycle-0220;cycle-0224;cycle-0229;cycle-0231;cycle-0236;cycle-0241;cycle-0245;cycle-0246;cycle-0255;cycle-0261;cycle-0264,1,2180.787778,4443.320834
6,random,FLShield,model_replacement,0,0,0,6,6,0,0.0011739034776578948,0.00086773005315,0.0012327994321973685,0,0,0.0010019500659,968,204,0,0,0,0,0,0,0,0,0,0.5494592109296317,0.5395848841791829,0.5494592109296317,0.009874326750448748,0.00086773005315,226;250;112;216;97;55;235;248;171;57;10;193;262;78;249;47;176;76;116;150;60;196;82;12;207;42;93;204;15;32,191;71;40;103;86;203;121;181;63;237;115;44;199;6;79;43;210;22;178;197;214;65;14;81;156;24;192;119;29;36,231;206;9;224;120;23;177;236;158;5;113;27;46;64;157;245;152;69;95;7;118;261;151;53;91;246;35;229;220;114;108;19;241;34;155;264;255;37;41;212;232;1;73;117;230;243;259;8;92;238;240;217;182;165;167;170;96;185;104;54;180;106;260;160;154;164;228;122;90;4;80;72;233;109;2;68,39;159;100;30;256;174;123;175;195;51;20;225;257;31;173;183;49;254;101;213,reject,0.0011739034776578948,b8b8670bbe8099c0b9a321a2ab910d4322ded3b8a765efc5dfc2adfd15027347,1,1,1,0,0,1,1,1,1,1,1,3,3,1,1,9,2,0,cycle-0005;cycle-0007;cycle-0009;cycle-0019;cycle-0023;cycle-0027;cycle-0034;cycle-0035;cycle-0037;cycle-0046;cycle-0053;cycle-0064;cycle-0069;cycle-0091;cycle-0095;cycle-0108;cycle-0113;cycle-0114;cycle-0118;cycle-0120;cycle-0151;cycle-0152;cycle-0155;cycle-0157;cycle-0158;cycle-0177;cycle-0206;cycle-0220;cycle-0224;cycle-0229;cycle-0231;cycle-0236;cycle-0241;cycle-0245;cycle-0246;cycle-0255;cycle-0261;cycle-0264,1,2271.802488,4575.705916
6,random,FoundationFL,model_replacement,0,0,0,6,6,0,0.3815826189913158,0.43618861551465,0.39899645978923687,1,0,0.4485161079854,968,204,0,0,0,1,1,0,0,0,0,0.5494592109296317,0.3380041161273372,0.5494592109296317,0.21145509480229446,0.43618861551465,226;250;112;216;97;55;235;248;171;57;10;193;262;78;249;47;176;76;116;150;60;196;82;12;207;42;93;204;15;32,191;71;40;103;86;203;121;181;63;237;115;44;199;6;79;43;210;22;178;197;214;65;14;81;156;24;192;119;29;36,231;206;9;224;120;23;177;236;158;5;113;27;46;64;157;245;152;69;95;7;118;261;151;53;91;246;35;229;220;114;108;19;241;34;155;264;255;37;41;212;232;1;73;117;230;243;259;8;92;238;240;217;182;165;167;170;96;185;104;54;180;106;260;160;154;164;228;122;90;4;80;72;233;109;2;68,39;159;100;30;256;174;123;175;195;51;20;225;257;31;173;183;49;254;101;213,reject,0.3815826189913158,dbdc6a76952d1414d711ba1e635d6c4b85140423c8e6855c2642d07fea228790,1,1,1,0,0,1,1,1,1,1,1,3,3,1,1,9,2,1,cycle-0001;cycle-0002;cycle-0004;cycle-0008;cycle-0041;cycle-0054;cycle-0068;cycle-0072;cycle-0073;cycle-0080;cycle-0090;cycle-0092;cycle-0096;cycle-0104;cycle-0106;cycle-0109;cycle-0117;cycle-0122;cycle-0154;cycle-0160;cycle-0164;cycle-0165;cycle-0167;cycle-0170;cycle-0180;cycle-0182;cycle-0185;cycle-0212;cycle-0217;cycle-0228;cycle-0230;cycle-0232;cycle-0233;cycle-0238;cycle-0240;cycle-0243;cycle-0259;cycle-0260,1,2126.767058,4306.957149
6,random,FedAvg,score_aware,64,49,0,6,6,1,-9.903936868421053e-06,-1.40899826e-05,-9.7263005e-06,0,0,-2.1897878e-06,968,204,1,0,0,0,0,0,0,1,0,0.5494592109296317,0.5494592109296317,0.5494592109296317,0.0,0.0,226;250;112;216;97;55;235;248;171;57;10;193;262;78;249;47;176;76;116;150;60;196;82;12;207;42;93;204;15;32,191;71;40;103;86;203;121;181;63;237;115;44;199;6;79;43;210;22;178;197;214;65;14;81;156;24;192;119;29;36,231;206;9;224;120;23;177;236;158;5;113;27;46;64;157;245;152;69;95;7;118;261;151;53;91;246;35;229;220;114;108;19;241;34;155;264;255;37;41;212;232;1;73;117;230;243;259;8;92;238;240;217;182;165;167;170;96;185;104;54;180;106;260;160;154;164;228;122;90;4;80;72;233;109;2;68,39;159;100;30;256;174;123;175;195;51;20;225;257;31;173;183;49;254;101;213,commit,-9.903936868421053e-06,b92c7e306da8e245ae8b335264ce88649d3fbfbe1387dd51a50b67255ae48f33,1,1,1,1,1,1,1,1,1,1,1,3,3,1,1,9,2,1,cycle-0001;cycle-0002;cycle-0004;cycle-0008;cycle-0041;cycle-0054;cycle-0068;cycle-0072;cycle-0073;cycle-0080;cycle-0090;cycle-0092;cycle-0096;cycle-0104;cycle-0106;cycle-0109;cycle-0117;cycle-0122;cycle-0154;cycle-0160;cycle-0164;cycle-0165;cycle-0167;cycle-0170;cycle-0180;cycle-0182;cycle-0185;cycle-0212;cycle-0217;cycle-0228;cycle-0230;cycle-0232;cycle-0233;cycle-0238;cycle-0240;cycle-0243;cycle-0259;cycle-0260,1,2084.450418,4388.917866
6,random,FLTrust,score_aware,64,48,1,6,6,1,-0.008137122017789473,-0.00312441982625,-0.013072416924710527,0,0,-0.009394857389,968,204,1,0,0,0,0,0,0,1,0,0.5494592109296317,0.4982046678635548,0.4982046678635548,0.0,0.0,226;250;112;216;97;55;235;248;171;57;10;193;262;78;249;47;176;76;116;150;60;196;82;12;207;42;93;204;15;32,191;71;40;103;86;203;121;181;63;237;115;44;199;6;79;43;210;22;178;197;214;65;14;81;156;24;192;119;29;36,231;206;9;224;120;23;177;236;158;5;113;27;46;64;157;245;152;69;95;7;118;261;151;53;91;246;35;229;220;114;108;19;241;34;155;264;255;37;41;212;232;1;73;117;230;243;259;8;92;238;240;217;182;165;167;170;96;185;104;54;180;106;260;160;154;164;228;122;90;4;80;72;233;109;2;68,39;159;100;30;256;174;123;175;195;51;20;225;257;31;173;183;49;254;101;213,commit,-0.008137122017789473,ff745b33fad2e01bd17208deec2e507f09ef69219a2eb7f3932b36ae5209d605,1,1,1,1,1,1,1,1,1,1,1,3,3,1,1,9,2,0,cycle-0005;cycle-0007;cycle-0009;cycle-0019;cycle-0023;cycle-0027;cycle-0034;cycle-0035;cycle-0037;cycle-0046;cycle-0053;cycle-0064;cycle-0069;cycle-0091;cycle-0095;cycle-0108;cycle-0113;cycle-0114;cycle-0118;cycle-0120;cycle-0151;cycle-0152;cycle-0155;cycle-0157;cycle-0158;cycle-0177;cycle-0206;cycle-0220;cycle-0224;cycle-0229;cycle-0231;cycle-0236;cycle-0241;cycle-0245;cycle-0246;cycle-0255;cycle-0261;cycle-0264,1,2286.128386,4720.12503
6,random,FoundationFL,score_aware,64,7,1,6,6,1,-0.005428668175342106,-0.00350104412385,-0.006165691098092106,0,0,-0.005097081768033333,968,204,1,0,0,0,0,0,0,1,0,0.5494592109296317,0.5073345886062092,0.5073345886062092,0.0,0.0,226;250;112;216;97;55;235;248;171;57;10;193;262;78;249;47;176;76;116;150;60;196;82;12;207;42;93;204;15;32,191;71;40;103;86;203;121;181;63;237;115;44;199;6;79;43;210;22;178;197;214;65;14;81;156;24;192;119;29;36,231;206;9;224;120;23;177;236;158;5;113;27;46;64;157;245;152;69;95;7;118;261;151;53;91;246;35;229;220;114;108;19;241;34;155;264;255;37;41;212;232;1;73;117;230;243;259;8;92;238;240;217;182;165;167;170;96;185;104;54;180;106;260;160;154;164;228;122;90;4;80;72;233;109;2;68,39;159;100;30;256;174;123;175;195;51;20;225;257;31;173;183;49;254;101;213,commit,-0.005428668175342106,b19694f2439789e1abb7416b06ef46d45cfe2f711d657d3532156e73a69db154,1,1,1,1,1,1,1,1,1,1,1,3,3,1,1,9,2,0,cycle-0005;cycle-0007;cycle-0009;cycle-0019;cycle-0023;cycle-0027;cycle-0034;cycle-0035;cycle-0037;cycle-0046;cycle-0053;cycle-0064;cycle-0069;cycle-0091;cycle-0095;cycle-0108;cycle-0113;cycle-0114;cycle-0118;cycle-0120;cycle-0151;cycle-0152;cycle-0155;cycle-0157;cycle-0158;cycle-0177;cycle-0206;cycle-0220;cycle-0224;cycle-0229;cycle-0231;cycle-0236;cycle-0241;cycle-0245;cycle-0246;cycle-0255;cycle-0261;cycle-0264,1,2292.614219,4587.765738
7,random,FedAvg,none,0,0,0,6,0,0,0.0061000476322631576,0.00398102530535,0.0033796100878421055,0,0,0.0012028004786333332,1087,212,0,0,0,0,0,0,0,0,0,0.5378096479791395,0.5685546223583275,0.5378096479791395,-0.030744974379187995,0.00398102530535,31;183;90;30;250;52;44;71;217;219;200;100;46;70;107;94;98;27;28;155;158;249;220;240;216;173;253;77;122;65,223;2;212;178;97;20;32;116;103;127;57;83;112;151;99;194;234;251;50;62;172;53;108;82;207;255;197;4;229;80,228;214;258;243;40;202;181;72;204;78;177;256;213;190;113;55;128;126;18;118;79;235;124;224;67;161;157;88;196;125;153;8;262;104;121;247;93;120;54;61;162;198;231;182;48;239;205;188;75;254;260;101;13;168;176;1;165;210;152;110;199;14;12;34;7;95;73;174;23;218;215;186;209;3;117;221,169;241;232;192;10;49;238;227;6;29;203;33;68;25;237;111;15;163;259;167,reject,0.0061000476322631576,ad535a49e155459067439deec29e0e094ef1c3852a6ef665b59e4557e2b94124,1,2,2,0,0,1,1,1,1,1,1,3,3,1,1,9,2,0,cycle-0008;cycle-0018;cycle-0040;cycle-0055;cycle-0067;cycle-0072;cycle-0078;cycle-0079;cycle-0088;cycle-0093;cycle-0104;cycle-0113;cycle-0118;cycle-0120;cycle-0121;cycle-0124;cycle-0125;cycle-0126;cycle-0128;cycle-0153;cycle-0157;cycle-0161;cycle-0177;cycle-0181;cycle-0190;cycle-0196;cycle-0202;cycle-0204;cycle-0213;cycle-0214;cycle-0224;cycle-0228;cycle-0235;cycle-0243;cycle-0247;cycle-0256;cycle-0258;cycle-0262,1,2016.044348,4903.952224
7,random,CoordinateMedian,none,0,0,0,6,0,0,0.008620216550052632,0.00649431036285,0.0045470130761052635,0,0,0.0008479561403333334,1087,212,0,0,0,0,0,0,0,0,0,0.5378096479791395,0.5582456565901579,0.5378096479791395,-0.020436008611018353,0.00649431036285,31;183;90;30;250;52;44;71;217;219;200;100;46;70;107;94;98;27;28;155;158;249;220;240;216;173;253;77;122;65,223;2;212;178;97;20;32;116;103;127;57;83;112;151;99;194;234;251;50;62;172;53;108;82;207;255;197;4;229;80,228;214;258;243;40;202;181;72;204;78;177;256;213;190;113;55;128;126;18;118;79;235;124;224;67;161;157;88;196;125;153;8;262;104;121;247;93;120;54;61;162;198;231;182;48;239;205;188;75;254;260;101;13;168;176;1;165;210;152;110;199;14;12;34;7;95;73;174;23;218;215;186;209;3;117;221,169;241;232;192;10;49;238;227;6;29;203;33;68;25;237;111;15;163;259;167,reject,0.008620216550052632,ce3078103155a847f3c045293fae0d90c58f1dcf5168614a6c9f1afe6d734d60,1,1,1,0,0,1,1,1,1,1,1,3,3,1,1,9,2,0,cycle-0008;cycle-0018;cycle-0040;cycle-0055;cycle-0067;cycle-0072;cycle-0078;cycle-0079;cycle-0088;cycle-0093;cycle-0104;cycle-0113;cycle-0118;cycle-0120;cycle-0121;cycle-0124;cycle-0125;cycle-0126;cycle-0128;cycle-0153;cycle-0157;cycle-0161;cycle-0177;cycle-0181;cycle-0190;cycle-0196;cycle-0202;cycle-0204;cycle-0213;cycle-0214;cycle-0224;cycle-0228;cycle-0235;cycle-0243;cycle-0247;cycle-0256;cycle-0258;cycle-0262,1,1971.255525,4173.91502
7,random,Krum,none,0,0,0,6,0,0,0.005187936021421053,0.00362455058,0.0013778238087105263,0,0,-0.0018132943858,1087,212,1,0,0,0,0,0,0,0,0,0.5378096479791395,0.5671902004184227,0.5378096479791395,-0.02938055243928317,0.00362455058,31;183;90;30;250;52;44;71;217;219;200;100;46;70;107;94;98;27;28;155;158;249;220;240;216;173;253;77;122;65,223;2;212;178;97;20;32;116;103;127;57;83;112;151;99;194;234;251;50;62;172;53;108;82;207;255;197;4;229;80,228;214;258;243;40;202;181;72;204;78;177;256;213;190;113;55;128;126;18;118;79;235;124;224;67;161;157;88;196;125;153;8;262;104;121;247;93;120;54;61;162;198;231;182;48;239;205;188;75;254;260;101;13;168;176;1;165;210;152;110;199;14;12;34;7;95;73;174;23;218;215;186;209;3;117;221,169;241;232;192;10;49;238;227;6;29;203;33;68;25;237;111;15;163;259;167,reject,0.005187936021421053,e8d7da57a3670373fd67e95f744a3eeeb22ac5cedca4e22be9c6ffd3ecc6e635,1,1,1,0,0,1,1,1,1,1,1,3,3,1,1,9,2,0,cycle-0008;cycle-0018;cycle-0040;cycle-0055;cycle-0067;cycle-0072;cycle-0078;cycle-0079;cycle-0088;cycle-0093;cycle-0104;cycle-0113;cycle-0118;cycle-0120;cycle-0121;cycle-0124;cycle-0125;cycle-0126;cycle-0128;cycle-0153;cycle-0157;cycle-0161;cycle-0177;cycle-0181;cycle-0190;cycle-0196;cycle-0202;cycle-0204;cycle-0213;cycle-0214;cycle-0224;cycle-0228;cycle-0235;cycle-0243;cycle-0247;cycle-0256;cycle-0258;cycle-0262,1,1966.480133,4137.725302
7,random,FLTrust,none,0,0,0,6,0,1,-0.02053249286473684,-0.00679586172245,-0.010508568854407895,0,0,-0.005857372952033334,1087,212,1,0,0,0,0,0,0,1,0,0.5378096479791395,0.5021224341287408,0.5021224341287408,0.0,0.0,31;183;90;30;250;52;44;71;217;219;200;100;46;70;107;94;98;27;28;155;158;249;220;240;216;173;253;77;122;65,223;2;212;178;97;20;32;116;103;127;57;83;112;151;99;194;234;251;50;62;172;53;108;82;207;255;197;4;229;80,228;214;258;243;40;202;181;72;204;78;177;256;213;190;113;55;128;126;18;118;79;235;124;224;67;161;157;88;196;125;153;8;262;104;121;247;93;120;54;61;162;198;231;182;48;239;205;188;75;254;260;101;13;168;176;1;165;210;152;110;199;14;12;34;7;95;73;174;23;218;215;186;209;3;117;221,169;241;232;192;10;49;238;227;6;29;203;33;68;25;237;111;15;163;259;167,commit,-0.02053249286473684,4f58cbe0b2bc455a38b3f697cb6863cae76d84b4df17f70ddf5ad4ca9246ea66,1,1,1,1,1,1,1,1,1,1,1,3,3,1,1,9,2,0,cycle-0008;cycle-0018;cycle-0040;cycle-0055;cycle-0067;cycle-0072;cycle-0078;cycle-0079;cycle-0088;cycle-0093;cycle-0104;cycle-0113;cycle-0118;cycle-0120;cycle-0121;cycle-0124;cycle-0125;cycle-0126;cycle-0128;cycle-0153;cycle-0157;cycle-0161;cycle-0177;cycle-0181;cycle-0190;cycle-0196;cycle-0202;cycle-0204;cycle-0213;cycle-0214;cycle-0224;cycle-0228;cycle-0235;cycle-0243;cycle-0247;cycle-0256;cycle-0258;cycle-0262,1,2004.626922,4269.194092
7,random,FedVal,none,0,0,0,6,0,1,-0.0036760263411842104,-0.00248906254185,-0.0030654788749342105,0,0,-0.0033836217013333333,1087,212,1,0,0,0,0,0,0,1,0,0.5378096479791395,0.531123980473606,0.531123980473606,0.0,0.0,31;183;90;30;250;52;44;71;217;219;200;100;46;70;107;94;98;27;28;155;158;249;220;240;216;173;253;77;122;65,223;2;212;178;97;20;32;116;103;127;57;83;112;151;99;194;234;251;50;62;172;53;108;82;207;255;197;4;229;80,228;214;258;243;40;202;181;72;204;78;177;256;213;190;113;55;128;126;18;118;79;235;124;224;67;161;157;88;196;125;153;8;262;104;121;247;93;120;54;61;162;198;231;182;48;239;205;188;75;254;260;101;13;168;176;1;165;210;152;110;199;14;12;34;7;95;73;174;23;218;215;186;209;3;117;221,169;241;232;192;10;49;238;227;6;29;203;33;68;25;237;111;15;163;259;167,commit,-0.0036760263411842104,cdf8f871d13164973fcf37d55206d0a99aec450575b0939c99a6108fb246054b,1,1,1,1,1,1,1,1,1,1,1,3,3,1,1,9,2,1,cycle-0001;cycle-0003;cycle-0007;cycle-0012;cycle-0013;cycle-0014;cycle-0023;cycle-0034;cycle-0048;cycle-0054;cycle-0061;cycle-0073;cycle-0075;cycle-0095;cycle-0101;cycle-0110;cycle-0117;cycle-0152;cycle-0162;cycle-0165;cycle-0168;cycle-0174;cycle-0176;cycle-0182;cycle-0186;cycle-0188;cycle-0198;cycle-0199;cycle-0205;cycle-0209;cycle-0210;cycle-0215;cycle-0218;cycle-0221;cycle-0231;cycle-0239;cycle-0254;cycle-0260,1,1985.502817,4197.940409
7,random,FLShield,none,0,0,0,6,0,1,-0.01716928113826316,-0.00972941339375,-0.01170225320543421,0,0,-0.008687785164666667,1087,212,1,0,0,0,0,0,0,1,0,0.5378096479791395,0.48564324914344625,0.48564324914344625,0.0,0.0,31;183;90;30;250;52;44;71;217;219;200;100;46;70;107;94;98;27;28;155;158;249;220;240;216;173;253;77;122;65,223;2;212;178;97;20;32;116;103;127;57;83;112;151;99;194;234;251;50;62;172;53;108;82;207;255;197;4;229;80,228;214;258;243;40;202;181;72;204;78;177;256;213;190;113;55;128;126;18;118;79;235;124;224;67;161;157;88;196;125;153;8;262;104;121;247;93;120;54;61;162;198;231;182;48;239;205;188;75;254;260;101;13;168;176;1;165;210;152;110;199;14;12;34;7;95;73;174;23;218;215;186;209;3;117;221,169;241;232;192;10;49;238;227;6;29;203;33;68;25;237;111;15;163;259;167,commit,-0.01716928113826316,91732f6df8019507c9167c1ec4a74539ed169041593a383dfcb3c8505dead6e7,1,1,1,1,1,1,1,1,1,1,1,3,3,1,1,9,2,0,cycle-0008;cycle-0018;cycle-0040;cycle-0055;cycle-0067;cycle-0072;cycle-0078;cycle-0079;cycle-0088;cycle-0093;cycle-0104;cycle-0113;cycle-0118;cycle-0120;cycle-0121;cycle-0124;cycle-0125;cycle-0126;cycle-0128;cycle-0153;cycle-0157;cycle-0161;cycle-0177;cycle-0181;cycle-0190;cycle-0196;cycle-0202;cycle-0204;cycle-0213;cycle-0214;cycle-0224;cycle-0228;cycle-0235;cycle-0243;cycle-0247;cycle-0256;cycle-0258;cycle-0262,1,2156.769621,4325.195646
7,random,FoundationFL,none,0,0,0,6,0,0,0.011631767214289475,0.0163768476861,0.016615253157144738,0,0,0.0116838343223,1087,212,0,0,0,0,0,0,0,0,0,0.5378096479791395,0.5675237257815106,0.5378096479791395,-0.02971407780237101,0.0163768476861,31;183;90;30;250;52;44;71;217;219;200;100;46;70;107;94;98;27;28;155;158;249;220;240;216;173;253;77;122;65,223;2;212;178;97;20;32;116;103;127;57;83;112;151;99;194;234;251;50;62;172;53;108;82;207;255;197;4;229;80,228;214;258;243;40;202;181;72;204;78;177;256;213;190;113;55;128;126;18;118;79;235;124;224;67;161;157;88;196;125;153;8;262;104;121;247;93;120;54;61;162;198;231;182;48;239;205;188;75;254;260;101;13;168;176;1;165;210;152;110;199;14;12;34;7;95;73;174;23;218;215;186;209;3;117;221,169;241;232;192;10;49;238;227;6;29;203;33;68;25;237;111;15;163;259;167,reject,0.011631767214289475,9e4f80fbc4b375671a85bf7d072e6a5ada022d88ca74936785eb7e2e715ed666,1,1,1,0,0,1,1,1,1,1,1,3,3,1,1,9,2,1,cycle-0001;cycle-0003;cycle-0007;cycle-0012;cycle-0013;cycle-0014;cycle-0023;cycle-0034;cycle-0048;cycle-0054;cycle-0061;cycle-0073;cycle-0075;cycle-0095;cycle-0101;cycle-0110;cycle-0117;cycle-0152;cycle-0162;cycle-0165;cycle-0168;cycle-0174;cycle-0176;cycle-0182;cycle-0186;cycle-0188;cycle-0198;cycle-0199;cycle-0205;cycle-0209;cycle-0210;cycle-0215;cycle-0218;cycle-0221;cycle-0231;cycle-0239;cycle-0254;cycle-0260,1,2043.714544,4221.930261
7,random,FedAvg,sign_flip,0,0,0,6,6,0,0.0003339980594473684,0.00058249797455,-0.00012860674656578946,0,0,-0.00028923623403333336,1087,212,1,0,0,0,0,0,0,0,0,0.5378096479791395,0.5181316515569571,0.5378096479791395,0.019677996422182487,0.00058249797455,31;183;90;30;250;52;44;71;217;219;200;100;46;70;107;94;98;27;28;155;158;249;220;240;216;173;253;77;122;65,223;2;212;178;97;20;32;116;103;127;57;83;112;151;99;194;234;251;50;62;172;53;108;82;207;255;197;4;229;80,228;214;258;243;40;202;181;72;204;78;177;256;213;190;113;55;128;126;18;118;79;235;124;224;67;161;157;88;196;125;153;8;262;104;121;247;93;120;54;61;162;198;231;182;48;239;205;188;75;254;260;101;13;168;176;1;165;210;152;110;199;14;12;34;7;95;73;174;23;218;215;186;209;3;117;221,169;241;232;192;10;49;238;227;6;29;203;33;68;25;237;111;15;163;259;167,reject,0.0003339980594473684,bc0dd2fbfa692938b490a89816d8f1a26c2f339b67c1b3bff3e5a13afc041f59,1,1,1,0,0,1,1,1,1,1,1,3,3,1,1,9,2,1,cycle-0001;cycle-0003;cycle-0007;cycle-0012;cycle-0013;cycle-0014;cycle-0023;cycle-0034;cycle-0048;cycle-0054;cycle-0061;cycle-0073;cycle-0075;cycle-0095;cycle-0101;cycle-0110;cycle-0117;cycle-0152;cycle-0162;cycle-0165;cycle-0168;cycle-0174;cycle-0176;cycle-0182;cycle-0186;cycle-0188;cycle-0198;cycle-0199;cycle-0205;cycle-0209;cycle-0210;cycle-0215;cycle-0218;cycle-0221;cycle-0231;cycle-0239;cycle-0254;cycle-0260,1,2041.155443,4224.879973
7,random,CoordinateMedian,sign_flip,0,0,0,6,6,0,0.0005428527503421053,-0.00031694142755,-0.0019348376197236843,0,0,-0.003814261107833333,1087,212,1,0,0,0,0,0,0,1,1,0.5378096479791395,0.5614444680270458,0.5378096479791395,-0.02363482004790629,-0.00031694142755,31;183;90;30;250;52;44;71;217;219;200;100;46;70;107;94;98;27;28;155;158;249;220;240;216;173;253;77;122;65,223;2;212;178;97;20;32;116;103;127;57;83;112;151;99;194;234;251;50;62;172;53;108;82;207;255;197;4;229;80,228;214;258;243;40;202;181;72;204;78;177;256;213;190;113;55;128;126;18;118;79;235;124;224;67;161;157;88;196;125;153;8;262;104;121;247;93;120;54;61;162;198;231;182;48;239;205;188;75;254;260;101;13;168;176;1;165;210;152;110;199;14;12;34;7;95;73;174;23;218;215;186;209;3;117;221,169;241;232;192;10;49;238;227;6;29;203;33;68;25;237;111;15;163;259;167,reject,0.0005428527503421053,a4c9ca8f23f8d9c71d9f97dcac09ebe4d1e6c6b956df09731b0a0df9f11471de,1,1,1,0,0,1,1,1,1,1,1,3,3,1,1,9,2,0,cycle-0008;cycle-0018;cycle-0040;cycle-0055;cycle-0067;cycle-0072;cycle-0078;cycle-0079;cycle-0088;cycle-0093;cycle-0104;cycle-0113;cycle-0118;cycle-0120;cycle-0121;cycle-0124;cycle-0125;cycle-0126;cycle-0128;cycle-0153;cycle-0157;cycle-0161;cycle-0177;cycle-0181;cycle-0190;cycle-0196;cycle-0202;cycle-0204;cycle-0213;cycle-0214;cycle-0224;cycle-0228;cycle-0235;cycle-0243;cycle-0247;cycle-0256;cycle-0258;cycle-0262,1,2026.865152,4129.259297
7,random,Krum,sign_flip,0,0,0,6,6,1,-0.005652546964815789,-0.0047270891901,-0.007581551992789474,0,0,-0.009144778830633334,1087,212,1,0,0,0,0,0,0,1,0,0.5378096479791395,0.5480731330159789,0.5480731330159789,0.0,0.0,31;183;90;30;250;52;44;71;217;219;200;100;46;70;107;94;98;27;28;155;158;249;220;240;216;173;253;77;122;65,223;2;212;178;97;20;32;116;103;127;57;83;112;151;99;194;234;251;50;62;172;53;108;82;207;255;197;4;229;80,228;214;258;243;40;202;181;72;204;78;177;256;213;190;113;55;128;126;18;118;79;235;124;224;67;161;157;88;196;125;153;8;262;104;121;247;93;120;54;61;162;198;231;182;48;239;205;188;75;254;260;101;13;168;176;1;165;210;152;110;199;14;12;34;7;95;73;174;23;218;215;186;209;3;117;221,169;241;232;192;10;49;238;227;6;29;203;33;68;25;237;111;15;163;259;167,commit,-0.005652546964815789,1d8b6cf6d82d8fe3ae700ab4b57bd4f1c4c1d6412f7a8fb412eb7933e0dd91c5,1,1,1,1,1,1,1,1,1,1,1,3,3,1,1,9,2,0,cycle-0008;cycle-0018;cycle-0040;cycle-0055;cycle-0067;cycle-0072;cycle-0078;cycle-0079;cycle-0088;cycle-0093;cycle-0104;cycle-0113;cycle-0118;cycle-0120;cycle-0121;cycle-0124;cycle-0125;cycle-0126;cycle-0128;cycle-0153;cycle-0157;cycle-0161;cycle-0177;cycle-0181;cycle-0190;cycle-0196;cycle-0202;cycle-0204;cycle-0213;cycle-0214;cycle-0224;cycle-0228;cycle-0235;cycle-0243;cycle-0247;cycle-0256;cycle-0258;cycle-0262,1,1990.438373,4206.373885
7,random,FLTrust,sign_flip,0,0,0,6,6,1,-0.012048843189605264,0.0009703712189,-0.002314056605855263,0,0,0.0019143860230666668,1087,212,0,0,0,0,0,0,0,0,0,0.5378096479791395,0.5261817410023953,0.5261817410023953,0.0,0.0,31;183;90;30;250;52;44;71;217;219;200;100;46;70;107;94;98;27;28;155;158;249;220;240;216;173;253;77;122;65,223;2;212;178;97;20;32;116;103;127;57;83;112;151;99;194;234;251;50;62;172;53;108;82;207;255;197;4;229;80,228;214;258;243;40;202;181;72;204;78;177;256;213;190;113;55;128;126;18;118;79;235;124;224;67;161;157;88;196;125;153;8;262;104;121;247;93;120;54;61;162;198;231;182;48;239;205;188;75;254;260;101;13;168;176;1;165;210;152;110;199;14;12;34;7;95;73;174;23;218;215;186;209;3;117;221,169;241;232;192;10;49;238;227;6;29;203;33;68;25;237;111;15;163;259;167,commit,-0.012048843189605264,13be17ef2b5582f0ba4832758f306f47cfa0f55780063fc4fe09c27bdfd846b5,1,1,1,1,1,1,1,1,1,1,1,3,3,1,1,9,2,0,cycle-0008;cycle-0018;cycle-0040;cycle-0055;cycle-0067;cycle-0072;cycle-0078;cycle-0079;cycle-0088;cycle-0093;cycle-0104;cycle-0113;cycle-0118;cycle-0120;cycle-0121;cycle-0124;cycle-0125;cycle-0126;cycle-0128;cycle-0153;cycle-0157;cycle-0161;cycle-0177;cycle-0181;cycle-0190;cycle-0196;cycle-0202;cycle-0204;cycle-0213;cycle-0214;cycle-0224;cycle-0228;cycle-0235;cycle-0243;cycle-0247;cycle-0256;cycle-0258;cycle-0262,1,2004.499042,4176.182568
7,random,FedVal,sign_flip,0,0,0,6,6,0,0.00019929368963157894,0.0012798382008,0.000980522903381579,0,0,0.0012036818441,1087,212,0,0,0,0,0,0,0,0,0,0.5378096479791395,0.5239683454109942,0.5378096479791395,0.013841302568145308,0.0012798382008,31;183;90;30;250;52;44;71;217;219;200;100;46;70;107;94;98;27;28;155;158;249;220;240;216;173;253;77;122;65,223;2;212;178;97;20;32;116;103;127;57;83;112;151;99;194;234;251;50;62;172;53;108;82;207;255;197;4;229;80,228;214;258;243;40;202;181;72;204;78;177;256;213;190;113;55;128;126;18;118;79;235;124;224;67;161;157;88;196;125;153;8;262;104;121;247;93;120;54;61;162;198;231;182;48;239;205;188;75;254;260;101;13;168;176;1;165;210;152;110;199;14;12;34;7;95;73;174;23;218;215;186;209;3;117;221,169;241;232;192;10;49;238;227;6;29;203;33;68;25;237;111;15;163;259;167,reject,0.00019929368963157894,5ec7d0e53f9cadf4ce5c20d8997e79c67a3abcd957ce1ce74f8e4b8aff875de0,1,1,1,0,0,1,1,1,1,1,1,3,3,1,1,9,2,0,cycle-0008;cycle-0018;cycle-0040;cycle-0055;cycle-0067;cycle-0072;cycle-0078;cycle-0079;cycle-0088;cycle-0093;cycle-0104;cycle-0113;cycle-0118;cycle-0120;cycle-0121;cycle-0124;cycle-0125;cycle-0126;cycle-0128;cycle-0153;cycle-0157;cycle-0161;cycle-0177;cycle-0181;cycle-0190;cycle-0196;cycle-0202;cycle-0204;cycle-0213;cycle-0214;cycle-0224;cycle-0228;cycle-0235;cycle-0243;cycle-0247;cycle-0256;cycle-0258;cycle-0262,1,1966.630294,4120.765771
7,random,FLShield,sign_flip,0,0,0,6,6,0,0.0051024220344210525,0.00331197026375,0.002790405638486842,0,0,0.0008919989686,1087,212,0,0,0,0,0,0,0,0,0,0.5378096479791395,0.565871259209848,0.5378096479791395,-0.028061611230708494,0.00331197026375,31;183;90;30;250;52;44;71;217;219;200;100;46;70;107;94;98;27;28;155;158;249;220;240;216;173;253;77;122;65,223;2;212;178;97;20;32;116;103;127;57;83;112;151;99;194;234;251;50;62;172;53;108;82;207;255;197;4;229;80,228;214;258;243;40;202;181;72;204;78;177;256;213;190;113;55;128;126;18;118;79;235;124;224;67;161;157;88;196;125;153;8;262;104;121;247;93;120;54;61;162;198;231;182;48;239;205;188;75;254;260;101;13;168;176;1;165;210;152;110;199;14;12;34;7;95;73;174;23;218;215;186;209;3;117;221,169;241;232;192;10;49;238;227;6;29;203;33;68;25;237;111;15;163;259;167,reject,0.0051024220344210525,be341b8f6eb1b0e798ca58fa3e52884edcbbcd3195184c48994626121990f2f2,1,1,1,0,0,1,1,1,1,1,1,3,3,1,1,9,2,0,cycle-0008;cycle-0018;cycle-0040;cycle-0055;cycle-0067;cycle-0072;cycle-0078;cycle-0079;cycle-0088;cycle-0093;cycle-0104;cycle-0113;cycle-0118;cycle-0120;cycle-0121;cycle-0124;cycle-0125;cycle-0126;cycle-0128;cycle-0153;cycle-0157;cycle-0161;cycle-0177;cycle-0181;cycle-0190;cycle-0196;cycle-0202;cycle-0204;cycle-0213;cycle-0214;cycle-0224;cycle-0228;cycle-0235;cycle-0243;cycle-0247;cycle-0256;cycle-0258;cycle-0262,1,2003.361825,4196.261436
7,random,FoundationFL,sign_flip,0,0,0,6,6,0,0.026857168353973684,0.0228816489971,0.023628449751342106,0,0,0.019067468473533335,1087,212,0,0,0,0,0,0,0,0,0,0.5378096479791395,0.5095206330917801,0.5378096479791395,0.028289014887359465,0.0228816489971,31;183;90;30;250;52;44;71;217;219;200;100;46;70;107;94;98;27;28;155;158;249;220;240;216;173;253;77;122;65,223;2;212;178;97;20;32;116;103;127;57;83;112;151;99;194;234;251;50;62;172;53;108;82;207;255;197;4;229;80,228;214;258;243;40;202;181;72;204;78;177;256;213;190;113;55;128;126;18;118;79;235;124;224;67;161;157;88;196;125;153;8;262;104;121;247;93;120;54;61;162;198;231;182;48;239;205;188;75;254;260;101;13;168;176;1;165;210;152;110;199;14;12;34;7;95;73;174;23;218;215;186;209;3;117;221,169;241;232;192;10;49;238;227;6;29;203;33;68;25;237;111;15;163;259;167,reject,0.026857168353973684,7e4c6fe64ec8fc354961dcc6d2d47e33433bc4e3ef634d6641cfe9b26d84f4bb,1,1,1,0,0,1,1,1,1,1,1,3,3,1,1,9,2,0,cycle-0008;cycle-0018;cycle-0040;cycle-0055;cycle-0067;cycle-0072;cycle-0078;cycle-0079;cycle-0088;cycle-0093;cycle-0104;cycle-0113;cycle-0118;cycle-0120;cycle-0121;cycle-0124;cycle-0125;cycle-0126;cycle-0128;cycle-0153;cycle-0157;cycle-0161;cycle-0177;cycle-0181;cycle-0190;cycle-0196;cycle-0202;cycle-0204;cycle-0213;cycle-0214;cycle-0224;cycle-0228;cycle-0235;cycle-0243;cycle-0247;cycle-0256;cycle-0258;cycle-0262,1,1961.056908,4121.814462
7,random,FedAvg,model_replacement,0,0,0,6,6,0,0.1691422718868158,0.2093317156163,0.19448402580638158,0,0,0.2018636792206,1087,212,0,0,0,1,0,0,0,0,0,0.5378096479791395,0.4271550286528607,0.5378096479791395,0.11065461932627885,0.2093317156163,31;183;90;30;250;52;44;71;217;219;200;100;46;70;107;94;98;27;28;155;158;249;220;240;216;173;253;77;122;65,223;2;212;178;97;20;32;116;103;127;57;83;112;151;99;194;234;251;50;62;172;53;108;82;207;255;197;4;229;80,228;214;258;243;40;202;181;72;204;78;177;256;213;190;113;55;128;126;18;118;79;235;124;224;67;161;157;88;196;125;153;8;262;104;121;247;93;120;54;61;162;198;231;182;48;239;205;188;75;254;260;101;13;168;176;1;165;210;152;110;199;14;12;34;7;95;73;174;23;218;215;186;209;3;117;221,169;241;232;192;10;49;238;227;6;29;203;33;68;25;237;111;15;163;259;167,reject,0.1691422718868158,4494d73092c5bf6dcf474455e1676f30546f6d48086cb683c091dbc04a055925,1,1,1,0,0,1,1,1,1,1,1,3,3,1,1,9,2,0,cycle-0008;cycle-0018;cycle-0040;cycle-0055;cycle-0067;cycle-0072;cycle-0078;cycle-0079;cycle-0088;cycle-0093;cycle-0104;cycle-0113;cycle-0118;cycle-0120;cycle-0121;cycle-0124;cycle-0125;cycle-0126;cycle-0128;cycle-0153;cycle-0157;cycle-0161;cycle-0177;cycle-0181;cycle-0190;cycle-0196;cycle-0202;cycle-0204;cycle-0213;cycle-0214;cycle-0224;cycle-0228;cycle-0235;cycle-0243;cycle-0247;cycle-0256;cycle-0258;cycle-0262,1,2017.543738,4157.112479
7,random,CoordinateMedian,model_replacement,0,0,0,6,6,1,-0.0029055989058421054,-0.00311904913015,-0.004540817720092106,0,0,-0.005512348776266667,1087,212,1,0,0,0,0,0,0,1,0,0.5378096479791395,0.5338073436220855,0.5338073436220855,0.0,0.0,31;183;90;30;250;52;44;71;217;219;200;100;46;70;107;94;98;27;28;155;158;249;220;240;216;173;253;77;122;65,223;2;212;178;97;20;32;116;103;127;57;83;112;151;99;194;234;251;50;62;172;53;108;82;207;255;197;4;229;80,228;214;258;243;40;202;181;72;204;78;177;256;213;190;113;55;128;126;18;118;79;235;124;224;67;161;157;88;196;125;153;8;262;104;121;247;93;120;54;61;162;198;231;182;48;239;205;188;75;254;260;101;13;168;176;1;165;210;152;110;199;14;12;34;7;95;73;174;23;218;215;186;209;3;117;221,169;241;232;192;10;49;238;227;6;29;203;33;68;25;237;111;15;163;259;167,commit,-0.0029055989058421054,0f675146df88139bec87696441388b1a12ef323bad8ddbeea9da28b425eb2c43,1,1,1,1,1,1,1,1,1,1,1,3,3,1,1,9,2,0,cycle-0008;cycle-0018;cycle-0040;cycle-0055;cycle-0067;cycle-0072;cycle-0078;cycle-0079;cycle-0088;cycle-0093;cycle-0104;cycle-0113;cycle-0118;cycle-0120;cycle-0121;cycle-0124;cycle-0125;cycle-0126;cycle-0128;cycle-0153;cycle-0157;cycle-0161;cycle-0177;cycle-0181;cycle-0190;cycle-0196;cycle-0202;cycle-0204;cycle-0213;cycle-0214;cycle-0224;cycle-0228;cycle-0235;cycle-0243;cycle-0247;cycle-0256;cycle-0258;cycle-0262,1,2012.274989,4155.503295
7,random,Krum,model_replacement,0,0,0,6,6,1,-0.009510557020763158,-0.0047270891901,-0.007581551992789474,0,0,-0.009144778830633334,1087,212,1,0,0,0,0,0,0,1,0,0.5378096479791395,0.5480731330159789,0.5480731330159789,0.0,0.0,31;183;90;30;250;52;44;71;217;219;200;100;46;70;107;94;98;27;28;155;158;249;220;240;216;173;253;77;122;65,223;2;212;178;97;20;32;116;103;127;57;83;112;151;99;194;234;251;50;62;172;53;108;82;207;255;197;4;229;80,228;214;258;243;40;202;181;72;204;78;177;256;213;190;113;55;128;126;18;118;79;235;124;224;67;161;157;88;196;125;153;8;262;104;121;247;93;120;54;61;162;198;231;182;48;239;205;188;75;254;260;101;13;168;176;1;165;210;152;110;199;14;12;34;7;95;73;174;23;218;215;186;209;3;117;221,169;241;232;192;10;49;238;227;6;29;203;33;68;25;237;111;15;163;259;167,commit,-0.009510557020763158,0167c0d14e37ecc59ea02ba1080ec6099da2a71d8b33c43a9176f3e22dfad3bb,1,1,1,1,1,1,1,1,1,1,1,3,3,1,1,9,2,1,cycle-0001;cycle-0003;cycle-0007;cycle-0012;cycle-0013;cycle-0014;cycle-0023;cycle-0034;cycle-0048;cycle-0054;cycle-0061;cycle-0073;cycle-0075;cycle-0095;cycle-0101;cycle-0110;cycle-0117;cycle-0152;cycle-0162;cycle-0165;cycle-0168;cycle-0174;cycle-0176;cycle-0182;cycle-0186;cycle-0188;cycle-0198;cycle-0199;cycle-0205;cycle-0209;cycle-0210;cycle-0215;cycle-0218;cycle-0221;cycle-0231;cycle-0239;cycle-0254;cycle-0260,1,2039.613922,4141.580943
7,random,FLTrust,model_replacement,0,0,0,6,6,1,-0.0010739427641842105,0.0054915315993,0.0046919333608947365,0,0,0.0071438049899,1087,212,0,0,0,0,0,0,0,0,0,0.5378096479791395,0.4691185834268215,0.4691185834268215,0.0,0.0,31;183;90;30;250;52;44;71;217;219;200;100;46;70;107;94;98;27;28;155;158;249;220;240;216;173;253;77;122;65,223;2;212;178;97;20;32;116;103;127;57;83;112;151;99;194;234;251;50;62;172;53;108;82;207;255;197;4;229;80,228;214;258;243;40;202;181;72;204;78;177;256;213;190;113;55;128;126;18;118;79;235;124;224;67;161;157;88;196;125;153;8;262;104;121;247;93;120;54;61;162;198;231;182;48;239;205;188;75;254;260;101;13;168;176;1;165;210;152;110;199;14;12;34;7;95;73;174;23;218;215;186;209;3;117;221,169;241;232;192;10;49;238;227;6;29;203;33;68;25;237;111;15;163;259;167,commit,-0.0010739427641842105,4340d2d4b8b6a7418bb1046287c59a8dd79ff3afbbbab27581885c61385bf0a8,1,1,1,1,1,1,1,1,1,1,1,3,3,1,1,9,2,0,cycle-0008;cycle-0018;cycle-0040;cycle-0055;cycle-0067;cycle-0072;cycle-0078;cycle-0079;cycle-0088;cycle-0093;cycle-0104;cycle-0113;cycle-0118;cycle-0120;cycle-0121;cycle-0124;cycle-0125;cycle-0126;cycle-0128;cycle-0153;cycle-0157;cycle-0161;cycle-0177;cycle-0181;cycle-0190;cycle-0196;cycle-0202;cycle-0204;cycle-0213;cycle-0214;cycle-0224;cycle-0228;cycle-0235;cycle-0243;cycle-0247;cycle-0256;cycle-0258;cycle-0262,1,2025.981259,4185.851731
7,random,FedVal,model_replacement,0,0,0,6,6,0,0.0496890214125,0.04694420427555,0.05046302833617105,0,0,0.04854345310193333,1087,212,0,0,0,0,0,0,0,0,0,0.5378096479791395,0.525332767350899,0.5378096479791395,0.012476880628240594,0.04694420427555,31;183;90;30;250;52;44;71;217;219;200;100;46;70;107;94;98;27;28;155;158;249;220;240;216;173;253;77;122;65,223;2;212;178;97;20;32;116;103;127;57;83;112;151;99;194;234;251;50;62;172;53;108;82;207;255;197;4;229;80,228;214;258;243;40;202;181;72;204;78;177;256;213;190;113;55;128;126;18;118;79;235;124;224;67;161;157;88;196;125;153;8;262;104;121;247;93;120;54;61;162;198;231;182;48;239;205;188;75;254;260;101;13;168;176;1;165;210;152;110;199;14;12;34;7;95;73;174;23;218;215;186;209;3;117;221,169;241;232;192;10;49;238;227;6;29;203;33;68;25;237;111;15;163;259;167,reject,0.0496890214125,8e3ea045cd20d856759db06307da2d913afda42c30e06a9569f2647386054ecf,1,1,1,0,0,1,1,1,1,1,1,3,3,1,1,9,2,0,cycle-0008;cycle-0018;cycle-0040;cycle-0055;cycle-0067;cycle-0072;cycle-0078;cycle-0079;cycle-0088;cycle-0093;cycle-0104;cycle-0113;cycle-0118;cycle-0120;cycle-0121;cycle-0124;cycle-0125;cycle-0126;cycle-0128;cycle-0153;cycle-0157;cycle-0161;cycle-0177;cycle-0181;cycle-0190;cycle-0196;cycle-0202;cycle-0204;cycle-0213;cycle-0214;cycle-0224;cycle-0228;cycle-0235;cycle-0243;cycle-0247;cycle-0256;cycle-0258;cycle-0262,1,2000.096235,4130.689623
7,random,FLShield,model_replacement,0,0,0,6,6,1,-0.002163190372894737,0.0001556032359,-0.0004804849475394737,0,0,-0.0016844496406666666,1087,212,1,0,0,0,0,0,0,0,0,0.5378096479791395,0.54270640671902,0.54270640671902,0.0,0.0,31;183;90;30;250;52;44;71;217;219;200;100;46;70;107;94;98;27;28;155;158;249;220;240;216;173;253;77;122;65,223;2;212;178;97;20;32;116;103;127;57;83;112;151;99;194;234;251;50;62;172;53;108;82;207;255;197;4;229;80,228;214;258;243;40;202;181;72;204;78;177;256;213;190;113;55;128;126;18;118;79;235;124;224;67;161;157;88;196;125;153;8;262;104;121;247;93;120;54;61;162;198;231;182;48;239;205;188;75;254;260;101;13;168;176;1;165;210;152;110;199;14;12;34;7;95;73;174;23;218;215;186;209;3;117;221,169;241;232;192;10;49;238;227;6;29;203;33;68;25;237;111;15;163;259;167,commit,-0.002163190372894737,6c006f3b5f7961ff77c18b61522161faf19a9b07023dfae145e52c89fb378857,1,1,1,1,1,1,1,1,1,1,1,3,3,1,1,9,2,1,cycle-0001;cycle-0003;cycle-0007;cycle-0012;cycle-0013;cycle-0014;cycle-0023;cycle-0034;cycle-0048;cycle-0054;cycle-0061;cycle-0073;cycle-0075;cycle-0095;cycle-0101;cycle-0110;cycle-0117;cycle-0152;cycle-0162;cycle-0165;cycle-0168;cycle-0174;cycle-0176;cycle-0182;cycle-0186;cycle-0188;cycle-0198;cycle-0199;cycle-0205;cycle-0209;cycle-0210;cycle-0215;cycle-0218;cycle-0221;cycle-0231;cycle-0239;cycle-0254;cycle-0260,1,2026.943927,4181.093365
7,random,FoundationFL,model_replacement,0,0,0,6,6,0,0.3586032362056842,0.34615710927605,0.3241534180733421,0,0,0.35924197150043335,1087,212,0,0,0,1,0,0,0,0,0,0.5378096479791395,0.4750310784997423,0.5378096479791395,0.06277856947939725,0.34615710927605,31;183;90;30;250;52;44;71;217;219;200;100;46;70;107;94;98;27;28;155;158;249;220;240;216;173;253;77;122;65,223;2;212;178;97;20;32;116;103;127;57;83;112;151;99;194;234;251;50;62;172;53;108;82;207;255;197;4;229;80,228;214;258;243;40;202;181;72;204;78;177;256;213;190;113;55;128;126;18;118;79;235;124;224;67;161;157;88;196;125;153;8;262;104;121;247;93;120;54;61;162;198;231;182;48;239;205;188;75;254;260;101;13;168;176;1;165;210;152;110;199;14;12;34;7;95;73;174;23;218;215;186;209;3;117;221,169;241;232;192;10;49;238;227;6;29;203;33;68;25;237;111;15;163;259;167,reject,0.3586032362056842,ffea522c1bf79b076eeeba78ee269c820b144c0ff41c3fd2e6a819127fa71267,1,1,1,0,0,1,1,1,1,1,1,3,3,1,1,9,2,1,cycle-0001;cycle-0003;cycle-0007;cycle-0012;cycle-0013;cycle-0014;cycle-0023;cycle-0034;cycle-0048;cycle-0054;cycle-0061;cycle-0073;cycle-0075;cycle-0095;cycle-0101;cycle-0110;cycle-0117;cycle-0152;cycle-0162;cycle-0165;cycle-0168;cycle-0174;cycle-0176;cycle-0182;cycle-0186;cycle-0188;cycle-0198;cycle-0199;cycle-0205;cycle-0209;cycle-0210;cycle-0215;cycle-0218;cycle-0221;cycle-0231;cycle-0239;cycle-0254;cycle-0260,1,2017.997555,4053.801418
7,random,FedAvg,score_aware,64,49,0,6,6,1,-1.1517508315789473e-05,-7.38775515e-06,-4.397920394736842e-06,0,0,-2.6184462666666667e-06,1087,212,1,0,0,0,0,0,0,1,0,0.5378096479791395,0.5378096479791395,0.5378096479791395,0.0,0.0,31;183;90;30;250;52;44;71;217;219;200;100;46;70;107;94;98;27;28;155;158;249;220;240;216;173;253;77;122;65,223;2;212;178;97;20;32;116;103;127;57;83;112;151;99;194;234;251;50;62;172;53;108;82;207;255;197;4;229;80,228;214;258;243;40;202;181;72;204;78;177;256;213;190;113;55;128;126;18;118;79;235;124;224;67;161;157;88;196;125;153;8;262;104;121;247;93;120;54;61;162;198;231;182;48;239;205;188;75;254;260;101;13;168;176;1;165;210;152;110;199;14;12;34;7;95;73;174;23;218;215;186;209;3;117;221,169;241;232;192;10;49;238;227;6;29;203;33;68;25;237;111;15;163;259;167,commit,-1.1517508315789473e-05,c922e30dc046e92cc1acbd94bff6560cb1ca004861e7fbb1b5bf90cb0ff11c95,1,1,1,1,1,1,1,1,1,1,1,3,3,1,1,9,2,1,cycle-0001;cycle-0003;cycle-0007;cycle-0012;cycle-0013;cycle-0014;cycle-0023;cycle-0034;cycle-0048;cycle-0054;cycle-0061;cycle-0073;cycle-0075;cycle-0095;cycle-0101;cycle-0110;cycle-0117;cycle-0152;cycle-0162;cycle-0165;cycle-0168;cycle-0174;cycle-0176;cycle-0182;cycle-0186;cycle-0188;cycle-0198;cycle-0199;cycle-0205;cycle-0209;cycle-0210;cycle-0215;cycle-0218;cycle-0221;cycle-0231;cycle-0239;cycle-0254;cycle-0260,1,2092.667658,4206.299672
7,random,FLTrust,score_aware,64,56,1,6,6,1,-0.012044380438473685,6.62733325e-06,-0.0022666594926052633,0,0,0.0026832639135,1087,212,0,0,0,0,0,0,0,0,0,0.5378096479791395,0.5221794366453413,0.5221794366453413,0.0,0.0,31;183;90;30;250;52;44;71;217;219;200;100;46;70;107;94;98;27;28;155;158;249;220;240;216;173;253;77;122;65,223;2;212;178;97;20;32;116;103;127;57;83;112;151;99;194;234;251;50;62;172;53;108;82;207;255;197;4;229;80,228;214;258;243;40;202;181;72;204;78;177;256;213;190;113;55;128;126;18;118;79;235;124;224;67;161;157;88;196;125;153;8;262;104;121;247;93;120;54;61;162;198;231;182;48;239;205;188;75;254;260;101;13;168;176;1;165;210;152;110;199;14;12;34;7;95;73;174;23;218;215;186;209;3;117;221,169;241;232;192;10;49;238;227;6;29;203;33;68;25;237;111;15;163;259;167,commit,-0.012044380438473685,5fbea64a68249745ba02fbb4bf03d163094d45c5d1b0af713cd04bd06607109b,1,1,1,1,1,1,1,1,1,1,1,3,3,1,1,9,2,0,cycle-0008;cycle-0018;cycle-0040;cycle-0055;cycle-0067;cycle-0072;cycle-0078;cycle-0079;cycle-0088;cycle-0093;cycle-0104;cycle-0113;cycle-0118;cycle-0120;cycle-0121;cycle-0124;cycle-0125;cycle-0126;cycle-0128;cycle-0153;cycle-0157;cycle-0161;cycle-0177;cycle-0181;cycle-0190;cycle-0196;cycle-0202;cycle-0204;cycle-0213;cycle-0214;cycle-0224;cycle-0228;cycle-0235;cycle-0243;cycle-0247;cycle-0256;cycle-0258;cycle-0262,1,1987.898502,4041.649835
7,random,FoundationFL,score_aware,64,24,1,6,6,1,-7.95285917368421e-05,0.00012359022345,-0.0005044227451052631,0,0,-0.0010888110818,1087,212,1,0,0,0,0,0,0,0,0,0.5378096479791395,0.5270761953852218,0.5270761953852218,0.0,0.0,31;183;90;30;250;52;44;71;217;219;200;100;46;70;107;94;98;27;28;155;158;249;220;240;216;173;253;77;122;65,223;2;212;178;97;20;32;116;103;127;57;83;112;151;99;194;234;251;50;62;172;53;108;82;207;255;197;4;229;80,228;214;258;243;40;202;181;72;204;78;177;256;213;190;113;55;128;126;18;118;79;235;124;224;67;161;157;88;196;125;153;8;262;104;121;247;93;120;54;61;162;198;231;182;48;239;205;188;75;254;260;101;13;168;176;1;165;210;152;110;199;14;12;34;7;95;73;174;23;218;215;186;209;3;117;221,169;241;232;192;10;49;238;227;6;29;203;33;68;25;237;111;15;163;259;167,commit,-7.95285917368421e-05,05d36ff99622741abf6abf26fc3cd8e450b94bc4501c91899cf326532e549754,1,1,1,1,1,1,1,1,1,1,1,3,3,1,1,9,2,0,cycle-0008;cycle-0018;cycle-0040;cycle-0055;cycle-0067;cycle-0072;cycle-0078;cycle-0079;cycle-0088;cycle-0093;cycle-0104;cycle-0113;cycle-0118;cycle-0120;cycle-0121;cycle-0124;cycle-0125;cycle-0126;cycle-0128;cycle-0153;cycle-0157;cycle-0161;cycle-0177;cycle-0181;cycle-0190;cycle-0196;cycle-0202;cycle-0204;cycle-0213;cycle-0214;cycle-0224;cycle-0228;cycle-0235;cycle-0243;cycle-0247;cycle-0256;cycle-0258;cycle-0262,1,2011.038722,4001.860097
8,random,FedAvg,none,0,0,0,6,0,1,-0.004568945353210526,-0.0003339865247,-0.005344408952894737,0,0,-0.0036681174056666667,891,100,1,0,0,0,0,0,0,1,0,0.5341695948739148,0.5649286895411327,0.5649286895411327,0.0,0.0,10;208;166;104;188;31;47;165;190;214;239;235;13;216;75;117;201;247;91;11;112;1;194;51;38;121;127;76;199;21,62;66;245;68;258;217;155;78;118;193;257;46;170;83;52;58;179;232;224;227;102;67;223;14;39;33;89;41;125;70,154;262;111;54;84;69;90;44;79;17;162;95;180;261;260;3;100;209;98;202;177;192;8;225;231;160;16;32;71;48;191;248;263;60;212;167;207;206;168;61;243;172;181;59;159;63;9;30;19;37;174;50;122;23;230;22;113;35;96;254;15;20;106;116;56;115;126;4;77;189;18;88;110;124;196;120,97;26;249;101;171;211;237;176;203;246;253;27;256;53;219;210;73;94;156;233,commit,-0.004568945353210526,cdfbe472ee46e0f38bcfa5126e6359dcbd4228febc619479d7d4011c758f7812,1,2,2,1,1,1,1,1,1,1,1,3,3,1,1,9,2,0,cycle-0003;cycle-0008;cycle-0016;cycle-0017;cycle-0032;cycle-0044;cycle-0048;cycle-0054;cycle-0060;cycle-0069;cycle-0071;cycle-0079;cycle-0084;cycle-0090;cycle-0095;cycle-0098;cycle-0100;cycle-0111;cycle-0154;cycle-0160;cycle-0162;cycle-0167;cycle-0177;cycle-0180;cycle-0191;cycle-0192;cycle-0202;cycle-0206;cycle-0207;cycle-0209;cycle-0212;cycle-0225;cycle-0231;cycle-0248;cycle-0260;cycle-0261;cycle-0262;cycle-0263,1,1951.272317,4646.755859
8,random,CoordinateMedian,none,0,0,0,6,0,1,-0.010458179877973685,-0.00646472141125,-0.010066364659210526,0,0,-0.0086655179683,891,100,1,0,0,0,0,0,0,1,0,0.5341695948739148,0.5178922075237702,0.5178922075237702,0.0,0.0,10;208;166;104;188;31;47;165;190;214;239;235;13;216;75;117;201;247;91;11;112;1;194;51;38;121;127;76;199;21,62;66;245;68;258;217;155;78;118;193;257;46;170;83;52;58;179;232;224;227;102;67;223;14;39;33;89;41;125;70,154;262;111;54;84;69;90;44;79;17;162;95;180;261;260;3;100;209;98;202;177;192;8;225;231;160;16;32;71;48;191;248;263;60;212;167;207;206;168;61;243;172;181;59;159;63;9;30;19;37;174;50;122;23;230;22;113;35;96;254;15;20;106;116;56;115;126;4;77;189;18;88;110;124;196;120,97;26;249;101;171;211;237;176;203;246;253;27;256;53;219;210;73;94;156;233,commit,-0.010458179877973685,4f28ec274d6b7a1d5b0b8ed3951a6bdeed98c6af7539a01a785e52e94bd9f769,1,1,1,1,1,1,1,1,1,1,1,3,3,1,1,9,2,1,cycle-0004;cycle-0009;cycle-0015;cycle-0018;cycle-0019;cycle-0020;cycle-0022;cycle-0023;cycle-0030;cycle-0035;cycle-0037;cycle-0050;cycle-0056;cycle-0059;cycle-0061;cycle-0063;cycle-0077;cycle-0088;cycle-0096;cycle-0106;cycle-0110;cycle-0113;cycle-0115;cycle-0116;cycle-0120;cycle-0122;cycle-0124;cycle-0126;cycle-0159;cycle-0168;cycle-0172;cycle-0174;cycle-0181;cycle-0189;cycle-0196;cycle-0230;cycle-0243;cycle-0254,1,1924.389198,3945.675839
8,random,Krum,none,0,0,0,6,0,1,-0.012177302193236842,-0.0017145647917,-0.0110161136195,0,0,-0.009288261660133334,891,100,1,0,0,0,0,0,0,1,0,0.5341695948739148,0.625193778420835,0.625193778420835,0.0,0.0,10;208;166;104;188;31;47;165;190;214;239;235;13;216;75;117;201;247;91;11;112;1;194;51;38;121;127;76;199;21,62;66;245;68;258;217;155;78;118;193;257;46;170;83;52;58;179;232;224;227;102;67;223;14;39;33;89;41;125;70,154;262;111;54;84;69;90;44;79;17;162;95;180;261;260;3;100;209;98;202;177;192;8;225;231;160;16;32;71;48;191;248;263;60;212;167;207;206;168;61;243;172;181;59;159;63;9;30;19;37;174;50;122;23;230;22;113;35;96;254;15;20;106;116;56;115;126;4;77;189;18;88;110;124;196;120,97;26;249;101;171;211;237;176;203;246;253;27;256;53;219;210;73;94;156;233,commit,-0.012177302193236842,c28f8010040ed987afa882e30379872161d1425a95d83f088ff37321957389cd,1,1,1,1,1,1,1,1,1,1,1,3,3,1,1,9,2,1,cycle-0004;cycle-0009;cycle-0015;cycle-0018;cycle-0019;cycle-0020;cycle-0022;cycle-0023;cycle-0030;cycle-0035;cycle-0037;cycle-0050;cycle-0056;cycle-0059;cycle-0061;cycle-0063;cycle-0077;cycle-0088;cycle-0096;cycle-0106;cycle-0110;cycle-0113;cycle-0115;cycle-0116;cycle-0120;cycle-0122;cycle-0124;cycle-0126;cycle-0159;cycle-0168;cycle-0172;cycle-0174;cycle-0181;cycle-0189;cycle-0196;cycle-0230;cycle-0243;cycle-0254,1,2004.355913,4004.028507
8,random,FLTrust,none,0,0,0,6,0,0,0.009439540863157896,-0.0022876694211,0.007539207888539474,0,0,0.0043132628861,891,100,0,0,0,0,0,0,0,1,1,0.5341695948739148,0.5249328234807772,0.5341695948739148,0.00923677139313761,-0.0022876694211,10;208;166;104;188;31;47;165;190;214;239;235;13;216;75;117;201;247;91;11;112;1;194;51;38;121;127;76;199;21,62;66;245;68;258;217;155;78;118;193;257;46;170;83;52;58;179;232;224;227;102;67;223;14;39;33;89;41;125;70,154;262;111;54;84;69;90;44;79;17;162;95;180;261;260;3;100;209;98;202;177;192;8;225;231;160;16;32;71;48;191;248;263;60;212;167;207;206;168;61;243;172;181;59;159;63;9;30;19;37;174;50;122;23;230;22;113;35;96;254;15;20;106;116;56;115;126;4;77;189;18;88;110;124;196;120,97;26;249;101;171;211;237;176;203;246;253;27;256;53;219;210;73;94;156;233,reject,0.009439540863157896,87e027081bda17a1518b575c9debc1f86124ee75aee355eb732dda8ecff5be19,1,1,1,0,0,1,1,1,1,1,1,3,3,1,1,9,2,1,cycle-0004;cycle-0009;cycle-0015;cycle-0018;cycle-0019;cycle-0020;cycle-0022;cycle-0023;cycle-0030;cycle-0035;cycle-0037;cycle-0050;cycle-0056;cycle-0059;cycle-0061;cycle-0063;cycle-0077;cycle-0088;cycle-0096;cycle-0106;cycle-0110;cycle-0113;cycle-0115;cycle-0116;cycle-0120;cycle-0122;cycle-0124;cycle-0126;cycle-0159;cycle-0168;cycle-0172;cycle-0174;cycle-0181;cycle-0189;cycle-0196;cycle-0230;cycle-0243;cycle-0254,1,1891.510089,3844.238346
8,random,FedVal,none,0,0,0,6,0,1,-0.004538396359394737,-0.0009853410294,-0.005195769392355263,0,0,-0.003761573411633333,891,100,1,0,0,0,0,0,0,1,0,0.5341695948739148,0.5464551467548574,0.5464551467548574,0.0,0.0,10;208;166;104;188;31;47;165;190;214;239;235;13;216;75;117;201;247;91;11;112;1;194;51;38;121;127;76;199;21,62;66;245;68;258;217;155;78;118;193;257;46;170;83;52;58;179;232;224;227;102;67;223;14;39;33;89;41;125;70,154;262;111;54;84;69;90;44;79;17;162;95;180;261;260;3;100;209;98;202;177;192;8;225;231;160;16;32;71;48;191;248;263;60;212;167;207;206;168;61;243;172;181;59;159;63;9;30;19;37;174;50;122;23;230;22;113;35;96;254;15;20;106;116;56;115;126;4;77;189;18;88;110;124;196;120,97;26;249;101;171;211;237;176;203;246;253;27;256;53;219;210;73;94;156;233,commit,-0.004538396359394737,39da12533c1688b8f54e4c158056742fcaf3d04e05206be55fbba6b2bb4575a0,1,1,1,1,1,1,1,1,1,1,1,3,3,1,1,9,2,0,cycle-0003;cycle-0008;cycle-0016;cycle-0017;cycle-0032;cycle-0044;cycle-0048;cycle-0054;cycle-0060;cycle-0069;cycle-0071;cycle-0079;cycle-0084;cycle-0090;cycle-0095;cycle-0098;cycle-0100;cycle-0111;cycle-0154;cycle-0160;cycle-0162;cycle-0167;cycle-0177;cycle-0180;cycle-0191;cycle-0192;cycle-0202;cycle-0206;cycle-0207;cycle-0209;cycle-0212;cycle-0225;cycle-0231;cycle-0248;cycle-0260;cycle-0261;cycle-0262;cycle-0263,1,1982.59431,3884.335882
8,random,FLShield,none,0,0,0,6,0,1,-0.0005853574066578947,-0.0051043947097,0.0004570340380657895,0,0,-0.0014594747984333334,891,100,1,0,0,0,0,0,0,1,0,0.5341695948739148,0.534931789995866,0.534931789995866,0.0,0.0,10;208;166;104;188;31;47;165;190;214;239;235;13;216;75;117;201;247;91;11;112;1;194;51;38;121;127;76;199;21,62;66;245;68;258;217;155;78;118;193;257;46;170;83;52;58;179;232;224;227;102;67;223;14;39;33;89;41;125;70,154;262;111;54;84;69;90;44;79;17;162;95;180;261;260;3;100;209;98;202;177;192;8;225;231;160;16;32;71;48;191;248;263;60;212;167;207;206;168;61;243;172;181;59;159;63;9;30;19;37;174;50;122;23;230;22;113;35;96;254;15;20;106;116;56;115;126;4;77;189;18;88;110;124;196;120,97;26;249;101;171;211;237;176;203;246;253;27;256;53;219;210;73;94;156;233,commit,-0.0005853574066578947,11d37ef0f68c70ddb2a699847250bac792e38470ea99db553ea00ed0379e35f3,1,1,1,1,1,1,1,1,1,1,1,3,3,1,1,9,2,0,cycle-0003;cycle-0008;cycle-0016;cycle-0017;cycle-0032;cycle-0044;cycle-0048;cycle-0054;cycle-0060;cycle-0069;cycle-0071;cycle-0079;cycle-0084;cycle-0090;cycle-0095;cycle-0098;cycle-0100;cycle-0111;cycle-0154;cycle-0160;cycle-0162;cycle-0167;cycle-0177;cycle-0180;cycle-0191;cycle-0192;cycle-0202;cycle-0206;cycle-0207;cycle-0209;cycle-0212;cycle-0225;cycle-0231;cycle-0248;cycle-0260;cycle-0261;cycle-0262;cycle-0263,1,1957.303332,3845.234011
8,random,FoundationFL,none,0,0,0,6,0,1,-0.004362184958921053,-0.0003301019305,-0.0037247353492894735,0,0,-0.0022214968354,891,100,1,0,0,0,0,0,0,1,0,0.5341695948739148,0.5688300950806118,0.5688300950806118,0.0,0.0,10;208;166;104;188;31;47;165;190;214;239;235;13;216;75;117;201;247;91;11;112;1;194;51;38;121;127;76;199;21,62;66;245;68;258;217;155;78;118;193;257;46;170;83;52;58;179;232;224;227;102;67;223;14;39;33;89;41;125;70,154;262;111;54;84;69;90;44;79;17;162;95;180;261;260;3;100;209;98;202;177;192;8;225;231;160;16;32;71;48;191;248;263;60;212;167;207;206;168;61;243;172;181;59;159;63;9;30;19;37;174;50;122;23;230;22;113;35;96;254;15;20;106;116;56;115;126;4;77;189;18;88;110;124;196;120,97;26;249;101;171;211;237;176;203;246;253;27;256;53;219;210;73;94;156;233,commit,-0.004362184958921053,ee1a8ee8b5a679eddf94d677a849a265411e59633b39a97feb0b83369806245e,1,1,1,1,1,1,1,1,1,1,1,3,3,1,1,9,2,1,cycle-0004;cycle-0009;cycle-0015;cycle-0018;cycle-0019;cycle-0020;cycle-0022;cycle-0023;cycle-0030;cycle-0035;cycle-0037;cycle-0050;cycle-0056;cycle-0059;cycle-0061;cycle-0063;cycle-0077;cycle-0088;cycle-0096;cycle-0106;cycle-0110;cycle-0113;cycle-0115;cycle-0116;cycle-0120;cycle-0122;cycle-0124;cycle-0126;cycle-0159;cycle-0168;cycle-0172;cycle-0174;cycle-0181;cycle-0189;cycle-0196;cycle-0230;cycle-0243;cycle-0254,1,1911.440976,3825.331901
8,random,FedAvg,sign_flip,0,0,0,6,6,1,-0.0030059398240526317,-0.0092142072463,-0.0009694199430921053,0,0,-0.0035007721678,891,100,1,0,0,0,0,0,0,1,0,0.5341695948739148,0.5117042166184373,0.5117042166184373,0.0,0.0,10;208;166;104;188;31;47;165;190;214;239;235;13;216;75;117;201;247;91;11;112;1;194;51;38;121;127;76;199;21,62;66;245;68;258;217;155;78;118;193;257;46;170;83;52;58;179;232;224;227;102;67;223;14;39;33;89;41;125;70,154;262;111;54;84;69;90;44;79;17;162;95;180;261;260;3;100;209;98;202;177;192;8;225;231;160;16;32;71;48;191;248;263;60;212;167;207;206;168;61;243;172;181;59;159;63;9;30;19;37;174;50;122;23;230;22;113;35;96;254;15;20;106;116;56;115;126;4;77;189;18;88;110;124;196;120,97;26;249;101;171;211;237;176;203;246;253;27;256;53;219;210;73;94;156;233,commit,-0.0030059398240526317,92aa2f9b00113a6dee3c6532e15e180da7bfcf760284bac2fe3673500642d4a0,1,1,1,1,1,1,1,1,1,1,1,3,3,1,1,9,2,0,cycle-0003;cycle-0008;cycle-0016;cycle-0017;cycle-0032;cycle-0044;cycle-0048;cycle-0054;cycle-0060;cycle-0069;cycle-0071;cycle-0079;cycle-0084;cycle-0090;cycle-0095;cycle-0098;cycle-0100;cycle-0111;cycle-0154;cycle-0160;cycle-0162;cycle-0167;cycle-0177;cycle-0180;cycle-0191;cycle-0192;cycle-0202;cycle-0206;cycle-0207;cycle-0209;cycle-0212;cycle-0225;cycle-0231;cycle-0248;cycle-0260;cycle-0261;cycle-0262;cycle-0263,1,1896.41891,3861.215706
8,random,CoordinateMedian,sign_flip,0,0,0,6,6,1,-0.009043918252815789,-0.00918150424175,-0.009277561186421052,0,0,-0.0088784496511,891,100,1,0,0,0,0,0,0,1,0,0.5341695948739148,0.500180859859446,0.500180859859446,0.0,0.0,10;208;166;104;188;31;47;165;190;214;239;235;13;216;75;117;201;247;91;11;112;1;194;51;38;121;127;76;199;21,62;66;245;68;258;217;155;78;118;193;257;46;170;83;52;58;179;232;224;227;102;67;223;14;39;33;89;41;125;70,154;262;111;54;84;69;90;44;79;17;162;95;180;261;260;3;100;209;98;202;177;192;8;225;231;160;16;32;71;48;191;248;263;60;212;167;207;206;168;61;243;172;181;59;159;63;9;30;19;37;174;50;122;23;230;22;113;35;96;254;15;20;106;116;56;115;126;4;77;189;18;88;110;124;196;120,97;26;249;101;171;211;237;176;203;246;253;27;256;53;219;210;73;94;156;233,commit,-0.009043918252815789,e7de5d6fe3bfa2ab1af74095c322771a295f7728d78a1bfea29eb0c8115294f7,1,1,1,1,1,1,1,1,1,1,1,3,3,1,1,9,2,1,cycle-0004;cycle-0009;cycle-0015;cycle-0018;cycle-0019;cycle-0020;cycle-0022;cycle-0023;cycle-0030;cycle-0035;cycle-0037;cycle-0050;cycle-0056;cycle-0059;cycle-0061;cycle-0063;cycle-0077;cycle-0088;cycle-0096;cycle-0106;cycle-0110;cycle-0113;cycle-0115;cycle-0116;cycle-0120;cycle-0122;cycle-0124;cycle-0126;cycle-0159;cycle-0168;cycle-0172;cycle-0174;cycle-0181;cycle-0189;cycle-0196;cycle-0230;cycle-0243;cycle-0254,1,1870.344699,3826.218562
8,random,Krum,sign_flip,0,0,0,6,6,1,-0.012177302193236842,-0.0017145647917,-0.0110161136195,0,0,-0.009288261660133334,891,100,1,0,0,0,0,0,0,1,0,0.5341695948739148,0.625193778420835,0.625193778420835,0.0,0.0,10;208;166;104;188;31;47;165;190;214;239;235;13;216;75;117;201;247;91;11;112;1;194;51;38;121;127;76;199;21,62;66;245;68;258;217;155;78;118;193;257;46;170;83;52;58;179;232;224;227;102;67;223;14;39;33;89;41;125;70,154;262;111;54;84;69;90;44;79;17;162;95;180;261;260;3;100;209;98;202;177;192;8;225;231;160;16;32;71;48;191;248;263;60;212;167;207;206;168;61;243;172;181;59;159;63;9;30;19;37;174;50;122;23;230;22;113;35;96;254;15;20;106;116;56;115;126;4;77;189;18;88;110;124;196;120,97;26;249;101;171;211;237;176;203;246;253;27;256;53;219;210;73;94;156;233,commit,-0.012177302193236842,321738f21a032307c9d5c6de9200e0ce6d1e07dcd2508660f7ab181aebb15e04,1,1,1,1,1,1,1,1,1,1,1,3,3,1,1,9,2,1,cycle-0004;cycle-0009;cycle-0015;cycle-0018;cycle-0019;cycle-0020;cycle-0022;cycle-0023;cycle-0030;cycle-0035;cycle-0037;cycle-0050;cycle-0056;cycle-0059;cycle-0061;cycle-0063;cycle-0077;cycle-0088;cycle-0096;cycle-0106;cycle-0110;cycle-0113;cycle-0115;cycle-0116;cycle-0120;cycle-0122;cycle-0124;cycle-0126;cycle-0159;cycle-0168;cycle-0172;cycle-0174;cycle-0181;cycle-0189;cycle-0196;cycle-0230;cycle-0243;cycle-0254,1,1883.741329,3810.826348
8,random,FLTrust,sign_flip,0,0,0,6,6,0,0.014218532347289474,-0.0014657655324,0.011512865967855264,0,0,0.006719599200033333,891,100,0,0,0,0,0,0,0,1,1,0.5341695948739148,0.5164582472095907,0.5341695948739148,0.01771134766432414,-0.0014657655324,10;208;166;104;188;31;47;165;190;214;239;235;13;216;75;117;201;247;91;11;112;1;194;51;38;121;127;76;199;21,62;66;245;68;258;217;155;78;118;193;257;46;170;83;52;58;179;232;224;227;102;67;223;14;39;33;89;41;125;70,154;262;111;54;84;69;90;44;79;17;162;95;180;261;260;3;100;209;98;202;177;192;8;225;231;160;16;32;71;48;191;248;263;60;212;167;207;206;168;61;243;172;181;59;159;63;9;30;19;37;174;50;122;23;230;22;113;35;96;254;15;20;106;116;56;115;126;4;77;189;18;88;110;124;196;120,97;26;249;101;171;211;237;176;203;246;253;27;256;53;219;210;73;94;156;233,reject,0.014218532347289474,33b985fe4f857fb286166eb656a24f57d1d63e99eb477d5bfe7f3c43f34adf8d,1,1,1,0,0,1,1,1,1,1,1,3,3,1,1,9,2,1,cycle-0004;cycle-0009;cycle-0015;cycle-0018;cycle-0019;cycle-0020;cycle-0022;cycle-0023;cycle-0030;cycle-0035;cycle-0037;cycle-0050;cycle-0056;cycle-0059;cycle-0061;cycle-0063;cycle-0077;cycle-0088;cycle-0096;cycle-0106;cycle-0110;cycle-0113;cycle-0115;cycle-0116;cycle-0120;cycle-0122;cycle-0124;cycle-0126;cycle-0159;cycle-0168;cycle-0172;cycle-0174;cycle-0181;cycle-0189;cycle-0196;cycle-0230;cycle-0243;cycle-0254,1,1850.759625,3803.621067
8,random,FedVal,sign_flip,0,0,0,6,6,1,-0.008070272576026315,-0.0059069283462,-0.008164299873026316,0,0,-0.006415969588633334,891,100,1,0,0,0,0,0,0,1,0,0.5341695948739148,0.5301777594047127,0.5301777594047127,0.0,0.0,10;208;166;104;188;31;47;165;190;214;239;235;13;216;75;117;201;247;91;11;112;1;194;51;38;121;127;76;199;21,62;66;245;68;258;217;155;78;118;193;257;46;170;83;52;58;179;232;224;227;102;67;223;14;39;33;89;41;125;70,154;262;111;54;84;69;90;44;79;17;162;95;180;261;260;3;100;209;98;202;177;192;8;225;231;160;16;32;71;48;191;248;263;60;212;167;207;206;168;61;243;172;181;59;159;63;9;30;19;37;174;50;122;23;230;22;113;35;96;254;15;20;106;116;56;115;126;4;77;189;18;88;110;124;196;120,97;26;249;101;171;211;237;176;203;246;253;27;256;53;219;210;73;94;156;233,commit,-0.008070272576026315,fc0a0fc89c86c82a19fa1c0c56f8a638318119e28fa1a75cd10933f95ec40886,1,1,1,1,1,1,1,1,1,1,1,3,3,1,1,9,2,0,cycle-0003;cycle-0008;cycle-0016;cycle-0017;cycle-0032;cycle-0044;cycle-0048;cycle-0054;cycle-0060;cycle-0069;cycle-0071;cycle-0079;cycle-0084;cycle-0090;cycle-0095;cycle-0098;cycle-0100;cycle-0111;cycle-0154;cycle-0160;cycle-0162;cycle-0167;cycle-0177;cycle-0180;cycle-0191;cycle-0192;cycle-0202;cycle-0206;cycle-0207;cycle-0209;cycle-0212;cycle-0225;cycle-0231;cycle-0248;cycle-0260;cycle-0261;cycle-0262;cycle-0263,1,1901.500842,3836.722194
8,random,FLShield,sign_flip,0,0,0,6,6,1,-0.005801148906289474,-0.0033429518211,-0.0055756482600263155,0,0,-0.004377473491633334,891,100,1,0,0,0,0,0,0,1,0,0.5341695948739148,0.5248423935510542,0.5248423935510542,0.0,0.0,10;208;166;104;188;31;47;165;190;214;239;235;13;216;75;117;201;247;91;11;112;1;194;51;38;121;127;76;199;21,62;66;245;68;258;217;155;78;118;193;257;46;170;83;52;58;179;232;224;227;102;67;223;14;39;33;89;41;125;70,154;262;111;54;84;69;90;44;79;17;162;95;180;261;260;3;100;209;98;202;177;192;8;225;231;160;16;32;71;48;191;248;263;60;212;167;207;206;168;61;243;172;181;59;159;63;9;30;19;37;174;50;122;23;230;22;113;35;96;254;15;20;106;116;56;115;126;4;77;189;18;88;110;124;196;120,97;26;249;101;171;211;237;176;203;246;253;27;256;53;219;210;73;94;156;233,commit,-0.005801148906289474,7dd2b13795136cf08a9ed6a77bfe477a75c399476cb160286411718b5f15c657,1,1,1,1,1,1,1,1,1,1,1,3,3,1,1,9,2,1,cycle-0004;cycle-0009;cycle-0015;cycle-0018;cycle-0019;cycle-0020;cycle-0022;cycle-0023;cycle-0030;cycle-0035;cycle-0037;cycle-0050;cycle-0056;cycle-0059;cycle-0061;cycle-0063;cycle-0077;cycle-0088;cycle-0096;cycle-0106;cycle-0110;cycle-0113;cycle-0115;cycle-0116;cycle-0120;cycle-0122;cycle-0124;cycle-0126;cycle-0159;cycle-0168;cycle-0172;cycle-0174;cycle-0181;cycle-0189;cycle-0196;cycle-0230;cycle-0243;cycle-0254,1,1859.311058,3792.96912
8,random,FoundationFL,sign_flip,0,0,0,6,6,0,0.10635252023281579,0.0443536083084,0.13099096624888157,0,0,0.09831488646796667,891,100,0,0,0,0,0,0,0,0,0,0.5341695948739148,0.4872752170318313,0.5341695948739148,0.0468943778420835,0.0443536083084,10;208;166;104;188;31;47;165;190;214;239;235;13;216;75;117;201;247;91;11;112;1;194;51;38;121;127;76;199;21,62;66;245;68;258;217;155;78;118;193;257;46;170;83;52;58;179;232;224;227;102;67;223;14;39;33;89;41;125;70,154;262;111;54;84;69;90;44;79;17;162;95;180;261;260;3;100;209;98;202;177;192;8;225;231;160;16;32;71;48;191;248;263;60;212;167;207;206;168;61;243;172;181;59;159;63;9;30;19;37;174;50;122;23;230;22;113;35;96;254;15;20;106;116;56;115;126;4;77;189;18;88;110;124;196;120,97;26;249;101;171;211;237;176;203;246;253;27;256;53;219;210;73;94;156;233,reject,0.10635252023281579,c73f7663b450ea4f990517c1634266e616d034572adeeb7b900228206fa498cd,1,1,1,0,0,1,1,1,1,1,1,3,3,1,1,9,2,0,cycle-0003;cycle-0008;cycle-0016;cycle-0017;cycle-0032;cycle-0044;cycle-0048;cycle-0054;cycle-0060;cycle-0069;cycle-0071;cycle-0079;cycle-0084;cycle-0090;cycle-0095;cycle-0098;cycle-0100;cycle-0111;cycle-0154;cycle-0160;cycle-0162;cycle-0167;cycle-0177;cycle-0180;cycle-0191;cycle-0192;cycle-0202;cycle-0206;cycle-0207;cycle-0209;cycle-0212;cycle-0225;cycle-0231;cycle-0248;cycle-0260;cycle-0261;cycle-0262;cycle-0263,1,1905.111227,3852.854486
8,random,FedAvg,model_replacement,0,0,0,6,6,0,0.27499611517205264,0.27102446084405,0.28196694180182896,0,0,0.28679219351496665,891,100,0,0,0,1,0,0,0,0,0,0.5341695948739148,0.4597328441504754,0.5341695948739148,0.07443675072343942,0.27102446084405,10;208;166;104;188;31;47;165;190;214;239;235;13;216;75;117;201;247;91;11;112;1;194;51;38;121;127;76;199;21,62;66;245;68;258;217;155;78;118;193;257;46;170;83;52;58;179;232;224;227;102;67;223;14;39;33;89;41;125;70,154;262;111;54;84;69;90;44;79;17;162;95;180;261;260;3;100;209;98;202;177;192;8;225;231;160;16;32;71;48;191;248;263;60;212;167;207;206;168;61;243;172;181;59;159;63;9;30;19;37;174;50;122;23;230;22;113;35;96;254;15;20;106;116;56;115;126;4;77;189;18;88;110;124;196;120,97;26;249;101;171;211;237;176;203;246;253;27;256;53;219;210;73;94;156;233,reject,0.27499611517205264,f88a4b6fa8a8a44aabf0f8322a04f7cf48a9d1c8b7a264e95c7c65f67f38fb8f,1,1,1,0,0,1,1,1,1,1,1,3,3,1,1,9,2,0,cycle-0003;cycle-0008;cycle-0016;cycle-0017;cycle-0032;cycle-0044;cycle-0048;cycle-0054;cycle-0060;cycle-0069;cycle-0071;cycle-0079;cycle-0084;cycle-0090;cycle-0095;cycle-0098;cycle-0100;cycle-0111;cycle-0154;cycle-0160;cycle-0162;cycle-0167;cycle-0177;cycle-0180;cycle-0191;cycle-0192;cycle-0202;cycle-0206;cycle-0207;cycle-0209;cycle-0212;cycle-0225;cycle-0231;cycle-0248;cycle-0260;cycle-0261;cycle-0262;cycle-0263,1,1886.659202,3903.993888
8,random,CoordinateMedian,model_replacement,0,0,0,6,6,1,-0.0043367502461842105,-0.00081094097695,-0.004885160707184211,0,0,-0.0033026345454333335,891,100,1,0,0,0,0,0,0,1,0,0.5341695948739148,0.5178922075237702,0.5178922075237702,0.0,0.0,10;208;166;104;188;31;47;165;190;214;239;235;13;216;75;117;201;247;91;11;112;1;194;51;38;121;127;76;199;21,62;66;245;68;258;217;155;78;118;193;257;46;170;83;52;58;179;232;224;227;102;67;223;14;39;33;89;41;125;70,154;262;111;54;84;69;90;44;79;17;162;95;180;261;260;3;100;209;98;202;177;192;8;225;231;160;16;32;71;48;191;248;263;60;212;167;207;206;168;61;243;172;181;59;159;63;9;30;19;37;174;50;122;23;230;22;113;35;96;254;15;20;106;116;56;115;126;4;77;189;18;88;110;124;196;120,97;26;249;101;171;211;237;176;203;246;253;27;256;53;219;210;73;94;156;233,commit,-0.0043367502461842105,7969591867adc7da764eb95c57e293ed7728f2342d9406cb1b2ae328bfc62c5d,1,1,1,1,1,1,1,1,1,1,1,3,3,1,1,9,2,0,cycle-0003;cycle-0008;cycle-0016;cycle-0017;cycle-0032;cycle-0044;cycle-0048;cycle-0054;cycle-0060;cycle-0069;cycle-0071;cycle-0079;cycle-0084;cycle-0090;cycle-0095;cycle-0098;cycle-0100;cycle-0111;cycle-0154;cycle-0160;cycle-0162;cycle-0167;cycle-0177;cycle-0180;cycle-0191;cycle-0192;cycle-0202;cycle-0206;cycle-0207;cycle-0209;cycle-0212;cycle-0225;cycle-0231;cycle-0248;cycle-0260;cycle-0261;cycle-0262;cycle-0263,1,1923.677859,3958.441648
8,random,Krum,model_replacement,0,0,0,6,6,1,-0.009854925045763158,-0.0017145647917,-0.0110161136195,0,0,-0.009288261660133334,891,100,1,0,0,0,0,0,0,1,0,0.5341695948739148,0.625193778420835,0.625193778420835,0.0,0.0,10;208;166;104;188;31;47;165;190;214;239;235;13;216;75;117;201;247;91;11;112;1;194;51;38;121;127;76;199;21,62;66;245;68;258;217;155;78;118;193;257;46;170;83;52;58;179;232;224;227;102;67;223;14;39;33;89;41;125;70,154;262;111;54;84;69;90;44;79;17;162;95;180;261;260;3;100;209;98;202;177;192;8;225;231;160;16;32;71;48;191;248;263;60;212;167;207;206;168;61;243;172;181;59;159;63;9;30;19;37;174;50;122;23;230;22;113;35;96;254;15;20;106;116;56;115;126;4;77;189;18;88;110;124;196;120,97;26;249;101;171;211;237;176;203;246;253;27;256;53;219;210;73;94;156;233,commit,-0.009854925045763158,2edfec8b8de30a5e569f67fd2f360305195c244062bf504fd16bec0e89da1ce2,1,1,1,1,1,1,1,1,1,1,1,3,3,1,1,9,2,0,cycle-0003;cycle-0008;cycle-0016;cycle-0017;cycle-0032;cycle-0044;cycle-0048;cycle-0054;cycle-0060;cycle-0069;cycle-0071;cycle-0079;cycle-0084;cycle-0090;cycle-0095;cycle-0098;cycle-0100;cycle-0111;cycle-0154;cycle-0160;cycle-0162;cycle-0167;cycle-0177;cycle-0180;cycle-0191;cycle-0192;cycle-0202;cycle-0206;cycle-0207;cycle-0209;cycle-0212;cycle-0225;cycle-0231;cycle-0248;cycle-0260;cycle-0261;cycle-0262;cycle-0263,1,1979.736676,3950.637341
8,random,FLTrust,model_replacement,0,0,0,6,6,0,0.017839058144421053,0.0125165073057,0.016975045469605262,0,0,0.0158376519241,891,100,0,0,0,0,0,0,0,0,0,0.5341695948739148,0.5341695948739148,0.5341695948739148,0.0,0.0125165073057,10;208;166;104;188;31;47;165;190;214;239;235;13;216;75;117;201;247;91;11;112;1;194;51;38;121;127;76;199;21,62;66;245;68;258;217;155;78;118;193;257;46;170;83;52;58;179;232;224;227;102;67;223;14;39;33;89;41;125;70,154;262;111;54;84;69;90;44;79;17;162;95;180;261;260;3;100;209;98;202;177;192;8;225;231;160;16;32;71;48;191;248;263;60;212;167;207;206;168;61;243;172;181;59;159;63;9;30;19;37;174;50;122;23;230;22;113;35;96;254;15;20;106;116;56;115;126;4;77;189;18;88;110;124;196;120,97;26;249;101;171;211;237;176;203;246;253;27;256;53;219;210;73;94;156;233,reject,0.017839058144421053,d5ac14d3e57fe2e64b34267e12261ea59f73f2d2e171da81977f9f6dc45c1704,1,1,1,0,0,1,1,1,1,1,1,3,3,1,1,9,2,1,cycle-0004;cycle-0009;cycle-0015;cycle-0018;cycle-0019;cycle-0020;cycle-0022;cycle-0023;cycle-0030;cycle-0035;cycle-0037;cycle-0050;cycle-0056;cycle-0059;cycle-0061;cycle-0063;cycle-0077;cycle-0088;cycle-0096;cycle-0106;cycle-0110;cycle-0113;cycle-0115;cycle-0116;cycle-0120;cycle-0122;cycle-0124;cycle-0126;cycle-0159;cycle-0168;cycle-0172;cycle-0174;cycle-0181;cycle-0189;cycle-0196;cycle-0230;cycle-0243;cycle-0254,1,1888.933546,3925.885864
8,random,FedVal,model_replacement,0,0,0,6,6,0,0.05968874426718421,0.0794172821134,0.06295780819731579,0,0,0.06908052547083333,891,100,0,0,0,1,0,0,0,0,0,0.5341695948739148,0.5507441091360066,0.5341695948739148,-0.016574514262091777,0.0794172821134,10;208;166;104;188;31;47;165;190;214;239;235;13;216;75;117;201;247;91;11;112;1;194;51;38;121;127;76;199;21,62;66;245;68;258;217;155;78;118;193;257;46;170;83;52;58;179;232;224;227;102;67;223;14;39;33;89;41;125;70,154;262;111;54;84;69;90;44;79;17;162;95;180;261;260;3;100;209;98;202;177;192;8;225;231;160;16;32;71;48;191;248;263;60;212;167;207;206;168;61;243;172;181;59;159;63;9;30;19;37;174;50;122;23;230;22;113;35;96;254;15;20;106;116;56;115;126;4;77;189;18;88;110;124;196;120,97;26;249;101;171;211;237;176;203;246;253;27;256;53;219;210;73;94;156;233,reject,0.05968874426718421,5cbea31ea6fe2f96864a83bbf2c1f15567359897eb63adec0bb1c990c59fc090,1,1,1,0,0,1,1,1,1,1,1,3,3,1,1,9,2,1,cycle-0004;cycle-0009;cycle-0015;cycle-0018;cycle-0019;cycle-0020;cycle-0022;cycle-0023;cycle-0030;cycle-0035;cycle-0037;cycle-0050;cycle-0056;cycle-0059;cycle-0061;cycle-0063;cycle-0077;cycle-0088;cycle-0096;cycle-0106;cycle-0110;cycle-0113;cycle-0115;cycle-0116;cycle-0120;cycle-0122;cycle-0124;cycle-0126;cycle-0159;cycle-0168;cycle-0172;cycle-0174;cycle-0181;cycle-0189;cycle-0196;cycle-0230;cycle-0243;cycle-0254,1,1825.201537,3764.160251
8,random,FLShield,model_replacement,0,0,0,6,6,1,-0.0030535655399210526,-0.00016443178385,-0.0036201858404473685,0,0,-0.0024503886405333334,891,100,1,0,0,0,0,0,0,1,0,0.5341695948739148,0.555691918147995,0.555691918147995,0.0,0.0,10;208;166;104;188;31;47;165;190;214;239;235;13;216;75;117;201;247;91;11;112;1;194;51;38;121;127;76;199;21,62;66;245;68;258;217;155;78;118;193;257;46;170;83;52;58;179;232;224;227;102;67;223;14;39;33;89;41;125;70,154;262;111;54;84;69;90;44;79;17;162;95;180;261;260;3;100;209;98;202;177;192;8;225;231;160;16;32;71;48;191;248;263;60;212;167;207;206;168;61;243;172;181;59;159;63;9;30;19;37;174;50;122;23;230;22;113;35;96;254;15;20;106;116;56;115;126;4;77;189;18;88;110;124;196;120,97;26;249;101;171;211;237;176;203;246;253;27;256;53;219;210;73;94;156;233,commit,-0.0030535655399210526,f9aec44426f7ec875b79ce7b3d967d40462cfa9c8b5b7cb59dd8df37d99f6324,1,1,1,1,1,1,1,1,1,1,1,3,3,1,1,9,2,0,cycle-0003;cycle-0008;cycle-0016;cycle-0017;cycle-0032;cycle-0044;cycle-0048;cycle-0054;cycle-0060;cycle-0069;cycle-0071;cycle-0079;cycle-0084;cycle-0090;cycle-0095;cycle-0098;cycle-0100;cycle-0111;cycle-0154;cycle-0160;cycle-0162;cycle-0167;cycle-0177;cycle-0180;cycle-0191;cycle-0192;cycle-0202;cycle-0206;cycle-0207;cycle-0209;cycle-0212;cycle-0225;cycle-0231;cycle-0248;cycle-0260;cycle-0261;cycle-0262;cycle-0263,1,1919.170535,3911.878257
8,random,FoundationFL,model_replacement,0,0,0,6,6,0,0.5301000866143422,0.4588601831626,0.5129641206563421,1,0,0.5363685253413,891,100,0,0,0,1,1,0,0,0,0,0.5341695948739148,0.30140295576684584,0.5341695948739148,0.23276663910706896,0.4588601831626,10;208;166;104;188;31;47;165;190;214;239;235;13;216;75;117;201;247;91;11;112;1;194;51;38;121;127;76;199;21,62;66;245;68;258;217;155;78;118;193;257;46;170;83;52;58;179;232;224;227;102;67;223;14;39;33;89;41;125;70,154;262;111;54;84;69;90;44;79;17;162;95;180;261;260;3;100;209;98;202;177;192;8;225;231;160;16;32;71;48;191;248;263;60;212;167;207;206;168;61;243;172;181;59;159;63;9;30;19;37;174;50;122;23;230;22;113;35;96;254;15;20;106;116;56;115;126;4;77;189;18;88;110;124;196;120,97;26;249;101;171;211;237;176;203;246;253;27;256;53;219;210;73;94;156;233,reject,0.5301000866143422,b37177d29a401c11ffc39895afdc13e705e1e3aa7361746c1fb38b0564d2e753,1,1,1,0,0,1,1,1,1,1,1,3,3,1,1,9,2,1,cycle-0004;cycle-0009;cycle-0015;cycle-0018;cycle-0019;cycle-0020;cycle-0022;cycle-0023;cycle-0030;cycle-0035;cycle-0037;cycle-0050;cycle-0056;cycle-0059;cycle-0061;cycle-0063;cycle-0077;cycle-0088;cycle-0096;cycle-0106;cycle-0110;cycle-0113;cycle-0115;cycle-0116;cycle-0120;cycle-0122;cycle-0124;cycle-0126;cycle-0159;cycle-0168;cycle-0172;cycle-0174;cycle-0181;cycle-0189;cycle-0196;cycle-0230;cycle-0243;cycle-0254,1,1860.623315,3836.379357
8,random,FedAvg,score_aware,64,49,0,6,6,1,-6.18229352631579e-06,8.250105e-08,-2.7324645131578946e-06,0,0,-6.106188666666667e-07,891,100,1,0,0,0,0,0,0,0,0,0.5341695948739148,0.5341695948739148,0.5341695948739148,0.0,0.0,10;208;166;104;188;31;47;165;190;214;239;235;13;216;75;117;201;247;91;11;112;1;194;51;38;121;127;76;199;21,62;66;245;68;258;217;155;78;118;193;257;46;170;83;52;58;179;232;224;227;102;67;223;14;39;33;89;41;125;70,154;262;111;54;84;69;90;44;79;17;162;95;180;261;260;3;100;209;98;202;177;192;8;225;231;160;16;32;71;48;191;248;263;60;212;167;207;206;168;61;243;172;181;59;159;63;9;30;19;37;174;50;122;23;230;22;113;35;96;254;15;20;106;116;56;115;126;4;77;189;18;88;110;124;196;120,97;26;249;101;171;211;237;176;203;246;253;27;256;53;219;210;73;94;156;233,commit,-6.18229352631579e-06,209d00b840936d28a8ba6bb7f1597cb1982928e7bac0b8b1e1e001af3674e632,1,1,1,1,1,1,1,1,1,1,1,3,3,1,1,9,2,0,cycle-0003;cycle-0008;cycle-0016;cycle-0017;cycle-0032;cycle-0044;cycle-0048;cycle-0054;cycle-0060;cycle-0069;cycle-0071;cycle-0079;cycle-0084;cycle-0090;cycle-0095;cycle-0098;cycle-0100;cycle-0111;cycle-0154;cycle-0160;cycle-0162;cycle-0167;cycle-0177;cycle-0180;cycle-0191;cycle-0192;cycle-0202;cycle-0206;cycle-0207;cycle-0209;cycle-0212;cycle-0225;cycle-0231;cycle-0248;cycle-0260;cycle-0261;cycle-0262;cycle-0263,1,1921.780825,3871.809632
8,random,FLTrust,score_aware,64,58,0,6,6,0,0.007258187232815789,-0.0021434285602,0.009567934359315789,0,0,0.0052890835973666665,891,100,0,0,0,0,0,0,0,1,1,0.5341695948739148,0.5334073997519636,0.5341695948739148,0.0007621951219511924,-0.0021434285602,10;208;166;104;188;31;47;165;190;214;239;235;13;216;75;117;201;247;91;11;112;1;194;51;38;121;127;76;199;21,62;66;245;68;258;217;155;78;118;193;257;46;170;83;52;58;179;232;224;227;102;67;223;14;39;33;89;41;125;70,154;262;111;54;84;69;90;44;79;17;162;95;180;261;260;3;100;209;98;202;177;192;8;225;231;160;16;32;71;48;191;248;263;60;212;167;207;206;168;61;243;172;181;59;159;63;9;30;19;37;174;50;122;23;230;22;113;35;96;254;15;20;106;116;56;115;126;4;77;189;18;88;110;124;196;120,97;26;249;101;171;211;237;176;203;246;253;27;256;53;219;210;73;94;156;233,reject,0.007258187232815789,8cc4a4087443501131b90052bb9865f1189a4342a548502f759d5ccba7030689,1,1,1,0,0,1,1,1,1,1,1,3,3,1,1,9,2,0,cycle-0003;cycle-0008;cycle-0016;cycle-0017;cycle-0032;cycle-0044;cycle-0048;cycle-0054;cycle-0060;cycle-0069;cycle-0071;cycle-0079;cycle-0084;cycle-0090;cycle-0095;cycle-0098;cycle-0100;cycle-0111;cycle-0154;cycle-0160;cycle-0162;cycle-0167;cycle-0177;cycle-0180;cycle-0191;cycle-0192;cycle-0202;cycle-0206;cycle-0207;cycle-0209;cycle-0212;cycle-0225;cycle-0231;cycle-0248;cycle-0260;cycle-0261;cycle-0262;cycle-0263,1,1881.681743,3861.134411
8,random,FoundationFL,score_aware,64,24,1,6,6,0,0.0016036040268157894,-0.00193945003465,0.0011687425084078947,0,0,0.00011596924473333333,891,100,0,0,0,0,0,0,0,1,1,0.5341695948739148,0.5426441711451013,0.5341695948739148,-0.008474576271186529,-0.00193945003465,10;208;166;104;188;31;47;165;190;214;239;235;13;216;75;117;201;247;91;11;112;1;194;51;38;121;127;76;199;21,62;66;245;68;258;217;155;78;118;193;257;46;170;83;52;58;179;232;224;227;102;67;223;14;39;33;89;41;125;70,154;262;111;54;84;69;90;44;79;17;162;95;180;261;260;3;100;209;98;202;177;192;8;225;231;160;16;32;71;48;191;248;263;60;212;167;207;206;168;61;243;172;181;59;159;63;9;30;19;37;174;50;122;23;230;22;113;35;96;254;15;20;106;116;56;115;126;4;77;189;18;88;110;124;196;120,97;26;249;101;171;211;237;176;203;246;253;27;256;53;219;210;73;94;156;233,reject,0.0016036040268157894,91eab60fd09805693c61b558b8c041e2681f7997db6d65569007c65c41067d5f,1,1,1,0,0,1,1,1,1,1,1,3,3,1,1,9,2,1,cycle-0004;cycle-0009;cycle-0015;cycle-0018;cycle-0019;cycle-0020;cycle-0022;cycle-0023;cycle-0030;cycle-0035;cycle-0037;cycle-0050;cycle-0056;cycle-0059;cycle-0061;cycle-0063;cycle-0077;cycle-0088;cycle-0096;cycle-0106;cycle-0110;cycle-0113;cycle-0115;cycle-0116;cycle-0120;cycle-0122;cycle-0124;cycle-0126;cycle-0159;cycle-0168;cycle-0172;cycle-0174;cycle-0181;cycle-0189;cycle-0196;cycle-0230;cycle-0243;cycle-0254,1,1901.837843,3847.255218
9,random,FedAvg,none,0,0,0,6,0,1,-0.0022807588186842106,-0.0058994589262,-0.002301042948013158,0,0,-0.0013922184273,889,114,1,0,0,0,0,0,0,1,0,0.5815647827758554,0.5926758938869665,0.5926758938869665,0.0,0.0,46;174;163;261;105;226;97;262;59;210;10;165;32;237;154;256;120;189;57;100;63;56;162;243;43;224;69;184;249;73,110;153;157;14;150;37;118;245;190;199;34;122;39;33;194;231;108;205;107;191;106;89;50;176;13;111;71;68;222;181,211;94;259;54;17;114;236;219;212;180;78;161;234;30;171;102;201;9;96;8;124;159;207;220;178;167;99;127;4;196;250;60;156;87;84;93;263;192;202;197;216;91;217;27;152;44;81;55;104;49;36;121;126;77;177;241;125;103;5;29;255;151;128;85;48;257;53;239;186;209;198;214;98;101;260;232,264;31;25;155;258;11;2;193;200;3;52;58;7;227;19;92;21;204;16;230,commit,-0.0022807588186842106,bc912c2f91e23336f464f86b8cd4aa84fb09ac48b8b28954d5584cac19518aff,1,2,2,1,1,1,1,1,1,1,1,3,3,1,1,9,2,1,cycle-0005;cycle-0027;cycle-0029;cycle-0036;cycle-0044;cycle-0048;cycle-0049;cycle-0053;cycle-0055;cycle-0077;cycle-0081;cycle-0085;cycle-0091;cycle-0098;cycle-0101;cycle-0103;cycle-0104;cycle-0121;cycle-0125;cycle-0126;cycle-0128;cycle-0151;cycle-0152;cycle-0177;cycle-0186;cycle-0197;cycle-0198;cycle-0202;cycle-0209;cycle-0214;cycle-0216;cycle-0217;cycle-0232;cycle-0239;cycle-0241;cycle-0255;cycle-0257;cycle-0260,1,2074.297853,4873.158535
9,random,CoordinateMedian,none,0,0,0,6,0,1,-0.00833481230318421,-0.0091266200873,-0.008448609969868421,0,0,-0.0082281073085,889,114,1,0,0,0,0,0,0,1,0,0.5815647827758554,0.582564398308343,0.582564398308343,0.0,0.0,46;174;163;261;105;226;97;262;59;210;10;165;32;237;154;256;120;189;57;100;63;56;162;243;43;224;69;184;249;73,110;153;157;14;150;37;118;245;190;199;34;122;39;33;194;231;108;205;107;191;106;89;50;176;13;111;71;68;222;181,211;94;259;54;17;114;236;219;212;180;78;161;234;30;171;102;201;9;96;8;124;159;207;220;178;167;99;127;4;196;250;60;156;87;84;93;263;192;202;197;216;91;217;27;152;44;81;55;104;49;36;121;126;77;177;241;125;103;5;29;255;151;128;85;48;257;53;239;186;209;198;214;98;101;260;232,264;31;25;155;258;11;2;193;200;3;52;58;7;227;19;92;21;204;16;230,commit,-0.00833481230318421,02bc0aa3bef22d31d630145bd21c461836efda659a50952a8fb7a6de24e48a3a,1,1,1,1,1,1,1,1,1,1,1,3,3,1,1,9,2,1,cycle-0005;cycle-0027;cycle-0029;cycle-0036;cycle-0044;cycle-0048;cycle-0049;cycle-0053;cycle-0055;cycle-0077;cycle-0081;cycle-0085;cycle-0091;cycle-0098;cycle-0101;cycle-0103;cycle-0104;cycle-0121;cycle-0125;cycle-0126;cycle-0128;cycle-0151;cycle-0152;cycle-0177;cycle-0186;cycle-0197;cycle-0198;cycle-0202;cycle-0209;cycle-0214;cycle-0216;cycle-0217;cycle-0232;cycle-0239;cycle-0241;cycle-0255;cycle-0257;cycle-0260,1,2017.726655,4070.757148
9,random,Krum,none,0,0,0,6,0,0,0.0007034178791842105,0.00258953031835,0.0009101562602894736,0,0,0.0012974559066666668,889,114,0,0,0,0,0,0,0,0,0,0.5815647827758554,0.5772395232602845,0.5815647827758554,0.004325259515570945,0.00258953031835,46;174;163;261;105;226;97;262;59;210;10;165;32;237;154;256;120;189;57;100;63;56;162;243;43;224;69;184;249;73,110;153;157;14;150;37;118;245;190;199;34;122;39;33;194;231;108;205;107;191;106;89;50;176;13;111;71;68;222;181,211;94;259;54;17;114;236;219;212;180;78;161;234;30;171;102;201;9;96;8;124;159;207;220;178;167;99;127;4;196;250;60;156;87;84;93;263;192;202;197;216;91;217;27;152;44;81;55;104;49;36;121;126;77;177;241;125;103;5;29;255;151;128;85;48;257;53;239;186;209;198;214;98;101;260;232,264;31;25;155;258;11;2;193;200;3;52;58;7;227;19;92;21;204;16;230,reject,0.0007034178791842105,d00a036c060eb4a3d71c261a9aad84cbaf030967974b590359920622bc035ab9,1,1,1,0,0,1,1,1,1,1,1,3,3,1,1,9,2,0,cycle-0004;cycle-0008;cycle-0009;cycle-0017;cycle-0030;cycle-0054;cycle-0060;cycle-0078;cycle-0084;cycle-0087;cycle-0093;cycle-0094;cycle-0096;cycle-0099;cycle-0102;cycle-0114;cycle-0124;cycle-0127;cycle-0156;cycle-0159;cycle-0161;cycle-0167;cycle-0171;cycle-0178;cycle-0180;cycle-0192;cycle-0196;cycle-0201;cycle-0207;cycle-0211;cycle-0212;cycle-0219;cycle-0220;cycle-0234;cycle-0236;cycle-0250;cycle-0259;cycle-0263,1,1992.169209,4102.530694
9,random,FLTrust,none,0,0,0,6,0,0,0.0060716605271052635,0.0400584405113,0.006988539681460526,0,0,0.0006598242318333333,889,114,0,0,0,0,0,0,0,0,0,0.5815647827758554,0.4965974625144175,0.5815647827758554,0.08496732026143794,0.0400584405113,46;174;163;261;105;226;97;262;59;210;10;165;32;237;154;256;120;189;57;100;63;56;162;243;43;224;69;184;249;73,110;153;157;14;150;37;118;245;190;199;34;122;39;33;194;231;108;205;107;191;106;89;50;176;13;111;71;68;222;181,211;94;259;54;17;114;236;219;212;180;78;161;234;30;171;102;201;9;96;8;124;159;207;220;178;167;99;127;4;196;250;60;156;87;84;93;263;192;202;197;216;91;217;27;152;44;81;55;104;49;36;121;126;77;177;241;125;103;5;29;255;151;128;85;48;257;53;239;186;209;198;214;98;101;260;232,264;31;25;155;258;11;2;193;200;3;52;58;7;227;19;92;21;204;16;230,reject,0.0060716605271052635,43c9093e656a4839b78a1b820ed5a5cfea52fc4c78042807d91b5388485e13bc,1,1,1,0,0,1,1,1,1,1,1,3,3,1,1,9,2,1,cycle-0005;cycle-0027;cycle-0029;cycle-0036;cycle-0044;cycle-0048;cycle-0049;cycle-0053;cycle-0055;cycle-0077;cycle-0081;cycle-0085;cycle-0091;cycle-0098;cycle-0101;cycle-0103;cycle-0104;cycle-0121;cycle-0125;cycle-0126;cycle-0128;cycle-0151;cycle-0152;cycle-0177;cycle-0186;cycle-0197;cycle-0198;cycle-0202;cycle-0209;cycle-0214;cycle-0216;cycle-0217;cycle-0232;cycle-0239;cycle-0241;cycle-0255;cycle-0257;cycle-0260,1,2016.218123,4131.761305
9,random,FedVal,none,0,0,0,6,0,1,-0.005094389916947368,0.0019705212682,-0.0050353627400921055,0,0,-0.006789471895233334,889,114,1,0,0,0,0,0,0,0,0,0.5815647827758554,0.5560169165705497,0.5560169165705497,0.0,0.0,46;174;163;261;105;226;97;262;59;210;10;165;32;237;154;256;120;189;57;100;63;56;162;243;43;224;69;184;249;73,110;153;157;14;150;37;118;245;190;199;34;122;39;33;194;231;108;205;107;191;106;89;50;176;13;111;71;68;222;181,211;94;259;54;17;114;236;219;212;180;78;161;234;30;171;102;201;9;96;8;124;159;207;220;178;167;99;127;4;196;250;60;156;87;84;93;263;192;202;197;216;91;217;27;152;44;81;55;104;49;36;121;126;77;177;241;125;103;5;29;255;151;128;85;48;257;53;239;186;209;198;214;98;101;260;232,264;31;25;155;258;11;2;193;200;3;52;58;7;227;19;92;21;204;16;230,commit,-0.005094389916947368,6c4bd600bc6ff2c177a9f6dcd6c8466045bd45fbf3ad57675a8d231251e192b0,1,1,1,1,1,1,1,1,1,1,1,3,3,1,1,9,2,1,cycle-0005;cycle-0027;cycle-0029;cycle-0036;cycle-0044;cycle-0048;cycle-0049;cycle-0053;cycle-0055;cycle-0077;cycle-0081;cycle-0085;cycle-0091;cycle-0098;cycle-0101;cycle-0103;cycle-0104;cycle-0121;cycle-0125;cycle-0126;cycle-0128;cycle-0151;cycle-0152;cycle-0177;cycle-0186;cycle-0197;cycle-0198;cycle-0202;cycle-0209;cycle-0214;cycle-0216;cycle-0217;cycle-0232;cycle-0239;cycle-0241;cycle-0255;cycle-0257;cycle-0260,1,2057.953227,4171.607979
9,random,FLShield,none,0,0,0,6,0,0,0.0012432849483157895,0.0043026395177,0.0012471909442105264,0,0,0.0007235833893666667,889,114,0,0,0,0,0,0,0,0,0,0.5815647827758554,0.5866205305651673,0.5815647827758554,-0.0050557477893118374,0.0043026395177,46;174;163;261;105;226;97;262;59;210;10;165;32;237;154;256;120;189;57;100;63;56;162;243;43;224;69;184;249;73,110;153;157;14;150;37;118;245;190;199;34;122;39;33;194;231;108;205;107;191;106;89;50;176;13;111;71;68;222;181,211;94;259;54;17;114;236;219;212;180;78;161;234;30;171;102;201;9;96;8;124;159;207;220;178;167;99;127;4;196;250;60;156;87;84;93;263;192;202;197;216;91;217;27;152;44;81;55;104;49;36;121;126;77;177;241;125;103;5;29;255;151;128;85;48;257;53;239;186;209;198;214;98;101;260;232,264;31;25;155;258;11;2;193;200;3;52;58;7;227;19;92;21;204;16;230,reject,0.0012432849483157895,4aefa70c92506aa6be486f8b4a619f63a099de06fb0e64435114e7a822f8a1de,1,1,1,0,0,1,1,1,1,1,1,3,3,1,1,9,2,1,cycle-0005;cycle-0027;cycle-0029;cycle-0036;cycle-0044;cycle-0048;cycle-0049;cycle-0053;cycle-0055;cycle-0077;cycle-0081;cycle-0085;cycle-0091;cycle-0098;cycle-0101;cycle-0103;cycle-0104;cycle-0121;cycle-0125;cycle-0126;cycle-0128;cycle-0151;cycle-0152;cycle-0177;cycle-0186;cycle-0197;cycle-0198;cycle-0202;cycle-0209;cycle-0214;cycle-0216;cycle-0217;cycle-0232;cycle-0239;cycle-0241;cycle-0255;cycle-0257;cycle-0260,1,2072.027375,4106.187213
9,random,FoundationFL,none,0,0,0,6,0,1,-0.006410444641868421,-0.0065160801363,-0.0060990541001710525,0,0,-0.0071510854174,889,114,1,0,0,0,0,0,0,1,0,0.5815647827758554,0.5347943098808151,0.5347943098808151,0.0,0.0,46;174;163;261;105;226;97;262;59;210;10;165;32;237;154;256;120;189;57;100;63;56;162;243;43;224;69;184;249;73,110;153;157;14;150;37;118;245;190;199;34;122;39;33;194;231;108;205;107;191;106;89;50;176;13;111;71;68;222;181,211;94;259;54;17;114;236;219;212;180;78;161;234;30;171;102;201;9;96;8;124;159;207;220;178;167;99;127;4;196;250;60;156;87;84;93;263;192;202;197;216;91;217;27;152;44;81;55;104;49;36;121;126;77;177;241;125;103;5;29;255;151;128;85;48;257;53;239;186;209;198;214;98;101;260;232,264;31;25;155;258;11;2;193;200;3;52;58;7;227;19;92;21;204;16;230,commit,-0.006410444641868421,92f49f3a8f1779f58216456e110f87f28de94005ecb891fbf2739bd6619be5bf,1,1,1,1,1,1,1,1,1,1,1,3,3,1,1,9,2,1,cycle-0005;cycle-0027;cycle-0029;cycle-0036;cycle-0044;cycle-0048;cycle-0049;cycle-0053;cycle-0055;cycle-0077;cycle-0081;cycle-0085;cycle-0091;cycle-0098;cycle-0101;cycle-0103;cycle-0104;cycle-0121;cycle-0125;cycle-0126;cycle-0128;cycle-0151;cycle-0152;cycle-0177;cycle-0186;cycle-0197;cycle-0198;cycle-0202;cycle-0209;cycle-0214;cycle-0216;cycle-0217;cycle-0232;cycle-0239;cycle-0241;cycle-0255;cycle-0257;cycle-0260,1,2097.793546,4147.528476
9,random,FedAvg,sign_flip,0,0,0,6,6,0,0.003575063485131579,-0.0066384471952,0.0038510780426973686,0,0,0.006038386566466667,889,114,0,0,0,0,0,0,0,1,1,0.5815647827758554,0.6011918492887351,0.5815647827758554,-0.01962706651287971,-0.0066384471952,46;174;163;261;105;226;97;262;59;210;10;165;32;237;154;256;120;189;57;100;63;56;162;243;43;224;69;184;249;73,110;153;157;14;150;37;118;245;190;199;34;122;39;33;194;231;108;205;107;191;106;89;50;176;13;111;71;68;222;181,211;94;259;54;17;114;236;219;212;180;78;161;234;30;171;102;201;9;96;8;124;159;207;220;178;167;99;127;4;196;250;60;156;87;84;93;263;192;202;197;216;91;217;27;152;44;81;55;104;49;36;121;126;77;177;241;125;103;5;29;255;151;128;85;48;257;53;239;186;209;198;214;98;101;260;232,264;31;25;155;258;11;2;193;200;3;52;58;7;227;19;92;21;204;16;230,reject,0.003575063485131579,7ee78bcf25e9cf52197377dbbe42fac6f2a39b999e607ec13c262c3b7892518a,1,1,1,0,0,1,1,1,1,1,1,3,3,1,1,9,2,1,cycle-0005;cycle-0027;cycle-0029;cycle-0036;cycle-0044;cycle-0048;cycle-0049;cycle-0053;cycle-0055;cycle-0077;cycle-0081;cycle-0085;cycle-0091;cycle-0098;cycle-0101;cycle-0103;cycle-0104;cycle-0121;cycle-0125;cycle-0126;cycle-0128;cycle-0151;cycle-0152;cycle-0177;cycle-0186;cycle-0197;cycle-0198;cycle-0202;cycle-0209;cycle-0214;cycle-0216;cycle-0217;cycle-0232;cycle-0239;cycle-0241;cycle-0255;cycle-0257;cycle-0260,1,2080.83836,4110.463118
9,random,CoordinateMedian,sign_flip,0,0,0,6,6,1,-0.0022505759437105263,-0.0066211881451,-0.0022841369857763156,0,0,-0.0013469641034,889,114,1,0,0,0,0,0,0,1,0,0.5815647827758554,0.5824298346789696,0.5824298346789696,0.0,0.0,46;174;163;261;105;226;97;262;59;210;10;165;32;237;154;256;120;189;57;100;63;56;162;243;43;224;69;184;249;73,110;153;157;14;150;37;118;245;190;199;34;122;39;33;194;231;108;205;107;191;106;89;50;176;13;111;71;68;222;181,211;94;259;54;17;114;236;219;212;180;78;161;234;30;171;102;201;9;96;8;124;159;207;220;178;167;99;127;4;196;250;60;156;87;84;93;263;192;202;197;216;91;217;27;152;44;81;55;104;49;36;121;126;77;177;241;125;103;5;29;255;151;128;85;48;257;53;239;186;209;198;214;98;101;260;232,264;31;25;155;258;11;2;193;200;3;52;58;7;227;19;92;21;204;16;230,commit,-0.0022505759437105263,12477a5aaa184abd42862f2c28ec927ef76282fc21f9db6cb699207e77970147,1,1,1,1,1,1,1,1,1,1,1,3,3,1,1,9,2,0,cycle-0004;cycle-0008;cycle-0009;cycle-0017;cycle-0030;cycle-0054;cycle-0060;cycle-0078;cycle-0084;cycle-0087;cycle-0093;cycle-0094;cycle-0096;cycle-0099;cycle-0102;cycle-0114;cycle-0124;cycle-0127;cycle-0156;cycle-0159;cycle-0161;cycle-0167;cycle-0171;cycle-0178;cycle-0180;cycle-0192;cycle-0196;cycle-0201;cycle-0207;cycle-0211;cycle-0212;cycle-0219;cycle-0220;cycle-0234;cycle-0236;cycle-0250;cycle-0259;cycle-0263,1,2059.577674,4124.34886
9,random,Krum,sign_flip,0,0,0,6,6,0,0.0007034178791842105,0.00258953031835,0.0009101562602894736,0,0,0.0012974559066666668,889,114,0,0,0,0,0,0,0,0,0,0.5815647827758554,0.5772395232602845,0.5815647827758554,0.004325259515570945,0.00258953031835,46;174;163;261;105;226;97;262;59;210;10;165;32;237;154;256;120;189;57;100;63;56;162;243;43;224;69;184;249;73,110;153;157;14;150;37;118;245;190;199;34;122;39;33;194;231;108;205;107;191;106;89;50;176;13;111;71;68;222;181,211;94;259;54;17;114;236;219;212;180;78;161;234;30;171;102;201;9;96;8;124;159;207;220;178;167;99;127;4;196;250;60;156;87;84;93;263;192;202;197;216;91;217;27;152;44;81;55;104;49;36;121;126;77;177;241;125;103;5;29;255;151;128;85;48;257;53;239;186;209;198;214;98;101;260;232,264;31;25;155;258;11;2;193;200;3;52;58;7;227;19;92;21;204;16;230,reject,0.0007034178791842105,2bae8294964cd83f9870b8da87f76ceff4789319e219ae4bf035561276db1883,1,1,1,0,0,1,1,1,1,1,1,3,3,1,1,9,2,0,cycle-0004;cycle-0008;cycle-0009;cycle-0017;cycle-0030;cycle-0054;cycle-0060;cycle-0078;cycle-0084;cycle-0087;cycle-0093;cycle-0094;cycle-0096;cycle-0099;cycle-0102;cycle-0114;cycle-0124;cycle-0127;cycle-0156;cycle-0159;cycle-0161;cycle-0167;cycle-0171;cycle-0178;cycle-0180;cycle-0192;cycle-0196;cycle-0201;cycle-0207;cycle-0211;cycle-0212;cycle-0219;cycle-0220;cycle-0234;cycle-0236;cycle-0250;cycle-0259;cycle-0263,1,2022.336007,4134.662022
9,random,FLTrust,sign_flip,0,0,0,6,6,0,0.010142660886710526,0.04200271425785,0.009287887615697368,0,0,0.0030869950400666665,889,114,0,0,0,0,0,0,0,0,0,0.5815647827758554,0.4872164552095348,0.5815647827758554,0.09434832756632061,0.04200271425785,46;174;163;261;105;226;97;262;59;210;10;165;32;237;154;256;120;189;57;100;63;56;162;243;43;224;69;184;249;73,110;153;157;14;150;37;118;245;190;199;34;122;39;33;194;231;108;205;107;191;106;89;50;176;13;111;71;68;222;181,211;94;259;54;17;114;236;219;212;180;78;161;234;30;171;102;201;9;96;8;124;159;207;220;178;167;99;127;4;196;250;60;156;87;84;93;263;192;202;197;216;91;217;27;152;44;81;55;104;49;36;121;126;77;177;241;125;103;5;29;255;151;128;85;48;257;53;239;186;209;198;214;98;101;260;232,264;31;25;155;258;11;2;193;200;3;52;58;7;227;19;92;21;204;16;230,reject,0.010142660886710526,e9868b9344dc7334110f3cc00062ebd1272f51a128c87ad4839798faee2aa208,1,1,1,0,0,1,1,1,1,1,1,3,3,1,1,9,2,0,cycle-0004;cycle-0008;cycle-0009;cycle-0017;cycle-0030;cycle-0054;cycle-0060;cycle-0078;cycle-0084;cycle-0087;cycle-0093;cycle-0094;cycle-0096;cycle-0099;cycle-0102;cycle-0114;cycle-0124;cycle-0127;cycle-0156;cycle-0159;cycle-0161;cycle-0167;cycle-0171;cycle-0178;cycle-0180;cycle-0192;cycle-0196;cycle-0201;cycle-0207;cycle-0211;cycle-0212;cycle-0219;cycle-0220;cycle-0234;cycle-0236;cycle-0250;cycle-0259;cycle-0263,1,2043.30531,4172.245455
9,random,FedVal,sign_flip,0,0,0,6,6,0,0.0011974948907894738,0.01371538767955,0.0007760775641710527,0,0,-0.002852664771966667,889,114,1,0,0,0,0,0,0,0,0,0.5815647827758554,0.4978662053056517,0.5815647827758554,0.08369857747020376,0.01371538767955,46;174;163;261;105;226;97;262;59;210;10;165;32;237;154;256;120;189;57;100;63;56;162;243;43;224;69;184;249;73,110;153;157;14;150;37;118;245;190;199;34;122;39;33;194;231;108;205;107;191;106;89;50;176;13;111;71;68;222;181,211;94;259;54;17;114;236;219;212;180;78;161;234;30;171;102;201;9;96;8;124;159;207;220;178;167;99;127;4;196;250;60;156;87;84;93;263;192;202;197;216;91;217;27;152;44;81;55;104;49;36;121;126;77;177;241;125;103;5;29;255;151;128;85;48;257;53;239;186;209;198;214;98;101;260;232,264;31;25;155;258;11;2;193;200;3;52;58;7;227;19;92;21;204;16;230,reject,0.0011974948907894738,e216330b04b3fc55a4e876de760ed521fe42852383e7cbec5d0a4822bf1e5036,1,1,1,0,0,1,1,1,1,1,1,3,3,1,1,9,2,0,cycle-0004;cycle-0008;cycle-0009;cycle-0017;cycle-0030;cycle-0054;cycle-0060;cycle-0078;cycle-0084;cycle-0087;cycle-0093;cycle-0094;cycle-0096;cycle-0099;cycle-0102;cycle-0114;cycle-0124;cycle-0127;cycle-0156;cycle-0159;cycle-0161;cycle-0167;cycle-0171;cycle-0178;cycle-0180;cycle-0192;cycle-0196;cycle-0201;cycle-0207;cycle-0211;cycle-0212;cycle-0219;cycle-0220;cycle-0234;cycle-0236;cycle-0250;cycle-0259;cycle-0263,1,1989.567845,4056.000234
9,random,FLShield,sign_flip,0,0,0,6,6,1,-0.0007658166050526316,-0.0065388642934,-0.0006759727264473685,0,0,0.0005525550795333333,889,114,0,0,0,0,0,0,0,1,0,0.5815647827758554,0.5944059976931949,0.5944059976931949,0.0,0.0,46;174;163;261;105;226;97;262;59;210;10;165;32;237;154;256;120;189;57;100;63;56;162;243;43;224;69;184;249;73,110;153;157;14;150;37;118;245;190;199;34;122;39;33;194;231;108;205;107;191;106;89;50;176;13;111;71;68;222;181,211;94;259;54;17;114;236;219;212;180;78;161;234;30;171;102;201;9;96;8;124;159;207;220;178;167;99;127;4;196;250;60;156;87;84;93;263;192;202;197;216;91;217;27;152;44;81;55;104;49;36;121;126;77;177;241;125;103;5;29;255;151;128;85;48;257;53;239;186;209;198;214;98;101;260;232,264;31;25;155;258;11;2;193;200;3;52;58;7;227;19;92;21;204;16;230,commit,-0.0007658166050526316,8b49d4bc6168799e57a01ced15ef6e4fe62114dbdbd8e1fc4979797809c4f3ed,1,1,1,1,1,1,1,1,1,1,1,3,3,1,1,9,2,1,cycle-0005;cycle-0027;cycle-0029;cycle-0036;cycle-0044;cycle-0048;cycle-0049;cycle-0053;cycle-0055;cycle-0077;cycle-0081;cycle-0085;cycle-0091;cycle-0098;cycle-0101;cycle-0103;cycle-0104;cycle-0121;cycle-0125;cycle-0126;cycle-0128;cycle-0151;cycle-0152;cycle-0177;cycle-0186;cycle-0197;cycle-0198;cycle-0202;cycle-0209;cycle-0214;cycle-0216;cycle-0217;cycle-0232;cycle-0239;cycle-0241;cycle-0255;cycle-0257;cycle-0260,1,1993.922918,4110.816143
9,random,FoundationFL,sign_flip,0,0,0,6,6,0,0.03275021005826316,0.0605578461107,0.03160938071656579,0,0,0.025747728708066665,889,114,0,0,0,1,0,0,0,0,0,0.5815647827758554,0.5211457131872357,0.5815647827758554,0.060419069588619756,0.0605578461107,46;174;163;261;105;226;97;262;59;210;10;165;32;237;154;256;120;189;57;100;63;56;162;243;43;224;69;184;249;73,110;153;157;14;150;37;118;245;190;199;34;122;39;33;194;231;108;205;107;191;106;89;50;176;13;111;71;68;222;181,211;94;259;54;17;114;236;219;212;180;78;161;234;30;171;102;201;9;96;8;124;159;207;220;178;167;99;127;4;196;250;60;156;87;84;93;263;192;202;197;216;91;217;27;152;44;81;55;104;49;36;121;126;77;177;241;125;103;5;29;255;151;128;85;48;257;53;239;186;209;198;214;98;101;260;232,264;31;25;155;258;11;2;193;200;3;52;58;7;227;19;92;21;204;16;230,reject,0.03275021005826316,bae61b7e917ac5922cb30c1885b8bd74b8914e4dcb0b8399eff2f2365c269807,1,1,1,0,0,1,1,1,1,1,1,3,3,1,1,9,2,0,cycle-0004;cycle-0008;cycle-0009;cycle-0017;cycle-0030;cycle-0054;cycle-0060;cycle-0078;cycle-0084;cycle-0087;cycle-0093;cycle-0094;cycle-0096;cycle-0099;cycle-0102;cycle-0114;cycle-0124;cycle-0127;cycle-0156;cycle-0159;cycle-0161;cycle-0167;cycle-0171;cycle-0178;cycle-0180;cycle-0192;cycle-0196;cycle-0201;cycle-0207;cycle-0211;cycle-0212;cycle-0219;cycle-0220;cycle-0234;cycle-0236;cycle-0250;cycle-0259;cycle-0263,1,2042.525897,4045.681047
9,random,FedAvg,model_replacement,0,0,0,6,6,0,0.22404856685605262,0.3221715970131,0.2204954350852895,0,0,0.2078827119081,889,114,0,0,0,1,0,0,0,0,0,0.5815647827758554,0.40153787004998076,0.5815647827758554,0.18002691272587468,0.3221715970131,46;174;163;261;105;226;97;262;59;210;10;165;32;237;154;256;120;189;57;100;63;56;162;243;43;224;69;184;249;73,110;153;157;14;150;37;118;245;190;199;34;122;39;33;194;231;108;205;107;191;106;89;50;176;13;111;71;68;222;181,211;94;259;54;17;114;236;219;212;180;78;161;234;30;171;102;201;9;96;8;124;159;207;220;178;167;99;127;4;196;250;60;156;87;84;93;263;192;202;197;216;91;217;27;152;44;81;55;104;49;36;121;126;77;177;241;125;103;5;29;255;151;128;85;48;257;53;239;186;209;198;214;98;101;260;232,264;31;25;155;258;11;2;193;200;3;52;58;7;227;19;92;21;204;16;230,reject,0.22404856685605262,2620505784456cd0d23febdc96993fcb0f295a7d1c5a1804a8c6b478946bd4bb,1,1,1,0,0,1,1,1,1,1,1,3,3,1,1,9,2,0,cycle-0004;cycle-0008;cycle-0009;cycle-0017;cycle-0030;cycle-0054;cycle-0060;cycle-0078;cycle-0084;cycle-0087;cycle-0093;cycle-0094;cycle-0096;cycle-0099;cycle-0102;cycle-0114;cycle-0124;cycle-0127;cycle-0156;cycle-0159;cycle-0161;cycle-0167;cycle-0171;cycle-0178;cycle-0180;cycle-0192;cycle-0196;cycle-0201;cycle-0207;cycle-0211;cycle-0212;cycle-0219;cycle-0220;cycle-0234;cycle-0236;cycle-0250;cycle-0259;cycle-0263,1,2048.166791,4041.841332
9,random,CoordinateMedian,model_replacement,0,0,0,6,6,1,-0.005602129773236842,-0.0006560641363,-0.005626248585631579,0,0,-0.0068515374856333335,889,114,1,0,0,0,0,0,0,1,0,0.5815647827758554,0.5381199538638985,0.5381199538638985,0.0,0.0,46;174;163;261;105;226;97;262;59;210;10;165;32;237;154;256;120;189;57;100;63;56;162;243;43;224;69;184;249;73,110;153;157;14;150;37;118;245;190;199;34;122;39;33;194;231;108;205;107;191;106;89;50;176;13;111;71;68;222;181,211;94;259;54;17;114;236;219;212;180;78;161;234;30;171;102;201;9;96;8;124;159;207;220;178;167;99;127;4;196;250;60;156;87;84;93;263;192;202;197;216;91;217;27;152;44;81;55;104;49;36;121;126;77;177;241;125;103;5;29;255;151;128;85;48;257;53;239;186;209;198;214;98;101;260;232,264;31;25;155;258;11;2;193;200;3;52;58;7;227;19;92;21;204;16;230,commit,-0.005602129773236842,1b91928cc6ddfa0d1bde10201c01251b178fe3dd8732e508cafc2c03f50085f9,1,1,1,1,1,1,1,1,1,1,1,3,3,1,1,9,2,0,cycle-0004;cycle-0008;cycle-0009;cycle-0017;cycle-0030;cycle-0054;cycle-0060;cycle-0078;cycle-0084;cycle-0087;cycle-0093;cycle-0094;cycle-0096;cycle-0099;cycle-0102;cycle-0114;cycle-0124;cycle-0127;cycle-0156;cycle-0159;cycle-0161;cycle-0167;cycle-0171;cycle-0178;cycle-0180;cycle-0192;cycle-0196;cycle-0201;cycle-0207;cycle-0211;cycle-0212;cycle-0219;cycle-0220;cycle-0234;cycle-0236;cycle-0250;cycle-0259;cycle-0263,1,2070.923763,4079.276747
9,random,Krum,model_replacement,0,0,0,6,6,0,0.0007034178791842105,0.00258953031835,0.0009101562602894736,0,0,0.0012974559066666668,889,114,0,0,0,0,0,0,0,0,0,0.5815647827758554,0.5772395232602845,0.5815647827758554,0.004325259515570945,0.00258953031835,46;174;163;261;105;226;97;262;59;210;10;165;32;237;154;256;120;189;57;100;63;56;162;243;43;224;69;184;249;73,110;153;157;14;150;37;118;245;190;199;34;122;39;33;194;231;108;205;107;191;106;89;50;176;13;111;71;68;222;181,211;94;259;54;17;114;236;219;212;180;78;161;234;30;171;102;201;9;96;8;124;159;207;220;178;167;99;127;4;196;250;60;156;87;84;93;263;192;202;197;216;91;217;27;152;44;81;55;104;49;36;121;126;77;177;241;125;103;5;29;255;151;128;85;48;257;53;239;186;209;198;214;98;101;260;232,264;31;25;155;258;11;2;193;200;3;52;58;7;227;19;92;21;204;16;230,reject,0.0007034178791842105,7c9f38ff01d2a36e4f68e3ff38513702a43f8caf43447b1622df0e2f2c326aba,1,1,1,0,0,1,1,1,1,1,1,3,3,1,1,9,2,0,cycle-0004;cycle-0008;cycle-0009;cycle-0017;cycle-0030;cycle-0054;cycle-0060;cycle-0078;cycle-0084;cycle-0087;cycle-0093;cycle-0094;cycle-0096;cycle-0099;cycle-0102;cycle-0114;cycle-0124;cycle-0127;cycle-0156;cycle-0159;cycle-0161;cycle-0167;cycle-0171;cycle-0178;cycle-0180;cycle-0192;cycle-0196;cycle-0201;cycle-0207;cycle-0211;cycle-0212;cycle-0219;cycle-0220;cycle-0234;cycle-0236;cycle-0250;cycle-0259;cycle-0263,1,2024.367291,4018.071097
9,random,FLTrust,model_replacement,0,0,0,6,6,0,0.01165611934863158,0.0304176831228,0.012288358213592105,0,0,0.008191429827766666,889,114,0,0,0,0,0,0,0,0,0,0.5815647827758554,0.5456362937331796,0.5815647827758554,0.03592848904267587,0.0304176831228,46;174;163;261;105;226;97;262;59;210;10;165;32;237;154;256;120;189;57;100;63;56;162;243;43;224;69;184;249;73,110;153;157;14;150;37;118;245;190;199;34;122;39;33;194;231;108;205;107;191;106;89;50;176;13;111;71;68;222;181,211;94;259;54;17;114;236;219;212;180;78;161;234;30;171;102;201;9;96;8;124;159;207;220;178;167;99;127;4;196;250;60;156;87;84;93;263;192;202;197;216;91;217;27;152;44;81;55;104;49;36;121;126;77;177;241;125;103;5;29;255;151;128;85;48;257;53;239;186;209;198;214;98;101;260;232,264;31;25;155;258;11;2;193;200;3;52;58;7;227;19;92;21;204;16;230,reject,0.01165611934863158,0e887c7e7c9e857fef2631617eb7dbf7a5e24445c1d5ee266f46b61c3bba66a7,1,1,1,0,0,1,1,1,1,1,1,3,3,1,1,9,2,1,cycle-0005;cycle-0027;cycle-0029;cycle-0036;cycle-0044;cycle-0048;cycle-0049;cycle-0053;cycle-0055;cycle-0077;cycle-0081;cycle-0085;cycle-0091;cycle-0098;cycle-0101;cycle-0103;cycle-0104;cycle-0121;cycle-0125;cycle-0126;cycle-0128;cycle-0151;cycle-0152;cycle-0177;cycle-0186;cycle-0197;cycle-0198;cycle-0202;cycle-0209;cycle-0214;cycle-0216;cycle-0217;cycle-0232;cycle-0239;cycle-0241;cycle-0255;cycle-0257;cycle-0260,1,1987.023537,4050.132446
9,random,FedVal,model_replacement,0,0,0,6,6,0,0.08090548060321053,0.1355407675666,0.07847981304940789,0,0,0.06974760678186667,889,114,0,0,0,1,0,0,0,0,0,0.5815647827758554,0.4781430219146482,0.5815647827758554,0.10342176086120725,0.1355407675666,46;174;163;261;105;226;97;262;59;210;10;165;32;237;154;256;120;189;57;100;63;56;162;243;43;224;69;184;249;73,110;153;157;14;150;37;118;245;190;199;34;122;39;33;194;231;108;205;107;191;106;89;50;176;13;111;71;68;222;181,211;94;259;54;17;114;236;219;212;180;78;161;234;30;171;102;201;9;96;8;124;159;207;220;178;167;99;127;4;196;250;60;156;87;84;93;263;192;202;197;216;91;217;27;152;44;81;55;104;49;36;121;126;77;177;241;125;103;5;29;255;151;128;85;48;257;53;239;186;209;198;214;98;101;260;232,264;31;25;155;258;11;2;193;200;3;52;58;7;227;19;92;21;204;16;230,reject,0.08090548060321053,01f32dc19abab1167d9d3da4d46cc09fdfc8327ba7a8905c8ab8efe6295aeb9e,1,1,1,0,0,1,1,1,1,1,1,3,3,1,1,9,2,0,cycle-0004;cycle-0008;cycle-0009;cycle-0017;cycle-0030;cycle-0054;cycle-0060;cycle-0078;cycle-0084;cycle-0087;cycle-0093;cycle-0094;cycle-0096;cycle-0099;cycle-0102;cycle-0114;cycle-0124;cycle-0127;cycle-0156;cycle-0159;cycle-0161;cycle-0167;cycle-0171;cycle-0178;cycle-0180;cycle-0192;cycle-0196;cycle-0201;cycle-0207;cycle-0211;cycle-0212;cycle-0219;cycle-0220;cycle-0234;cycle-0236;cycle-0250;cycle-0259;cycle-0263,1,1938.376657,3931.906268
9,random,FLShield,model_replacement,0,0,0,6,6,1,-0.003635501783131579,-0.00427678190885,-0.0036089220347894735,0,0,-0.0034434321253,889,114,1,0,0,0,0,0,0,1,0,0.5815647827758554,0.5893502499038831,0.5893502499038831,0.0,0.0,46;174;163;261;105;226;97;262;59;210;10;165;32;237;154;256;120;189;57;100;63;56;162;243;43;224;69;184;249;73,110;153;157;14;150;37;118;245;190;199;34;122;39;33;194;231;108;205;107;191;106;89;50;176;13;111;71;68;222;181,211;94;259;54;17;114;236;219;212;180;78;161;234;30;171;102;201;9;96;8;124;159;207;220;178;167;99;127;4;196;250;60;156;87;84;93;263;192;202;197;216;91;217;27;152;44;81;55;104;49;36;121;126;77;177;241;125;103;5;29;255;151;128;85;48;257;53;239;186;209;198;214;98;101;260;232,264;31;25;155;258;11;2;193;200;3;52;58;7;227;19;92;21;204;16;230,commit,-0.003635501783131579,aceb403f8d216279357eef4c44ca3154eae487050add8414e8fc1a667e697daa,1,1,1,1,1,1,1,1,1,1,1,3,3,1,1,9,2,0,cycle-0004;cycle-0008;cycle-0009;cycle-0017;cycle-0030;cycle-0054;cycle-0060;cycle-0078;cycle-0084;cycle-0087;cycle-0093;cycle-0094;cycle-0096;cycle-0099;cycle-0102;cycle-0114;cycle-0124;cycle-0127;cycle-0156;cycle-0159;cycle-0161;cycle-0167;cycle-0171;cycle-0178;cycle-0180;cycle-0192;cycle-0196;cycle-0201;cycle-0207;cycle-0211;cycle-0212;cycle-0219;cycle-0220;cycle-0234;cycle-0236;cycle-0250;cycle-0259;cycle-0263,1,1972.844676,4121.146186
9,random,FoundationFL,model_replacement,0,0,0,6,6,0,0.4416045564395,0.58687398865155,0.44634351385922366,1,0,0.4153703879692,889,114,0,0,0,1,1,0,0,0,0,0.5815647827758554,0.41624375240292194,0.5815647827758554,0.1653210303729335,0.58687398865155,46;174;163;261;105;226;97;262;59;210;10;165;32;237;154;256;120;189;57;100;63;56;162;243;43;224;69;184;249;73,110;153;157;14;150;37;118;245;190;199;34;122;39;33;194;231;108;205;107;191;106;89;50;176;13;111;71;68;222;181,211;94;259;54;17;114;236;219;212;180;78;161;234;30;171;102;201;9;96;8;124;159;207;220;178;167;99;127;4;196;250;60;156;87;84;93;263;192;202;197;216;91;217;27;152;44;81;55;104;49;36;121;126;77;177;241;125;103;5;29;255;151;128;85;48;257;53;239;186;209;198;214;98;101;260;232,264;31;25;155;258;11;2;193;200;3;52;58;7;227;19;92;21;204;16;230,reject,0.4416045564395,672a594102ef92bb64b4bfa8801c04f1500558245b6f7e917b32f42cf273eb4f,1,1,1,0,0,1,1,1,1,1,1,3,3,1,1,9,2,0,cycle-0004;cycle-0008;cycle-0009;cycle-0017;cycle-0030;cycle-0054;cycle-0060;cycle-0078;cycle-0084;cycle-0087;cycle-0093;cycle-0094;cycle-0096;cycle-0099;cycle-0102;cycle-0114;cycle-0124;cycle-0127;cycle-0156;cycle-0159;cycle-0161;cycle-0167;cycle-0171;cycle-0178;cycle-0180;cycle-0192;cycle-0196;cycle-0201;cycle-0207;cycle-0211;cycle-0212;cycle-0219;cycle-0220;cycle-0234;cycle-0236;cycle-0250;cycle-0259;cycle-0263,1,1990.316257,4068.282114
9,random,FedAvg,score_aware,64,17,0,6,6,0,7.838185710526316e-06,8.7436057e-06,1.260902955263158e-05,0,0,-4.500024333333333e-06,889,114,1,0,0,0,0,0,0,0,0,0.5815647827758554,0.5926758938869665,0.5815647827758554,-0.011111111111111072,8.7436057e-06,46;174;163;261;105;226;97;262;59;210;10;165;32;237;154;256;120;189;57;100;63;56;162;243;43;224;69;184;249;73,110;153;157;14;150;37;118;245;190;199;34;122;39;33;194;231;108;205;107;191;106;89;50;176;13;111;71;68;222;181,211;94;259;54;17;114;236;219;212;180;78;161;234;30;171;102;201;9;96;8;124;159;207;220;178;167;99;127;4;196;250;60;156;87;84;93;263;192;202;197;216;91;217;27;152;44;81;55;104;49;36;121;126;77;177;241;125;103;5;29;255;151;128;85;48;257;53;239;186;209;198;214;98;101;260;232,264;31;25;155;258;11;2;193;200;3;52;58;7;227;19;92;21;204;16;230,reject,7.838185710526316e-06,0f3eb187f888b39898c09580022695e9e90b87ca1b418679eb2bf56116d5e015,1,1,1,0,0,1,1,1,1,1,1,3,3,1,1,9,2,1,cycle-0005;cycle-0027;cycle-0029;cycle-0036;cycle-0044;cycle-0048;cycle-0049;cycle-0053;cycle-0055;cycle-0077;cycle-0081;cycle-0085;cycle-0091;cycle-0098;cycle-0101;cycle-0103;cycle-0104;cycle-0121;cycle-0125;cycle-0126;cycle-0128;cycle-0151;cycle-0152;cycle-0177;cycle-0186;cycle-0197;cycle-0198;cycle-0202;cycle-0209;cycle-0214;cycle-0216;cycle-0217;cycle-0232;cycle-0239;cycle-0241;cycle-0255;cycle-0257;cycle-0260,1,2053.476209,4062.348033
9,random,FLTrust,score_aware,64,24,1,6,6,0,0.006186508256447369,0.02528430716755,0.005423437142486842,0,0,-0.00024920234436666666,889,114,1,0,0,0,0,0,0,0,0,0.5815647827758554,0.5131680123029604,0.5815647827758554,0.06839677047289505,0.02528430716755,46;174;163;261;105;226;97;262;59;210;10;165;32;237;154;256;120;189;57;100;63;56;162;243;43;224;69;184;249;73,110;153;157;14;150;37;118;245;190;199;34;122;39;33;194;231;108;205;107;191;106;89;50;176;13;111;71;68;222;181,211;94;259;54;17;114;236;219;212;180;78;161;234;30;171;102;201;9;96;8;124;159;207;220;178;167;99;127;4;196;250;60;156;87;84;93;263;192;202;197;216;91;217;27;152;44;81;55;104;49;36;121;126;77;177;241;125;103;5;29;255;151;128;85;48;257;53;239;186;209;198;214;98;101;260;232,264;31;25;155;258;11;2;193;200;3;52;58;7;227;19;92;21;204;16;230,reject,0.006186508256447369,929b7915904a143a9bc04d1f16f406461e7ea53ae0b0978e22100be8eb1fa8cc,1,1,1,0,0,1,1,1,1,1,1,3,3,1,1,9,2,0,cycle-0004;cycle-0008;cycle-0009;cycle-0017;cycle-0030;cycle-0054;cycle-0060;cycle-0078;cycle-0084;cycle-0087;cycle-0093;cycle-0094;cycle-0096;cycle-0099;cycle-0102;cycle-0114;cycle-0124;cycle-0127;cycle-0156;cycle-0159;cycle-0161;cycle-0167;cycle-0171;cycle-0178;cycle-0180;cycle-0192;cycle-0196;cycle-0201;cycle-0207;cycle-0211;cycle-0212;cycle-0219;cycle-0220;cycle-0234;cycle-0236;cycle-0250;cycle-0259;cycle-0263,1,2054.410945,4031.02451
9,random,FoundationFL,score_aware,64,23,1,6,6,0,0.004153065112026315,0.01486458411725,0.0035880889000263158,0,0,-0.0005320055174,889,114,1,0,0,0,0,0,0,0,0,0.5815647827758554,0.5089773164167628,0.5815647827758554,0.07258746635909263,0.01486458411725,46;174;163;261;105;226;97;262;59;210;10;165;32;237;154;256;120;189;57;100;63;56;162;243;43;224;69;184;249;73,110;153;157;14;150;37;118;245;190;199;34;122;39;33;194;231;108;205;107;191;106;89;50;176;13;111;71;68;222;181,211;94;259;54;17;114;236;219;212;180;78;161;234;30;171;102;201;9;96;8;124;159;207;220;178;167;99;127;4;196;250;60;156;87;84;93;263;192;202;197;216;91;217;27;152;44;81;55;104;49;36;121;126;77;177;241;125;103;5;29;255;151;128;85;48;257;53;239;186;209;198;214;98;101;260;232,264;31;25;155;258;11;2;193;200;3;52;58;7;227;19;92;21;204;16;230,reject,0.004153065112026315,57fb7a3c0d5589bd98ac8e088243f27da99bae277a9a007de808bc831973f500,1,1,1,0,0,1,1,1,1,1,1,3,3,1,1,9,2,0,cycle-0004;cycle-0008;cycle-0009;cycle-0017;cycle-0030;cycle-0054;cycle-0060;cycle-0078;cycle-0084;cycle-0087;cycle-0093;cycle-0094;cycle-0096;cycle-0099;cycle-0102;cycle-0114;cycle-0124;cycle-0127;cycle-0156;cycle-0159;cycle-0161;cycle-0167;cycle-0171;cycle-0178;cycle-0180;cycle-0192;cycle-0196;cycle-0201;cycle-0207;cycle-0211;cycle-0212;cycle-0219;cycle-0220;cycle-0234;cycle-0236;cycle-0250;cycle-0259;cycle-0263,1,2029.966108,4072.904124
10,random,FedAvg,none,0,0,0,6,0,1,-0.0021664770916842106,-0.0021842736169,0.0009524703385131579,0,0,-0.003916499175066666,884,90,1,0,0,0,0,0,0,1,0,0.5041001388406803,0.5022344671988892,0.5022344671988892,0.0,0.0,114;21;66;32;44;31;111;224;113;27;230;124;4;163;49;219;85;197;115;170;169;102;47;29;185;258;76;48;30;171,184;183;37;75;189;43;41;123;161;18;104;125;58;176;190;100;204;3;108;78;106;253;93;22;191;239;210;64;154;55,192;174;236;194;162;23;175;235;256;103;166;128;97;16;206;28;198;186;254;216;234;65;237;247;182;223;232;222;126;157;15;25;255;195;6;193;117;261;82;98;159;245;263;207;217;179;20;251;14;105;202;70;214;87;99;101;172;165;69;68;249;89;24;91;252;92;127;200;7;250;196;10;59;173;228;167,62;19;80;264;122;177;205;63;259;153;203;46;81;209;199;8;181;40;150;26,commit,-0.0021664770916842106,26d6525f0479b87fec287d38597d2e315f850c5e4653a83dfffed5684da7ed39,1,2,2,1,1,1,1,1,1,1,1,3,3,1,1,9,2,1,cycle-0007;cycle-0010;cycle-0014;cycle-0020;cycle-0024;cycle-0059;cycle-0068;cycle-0069;cycle-0070;cycle-0082;cycle-0087;cycle-0089;cycle-0091;cycle-0092;cycle-0098;cycle-0099;cycle-0101;cycle-0105;cycle-0127;cycle-0159;cycle-0165;cycle-0167;cycle-0172;cycle-0173;cycle-0179;cycle-0196;cycle-0200;cycle-0202;cycle-0207;cycle-0214;cycle-0217;cycle-0228;cycle-0245;cycle-0249;cycle-0250;cycle-0251;cycle-0252;cycle-0263,1,2052.349992,4796.924994
10,random,CoordinateMedian,none,0,0,0,6,0,1,-0.003940431531552631,-0.00862619443505,-0.0061620043160526316,0,0,-0.0104825765289,884,90,1,0,0,0,0,0,0,1,0,0.5041001388406803,0.5115628254078445,0.5115628254078445,0.0,0.0,114;21;66;32;44;31;111;224;113;27;230;124;4;163;49;219;85;197;115;170;169;102;47;29;185;258;76;48;30;171,184;183;37;75;189;43;41;123;161;18;104;125;58;176;190;100;204;3;108;78;106;253;93;22;191;239;210;64;154;55,192;174;236;194;162;23;175;235;256;103;166;128;97;16;206;28;198;186;254;216;234;65;237;247;182;223;232;222;126;157;15;25;255;195;6;193;117;261;82;98;159;245;263;207;217;179;20;251;14;105;202;70;214;87;99;101;172;165;69;68;249;89;24;91;252;92;127;200;7;250;196;10;59;173;228;167,62;19;80;264;122;177;205;63;259;153;203;46;81;209;199;8;181;40;150;26,commit,-0.003940431531552631,f54f28443d8922f59ef9a06eedcd1f44be0934c1bf8d5d5ffd9ca873b5421d3a,1,1,1,1,1,1,1,1,1,1,1,3,3,1,1,9,2,0,cycle-0006;cycle-0015;cycle-0016;cycle-0023;cycle-0025;cycle-0028;cycle-0065;cycle-0097;cycle-0103;cycle-0117;cycle-0126;cycle-0128;cycle-0157;cycle-0162;cycle-0166;cycle-0174;cycle-0175;cycle-0182;cycle-0186;cycle-0192;cycle-0193;cycle-0194;cycle-0195;cycle-0198;cycle-0206;cycle-0216;cycle-0222;cycle-0223;cycle-0232;cycle-0234;cycle-0235;cycle-0236;cycle-0237;cycle-0247;cycle-0254;cycle-0255;cycle-0256;cycle-0261,1,2154.644085,4316.401878
10,random,Krum,none,0,0,0,6,0,1,-0.002248356451078947,-0.00193699431605,0.0044010486012763155,0,0,-0.005737538656566667,884,90,1,0,0,0,0,0,0,1,0,0.5041001388406803,0.517094758764318,0.517094758764318,0.0,0.0,114;21;66;32;44;31;111;224;113;27;230;124;4;163;49;219;85;197;115;170;169;102;47;29;185;258;76;48;30;171,184;183;37;75;189;43;41;123;161;18;104;125;58;176;190;100;204;3;108;78;106;253;93;22;191;239;210;64;154;55,192;174;236;194;162;23;175;235;256;103;166;128;97;16;206;28;198;186;254;216;234;65;237;247;182;223;232;222;126;157;15;25;255;195;6;193;117;261;82;98;159;245;263;207;217;179;20;251;14;105;202;70;214;87;99;101;172;165;69;68;249;89;24;91;252;92;127;200;7;250;196;10;59;173;228;167,62;19;80;264;122;177;205;63;259;153;203;46;81;209;199;8;181;40;150;26,commit,-0.002248356451078947,c3f18b12030409c07ef68f00706a25bcbc5cee690485274b821609e9f6c6ef6c,1,1,1,1,1,1,1,1,1,1,1,3,3,1,1,9,2,1,cycle-0007;cycle-0010;cycle-0014;cycle-0020;cycle-0024;cycle-0059;cycle-0068;cycle-0069;cycle-0070;cycle-0082;cycle-0087;cycle-0089;cycle-0091;cycle-0092;cycle-0098;cycle-0099;cycle-0101;cycle-0105;cycle-0127;cycle-0159;cycle-0165;cycle-0167;cycle-0172;cycle-0173;cycle-0179;cycle-0196;cycle-0200;cycle-0202;cycle-0207;cycle-0214;cycle-0217;cycle-0228;cycle-0245;cycle-0249;cycle-0250;cycle-0251;cycle-0252;cycle-0263,1,1954.696098,3974.948849
10,random,FLTrust,none,0,0,0,6,0,0,0.02912682594957895,0.01079791786795,0.01970600577748684,0,0,0.0063943931381,884,90,0,0,0,0,0,0,0,0,0,0.5041001388406803,0.5226266921207914,0.5041001388406803,-0.018526553280111102,0.01079791786795,114;21;66;32;44;31;111;224;113;27;230;124;4;163;49;219;85;197;115;170;169;102;47;29;185;258;76;48;30;171,184;183;37;75;189;43;41;123;161;18;104;125;58;176;190;100;204;3;108;78;106;253;93;22;191;239;210;64;154;55,192;174;236;194;162;23;175;235;256;103;166;128;97;16;206;28;198;186;254;216;234;65;237;247;182;223;232;222;126;157;15;25;255;195;6;193;117;261;82;98;159;245;263;207;217;179;20;251;14;105;202;70;214;87;99;101;172;165;69;68;249;89;24;91;252;92;127;200;7;250;196;10;59;173;228;167,62;19;80;264;122;177;205;63;259;153;203;46;81;209;199;8;181;40;150;26,reject,0.02912682594957895,8899eda6ce457d041c4db4466ecb71ef77ad6d7a6fb60783c9c3644abc7b36e0,1,1,1,0,0,1,1,1,1,1,1,3,3,1,1,9,2,0,cycle-0006;cycle-0015;cycle-0016;cycle-0023;cycle-0025;cycle-0028;cycle-0065;cycle-0097;cycle-0103;cycle-0117;cycle-0126;cycle-0128;cycle-0157;cycle-0162;cycle-0166;cycle-0174;cycle-0175;cycle-0182;cycle-0186;cycle-0192;cycle-0193;cycle-0194;cycle-0195;cycle-0198;cycle-0206;cycle-0216;cycle-0222;cycle-0223;cycle-0232;cycle-0234;cycle-0235;cycle-0236;cycle-0237;cycle-0247;cycle-0254;cycle-0255;cycle-0256;cycle-0261,1,2200.038537,4296.87256
10,random,FedVal,none,0,0,0,6,0,1,-0.0005252561001842105,-0.00475484025375,-0.0025988884096447367,0,0,-0.0061275931148,884,90,1,0,0,0,0,0,0,1,0,0.5041001388406803,0.5059658104824714,0.5059658104824714,0.0,0.0,114;21;66;32;44;31;111;224;113;27;230;124;4;163;49;219;85;197;115;170;169;102;47;29;185;258;76;48;30;171,184;183;37;75;189;43;41;123;161;18;104;125;58;176;190;100;204;3;108;78;106;253;93;22;191;239;210;64;154;55,192;174;236;194;162;23;175;235;256;103;166;128;97;16;206;28;198;186;254;216;234;65;237;247;182;223;232;222;126;157;15;25;255;195;6;193;117;261;82;98;159;245;263;207;217;179;20;251;14;105;202;70;214;87;99;101;172;165;69;68;249;89;24;91;252;92;127;200;7;250;196;10;59;173;228;167,62;19;80;264;122;177;205;63;259;153;203;46;81;209;199;8;181;40;150;26,commit,-0.0005252561001842105,ec1c8cd5a3ce71944a09d3796548b2c6ec00d2f208784a070b69f9252219f8bc,1,1,1,1,1,1,1,1,1,1,1,3,3,1,1,9,2,0,cycle-0006;cycle-0015;cycle-0016;cycle-0023;cycle-0025;cycle-0028;cycle-0065;cycle-0097;cycle-0103;cycle-0117;cycle-0126;cycle-0128;cycle-0157;cycle-0162;cycle-0166;cycle-0174;cycle-0175;cycle-0182;cycle-0186;cycle-0192;cycle-0193;cycle-0194;cycle-0195;cycle-0198;cycle-0206;cycle-0216;cycle-0222;cycle-0223;cycle-0232;cycle-0234;cycle-0235;cycle-0236;cycle-0237;cycle-0247;cycle-0254;cycle-0255;cycle-0256;cycle-0261,1,2212.280686,4238.859521
10,random,FLShield,none,0,0,0,6,0,1,-0.01140675264931579,-0.0040409238041,-0.00808391499756579,0,0,-0.0029784167509333335,884,90,1,0,0,0,0,0,0,1,0,0.5041001388406803,0.49433790350572715,0.49433790350572715,0.0,0.0,114;21;66;32;44;31;111;224;113;27;230;124;4;163;49;219;85;197;115;170;169;102;47;29;185;258;76;48;30;171,184;183;37;75;189;43;41;123;161;18;104;125;58;176;190;100;204;3;108;78;106;253;93;22;191;239;210;64;154;55,192;174;236;194;162;23;175;235;256;103;166;128;97;16;206;28;198;186;254;216;234;65;237;247;182;223;232;222;126;157;15;25;255;195;6;193;117;261;82;98;159;245;263;207;217;179;20;251;14;105;202;70;214;87;99;101;172;165;69;68;249;89;24;91;252;92;127;200;7;250;196;10;59;173;228;167,62;19;80;264;122;177;205;63;259;153;203;46;81;209;199;8;181;40;150;26,commit,-0.01140675264931579,28cdd1a82b46bb9e74bc286fc5b7fd904e945e6d86175e011a9fe58db49511d6,1,1,1,1,1,1,1,1,1,1,1,3,3,1,1,9,2,0,cycle-0006;cycle-0015;cycle-0016;cycle-0023;cycle-0025;cycle-0028;cycle-0065;cycle-0097;cycle-0103;cycle-0117;cycle-0126;cycle-0128;cycle-0157;cycle-0162;cycle-0166;cycle-0174;cycle-0175;cycle-0182;cycle-0186;cycle-0192;cycle-0193;cycle-0194;cycle-0195;cycle-0198;cycle-0206;cycle-0216;cycle-0222;cycle-0223;cycle-0232;cycle-0234;cycle-0235;cycle-0236;cycle-0237;cycle-0247;cycle-0254;cycle-0255;cycle-0256;cycle-0261,1,2203.65122,4287.069198
10,random,FoundationFL,none,0,0,0,6,0,1,-0.0013116012702894737,-0.001240224971,0.0011648044983289473,0,0,-0.003235249739366667,884,90,1,0,0,0,0,0,0,1,0,0.5041001388406803,0.5013016313779938,0.5013016313779938,0.0,0.0,114;21;66;32;44;31;111;224;113;27;230;124;4;163;49;219;85;197;115;170;169;102;47;29;185;258;76;48;30;171,184;183;37;75;189;43;41;123;161;18;104;125;58;176;190;100;204;3;108;78;106;253;93;22;191;239;210;64;154;55,192;174;236;194;162;23;175;235;256;103;166;128;97;16;206;28;198;186;254;216;234;65;237;247;182;223;232;222;126;157;15;25;255;195;6;193;117;261;82;98;159;245;263;207;217;179;20;251;14;105;202;70;214;87;99;101;172;165;69;68;249;89;24;91;252;92;127;200;7;250;196;10;59;173;228;167,62;19;80;264;122;177;205;63;259;153;203;46;81;209;199;8;181;40;150;26,commit,-0.0013116012702894737,f924120cea3e8a798617679d89b3c4b644749c22bda70181b70fe62f373fbb5d,1,1,1,1,1,1,1,1,1,1,1,3,3,1,1,9,2,1,cycle-0007;cycle-0010;cycle-0014;cycle-0020;cycle-0024;cycle-0059;cycle-0068;cycle-0069;cycle-0070;cycle-0082;cycle-0087;cycle-0089;cycle-0091;cycle-0092;cycle-0098;cycle-0099;cycle-0101;cycle-0105;cycle-0127;cycle-0159;cycle-0165;cycle-0167;cycle-0172;cycle-0173;cycle-0179;cycle-0196;cycle-0200;cycle-0202;cycle-0207;cycle-0214;cycle-0217;cycle-0228;cycle-0245;cycle-0249;cycle-0250;cycle-0251;cycle-0252;cycle-0263,1,1957.468252,3950.129019
10,random,FedAvg,sign_flip,0,0,0,6,6,0,0.010218589686921053,0.0104461839561,0.012189358580828947,0,0,0.010729859955366667,884,90,0,0,0,0,0,0,0,0,0,0.5041001388406803,0.5059007289135717,0.5041001388406803,-0.0018005900728914614,0.0104461839561,114;21;66;32;44;31;111;224;113;27;230;124;4;163;49;219;85;197;115;170;169;102;47;29;185;258;76;48;30;171,184;183;37;75;189;43;41;123;161;18;104;125;58;176;190;100;204;3;108;78;106;253;93;22;191;239;210;64;154;55,192;174;236;194;162;23;175;235;256;103;166;128;97;16;206;28;198;186;254;216;234;65;237;247;182;223;232;222;126;157;15;25;255;195;6;193;117;261;82;98;159;245;263;207;217;179;20;251;14;105;202;70;214;87;99;101;172;165;69;68;249;89;24;91;252;92;127;200;7;250;196;10;59;173;228;167,62;19;80;264;122;177;205;63;259;153;203;46;81;209;199;8;181;40;150;26,reject,0.010218589686921053,4e9894b260996d9fd37c3adb6ef7d920b3200b8ce1a56e28e963aa29a1a75014,1,1,1,0,0,1,1,1,1,1,1,3,3,1,1,9,2,1,cycle-0007;cycle-0010;cycle-0014;cycle-0020;cycle-0024;cycle-0059;cycle-0068;cycle-0069;cycle-0070;cycle-0082;cycle-0087;cycle-0089;cycle-0091;cycle-0092;cycle-0098;cycle-0099;cycle-0101;cycle-0105;cycle-0127;cycle-0159;cycle-0165;cycle-0167;cycle-0172;cycle-0173;cycle-0179;cycle-0196;cycle-0200;cycle-0202;cycle-0207;cycle-0214;cycle-0217;cycle-0228;cycle-0245;cycle-0249;cycle-0250;cycle-0251;cycle-0252;cycle-0263,1,1981.960861,4048.525221
10,random,CoordinateMedian,sign_flip,0,0,0,6,6,1,-0.0041982129655526315,-0.00423698821055,-0.0019154323035263157,0,0,-0.00554140017,884,90,1,0,0,0,0,0,0,1,0,0.5041001388406803,0.5050329746615758,0.5050329746615758,0.0,0.0,114;21;66;32;44;31;111;224;113;27;230;124;4;163;49;219;85;197;115;170;169;102;47;29;185;258;76;48;30;171,184;183;37;75;189;43;41;123;161;18;104;125;58;176;190;100;204;3;108;78;106;253;93;22;191;239;210;64;154;55,192;174;236;194;162;23;175;235;256;103;166;128;97;16;206;28;198;186;254;216;234;65;237;247;182;223;232;222;126;157;15;25;255;195;6;193;117;261;82;98;159;245;263;207;217;179;20;251;14;105;202;70;214;87;99;101;172;165;69;68;249;89;24;91;252;92;127;200;7;250;196;10;59;173;228;167,62;19;80;264;122;177;205;63;259;153;203;46;81;209;199;8;181;40;150;26,commit,-0.0041982129655526315,7cce8ad7a96607858eeaade82a67ef9ec437f7fb51322d61a0c84def5210d600,1,1,1,1,1,1,1,1,1,1,1,3,3,1,1,9,2,1,cycle-0007;cycle-0010;cycle-0014;cycle-0020;cycle-0024;cycle-0059;cycle-0068;cycle-0069;cycle-0070;cycle-0082;cycle-0087;cycle-0089;cycle-0091;cycle-0092;cycle-0098;cycle-0099;cycle-0101;cycle-0105;cycle-0127;cycle-0159;cycle-0165;cycle-0167;cycle-0172;cycle-0173;cycle-0179;cycle-0196;cycle-0200;cycle-0202;cycle-0207;cycle-0214;cycle-0217;cycle-0228;cycle-0245;cycle-0249;cycle-0250;cycle-0251;cycle-0252;cycle-0263,1,1961.134294,3985.70729
10,random,Krum,sign_flip,0,0,0,6,6,1,-0.002248356451078947,-0.00193699431605,0.0044010486012763155,0,0,-0.005737538656566667,884,90,1,0,0,0,0,0,0,1,0,0.5041001388406803,0.517094758764318,0.517094758764318,0.0,0.0,114;21;66;32;44;31;111;224;113;27;230;124;4;163;49;219;85;197;115;170;169;102;47;29;185;258;76;48;30;171,184;183;37;75;189;43;41;123;161;18;104;125;58;176;190;100;204;3;108;78;106;253;93;22;191;239;210;64;154;55,192;174;236;194;162;23;175;235;256;103;166;128;97;16;206;28;198;186;254;216;234;65;237;247;182;223;232;222;126;157;15;25;255;195;6;193;117;261;82;98;159;245;263;207;217;179;20;251;14;105;202;70;214;87;99;101;172;165;69;68;249;89;24;91;252;92;127;200;7;250;196;10;59;173;228;167,62;19;80;264;122;177;205;63;259;153;203;46;81;209;199;8;181;40;150;26,commit,-0.002248356451078947,6dce6b4ff10e917a5c1d0f8c0f8ebe747527180b6449eeb91d958c04fa708600,1,1,1,1,1,1,1,1,1,1,1,3,3,1,1,9,2,1,cycle-0007;cycle-0010;cycle-0014;cycle-0020;cycle-0024;cycle-0059;cycle-0068;cycle-0069;cycle-0070;cycle-0082;cycle-0087;cycle-0089;cycle-0091;cycle-0092;cycle-0098;cycle-0099;cycle-0101;cycle-0105;cycle-0127;cycle-0159;cycle-0165;cycle-0167;cycle-0172;cycle-0173;cycle-0179;cycle-0196;cycle-0200;cycle-0202;cycle-0207;cycle-0214;cycle-0217;cycle-0228;cycle-0245;cycle-0249;cycle-0250;cycle-0251;cycle-0252;cycle-0263,1,2025.980302,4116.852943
10,random,FLTrust,sign_flip,0,0,0,6,6,0,0.03429827188178947,0.0155880241318,0.024734116816802633,0,0,0.011681294474866667,884,90,0,0,0,0,0,0,0,0,0,0.5041001388406803,0.5170296771954183,0.5041001388406803,-0.01292953835473798,0.0155880241318,114;21;66;32;44;31;111;224;113;27;230;124;4;163;49;219;85;197;115;170;169;102;47;29;185;258;76;48;30;171,184;183;37;75;189;43;41;123;161;18;104;125;58;176;190;100;204;3;108;78;106;253;93;22;191;239;210;64;154;55,192;174;236;194;162;23;175;235;256;103;166;128;97;16;206;28;198;186;254;216;234;65;237;247;182;223;232;222;126;157;15;25;255;195;6;193;117;261;82;98;159;245;263;207;217;179;20;251;14;105;202;70;214;87;99;101;172;165;69;68;249;89;24;91;252;92;127;200;7;250;196;10;59;173;228;167,62;19;80;264;122;177;205;63;259;153;203;46;81;209;199;8;181;40;150;26,reject,0.03429827188178947,c6a5396470acba7f08435f061d0ad388fab82a7645165b84c16ba3a4431dfdfd,1,1,1,0,0,1,1,1,1,1,1,3,3,1,1,9,2,0,cycle-0006;cycle-0015;cycle-0016;cycle-0023;cycle-0025;cycle-0028;cycle-0065;cycle-0097;cycle-0103;cycle-0117;cycle-0126;cycle-0128;cycle-0157;cycle-0162;cycle-0166;cycle-0174;cycle-0175;cycle-0182;cycle-0186;cycle-0192;cycle-0193;cycle-0194;cycle-0195;cycle-0198;cycle-0206;cycle-0216;cycle-0222;cycle-0223;cycle-0232;cycle-0234;cycle-0235;cycle-0236;cycle-0237;cycle-0247;cycle-0254;cycle-0255;cycle-0256;cycle-0261,1,2202.354705,4375.729699
10,random,FedVal,sign_flip,0,0,0,6,6,1,-0.0019410225950263157,0.0009770201562,-0.0006783368379605264,0,0,0.0017334668183666667,884,90,0,0,0,0,0,0,0,0,0,0.5041001388406803,0.4975702880944117,0.4975702880944117,0.0,0.0,114;21;66;32;44;31;111;224;113;27;230;124;4;163;49;219;85;197;115;170;169;102;47;29;185;258;76;48;30;171,184;183;37;75;189;43;41;123;161;18;104;125;58;176;190;100;204;3;108;78;106;253;93;22;191;239;210;64;154;55,192;174;236;194;162;23;175;235;256;103;166;128;97;16;206;28;198;186;254;216;234;65;237;247;182;223;232;222;126;157;15;25;255;195;6;193;117;261;82;98;159;245;263;207;217;179;20;251;14;105;202;70;214;87;99;101;172;165;69;68;249;89;24;91;252;92;127;200;7;250;196;10;59;173;228;167,62;19;80;264;122;177;205;63;259;153;203;46;81;209;199;8;181;40;150;26,commit,-0.0019410225950263157,90775c5bfc8a9a8da6c484173376f4b441c78af8cc1d492158d87bc601a91906,1,1,1,1,1,1,1,1,1,1,1,3,3,1,1,9,2,0,cycle-0006;cycle-0015;cycle-0016;cycle-0023;cycle-0025;cycle-0028;cycle-0065;cycle-0097;cycle-0103;cycle-0117;cycle-0126;cycle-0128;cycle-0157;cycle-0162;cycle-0166;cycle-0174;cycle-0175;cycle-0182;cycle-0186;cycle-0192;cycle-0193;cycle-0194;cycle-0195;cycle-0198;cycle-0206;cycle-0216;cycle-0222;cycle-0223;cycle-0232;cycle-0234;cycle-0235;cycle-0236;cycle-0237;cycle-0247;cycle-0254;cycle-0255;cycle-0256;cycle-0261,1,2235.907242,4390.49457
10,random,FLShield,sign_flip,0,0,0,6,6,0,0.0007364391517368421,0.0007809155376,0.0036556347341842104,0,0,-0.0004759190407666667,884,90,1,0,0,0,0,0,0,0,0,0.5041001388406803,0.5003687955570982,0.5041001388406803,0.003731343283582045,0.0007809155376,114;21;66;32;44;31;111;224;113;27;230;124;4;163;49;219;85;197;115;170;169;102;47;29;185;258;76;48;30;171,184;183;37;75;189;43;41;123;161;18;104;125;58;176;190;100;204;3;108;78;106;253;93;22;191;239;210;64;154;55,192;174;236;194;162;23;175;235;256;103;166;128;97;16;206;28;198;186;254;216;234;65;237;247;182;223;232;222;126;157;15;25;255;195;6;193;117;261;82;98;159;245;263;207;217;179;20;251;14;105;202;70;214;87;99;101;172;165;69;68;249;89;24;91;252;92;127;200;7;250;196;10;59;173;228;167,62;19;80;264;122;177;205;63;259;153;203;46;81;209;199;8;181;40;150;26,reject,0.0007364391517368421,785445c24e682fa2e78ad05cd58e86d936ad92420a0c205bf98c96ab0459caff,1,1,1,0,0,1,1,1,1,1,1,3,3,1,1,9,2,1,cycle-0007;cycle-0010;cycle-0014;cycle-0020;cycle-0024;cycle-0059;cycle-0068;cycle-0069;cycle-0070;cycle-0082;cycle-0087;cycle-0089;cycle-0091;cycle-0092;cycle-0098;cycle-0099;cycle-0101;cycle-0105;cycle-0127;cycle-0159;cycle-0165;cycle-0167;cycle-0172;cycle-0173;cycle-0179;cycle-0196;cycle-0200;cycle-0202;cycle-0207;cycle-0214;cycle-0217;cycle-0228;cycle-0245;cycle-0249;cycle-0250;cycle-0251;cycle-0252;cycle-0263,1,1968.150146,4047.591911
10,random,FoundationFL,sign_flip,0,0,0,6,6,1,-0.010253762491421053,-0.00672950409765,-0.008605954852460527,0,0,-0.006192933603733334,884,90,1,0,0,0,0,0,0,1,0,0.5041001388406803,0.49433790350572715,0.49433790350572715,0.0,0.0,114;21;66;32;44;31;111;224;113;27;230;124;4;163;49;219;85;197;115;170;169;102;47;29;185;258;76;48;30;171,184;183;37;75;189;43;41;123;161;18;104;125;58;176;190;100;204;3;108;78;106;253;93;22;191;239;210;64;154;55,192;174;236;194;162;23;175;235;256;103;166;128;97;16;206;28;198;186;254;216;234;65;237;247;182;223;232;222;126;157;15;25;255;195;6;193;117;261;82;98;159;245;263;207;217;179;20;251;14;105;202;70;214;87;99;101;172;165;69;68;249;89;24;91;252;92;127;200;7;250;196;10;59;173;228;167,62;19;80;264;122;177;205;63;259;153;203;46;81;209;199;8;181;40;150;26,commit,-0.010253762491421053,162e72844c34f54616ca35df6d86a4644775467ed8a5a2a2af25e6b559ee0726,1,1,1,1,1,1,1,1,1,1,1,3,3,1,1,9,2,0,cycle-0006;cycle-0015;cycle-0016;cycle-0023;cycle-0025;cycle-0028;cycle-0065;cycle-0097;cycle-0103;cycle-0117;cycle-0126;cycle-0128;cycle-0157;cycle-0162;cycle-0166;cycle-0174;cycle-0175;cycle-0182;cycle-0186;cycle-0192;cycle-0193;cycle-0194;cycle-0195;cycle-0198;cycle-0206;cycle-0216;cycle-0222;cycle-0223;cycle-0232;cycle-0234;cycle-0235;cycle-0236;cycle-0237;cycle-0247;cycle-0254;cycle-0255;cycle-0256;cycle-0261,1,2151.114581,4254.297435
10,random,FedAvg,model_replacement,0,0,0,6,6,0,0.2711552396555263,0.2790373365727,0.2498943676891184,0,0,0.2955704222132667,884,90,0,0,0,1,0,0,0,0,0,0.5041001388406803,0.4699106213120445,0.5041001388406803,0.034189517528635804,0.2790373365727,114;21;66;32;44;31;111;224;113;27;230;124;4;163;49;219;85;197;115;170;169;102;47;29;185;258;76;48;30;171,184;183;37;75;189;43;41;123;161;18;104;125;58;176;190;100;204;3;108;78;106;253;93;22;191;239;210;64;154;55,192;174;236;194;162;23;175;235;256;103;166;128;97;16;206;28;198;186;254;216;234;65;237;247;182;223;232;222;126;157;15;25;255;195;6;193;117;261;82;98;159;245;263;207;217;179;20;251;14;105;202;70;214;87;99;101;172;165;69;68;249;89;24;91;252;92;127;200;7;250;196;10;59;173;228;167,62;19;80;264;122;177;205;63;259;153;203;46;81;209;199;8;181;40;150;26,reject,0.2711552396555263,df6d1c15115277aabe0a54a2da9315e84714eb145d0ae12b295443a799516e3e,1,1,1,0,0,1,1,1,1,1,1,3,3,1,1,9,2,1,cycle-0007;cycle-0010;cycle-0014;cycle-0020;cycle-0024;cycle-0059;cycle-0068;cycle-0069;cycle-0070;cycle-0082;cycle-0087;cycle-0089;cycle-0091;cycle-0092;cycle-0098;cycle-0099;cycle-0101;cycle-0105;cycle-0127;cycle-0159;cycle-0165;cycle-0167;cycle-0172;cycle-0173;cycle-0179;cycle-0196;cycle-0200;cycle-0202;cycle-0207;cycle-0214;cycle-0217;cycle-0228;cycle-0245;cycle-0249;cycle-0250;cycle-0251;cycle-0252;cycle-0263,1,1989.975479,4042.972074
10,random,CoordinateMedian,model_replacement,0,0,0,6,6,1,-0.008753747462447368,-0.0098458823916,-0.009161042973973684,0,0,-0.0109335486471,884,90,1,0,0,0,0,0,0,1,0,0.5041001388406803,0.49297119055883376,0.49297119055883376,0.0,0.0,114;21;66;32;44;31;111;224;113;27;230;124;4;163;49;219;85;197;115;170;169;102;47;29;185;258;76;48;30;171,184;183;37;75;189;43;41;123;161;18;104;125;58;176;190;100;204;3;108;78;106;253;93;22;191;239;210;64;154;55,192;174;236;194;162;23;175;235;256;103;166;128;97;16;206;28;198;186;254;216;234;65;237;247;182;223;232;222;126;157;15;25;255;195;6;193;117;261;82;98;159;245;263;207;217;179;20;251;14;105;202;70;214;87;99;101;172;165;69;68;249;89;24;91;252;92;127;200;7;250;196;10;59;173;228;167,62;19;80;264;122;177;205;63;259;153;203;46;81;209;199;8;181;40;150;26,commit,-0.008753747462447368,26fe376fdce6bf93f530bf7c3314dd7e00e718d9a07a4952fcc57c0169cb3aee,1,1,1,1,1,1,1,1,1,1,1,3,3,1,1,9,2,0,cycle-0006;cycle-0015;cycle-0016;cycle-0023;cycle-0025;cycle-0028;cycle-0065;cycle-0097;cycle-0103;cycle-0117;cycle-0126;cycle-0128;cycle-0157;cycle-0162;cycle-0166;cycle-0174;cycle-0175;cycle-0182;cycle-0186;cycle-0192;cycle-0193;cycle-0194;cycle-0195;cycle-0198;cycle-0206;cycle-0216;cycle-0222;cycle-0223;cycle-0232;cycle-0234;cycle-0235;cycle-0236;cycle-0237;cycle-0247;cycle-0254;cycle-0255;cycle-0256;cycle-0261,1,2184.674772,4278.037734
10,random,Krum,model_replacement,0,0,0,6,6,0,0.01105045365363158,-0.00193699431605,0.0044010486012763155,0,0,-0.005737538656566667,884,90,1,0,0,0,0,0,0,1,1,0.5041001388406803,0.517094758764318,0.5041001388406803,-0.012994619923637707,-0.00193699431605,114;21;66;32;44;31;111;224;113;27;230;124;4;163;49;219;85;197;115;170;169;102;47;29;185;258;76;48;30;171,184;183;37;75;189;43;41;123;161;18;104;125;58;176;190;100;204;3;108;78;106;253;93;22;191;239;210;64;154;55,192;174;236;194;162;23;175;235;256;103;166;128;97;16;206;28;198;186;254;216;234;65;237;247;182;223;232;222;126;157;15;25;255;195;6;193;117;261;82;98;159;245;263;207;217;179;20;251;14;105;202;70;214;87;99;101;172;165;69;68;249;89;24;91;252;92;127;200;7;250;196;10;59;173;228;167,62;19;80;264;122;177;205;63;259;153;203;46;81;209;199;8;181;40;150;26,reject,0.01105045365363158,7958cdf51ced6b1b1e65e530d3b4e4a8b512fb7ea346467c38a9a592defd5ed3,1,1,1,0,0,1,1,1,1,1,1,3,3,1,1,9,2,0,cycle-0006;cycle-0015;cycle-0016;cycle-0023;cycle-0025;cycle-0028;cycle-0065;cycle-0097;cycle-0103;cycle-0117;cycle-0126;cycle-0128;cycle-0157;cycle-0162;cycle-0166;cycle-0174;cycle-0175;cycle-0182;cycle-0186;cycle-0192;cycle-0193;cycle-0194;cycle-0195;cycle-0198;cycle-0206;cycle-0216;cycle-0222;cycle-0223;cycle-0232;cycle-0234;cycle-0235;cycle-0236;cycle-0237;cycle-0247;cycle-0254;cycle-0255;cycle-0256;cycle-0261,1,2188.839089,4278.099773
10,random,FLTrust,model_replacement,0,0,0,6,6,0,0.010226180772447368,0.0098731921989,0.016603084326157896,0,0,0.007445675288733333,884,90,0,0,0,0,0,0,0,0,0,0.5041001388406803,0.5310222145088511,0.5041001388406803,-0.026922075668170842,0.0098731921989,114;21;66;32;44;31;111;224;113;27;230;124;4;163;49;219;85;197;115;170;169;102;47;29;185;258;76;48;30;171,184;183;37;75;189;43;41;123;161;18;104;125;58;176;190;100;204;3;108;78;106;253;93;22;191;239;210;64;154;55,192;174;236;194;162;23;175;235;256;103;166;128;97;16;206;28;198;186;254;216;234;65;237;247;182;223;232;222;126;157;15;25;255;195;6;193;117;261;82;98;159;245;263;207;217;179;20;251;14;105;202;70;214;87;99;101;172;165;69;68;249;89;24;91;252;92;127;200;7;250;196;10;59;173;228;167,62;19;80;264;122;177;205;63;259;153;203;46;81;209;199;8;181;40;150;26,reject,0.010226180772447368,fddc1aa697cea758d25dfc5579cba9dccf4cddf26a4071ec2186b4a3a7357ebe,1,1,1,0,0,1,1,1,1,1,1,3,3,1,1,9,2,1,cycle-0007;cycle-0010;cycle-0014;cycle-0020;cycle-0024;cycle-0059;cycle-0068;cycle-0069;cycle-0070;cycle-0082;cycle-0087;cycle-0089;cycle-0091;cycle-0092;cycle-0098;cycle-0099;cycle-0101;cycle-0105;cycle-0127;cycle-0159;cycle-0165;cycle-0167;cycle-0172;cycle-0173;cycle-0179;cycle-0196;cycle-0200;cycle-0202;cycle-0207;cycle-0214;cycle-0217;cycle-0228;cycle-0245;cycle-0249;cycle-0250;cycle-0251;cycle-0252;cycle-0263,1,2008.371241,3960.880963
10,random,FedVal,model_replacement,0,0,0,6,6,0,0.036536258571578946,0.0471922166832,0.042058472941921055,0,0,0.0524492073248,884,90,0,0,0,0,0,0,0,0,0,0.5041001388406803,0.47761194029850745,0.5041001388406803,0.026488198542172825,0.0471922166832,114;21;66;32;44;31;111;224;113;27;230;124;4;163;49;219;85;197;115;170;169;102;47;29;185;258;76;48;30;171,184;183;37;75;189;43;41;123;161;18;104;125;58;176;190;100;204;3;108;78;106;253;93;22;191;239;210;64;154;55,192;174;236;194;162;23;175;235;256;103;166;128;97;16;206;28;198;186;254;216;234;65;237;247;182;223;232;222;126;157;15;25;255;195;6;193;117;261;82;98;159;245;263;207;217;179;20;251;14;105;202;70;214;87;99;101;172;165;69;68;249;89;24;91;252;92;127;200;7;250;196;10;59;173;228;167,62;19;80;264;122;177;205;63;259;153;203;46;81;209;199;8;181;40;150;26,reject,0.036536258571578946,c512a19312b948b3ac0e5460c2a9c188b2dd9a66895c265459d4c85f8d504de1,1,1,1,0,0,1,1,1,1,1,1,3,3,1,1,9,2,0,cycle-0006;cycle-0015;cycle-0016;cycle-0023;cycle-0025;cycle-0028;cycle-0065;cycle-0097;cycle-0103;cycle-0117;cycle-0126;cycle-0128;cycle-0157;cycle-0162;cycle-0166;cycle-0174;cycle-0175;cycle-0182;cycle-0186;cycle-0192;cycle-0193;cycle-0194;cycle-0195;cycle-0198;cycle-0206;cycle-0216;cycle-0222;cycle-0223;cycle-0232;cycle-0234;cycle-0235;cycle-0236;cycle-0237;cycle-0247;cycle-0254;cycle-0255;cycle-0256;cycle-0261,1,2131.096005,4215.705432
10,random,FLShield,model_replacement,0,0,0,6,6,1,-0.0012754086924473683,-0.0040253893486,-0.002646693697118421,0,0,-0.005064527569,884,90,1,0,0,0,0,0,0,1,0,0.5041001388406803,0.5041001388406803,0.5041001388406803,0.0,0.0,114;21;66;32;44;31;111;224;113;27;230;124;4;163;49;219;85;197;115;170;169;102;47;29;185;258;76;48;30;171,184;183;37;75;189;43;41;123;161;18;104;125;58;176;190;100;204;3;108;78;106;253;93;22;191;239;210;64;154;55,192;174;236;194;162;23;175;235;256;103;166;128;97;16;206;28;198;186;254;216;234;65;237;247;182;223;232;222;126;157;15;25;255;195;6;193;117;261;82;98;159;245;263;207;217;179;20;251;14;105;202;70;214;87;99;101;172;165;69;68;249;89;24;91;252;92;127;200;7;250;196;10;59;173;228;167,62;19;80;264;122;177;205;63;259;153;203;46;81;209;199;8;181;40;150;26,commit,-0.0012754086924473683,c9bee3dcc69fcc9acc744f65b70620c5ad7910b37e702d51997442d0f87bd020,1,1,1,1,1,1,1,1,1,1,1,3,3,1,1,9,2,0,cycle-0006;cycle-0015;cycle-0016;cycle-0023;cycle-0025;cycle-0028;cycle-0065;cycle-0097;cycle-0103;cycle-0117;cycle-0126;cycle-0128;cycle-0157;cycle-0162;cycle-0166;cycle-0174;cycle-0175;cycle-0182;cycle-0186;cycle-0192;cycle-0193;cycle-0194;cycle-0195;cycle-0198;cycle-0206;cycle-0216;cycle-0222;cycle-0223;cycle-0232;cycle-0234;cycle-0235;cycle-0236;cycle-0237;cycle-0247;cycle-0254;cycle-0255;cycle-0256;cycle-0261,1,2139.353851,4295.068828
10,random,FoundationFL,model_replacement,0,0,0,6,6,0,0.5089411339133421,0.5120372014311,0.45566727611046054,1,0,0.5548784521725,884,90,0,0,0,1,1,0,0,0,0,0.5041001388406803,0.46897778549114894,0.5041001388406803,0.03512235334953134,0.5120372014311,114;21;66;32;44;31;111;224;113;27;230;124;4;163;49;219;85;197;115;170;169;102;47;29;185;258;76;48;30;171,184;183;37;75;189;43;41;123;161;18;104;125;58;176;190;100;204;3;108;78;106;253;93;22;191;239;210;64;154;55,192;174;236;194;162;23;175;235;256;103;166;128;97;16;206;28;198;186;254;216;234;65;237;247;182;223;232;222;126;157;15;25;255;195;6;193;117;261;82;98;159;245;263;207;217;179;20;251;14;105;202;70;214;87;99;101;172;165;69;68;249;89;24;91;252;92;127;200;7;250;196;10;59;173;228;167,62;19;80;264;122;177;205;63;259;153;203;46;81;209;199;8;181;40;150;26,reject,0.5089411339133421,f053b7085e81a26deff75d084a34cb4de7cf2849e266df992b8ccd7c52612f7d,1,1,1,0,0,1,1,1,1,1,1,3,3,1,1,9,2,1,cycle-0007;cycle-0010;cycle-0014;cycle-0020;cycle-0024;cycle-0059;cycle-0068;cycle-0069;cycle-0070;cycle-0082;cycle-0087;cycle-0089;cycle-0091;cycle-0092;cycle-0098;cycle-0099;cycle-0101;cycle-0105;cycle-0127;cycle-0159;cycle-0165;cycle-0167;cycle-0172;cycle-0173;cycle-0179;cycle-0196;cycle-0200;cycle-0202;cycle-0207;cycle-0214;cycle-0217;cycle-0228;cycle-0245;cycle-0249;cycle-0250;cycle-0251;cycle-0252;cycle-0263,1,1982.542358,3994.137662
10,random,FedAvg,score_aware,64,49,0,6,6,1,-3.0985816578947367e-06,-2.685876e-07,2.4197734539473685e-05,0,0,-9.518674466666666e-06,884,90,1,0,0,0,0,0,0,1,0,0.5041001388406803,0.5041001388406803,0.5041001388406803,0.0,0.0,114;21;66;32;44;31;111;224;113;27;230;124;4;163;49;219;85;197;115;170;169;102;47;29;185;258;76;48;30;171,184;183;37;75;189;43;41;123;161;18;104;125;58;176;190;100;204;3;108;78;106;253;93;22;191;239;210;64;154;55,192;174;236;194;162;23;175;235;256;103;166;128;97;16;206;28;198;186;254;216;234;65;237;247;182;223;232;222;126;157;15;25;255;195;6;193;117;261;82;98;159;245;263;207;217;179;20;251;14;105;202;70;214;87;99;101;172;165;69;68;249;89;24;91;252;92;127;200;7;250;196;10;59;173;228;167,62;19;80;264;122;177;205;63;259;153;203;46;81;209;199;8;181;40;150;26,commit,-3.0985816578947367e-06,9b68a6ce19d40fb04aa232490bca8fa42bfcd331e99df0bd789e9cf31b997098,1,1,1,1,1,1,1,1,1,1,1,3,3,1,1,9,2,1,cycle-0007;cycle-0010;cycle-0014;cycle-0020;cycle-0024;cycle-0059;cycle-0068;cycle-0069;cycle-0070;cycle-0082;cycle-0087;cycle-0089;cycle-0091;cycle-0092;cycle-0098;cycle-0099;cycle-0101;cycle-0105;cycle-0127;cycle-0159;cycle-0165;cycle-0167;cycle-0172;cycle-0173;cycle-0179;cycle-0196;cycle-0200;cycle-0202;cycle-0207;cycle-0214;cycle-0217;cycle-0228;cycle-0245;cycle-0249;cycle-0250;cycle-0251;cycle-0252;cycle-0263,1,2046.00525,4009.34804
10,random,FLTrust,score_aware,64,64,0,6,6,0,0.009117772275315789,0.00940874648165,0.017559404245618422,0,0,0.0051559517435,884,90,0,0,0,0,0,0,0,0,0,0.5041001388406803,0.525425199583478,0.5041001388406803,-0.02132506074279772,0.00940874648165,114;21;66;32;44;31;111;224;113;27;230;124;4;163;49;219;85;197;115;170;169;102;47;29;185;258;76;48;30;171,184;183;37;75;189;43;41;123;161;18;104;125;58;176;190;100;204;3;108;78;106;253;93;22;191;239;210;64;154;55,192;174;236;194;162;23;175;235;256;103;166;128;97;16;206;28;198;186;254;216;234;65;237;247;182;223;232;222;126;157;15;25;255;195;6;193;117;261;82;98;159;245;263;207;217;179;20;251;14;105;202;70;214;87;99;101;172;165;69;68;249;89;24;91;252;92;127;200;7;250;196;10;59;173;228;167,62;19;80;264;122;177;205;63;259;153;203;46;81;209;199;8;181;40;150;26,reject,0.009117772275315789,e29136d463b1b42de78366690931082f4ff55050543038711963fa41eaa02a42,1,1,1,0,0,1,1,1,1,1,1,3,3,1,1,9,2,1,cycle-0007;cycle-0010;cycle-0014;cycle-0020;cycle-0024;cycle-0059;cycle-0068;cycle-0069;cycle-0070;cycle-0082;cycle-0087;cycle-0089;cycle-0091;cycle-0092;cycle-0098;cycle-0099;cycle-0101;cycle-0105;cycle-0127;cycle-0159;cycle-0165;cycle-0167;cycle-0172;cycle-0173;cycle-0179;cycle-0196;cycle-0200;cycle-0202;cycle-0207;cycle-0214;cycle-0217;cycle-0228;cycle-0245;cycle-0249;cycle-0250;cycle-0251;cycle-0252;cycle-0263,1,2019.828658,3975.332111
10,random,FoundationFL,score_aware,64,24,1,6,6,1,-0.005730138694868421,-0.0060866095569,-0.0022614041464473684,0,0,-0.0084936512377,884,90,1,0,0,0,0,0,0,1,0,0.5041001388406803,0.5087643179451579,0.5087643179451579,0.0,0.0,114;21;66;32;44;31;111;224;113;27;230;124;4;163;49;219;85;197;115;170;169;102;47;29;185;258;76;48;30;171,184;183;37;75;189;43;41;123;161;18;104;125;58;176;190;100;204;3;108;78;106;253;93;22;191;239;210;64;154;55,192;174;236;194;162;23;175;235;256;103;166;128;97;16;206;28;198;186;254;216;234;65;237;247;182;223;232;222;126;157;15;25;255;195;6;193;117;261;82;98;159;245;263;207;217;179;20;251;14;105;202;70;214;87;99;101;172;165;69;68;249;89;24;91;252;92;127;200;7;250;196;10;59;173;228;167,62;19;80;264;122;177;205;63;259;153;203;46;81;209;199;8;181;40;150;26,commit,-0.005730138694868421,127f90370aa375eac596b20dd4801b35d6c83799f3f57e36de0765ead4028e3e,1,1,1,1,1,1,1,1,1,1,1,3,3,1,1,9,2,1,cycle-0007;cycle-0010;cycle-0014;cycle-0020;cycle-0024;cycle-0059;cycle-0068;cycle-0069;cycle-0070;cycle-0082;cycle-0087;cycle-0089;cycle-0091;cycle-0092;cycle-0098;cycle-0099;cycle-0101;cycle-0105;cycle-0127;cycle-0159;cycle-0165;cycle-0167;cycle-0172;cycle-0173;cycle-0179;cycle-0196;cycle-0200;cycle-0202;cycle-0207;cycle-0214;cycle-0217;cycle-0228;cycle-0245;cycle-0249;cycle-0250;cycle-0251;cycle-0252;cycle-0263,1,2040.09619,4010.208765
11,random,FedAvg,none,0,0,0,6,0,1,-0.004498074178973684,-0.00414367937445,-0.004424031074802631,0,0,-0.004680182824766667,950,142,1,0,0,0,0,0,0,1,0,0.5091287030845714,0.48713550600343053,0.48713550600343053,0.0,0.0,197;62;22;158;60;64;12;27;154;57;151;165;264;47;111;260;245;176;88;5;82;87;31;153;225;86;78;69;41;24,170;161;221;98;162;191;67;152;185;209;250;105;168;53;4;252;119;110;200;167;70;122;231;192;150;45;96;66;55;228,7;127;38;243;37;23;233;75;14;71;68;128;117;77;255;182;11;125;180;219;39;93;249;196;202;174;177;246;103;8;186;123;238;183;234;6;109;206;247;100;157;33;30;163;242;237;241;120;256;217;240;34;156;17;20;89;188;190;73;113;76;216;9;179;2;44;21;56;166;212;224;92;83;229;15;126,164;106;236;173;207;29;107;193;160;159;97;118;169;40;239;43;59;42;210;36,commit,-0.004498074178973684,67f2135e02317befdcb2ca250ed2454c020ff4d1b8e2f53ba29850a518d94cc3,1,2,2,1,1,1,1,1,1,1,1,3,3,1,1,9,2,1,cycle-0002;cycle-0009;cycle-0015;cycle-0017;cycle-0020;cycle-0021;cycle-0030;cycle-0033;cycle-0034;cycle-0044;cycle-0056;cycle-0073;cycle-0076;cycle-0083;cycle-0089;cycle-0092;cycle-0100;cycle-0113;cycle-0120;cycle-0126;cycle-0156;cycle-0157;cycle-0163;cycle-0166;cycle-0179;cycle-0188;cycle-0190;cycle-0212;cycle-0216;cycle-0217;cycle-0224;cycle-0229;cycle-0237;cycle-0240;cycle-0241;cycle-0242;cycle-0247;cycle-0256,1,2247.164321,5262.613768
11,random,CoordinateMedian,none,0,0,0,6,0,1,-0.012720904865921052,-0.01260077976515,-0.0126309977625,0,0,-0.0151359010138,950,142,1,0,0,0,0,0,0,1,0,0.5091287030845714,0.4914236706689537,0.4914236706689537,0.0,0.0,197;62;22;158;60;64;12;27;154;57;151;165;264;47;111;260;245;176;88;5;82;87;31;153;225;86;78;69;41;24,170;161;221;98;162;191;67;152;185;209;250;105;168;53;4;252;119;110;200;167;70;122;231;192;150;45;96;66;55;228,7;127;38;243;37;23;233;75;14;71;68;128;117;77;255;182;11;125;180;219;39;93;249;196;202;174;177;246;103;8;186;123;238;183;234;6;109;206;247;100;157;33;30;163;242;237;241;120;256;217;240;34;156;17;20;89;188;190;73;113;76;216;9;179;2;44;21;56;166;212;224;92;83;229;15;126,164;106;236;173;207;29;107;193;160;159;97;118;169;40;239;43;59;42;210;36,commit,-0.012720904865921052,a8a986e13d64aa77d88f244a730f263cca03d328b94bf30f6af7694cd8bc751a,1,1,1,1,1,1,1,1,1,1,1,3,3,1,1,9,2,0,cycle-0006;cycle-0007;cycle-0008;cycle-0011;cycle-0014;cycle-0023;cycle-0037;cycle-0038;cycle-0039;cycle-0068;cycle-0071;cycle-0075;cycle-0077;cycle-0093;cycle-0103;cycle-0109;cycle-0117;cycle-0123;cycle-0125;cycle-0127;cycle-0128;cycle-0174;cycle-0177;cycle-0180;cycle-0182;cycle-0183;cycle-0186;cycle-0196;cycle-0202;cycle-0206;cycle-0219;cycle-0233;cycle-0234;cycle-0238;cycle-0243;cycle-0246;cycle-0249;cycle-0255,1,2147.5416,4225.862301
11,random,Krum,none,0,0,0,6,0,1,-0.0019237679078947369,-0.00156927963875,-0.002317661589236842,0,0,-0.000909685215,950,142,1,0,0,0,0,0,0,1,0,0.5091287030845714,0.5302642672326074,0.5302642672326074,0.0,0.0,197;62;22;158;60;64;12;27;154;57;151;165;264;47;111;260;245;176;88;5;82;87;31;153;225;86;78;69;41;24,170;161;221;98;162;191;67;152;185;209;250;105;168;53;4;252;119;110;200;167;70;122;231;192;150;45;96;66;55;228,7;127;38;243;37;23;233;75;14;71;68;128;117;77;255;182;11;125;180;219;39;93;249;196;202;174;177;246;103;8;186;123;238;183;234;6;109;206;247;100;157;33;30;163;242;237;241;120;256;217;240;34;156;17;20;89;188;190;73;113;76;216;9;179;2;44;21;56;166;212;224;92;83;229;15;126,164;106;236;173;207;29;107;193;160;159;97;118;169;40;239;43;59;42;210;36,commit,-0.0019237679078947369,0dd4946542e2cbcd3cfff0b5e55a085a5cff522a2e2224b9b6810bd156aaa073,1,1,1,1,1,1,1,1,1,1,1,3,3,1,1,9,2,0,cycle-0006;cycle-0007;cycle-0008;cycle-0011;cycle-0014;cycle-0023;cycle-0037;cycle-0038;cycle-0039;cycle-0068;cycle-0071;cycle-0075;cycle-0077;cycle-0093;cycle-0103;cycle-0109;cycle-0117;cycle-0123;cycle-0125;cycle-0127;cycle-0128;cycle-0174;cycle-0177;cycle-0180;cycle-0182;cycle-0183;cycle-0186;cycle-0196;cycle-0202;cycle-0206;cycle-0219;cycle-0233;cycle-0234;cycle-0238;cycle-0243;cycle-0246;cycle-0249;cycle-0255,1,2153.771816,4301.241225
11,random,FLTrust,none,0,0,0,6,0,0,0.015023638347105264,0.01654586444605,0.016102532157671053,0,0,0.020218235024066666,950,142,0,0,0,0,0,0,0,0,0,0.5091287030845714,0.5901386748844376,0.5091287030845714,-0.08100997179986624,0.01654586444605,197;62;22;158;60;64;12;27;154;57;151;165;264;47;111;260;245;176;88;5;82;87;31;153;225;86;78;69;41;24,170;161;221;98;162;191;67;152;185;209;250;105;168;53;4;252;119;110;200;167;70;122;231;192;150;45;96;66;55;228,7;127;38;243;37;23;233;75;14;71;68;128;117;77;255;182;11;125;180;219;39;93;249;196;202;174;177;246;103;8;186;123;238;183;234;6;109;206;247;100;157;33;30;163;242;237;241;120;256;217;240;34;156;17;20;89;188;190;73;113;76;216;9;179;2;44;21;56;166;212;224;92;83;229;15;126,164;106;236;173;207;29;107;193;160;159;97;118;169;40;239;43;59;42;210;36,reject,0.015023638347105264,1b498524b7b921cb4dcff7aecaab337981716058090d75775fe2f980929be7ec,1,1,1,0,0,1,1,1,1,1,1,3,3,1,1,9,2,1,cycle-0002;cycle-0009;cycle-0015;cycle-0017;cycle-0020;cycle-0021;cycle-0030;cycle-0033;cycle-0034;cycle-0044;cycle-0056;cycle-0073;cycle-0076;cycle-0083;cycle-0089;cycle-0092;cycle-0100;cycle-0113;cycle-0120;cycle-0126;cycle-0156;cycle-0157;cycle-0163;cycle-0166;cycle-0179;cycle-0188;cycle-0190;cycle-0212;cycle-0216;cycle-0217;cycle-0224;cycle-0229;cycle-0237;cycle-0240;cycle-0241;cycle-0242;cycle-0247;cycle-0256,1,2212.764731,4297.21605
11,random,FedVal,none,0,0,0,6,0,1,-0.003760798425368421,-0.00353616463295,-0.0038504762177105265,0,0,-0.0039094771047666664,950,142,1,0,0,0,0,0,0,1,0,0.5091287030845714,0.4879931389365352,0.4879931389365352,0.0,0.0,197;62;22;158;60;64;12;27;154;57;151;165;264;47;111;260;245;176;88;5;82;87;31;153;225;86;78;69;41;24,170;161;221;98;162;191;67;152;185;209;250;105;168;53;4;252;119;110;200;167;70;122;231;192;150;45;96;66;55;228,7;127;38;243;37;23;233;75;14;71;68;128;117;77;255;182;11;125;180;219;39;93;249;196;202;174;177;246;103;8;186;123;238;183;234;6;109;206;247;100;157;33;30;163;242;237;241;120;256;217;240;34;156;17;20;89;188;190;73;113;76;216;9;179;2;44;21;56;166;212;224;92;83;229;15;126,164;106;236;173;207;29;107;193;160;159;97;118;169;40;239;43;59;42;210;36,commit,-0.003760798425368421,806aa0986878a867b56b681d683969fa11ea388d91d4320bcb04c9cf5ebe0a4a,1,1,1,1,1,1,1,1,1,1,1,3,3,1,1,9,2,0,cycle-0006;cycle-0007;cycle-0008;cycle-0011;cycle-0014;cycle-0023;cycle-0037;cycle-0038;cycle-0039;cycle-0068;cycle-0071;cycle-0075;cycle-0077;cycle-0093;cycle-0103;cycle-0109;cycle-0117;cycle-0123;cycle-0125;cycle-0127;cycle-0128;cycle-0174;cycle-0177;cycle-0180;cycle-0182;cycle-0183;cycle-0186;cycle-0196;cycle-0202;cycle-0206;cycle-0219;cycle-0233;cycle-0234;cycle-0238;cycle-0243;cycle-0246;cycle-0249;cycle-0255,1,2134.164865,4257.811704
11,random,FLShield,none,0,0,0,6,0,1,-0.0065565254638947365,-0.00936227217505,-0.006112054911368421,0,0,-0.014146562633366666,950,142,1,0,0,0,0,0,0,1,0,0.5091287030845714,0.4888507718696398,0.4888507718696398,0.0,0.0,197;62;22;158;60;64;12;27;154;57;151;165;264;47;111;260;245;176;88;5;82;87;31;153;225;86;78;69;41;24,170;161;221;98;162;191;67;152;185;209;250;105;168;53;4;252;119;110;200;167;70;122;231;192;150;45;96;66;55;228,7;127;38;243;37;23;233;75;14;71;68;128;117;77;255;182;11;125;180;219;39;93;249;196;202;174;177;246;103;8;186;123;238;183;234;6;109;206;247;100;157;33;30;163;242;237;241;120;256;217;240;34;156;17;20;89;188;190;73;113;76;216;9;179;2;44;21;56;166;212;224;92;83;229;15;126,164;106;236;173;207;29;107;193;160;159;97;118;169;40;239;43;59;42;210;36,commit,-0.0065565254638947365,17d7e43ae982dd19716fa9f34ab752ca17c467798bc3423553bd949c64350ac8,1,1,1,1,1,1,1,1,1,1,1,3,3,1,1,9,2,0,cycle-0006;cycle-0007;cycle-0008;cycle-0011;cycle-0014;cycle-0023;cycle-0037;cycle-0038;cycle-0039;cycle-0068;cycle-0071;cycle-0075;cycle-0077;cycle-0093;cycle-0103;cycle-0109;cycle-0117;cycle-0123;cycle-0125;cycle-0127;cycle-0128;cycle-0174;cycle-0177;cycle-0180;cycle-0182;cycle-0183;cycle-0186;cycle-0196;cycle-0202;cycle-0206;cycle-0219;cycle-0233;cycle-0234;cycle-0238;cycle-0243;cycle-0246;cycle-0249;cycle-0255,1,2105.942823,4273.261891
11,random,FoundationFL,none,0,0,0,6,0,1,-0.004565233709421052,-0.0039604046061,-0.004796746082815789,0,0,-0.0038218876375333334,950,142,1,0,0,0,0,0,0,1,0,0.5091287030845714,0.5023693926795941,0.5023693926795941,0.0,0.0,197;62;22;158;60;64;12;27;154;57;151;165;264;47;111;260;245;176;88;5;82;87;31;153;225;86;78;69;41;24,170;161;221;98;162;191;67;152;185;209;250;105;168;53;4;252;119;110;200;167;70;122;231;192;150;45;96;66;55;228,7;127;38;243;37;23;233;75;14;71;68;128;117;77;255;182;11;125;180;219;39;93;249;196;202;174;177;246;103;8;186;123;238;183;234;6;109;206;247;100;157;33;30;163;242;237;241;120;256;217;240;34;156;17;20;89;188;190;73;113;76;216;9;179;2;44;21;56;166;212;224;92;83;229;15;126,164;106;236;173;207;29;107;193;160;159;97;118;169;40;239;43;59;42;210;36,commit,-0.004565233709421052,9a2f31fbe166c673812204ef6fe228ca3d0023af1c32528d166c01a120cca848,1,1,1,1,1,1,1,1,1,1,1,3,3,1,1,9,2,0,cycle-0006;cycle-0007;cycle-0008;cycle-0011;cycle-0014;cycle-0023;cycle-0037;cycle-0038;cycle-0039;cycle-0068;cycle-0071;cycle-0075;cycle-0077;cycle-0093;cycle-0103;cycle-0109;cycle-0117;cycle-0123;cycle-0125;cycle-0127;cycle-0128;cycle-0174;cycle-0177;cycle-0180;cycle-0182;cycle-0183;cycle-0186;cycle-0196;cycle-0202;cycle-0206;cycle-0219;cycle-0233;cycle-0234;cycle-0238;cycle-0243;cycle-0246;cycle-0249;cycle-0255,1,2150.313334,4227.590007
11,random,FedAvg,sign_flip,0,0,0,6,6,0,0.00629218596,0.00212652305675,0.007035616580526316,0,0,-0.0023364114579,950,142,1,0,0,0,0,0,0,0,0,0.5091287030845714,0.4811320754716981,0.5091287030845714,0.02799662761287325,0.00212652305675,197;62;22;158;60;64;12;27;154;57;151;165;264;47;111;260;245;176;88;5;82;87;31;153;225;86;78;69;41;24,170;161;221;98;162;191;67;152;185;209;250;105;168;53;4;252;119;110;200;167;70;122;231;192;150;45;96;66;55;228,7;127;38;243;37;23;233;75;14;71;68;128;117;77;255;182;11;125;180;219;39;93;249;196;202;174;177;246;103;8;186;123;238;183;234;6;109;206;247;100;157;33;30;163;242;237;241;120;256;217;240;34;156;17;20;89;188;190;73;113;76;216;9;179;2;44;21;56;166;212;224;92;83;229;15;126,164;106;236;173;207;29;107;193;160;159;97;118;169;40;239;43;59;42;210;36,reject,0.00629218596,dc78834980a93c2715e9c886f286b635d05b546415fd0bcfac7888a5a9e118d4,1,1,1,0,0,1,1,1,1,1,1,3,3,1,1,9,2,0,cycle-0006;cycle-0007;cycle-0008;cycle-0011;cycle-0014;cycle-0023;cycle-0037;cycle-0038;cycle-0039;cycle-0068;cycle-0071;cycle-0075;cycle-0077;cycle-0093;cycle-0103;cycle-0109;cycle-0117;cycle-0123;cycle-0125;cycle-0127;cycle-0128;cycle-0174;cycle-0177;cycle-0180;cycle-0182;cycle-0183;cycle-0186;cycle-0196;cycle-0202;cycle-0206;cycle-0219;cycle-0233;cycle-0234;cycle-0238;cycle-0243;cycle-0246;cycle-0249;cycle-0255,1,2153.639159,4252.81679
11,random,CoordinateMedian,sign_flip,0,0,0,6,6,1,-0.008749807736342105,-0.0123252364521,-0.009143771139539474,0,0,-0.017714372708533332,950,142,1,0,0,0,0,0,0,1,0,0.5091287030845714,0.4897084048027444,0.4897084048027444,0.0,0.0,197;62;22;158;60;64;12;27;154;57;151;165;264;47;111;260;245;176;88;5;82;87;31;153;225;86;78;69;41;24,170;161;221;98;162;191;67;152;185;209;250;105;168;53;4;252;119;110;200;167;70;122;231;192;150;45;96;66;55;228,7;127;38;243;37;23;233;75;14;71;68;128;117;77;255;182;11;125;180;219;39;93;249;196;202;174;177;246;103;8;186;123;238;183;234;6;109;206;247;100;157;33;30;163;242;237;241;120;256;217;240;34;156;17;20;89;188;190;73;113;76;216;9;179;2;44;21;56;166;212;224;92;83;229;15;126,164;106;236;173;207;29;107;193;160;159;97;118;169;40;239;43;59;42;210;36,commit,-0.008749807736342105,7936c2e5f98035138ac7f185c12178d35686dccdb8c05235a2521a8e7a3d5314,1,1,1,1,1,1,1,1,1,1,1,3,3,1,1,9,2,1,cycle-0002;cycle-0009;cycle-0015;cycle-0017;cycle-0020;cycle-0021;cycle-0030;cycle-0033;cycle-0034;cycle-0044;cycle-0056;cycle-0073;cycle-0076;cycle-0083;cycle-0089;cycle-0092;cycle-0100;cycle-0113;cycle-0120;cycle-0126;cycle-0156;cycle-0157;cycle-0163;cycle-0166;cycle-0179;cycle-0188;cycle-0190;cycle-0212;cycle-0216;cycle-0217;cycle-0224;cycle-0229;cycle-0237;cycle-0240;cycle-0241;cycle-0242;cycle-0247;cycle-0256,1,2275.420699,4377.792013
11,random,Krum,sign_flip,0,0,0,6,6,1,-0.005878623637842105,-0.004534438299,-0.005658511469592105,0,0,-0.004332132474066667,950,142,1,0,0,0,0,0,0,1,0,0.5091287030845714,0.48456260720411665,0.48456260720411665,0.0,0.0,197;62;22;158;60;64;12;27;154;57;151;165;264;47;111;260;245;176;88;5;82;87;31;153;225;86;78;69;41;24,170;161;221;98;162;191;67;152;185;209;250;105;168;53;4;252;119;110;200;167;70;122;231;192;150;45;96;66;55;228,7;127;38;243;37;23;233;75;14;71;68;128;117;77;255;182;11;125;180;219;39;93;249;196;202;174;177;246;103;8;186;123;238;183;234;6;109;206;247;100;157;33;30;163;242;237;241;120;256;217;240;34;156;17;20;89;188;190;73;113;76;216;9;179;2;44;21;56;166;212;224;92;83;229;15;126,164;106;236;173;207;29;107;193;160;159;97;118;169;40;239;43;59;42;210;36,commit,-0.005878623637842105,7a416fc907cf2bbf9e012f4d0ecb8117e14306bdadefdb0a2cd1a29a9ac1fd56,1,1,1,1,1,1,1,1,1,1,1,3,3,1,1,9,2,1,cycle-0002;cycle-0009;cycle-0015;cycle-0017;cycle-0020;cycle-0021;cycle-0030;cycle-0033;cycle-0034;cycle-0044;cycle-0056;cycle-0073;cycle-0076;cycle-0083;cycle-0089;cycle-0092;cycle-0100;cycle-0113;cycle-0120;cycle-0126;cycle-0156;cycle-0157;cycle-0163;cycle-0166;cycle-0179;cycle-0188;cycle-0190;cycle-0212;cycle-0216;cycle-0217;cycle-0224;cycle-0229;cycle-0237;cycle-0240;cycle-0241;cycle-0242;cycle-0247;cycle-0256,1,2208.504026,4376.872499
11,random,FLTrust,sign_flip,0,0,0,6,6,0,0.020011655986973683,0.02131553953765,0.021025931530802632,0,0,0.025648584360366666,950,142,0,0,0,0,0,0,0,0,0,0.5091287030845714,0.5891792888914731,0.5091287030845714,-0.08005058580690172,0.02131553953765,197;62;22;158;60;64;12;27;154;57;151;165;264;47;111;260;245;176;88;5;82;87;31;153;225;86;78;69;41;24,170;161;221;98;162;191;67;152;185;209;250;105;168;53;4;252;119;110;200;167;70;122;231;192;150;45;96;66;55;228,7;127;38;243;37;23;233;75;14;71;68;128;117;77;255;182;11;125;180;219;39;93;249;196;202;174;177;246;103;8;186;123;238;183;234;6;109;206;247;100;157;33;30;163;242;237;241;120;256;217;240;34;156;17;20;89;188;190;73;113;76;216;9;179;2;44;21;56;166;212;224;92;83;229;15;126,164;106;236;173;207;29;107;193;160;159;97;118;169;40;239;43;59;42;210;36,reject,0.020011655986973683,6d8dda7994fb519e914d0a6615833554bf4ea7b2c552972c49c66618ec9898c0,1,1,1,0,0,1,1,1,1,1,1,3,3,1,1,9,2,1,cycle-0002;cycle-0009;cycle-0015;cycle-0017;cycle-0020;cycle-0021;cycle-0030;cycle-0033;cycle-0034;cycle-0044;cycle-0056;cycle-0073;cycle-0076;cycle-0083;cycle-0089;cycle-0092;cycle-0100;cycle-0113;cycle-0120;cycle-0126;cycle-0156;cycle-0157;cycle-0163;cycle-0166;cycle-0179;cycle-0188;cycle-0190;cycle-0212;cycle-0216;cycle-0217;cycle-0224;cycle-0229;cycle-0237;cycle-0240;cycle-0241;cycle-0242;cycle-0247;cycle-0256,1,2222.52456,4260.885704
11,random,FedVal,sign_flip,0,0,0,6,6,0,0.0029732369148684212,0.0025713861727,0.0028167589184210527,0,0,0.0024575525537333335,950,142,0,0,0,0,0,0,0,0,0,0.5091287030845714,0.4921795505421984,0.5091287030845714,0.016949152542372947,0.0025713861727,197;62;22;158;60;64;12;27;154;57;151;165;264;47;111;260;245;176;88;5;82;87;31;153;225;86;78;69;41;24,170;161;221;98;162;191;67;152;185;209;250;105;168;53;4;252;119;110;200;167;70;122;231;192;150;45;96;66;55;228,7;127;38;243;37;23;233;75;14;71;68;128;117;77;255;182;11;125;180;219;39;93;249;196;202;174;177;246;103;8;186;123;238;183;234;6;109;206;247;100;157;33;30;163;242;237;241;120;256;217;240;34;156;17;20;89;188;190;73;113;76;216;9;179;2;44;21;56;166;212;224;92;83;229;15;126,164;106;236;173;207;29;107;193;160;159;97;118;169;40;239;43;59;42;210;36,reject,0.0029732369148684212,f73eabf5b100d1145f1d0099664d8757b1e91a5744311372854bd6922c254a3f,1,1,1,0,0,1,1,1,1,1,1,3,3,1,1,9,2,1,cycle-0002;cycle-0009;cycle-0015;cycle-0017;cycle-0020;cycle-0021;cycle-0030;cycle-0033;cycle-0034;cycle-0044;cycle-0056;cycle-0073;cycle-0076;cycle-0083;cycle-0089;cycle-0092;cycle-0100;cycle-0113;cycle-0120;cycle-0126;cycle-0156;cycle-0157;cycle-0163;cycle-0166;cycle-0179;cycle-0188;cycle-0190;cycle-0212;cycle-0216;cycle-0217;cycle-0224;cycle-0229;cycle-0237;cycle-0240;cycle-0241;cycle-0242;cycle-0247;cycle-0256,1,2227.02764,4340.722628
11,random,FLShield,sign_flip,0,0,0,6,6,1,-0.003493683710131579,-0.0041389362886,-0.0032608154252105263,0,0,-0.005995021850133333,950,142,1,0,0,0,0,0,0,1,0,0.5091287030845714,0.48713550600343053,0.48713550600343053,0.0,0.0,197;62;22;158;60;64;12;27;154;57;151;165;264;47;111;260;245;176;88;5;82;87;31;153;225;86;78;69;41;24,170;161;221;98;162;191;67;152;185;209;250;105;168;53;4;252;119;110;200;167;70;122;231;192;150;45;96;66;55;228,7;127;38;243;37;23;233;75;14;71;68;128;117;77;255;182;11;125;180;219;39;93;249;196;202;174;177;246;103;8;186;123;238;183;234;6;109;206;247;100;157;33;30;163;242;237;241;120;256;217;240;34;156;17;20;89;188;190;73;113;76;216;9;179;2;44;21;56;166;212;224;92;83;229;15;126,164;106;236;173;207;29;107;193;160;159;97;118;169;40;239;43;59;42;210;36,commit,-0.003493683710131579,62aa918ce460d738086e1aea3862824395d384da77a8958b65abb3c7fd02c89b,1,1,1,1,1,1,1,1,1,1,1,3,3,1,1,9,2,0,cycle-0006;cycle-0007;cycle-0008;cycle-0011;cycle-0014;cycle-0023;cycle-0037;cycle-0038;cycle-0039;cycle-0068;cycle-0071;cycle-0075;cycle-0077;cycle-0093;cycle-0103;cycle-0109;cycle-0117;cycle-0123;cycle-0125;cycle-0127;cycle-0128;cycle-0174;cycle-0177;cycle-0180;cycle-0182;cycle-0183;cycle-0186;cycle-0196;cycle-0202;cycle-0206;cycle-0219;cycle-0233;cycle-0234;cycle-0238;cycle-0243;cycle-0246;cycle-0249;cycle-0255,1,2156.388835,4219.126565
11,random,FoundationFL,sign_flip,0,0,0,6,6,1,-0.0062670974200789474,-0.0078593629072,-0.00649081796775,0,0,-0.0114779393905,950,142,1,0,0,0,0,0,0,1,0,0.5091287030845714,0.48713550600343053,0.48713550600343053,0.0,0.0,197;62;22;158;60;64;12;27;154;57;151;165;264;47;111;260;245;176;88;5;82;87;31;153;225;86;78;69;41;24,170;161;221;98;162;191;67;152;185;209;250;105;168;53;4;252;119;110;200;167;70;122;231;192;150;45;96;66;55;228,7;127;38;243;37;23;233;75;14;71;68;128;117;77;255;182;11;125;180;219;39;93;249;196;202;174;177;246;103;8;186;123;238;183;234;6;109;206;247;100;157;33;30;163;242;237;241;120;256;217;240;34;156;17;20;89;188;190;73;113;76;216;9;179;2;44;21;56;166;212;224;92;83;229;15;126,164;106;236;173;207;29;107;193;160;159;97;118;169;40;239;43;59;42;210;36,commit,-0.0062670974200789474,5de47467ec80863b98b9a38d49073c7a38896cb2fe44e364fbccf24239af6684,1,1,1,1,1,1,1,1,1,1,1,3,3,1,1,9,2,1,cycle-0002;cycle-0009;cycle-0015;cycle-0017;cycle-0020;cycle-0021;cycle-0030;cycle-0033;cycle-0034;cycle-0044;cycle-0056;cycle-0073;cycle-0076;cycle-0083;cycle-0089;cycle-0092;cycle-0100;cycle-0113;cycle-0120;cycle-0126;cycle-0156;cycle-0157;cycle-0163;cycle-0166;cycle-0179;cycle-0188;cycle-0190;cycle-0212;cycle-0216;cycle-0217;cycle-0224;cycle-0229;cycle-0237;cycle-0240;cycle-0241;cycle-0242;cycle-0247;cycle-0256,1,2197.052629,4340.461366
11,random,FedAvg,model_replacement,0,0,0,6,6,0,0.29676166917476315,0.29523005411775,0.2970153451245263,0,0,0.3109539021867,950,142,0,0,0,1,0,0,0,0,0,0.5091287030845714,0.5111492281303602,0.5091287030845714,-0.002020525045788868,0.29523005411775,197;62;22;158;60;64;12;27;154;57;151;165;264;47;111;260;245;176;88;5;82;87;31;153;225;86;78;69;41;24,170;161;221;98;162;191;67;152;185;209;250;105;168;53;4;252;119;110;200;167;70;122;231;192;150;45;96;66;55;228,7;127;38;243;37;23;233;75;14;71;68;128;117;77;255;182;11;125;180;219;39;93;249;196;202;174;177;246;103;8;186;123;238;183;234;6;109;206;247;100;157;33;30;163;242;237;241;120;256;217;240;34;156;17;20;89;188;190;73;113;76;216;9;179;2;44;21;56;166;212;224;92;83;229;15;126,164;106;236;173;207;29;107;193;160;159;97;118;169;40;239;43;59;42;210;36,reject,0.29676166917476315,37e153054d89fce3f17afb87c807d09bdc6e84fa4ba1d8fd63dcb84871409d6c,1,1,1,0,0,1,1,1,1,1,1,3,3,1,1,9,2,1,cycle-0002;cycle-0009;cycle-0015;cycle-0017;cycle-0020;cycle-0021;cycle-0030;cycle-0033;cycle-0034;cycle-0044;cycle-0056;cycle-0073;cycle-0076;cycle-0083;cycle-0089;cycle-0092;cycle-0100;cycle-0113;cycle-0120;cycle-0126;cycle-0156;cycle-0157;cycle-0163;cycle-0166;cycle-0179;cycle-0188;cycle-0190;cycle-0212;cycle-0216;cycle-0217;cycle-0224;cycle-0229;cycle-0237;cycle-0240;cycle-0241;cycle-0242;cycle-0247;cycle-0256,1,2226.533826,4434.646507
11,random,CoordinateMedian,model_replacement,0,0,0,6,6,1,-0.006621745294184211,-0.0053537025495,-0.006389462021171053,0,0,-0.005662394214033333,950,142,1,0,0,0,0,0,0,1,0,0.5091287030845714,0.4888507718696398,0.4888507718696398,0.0,0.0,197;62;22;158;60;64;12;27;154;57;151;165;264;47;111;260;245;176;88;5;82;87;31;153;225;86;78;69;41;24,170;161;221;98;162;191;67;152;185;209;250;105;168;53;4;252;119;110;200;167;70;122;231;192;150;45;96;66;55;228,7;127;38;243;37;23;233;75;14;71;68;128;117;77;255;182;11;125;180;219;39;93;249;196;202;174;177;246;103;8;186;123;238;183;234;6;109;206;247;100;157;33;30;163;242;237;241;120;256;217;240;34;156;17;20;89;188;190;73;113;76;216;9;179;2;44;21;56;166;212;224;92;83;229;15;126,164;106;236;173;207;29;107;193;160;159;97;118;169;40;239;43;59;42;210;36,commit,-0.006621745294184211,8dc5ed885bb47a4aa796790812f7dce631fbcb70506c098c533def4888750883,1,1,1,1,1,1,1,1,1,1,1,3,3,1,1,9,2,1,cycle-0002;cycle-0009;cycle-0015;cycle-0017;cycle-0020;cycle-0021;cycle-0030;cycle-0033;cycle-0034;cycle-0044;cycle-0056;cycle-0073;cycle-0076;cycle-0083;cycle-0089;cycle-0092;cycle-0100;cycle-0113;cycle-0120;cycle-0126;cycle-0156;cycle-0157;cycle-0163;cycle-0166;cycle-0179;cycle-0188;cycle-0190;cycle-0212;cycle-0216;cycle-0217;cycle-0224;cycle-0229;cycle-0237;cycle-0240;cycle-0241;cycle-0242;cycle-0247;cycle-0256,1,2240.544568,4346.777228
11,random,Krum,model_replacement,0,0,0,6,6,1,-0.0019237679078947369,-0.00156927963875,-0.002317661589236842,0,0,-0.000909685215,950,142,1,0,0,0,0,0,0,1,0,0.5091287030845714,0.5302642672326074,0.5302642672326074,0.0,0.0,197;62;22;158;60;64;12;27;154;57;151;165;264;47;111;260;245;176;88;5;82;87;31;153;225;86;78;69;41;24,170;161;221;98;162;191;67;152;185;209;250;105;168;53;4;252;119;110;200;167;70;122;231;192;150;45;96;66;55;228,7;127;38;243;37;23;233;75;14;71;68;128;117;77;255;182;11;125;180;219;39;93;249;196;202;174;177;246;103;8;186;123;238;183;234;6;109;206;247;100;157;33;30;163;242;237;241;120;256;217;240;34;156;17;20;89;188;190;73;113;76;216;9;179;2;44;21;56;166;212;224;92;83;229;15;126,164;106;236;173;207;29;107;193;160;159;97;118;169;40;239;43;59;42;210;36,commit,-0.0019237679078947369,8a173ad0c7d0b475260fcc206a50fdd2ac1bc4030b0cbfdf0af1a8e62e85a412,1,1,1,1,1,1,1,1,1,1,1,3,3,1,1,9,2,0,cycle-0006;cycle-0007;cycle-0008;cycle-0011;cycle-0014;cycle-0023;cycle-0037;cycle-0038;cycle-0039;cycle-0068;cycle-0071;cycle-0075;cycle-0077;cycle-0093;cycle-0103;cycle-0109;cycle-0117;cycle-0123;cycle-0125;cycle-0127;cycle-0128;cycle-0174;cycle-0177;cycle-0180;cycle-0182;cycle-0183;cycle-0186;cycle-0196;cycle-0202;cycle-0206;cycle-0219;cycle-0233;cycle-0234;cycle-0238;cycle-0243;cycle-0246;cycle-0249;cycle-0255,1,2210.289813,4276.649104
11,random,FLTrust,model_replacement,0,0,0,6,6,0,0.016357033965026316,0.01789227681185,0.01708803943419737,0,0,0.021541487835033332,950,142,0,0,0,0,0,0,0,0,0,0.5091287030845714,0.598715004215484,0.5091287030845714,-0.0895863011309126,0.01789227681185,197;62;22;158;60;64;12;27;154;57;151;165;264;47;111;260;245;176;88;5;82;87;31;153;225;86;78;69;41;24,170;161;221;98;162;191;67;152;185;209;250;105;168;53;4;252;119;110;200;167;70;122;231;192;150;45;96;66;55;228,7;127;38;243;37;23;233;75;14;71;68;128;117;77;255;182;11;125;180;219;39;93;249;196;202;174;177;246;103;8;186;123;238;183;234;6;109;206;247;100;157;33;30;163;242;237;241;120;256;217;240;34;156;17;20;89;188;190;73;113;76;216;9;179;2;44;21;56;166;212;224;92;83;229;15;126,164;106;236;173;207;29;107;193;160;159;97;118;169;40;239;43;59;42;210;36,reject,0.016357033965026316,0df73003c17c98620a2b4ef8e4df8dc5369616e1583acd3d2700a1682971e4de,1,1,1,0,0,1,1,1,1,1,1,3,3,1,1,9,2,1,cycle-0002;cycle-0009;cycle-0015;cycle-0017;cycle-0020;cycle-0021;cycle-0030;cycle-0033;cycle-0034;cycle-0044;cycle-0056;cycle-0073;cycle-0076;cycle-0083;cycle-0089;cycle-0092;cycle-0100;cycle-0113;cycle-0120;cycle-0126;cycle-0156;cycle-0157;cycle-0163;cycle-0166;cycle-0179;cycle-0188;cycle-0190;cycle-0212;cycle-0216;cycle-0217;cycle-0224;cycle-0229;cycle-0237;cycle-0240;cycle-0241;cycle-0242;cycle-0247;cycle-0256,1,2175.828017,4310.063436
11,random,FedVal,model_replacement,0,0,0,6,6,0,0.04864372575886842,0.0487144097721,0.048587048864171055,0,0,0.05231406013916667,950,142,0,0,0,0,0,0,0,0,0,0.5091287030845714,0.5032270256126987,0.5091287030845714,0.005901677471872646,0.0487144097721,197;62;22;158;60;64;12;27;154;57;151;165;264;47;111;260;245;176;88;5;82;87;31;153;225;86;78;69;41;24,170;161;221;98;162;191;67;152;185;209;250;105;168;53;4;252;119;110;200;167;70;122;231;192;150;45;96;66;55;228,7;127;38;243;37;23;233;75;14;71;68;128;117;77;255;182;11;125;180;219;39;93;249;196;202;174;177;246;103;8;186;123;238;183;234;6;109;206;247;100;157;33;30;163;242;237;241;120;256;217;240;34;156;17;20;89;188;190;73;113;76;216;9;179;2;44;21;56;166;212;224;92;83;229;15;126,164;106;236;173;207;29;107;193;160;159;97;118;169;40;239;43;59;42;210;36,reject,0.04864372575886842,f8d7bcf6f873f1bef03fca3bed2e381825522f5c7f061c08f7cbe53396666cd0,1,1,1,0,0,1,1,1,1,1,1,3,3,1,1,9,2,0,cycle-0006;cycle-0007;cycle-0008;cycle-0011;cycle-0014;cycle-0023;cycle-0037;cycle-0038;cycle-0039;cycle-0068;cycle-0071;cycle-0075;cycle-0077;cycle-0093;cycle-0103;cycle-0109;cycle-0117;cycle-0123;cycle-0125;cycle-0127;cycle-0128;cycle-0174;cycle-0177;cycle-0180;cycle-0182;cycle-0183;cycle-0186;cycle-0196;cycle-0202;cycle-0206;cycle-0219;cycle-0233;cycle-0234;cycle-0238;cycle-0243;cycle-0246;cycle-0249;cycle-0255,1,2093.904542,4274.719373
11,random,FLShield,model_replacement,0,0,0,6,6,1,-0.0022415446176842105,-0.00199349069635,-0.0023959758652763157,0,0,-0.0018910987235333334,950,142,1,0,0,0,0,0,0,1,0,0.5091287030845714,0.49561008227461695,0.49561008227461695,0.0,0.0,197;62;22;158;60;64;12;27;154;57;151;165;264;47;111;260;245;176;88;5;82;87;31;153;225;86;78;69;41;24,170;161;221;98;162;191;67;152;185;209;250;105;168;53;4;252;119;110;200;167;70;122;231;192;150;45;96;66;55;228,7;127;38;243;37;23;233;75;14;71;68;128;117;77;255;182;11;125;180;219;39;93;249;196;202;174;177;246;103;8;186;123;238;183;234;6;109;206;247;100;157;33;30;163;242;237;241;120;256;217;240;34;156;17;20;89;188;190;73;113;76;216;9;179;2;44;21;56;166;212;224;92;83;229;15;126,164;106;236;173;207;29;107;193;160;159;97;118;169;40;239;43;59;42;210;36,commit,-0.0022415446176842105,eddae9e4d7e1978ca3d2ad87cec9e4d629b7fbf4e8e14f855c03e665d0346b52,1,1,1,1,1,1,1,1,1,1,1,3,3,1,1,9,2,0,cycle-0006;cycle-0007;cycle-0008;cycle-0011;cycle-0014;cycle-0023;cycle-0037;cycle-0038;cycle-0039;cycle-0068;cycle-0071;cycle-0075;cycle-0077;cycle-0093;cycle-0103;cycle-0109;cycle-0117;cycle-0123;cycle-0125;cycle-0127;cycle-0128;cycle-0174;cycle-0177;cycle-0180;cycle-0182;cycle-0183;cycle-0186;cycle-0196;cycle-0202;cycle-0206;cycle-0219;cycle-0233;cycle-0234;cycle-0238;cycle-0243;cycle-0246;cycle-0249;cycle-0255,1,2180.613092,4313.82514
11,random,FoundationFL,model_replacement,0,0,0,6,6,0,0.004817275794763158,0.00429161901445,0.004363652568157895,0,0,0.005209971384566667,950,142,0,0,0,0,0,0,0,0,0,0.5091287030845714,0.5624473064511439,0.5091287030845714,-0.05331860336657257,0.00429161901445,197;62;22;158;60;64;12;27;154;57;151;165;264;47;111;260;245;176;88;5;82;87;31;153;225;86;78;69;41;24,170;161;221;98;162;191;67;152;185;209;250;105;168;53;4;252;119;110;200;167;70;122;231;192;150;45;96;66;55;228,7;127;38;243;37;23;233;75;14;71;68;128;117;77;255;182;11;125;180;219;39;93;249;196;202;174;177;246;103;8;186;123;238;183;234;6;109;206;247;100;157;33;30;163;242;237;241;120;256;217;240;34;156;17;20;89;188;190;73;113;76;216;9;179;2;44;21;56;166;212;224;92;83;229;15;126,164;106;236;173;207;29;107;193;160;159;97;118;169;40;239;43;59;42;210;36,reject,0.004817275794763158,ae45188c76c9b20cc3322c61574d2e9a43f9ae06e644e3e83ad927a1f4907d34,1,1,1,0,0,1,1,1,1,1,1,3,3,1,1,9,2,0,cycle-0006;cycle-0007;cycle-0008;cycle-0011;cycle-0014;cycle-0023;cycle-0037;cycle-0038;cycle-0039;cycle-0068;cycle-0071;cycle-0075;cycle-0077;cycle-0093;cycle-0103;cycle-0109;cycle-0117;cycle-0123;cycle-0125;cycle-0127;cycle-0128;cycle-0174;cycle-0177;cycle-0180;cycle-0182;cycle-0183;cycle-0186;cycle-0196;cycle-0202;cycle-0206;cycle-0219;cycle-0233;cycle-0234;cycle-0238;cycle-0243;cycle-0246;cycle-0249;cycle-0255,1,2182.542354,4258.883772
11,random,FedAvg,score_aware,64,49,0,6,6,0,1.4516429763157895e-05,1.10658001e-05,1.2622336407894736e-05,0,0,2.5292902333333334e-06,950,142,0,0,0,0,0,0,0,0,0,0.5091287030845714,0.5082710701514667,0.5091287030845714,0.0008576329331047017,1.10658001e-05,197;62;22;158;60;64;12;27;154;57;151;165;264;47;111;260;245;176;88;5;82;87;31;153;225;86;78;69;41;24,170;161;221;98;162;191;67;152;185;209;250;105;168;53;4;252;119;110;200;167;70;122;231;192;150;45;96;66;55;228,7;127;38;243;37;23;233;75;14;71;68;128;117;77;255;182;11;125;180;219;39;93;249;196;202;174;177;246;103;8;186;123;238;183;234;6;109;206;247;100;157;33;30;163;242;237;241;120;256;217;240;34;156;17;20;89;188;190;73;113;76;216;9;179;2;44;21;56;166;212;224;92;83;229;15;126,164;106;236;173;207;29;107;193;160;159;97;118;169;40;239;43;59;42;210;36,reject,1.4516429763157895e-05,f61a827fdffaa16ae85e11a21e7a987bb73e514d70b99e71a8b243892104467c,1,1,1,0,0,1,1,1,1,1,1,3,3,1,1,9,2,1,cycle-0002;cycle-0009;cycle-0015;cycle-0017;cycle-0020;cycle-0021;cycle-0030;cycle-0033;cycle-0034;cycle-0044;cycle-0056;cycle-0073;cycle-0076;cycle-0083;cycle-0089;cycle-0092;cycle-0100;cycle-0113;cycle-0120;cycle-0126;cycle-0156;cycle-0157;cycle-0163;cycle-0166;cycle-0179;cycle-0188;cycle-0190;cycle-0212;cycle-0216;cycle-0217;cycle-0224;cycle-0229;cycle-0237;cycle-0240;cycle-0241;cycle-0242;cycle-0247;cycle-0256,1,2280.027329,4402.695331
11,random,FLTrust,score_aware,64,23,0,6,6,0,0.01287207753568421,0.01337679460835,0.013332882473328948,0,0,0.0162634629645,950,142,0,0,0,0,0,0,0,0,0,0.5091287030845714,0.5826234846062156,0.5091287030845714,-0.07349478152164424,0.01337679460835,197;62;22;158;60;64;12;27;154;57;151;165;264;47;111;260;245;176;88;5;82;87;31;153;225;86;78;69;41;24,170;161;221;98;162;191;67;152;185;209;250;105;168;53;4;252;119;110;200;167;70;122;231;192;150;45;96;66;55;228,7;127;38;243;37;23;233;75;14;71;68;128;117;77;255;182;11;125;180;219;39;93;249;196;202;174;177;246;103;8;186;123;238;183;234;6;109;206;247;100;157;33;30;163;242;237;241;120;256;217;240;34;156;17;20;89;188;190;73;113;76;216;9;179;2;44;21;56;166;212;224;92;83;229;15;126,164;106;236;173;207;29;107;193;160;159;97;118;169;40;239;43;59;42;210;36,reject,0.01287207753568421,2bf320ff1055d863ed559151199b6331abcc503ba0cf793118756b70e526a7e9,1,1,1,0,0,1,1,1,1,1,1,3,3,1,1,9,2,1,cycle-0002;cycle-0009;cycle-0015;cycle-0017;cycle-0020;cycle-0021;cycle-0030;cycle-0033;cycle-0034;cycle-0044;cycle-0056;cycle-0073;cycle-0076;cycle-0083;cycle-0089;cycle-0092;cycle-0100;cycle-0113;cycle-0120;cycle-0126;cycle-0156;cycle-0157;cycle-0163;cycle-0166;cycle-0179;cycle-0188;cycle-0190;cycle-0212;cycle-0216;cycle-0217;cycle-0224;cycle-0229;cycle-0237;cycle-0240;cycle-0241;cycle-0242;cycle-0247;cycle-0256,1,2313.009871,4525.605519
11,random,FoundationFL,score_aware,64,58,1,6,6,1,-0.006409091214026316,-0.00800644008075,-0.0059780972103552635,0,0,-0.0116095076748,950,142,1,0,0,0,0,0,0,1,0,0.5091287030845714,0.4888507718696398,0.4888507718696398,0.0,0.0,197;62;22;158;60;64;12;27;154;57;151;165;264;47;111;260;245;176;88;5;82;87;31;153;225;86;78;69;41;24,170;161;221;98;162;191;67;152;185;209;250;105;168;53;4;252;119;110;200;167;70;122;231;192;150;45;96;66;55;228,7;127;38;243;37;23;233;75;14;71;68;128;117;77;255;182;11;125;180;219;39;93;249;196;202;174;177;246;103;8;186;123;238;183;234;6;109;206;247;100;157;33;30;163;242;237;241;120;256;217;240;34;156;17;20;89;188;190;73;113;76;216;9;179;2;44;21;56;166;212;224;92;83;229;15;126,164;106;236;173;207;29;107;193;160;159;97;118;169;40;239;43;59;42;210;36,commit,-0.006409091214026316,6bbece4b9d6ee2fc9f3a6de7a17f69ca8c21b0495a9dfb04c2ddf9ba1adedadd,1,1,1,1,1,1,1,1,1,1,1,3,3,1,1,9,2,0,cycle-0006;cycle-0007;cycle-0008;cycle-0011;cycle-0014;cycle-0023;cycle-0037;cycle-0038;cycle-0039;cycle-0068;cycle-0071;cycle-0075;cycle-0077;cycle-0093;cycle-0103;cycle-0109;cycle-0117;cycle-0123;cycle-0125;cycle-0127;cycle-0128;cycle-0174;cycle-0177;cycle-0180;cycle-0182;cycle-0183;cycle-0186;cycle-0196;cycle-0202;cycle-0206;cycle-0219;cycle-0233;cycle-0234;cycle-0238;cycle-0243;cycle-0246;cycle-0249;cycle-0255,1,2107.521685,4237.293667
12,random,FedAvg,none,0,0,0,6,0,0,0.0015755273516315788,0.0058254016174,0.0029209205271842104,0,0,0.0018122566218666666,1002,118,0,0,0,0,0,0,0,0,0,0.48360655737704916,0.48558181345066587,0.48360655737704916,-0.0019752560736167046,0.0058254016174,199;191;154;245;25;253;251;85;31;38;96;208;88;81;7;91;152;224;49;89;117;30;13;21;124;33;236;35;226;156,237;82;67;104;210;170;190;103;159;207;252;9;249;153;109;53;179;177;17;73;87;48;180;203;77;92;79;26;115;231,166;182;188;32;227;110;102;126;58;205;233;257;181;127;69;174;165;40;261;46;93;4;164;101;108;68;45;44;162;83;158;197;246;250;175;206;217;242;196;183;63;243;230;232;72;105;18;198;10;47;90;98;112;211;51;55;56;11;52;212;8;213;120;99;167;219;223;229;80;125;200;78;186;202;228;254,157;84;225;263;195;2;42;150;255;234;248;184;41;14;264;259;19;12;107;119,reject,0.0015755273516315788,a25de56f027a1810bb7371f347a3263bd5f0b46ab7ac186b9b247b8aca2c4ef0,1,2,2,0,0,1,1,1,1,1,1,3,3,1,1,9,2,1,cycle-0008;cycle-0010;cycle-0011;cycle-0018;cycle-0047;cycle-0051;cycle-0052;cycle-0055;cycle-0056;cycle-0063;cycle-0072;cycle-0078;cycle-0080;cycle-0090;cycle-0098;cycle-0099;cycle-0105;cycle-0112;cycle-0120;cycle-0125;cycle-0167;cycle-0183;cycle-0186;cycle-0196;cycle-0198;cycle-0200;cycle-0202;cycle-0211;cycle-0212;cycle-0213;cycle-0219;cycle-0223;cycle-0228;cycle-0229;cycle-0230;cycle-0232;cycle-0243;cycle-0254,1,2159.530003,5048.602134
12,random,CoordinateMedian,none,0,0,0,6,0,1,-0.0029591672356842104,-0.00076392527055,-0.003937444358684211,0,0,-0.0047751146188,1002,118,1,0,0,0,0,0,0,1,0,0.48360655737704916,0.48360655737704916,0.48360655737704916,0.0,0.0,199;191;154;245;25;253;251;85;31;38;96;208;88;81;7;91;152;224;49;89;117;30;13;21;124;33;236;35;226;156,237;82;67;104;210;170;190;103;159;207;252;9;249;153;109;53;179;177;17;73;87;48;180;203;77;92;79;26;115;231,166;182;188;32;227;110;102;126;58;205;233;257;181;127;69;174;165;40;261;46;93;4;164;101;108;68;45;44;162;83;158;197;246;250;175;206;217;242;196;183;63;243;230;232;72;105;18;198;10;47;90;98;112;211;51;55;56;11;52;212;8;213;120;99;167;219;223;229;80;125;200;78;186;202;228;254,157;84;225;263;195;2;42;150;255;234;248;184;41;14;264;259;19;12;107;119,commit,-0.0029591672356842104,fa85ce2c65c8db33a3d90ee9e46724600d42d8af157ce48c31beeec9880d6821,1,1,1,1,1,1,1,1,1,1,1,3,3,1,1,9,2,0,cycle-0004;cycle-0032;cycle-0040;cycle-0044;cycle-0045;cycle-0046;cycle-0058;cycle-0068;cycle-0069;cycle-0083;cycle-0093;cycle-0101;cycle-0102;cycle-0108;cycle-0110;cycle-0126;cycle-0127;cycle-0158;cycle-0162;cycle-0164;cycle-0165;cycle-0166;cycle-0174;cycle-0175;cycle-0181;cycle-0182;cycle-0188;cycle-0197;cycle-0205;cycle-0206;cycle-0217;cycle-0227;cycle-0233;cycle-0242;cycle-0246;cycle-0250;cycle-0257;cycle-0261,1,2108.557995,4180.586416
12,random,Krum,none,0,0,0,6,0,1,-0.006233773844631579,-0.00364211347405,-0.007116915911092105,0,0,-0.0080157757084,1002,118,1,0,0,0,0,0,0,1,0,0.48360655737704916,0.4843517138599106,0.4843517138599106,0.0,0.0,199;191;154;245;25;253;251;85;31;38;96;208;88;81;7;91;152;224;49;89;117;30;13;21;124;33;236;35;226;156,237;82;67;104;210;170;190;103;159;207;252;9;249;153;109;53;179;177;17;73;87;48;180;203;77;92;79;26;115;231,166;182;188;32;227;110;102;126;58;205;233;257;181;127;69;174;165;40;261;46;93;4;164;101;108;68;45;44;162;83;158;197;246;250;175;206;217;242;196;183;63;243;230;232;72;105;18;198;10;47;90;98;112;211;51;55;56;11;52;212;8;213;120;99;167;219;223;229;80;125;200;78;186;202;228;254,157;84;225;263;195;2;42;150;255;234;248;184;41;14;264;259;19;12;107;119,commit,-0.006233773844631579,07321f4a7665ce7fe6759b7e1013605b1c98cbd18da01b7df31fe5ca9ef068f5,1,1,1,1,1,1,1,1,1,1,1,3,3,1,1,9,2,0,cycle-0004;cycle-0032;cycle-0040;cycle-0044;cycle-0045;cycle-0046;cycle-0058;cycle-0068;cycle-0069;cycle-0083;cycle-0093;cycle-0101;cycle-0102;cycle-0108;cycle-0110;cycle-0126;cycle-0127;cycle-0158;cycle-0162;cycle-0164;cycle-0165;cycle-0166;cycle-0174;cycle-0175;cycle-0181;cycle-0182;cycle-0188;cycle-0197;cycle-0205;cycle-0206;cycle-0217;cycle-0227;cycle-0233;cycle-0242;cycle-0246;cycle-0250;cycle-0257;cycle-0261,1,2130.401087,4261.02362
12,random,FLTrust,none,0,0,0,6,0,0,0.010625062763894737,0.01728748058505,0.013098200416026317,0,0,0.011312890449833333,1002,118,0,0,0,0,0,0,0,0,0,0.48360655737704916,0.5175525749296241,0.48360655737704916,-0.03394601755257498,0.01728748058505,199;191;154;245;25;253;251;85;31;38;96;208;88;81;7;91;152;224;49;89;117;30;13;21;124;33;236;35;226;156,237;82;67;104;210;170;190;103;159;207;252;9;249;153;109;53;179;177;17;73;87;48;180;203;77;92;79;26;115;231,166;182;188;32;227;110;102;126;58;205;233;257;181;127;69;174;165;40;261;46;93;4;164;101;108;68;45;44;162;83;158;197;246;250;175;206;217;242;196;183;63;243;230;232;72;105;18;198;10;47;90;98;112;211;51;55;56;11;52;212;8;213;120;99;167;219;223;229;80;125;200;78;186;202;228;254,157;84;225;263;195;2;42;150;255;234;248;184;41;14;264;259;19;12;107;119,reject,0.010625062763894737,cbe898947167888e9c9db7f144d0af2c8f75caf9f553c6ea6aa082b23b63d761,1,1,1,0,0,1,1,1,1,1,1,3,3,1,1,9,2,1,cycle-0008;cycle-0010;cycle-0011;cycle-0018;cycle-0047;cycle-0051;cycle-0052;cycle-0055;cycle-0056;cycle-0063;cycle-0072;cycle-0078;cycle-0080;cycle-0090;cycle-0098;cycle-0099;cycle-0105;cycle-0112;cycle-0120;cycle-0125;cycle-0167;cycle-0183;cycle-0186;cycle-0196;cycle-0198;cycle-0200;cycle-0202;cycle-0211;cycle-0212;cycle-0213;cycle-0219;cycle-0223;cycle-0228;cycle-0229;cycle-0230;cycle-0232;cycle-0243;cycle-0254,1,2106.406511,4181.935796
12,random,FedVal,none,0,0,0,6,0,0,0.00011570079276315789,0.00068379093295,-0.00023966620232894736,0,0,-0.0007909941677,1002,118,1,0,0,0,0,0,0,0,0,0.48360655737704916,0.4791356184798808,0.48360655737704916,0.004470938897168375,0.00068379093295,199;191;154;245;25;253;251;85;31;38;96;208;88;81;7;91;152;224;49;89;117;30;13;21;124;33;236;35;226;156,237;82;67;104;210;170;190;103;159;207;252;9;249;153;109;53;179;177;17;73;87;48;180;203;77;92;79;26;115;231,166;182;188;32;227;110;102;126;58;205;233;257;181;127;69;174;165;40;261;46;93;4;164;101;108;68;45;44;162;83;158;197;246;250;175;206;217;242;196;183;63;243;230;232;72;105;18;198;10;47;90;98;112;211;51;55;56;11;52;212;8;213;120;99;167;219;223;229;80;125;200;78;186;202;228;254,157;84;225;263;195;2;42;150;255;234;248;184;41;14;264;259;19;12;107;119,reject,0.00011570079276315789,1eb81ca5ecf44de2d9826940c5d460925879f7af52f223e8ec4008840546b5c3,1,1,1,0,0,1,1,1,1,1,1,3,3,1,1,9,2,0,cycle-0004;cycle-0032;cycle-0040;cycle-0044;cycle-0045;cycle-0046;cycle-0058;cycle-0068;cycle-0069;cycle-0083;cycle-0093;cycle-0101;cycle-0102;cycle-0108;cycle-0110;cycle-0126;cycle-0127;cycle-0158;cycle-0162;cycle-0164;cycle-0165;cycle-0166;cycle-0174;cycle-0175;cycle-0181;cycle-0182;cycle-0188;cycle-0197;cycle-0205;cycle-0206;cycle-0217;cycle-0227;cycle-0233;cycle-0242;cycle-0246;cycle-0250;cycle-0257;cycle-0261,1,2164.449659,4293.147318
12,random,FLShield,none,0,0,0,6,0,1,-0.004667911279605263,-0.00566168135065,-0.003153148352539474,0,0,-0.0027792528865666667,1002,118,1,0,0,0,0,0,0,1,0,0.48360655737704916,0.4821162444113264,0.4821162444113264,0.0,0.0,199;191;154;245;25;253;251;85;31;38;96;208;88;81;7;91;152;224;49;89;117;30;13;21;124;33;236;35;226;156,237;82;67;104;210;170;190;103;159;207;252;9;249;153;109;53;179;177;17;73;87;48;180;203;77;92;79;26;115;231,166;182;188;32;227;110;102;126;58;205;233;257;181;127;69;174;165;40;261;46;93;4;164;101;108;68;45;44;162;83;158;197;246;250;175;206;217;242;196;183;63;243;230;232;72;105;18;198;10;47;90;98;112;211;51;55;56;11;52;212;8;213;120;99;167;219;223;229;80;125;200;78;186;202;228;254,157;84;225;263;195;2;42;150;255;234;248;184;41;14;264;259;19;12;107;119,commit,-0.004667911279605263,a353840a8731cc45ecf33b7bd7d8b0431fbb778fbaee33da2fca8d3f6de08875,1,1,1,1,1,1,1,1,1,1,1,3,3,1,1,9,2,0,cycle-0004;cycle-0032;cycle-0040;cycle-0044;cycle-0045;cycle-0046;cycle-0058;cycle-0068;cycle-0069;cycle-0083;cycle-0093;cycle-0101;cycle-0102;cycle-0108;cycle-0110;cycle-0126;cycle-0127;cycle-0158;cycle-0162;cycle-0164;cycle-0165;cycle-0166;cycle-0174;cycle-0175;cycle-0181;cycle-0182;cycle-0188;cycle-0197;cycle-0205;cycle-0206;cycle-0217;cycle-0227;cycle-0233;cycle-0242;cycle-0246;cycle-0250;cycle-0257;cycle-0261,1,2176.725109,4260.46885
12,random,FoundationFL,none,0,0,0,6,0,0,0.0015496719720263159,0.00105317108625,0.0020746346136447367,0,0,0.0025927537095333333,1002,118,0,0,0,0,0,0,0,0,0,0.48360655737704916,0.481371087928465,0.48360655737704916,0.0022354694485841597,0.00105317108625,199;191;154;245;25;253;251;85;31;38;96;208;88;81;7;91;152;224;49;89;117;30;13;21;124;33;236;35;226;156,237;82;67;104;210;170;190;103;159;207;252;9;249;153;109;53;179;177;17;73;87;48;180;203;77;92;79;26;115;231,166;182;188;32;227;110;102;126;58;205;233;257;181;127;69;174;165;40;261;46;93;4;164;101;108;68;45;44;162;83;158;197;246;250;175;206;217;242;196;183;63;243;230;232;72;105;18;198;10;47;90;98;112;211;51;55;56;11;52;212;8;213;120;99;167;219;223;229;80;125;200;78;186;202;228;254,157;84;225;263;195;2;42;150;255;234;248;184;41;14;264;259;19;12;107;119,reject,0.0015496719720263159,5ac2b3880826de370e375cf6bf3f7dae7465e586df8d068d50354eecdeef914d,1,1,1,0,0,1,1,1,1,1,1,3,3,1,1,9,2,0,cycle-0004;cycle-0032;cycle-0040;cycle-0044;cycle-0045;cycle-0046;cycle-0058;cycle-0068;cycle-0069;cycle-0083;cycle-0093;cycle-0101;cycle-0102;cycle-0108;cycle-0110;cycle-0126;cycle-0127;cycle-0158;cycle-0162;cycle-0164;cycle-0165;cycle-0166;cycle-0174;cycle-0175;cycle-0181;cycle-0182;cycle-0188;cycle-0197;cycle-0205;cycle-0206;cycle-0217;cycle-0227;cycle-0233;cycle-0242;cycle-0246;cycle-0250;cycle-0257;cycle-0261,1,2107.442097,4218.44534
12,random,FedAvg,sign_flip,0,0,0,6,6,1,-0.010339116585736842,-0.01086205616555,-0.008271456199986841,0,0,-0.006598289359066666,1002,118,1,0,0,0,0,0,0,1,0,0.48360655737704916,0.488822652757079,0.488822652757079,0.0,0.0,199;191;154;245;25;253;251;85;31;38;96;208;88;81;7;91;152;224;49;89;117;30;13;21;124;33;236;35;226;156,237;82;67;104;210;170;190;103;159;207;252;9;249;153;109;53;179;177;17;73;87;48;180;203;77;92;79;26;115;231,166;182;188;32;227;110;102;126;58;205;233;257;181;127;69;174;165;40;261;46;93;4;164;101;108;68;45;44;162;83;158;197;246;250;175;206;217;242;196;183;63;243;230;232;72;105;18;198;10;47;90;98;112;211;51;55;56;11;52;212;8;213;120;99;167;219;223;229;80;125;200;78;186;202;228;254,157;84;225;263;195;2;42;150;255;234;248;184;41;14;264;259;19;12;107;119,commit,-0.010339116585736842,7fbc3c4893cdff09fdcb35f44bb998d2c7460398e16fa432427027efc27d6ffd,1,1,1,1,1,1,1,1,1,1,1,3,3,1,1,9,2,0,cycle-0004;cycle-0032;cycle-0040;cycle-0044;cycle-0045;cycle-0046;cycle-0058;cycle-0068;cycle-0069;cycle-0083;cycle-0093;cycle-0101;cycle-0102;cycle-0108;cycle-0110;cycle-0126;cycle-0127;cycle-0158;cycle-0162;cycle-0164;cycle-0165;cycle-0166;cycle-0174;cycle-0175;cycle-0181;cycle-0182;cycle-0188;cycle-0197;cycle-0205;cycle-0206;cycle-0217;cycle-0227;cycle-0233;cycle-0242;cycle-0246;cycle-0250;cycle-0257;cycle-0261,1,2158.968371,4305.932568
12,random,CoordinateMedian,sign_flip,0,0,0,6,6,1,-0.005767205440815789,-0.00417229161885,-0.006152849179210526,0,0,-0.006623721245733333,1002,118,1,0,0,0,0,0,0,1,0,0.48360655737704916,0.485096870342772,0.485096870342772,0.0,0.0,199;191;154;245;25;253;251;85;31;38;96;208;88;81;7;91;152;224;49;89;117;30;13;21;124;33;236;35;226;156,237;82;67;104;210;170;190;103;159;207;252;9;249;153;109;53;179;177;17;73;87;48;180;203;77;92;79;26;115;231,166;182;188;32;227;110;102;126;58;205;233;257;181;127;69;174;165;40;261;46;93;4;164;101;108;68;45;44;162;83;158;197;246;250;175;206;217;242;196;183;63;243;230;232;72;105;18;198;10;47;90;98;112;211;51;55;56;11;52;212;8;213;120;99;167;219;223;229;80;125;200;78;186;202;228;254,157;84;225;263;195;2;42;150;255;234;248;184;41;14;264;259;19;12;107;119,commit,-0.005767205440815789,edd65d27f071672c39d8522a24322b8d031b1d90b147820f44d5f1b83a42d533,1,1,1,1,1,1,1,1,1,1,1,3,3,1,1,9,2,0,cycle-0004;cycle-0032;cycle-0040;cycle-0044;cycle-0045;cycle-0046;cycle-0058;cycle-0068;cycle-0069;cycle-0083;cycle-0093;cycle-0101;cycle-0102;cycle-0108;cycle-0110;cycle-0126;cycle-0127;cycle-0158;cycle-0162;cycle-0164;cycle-0165;cycle-0166;cycle-0174;cycle-0175;cycle-0181;cycle-0182;cycle-0188;cycle-0197;cycle-0205;cycle-0206;cycle-0217;cycle-0227;cycle-0233;cycle-0242;cycle-0246;cycle-0250;cycle-0257;cycle-0261,1,2112.181881,4223.997616
12,random,Krum,sign_flip,0,0,0,6,6,1,-0.008000057977552632,-0.00364211347405,-0.007116915911092105,0,0,-0.0080157757084,1002,118,1,0,0,0,0,0,0,1,0,0.48360655737704916,0.4843517138599106,0.4843517138599106,0.0,0.0,199;191;154;245;25;253;251;85;31;38;96;208;88;81;7;91;152;224;49;89;117;30;13;21;124;33;236;35;226;156,237;82;67;104;210;170;190;103;159;207;252;9;249;153;109;53;179;177;17;73;87;48;180;203;77;92;79;26;115;231,166;182;188;32;227;110;102;126;58;205;233;257;181;127;69;174;165;40;261;46;93;4;164;101;108;68;45;44;162;83;158;197;246;250;175;206;217;242;196;183;63;243;230;232;72;105;18;198;10;47;90;98;112;211;51;55;56;11;52;212;8;213;120;99;167;219;223;229;80;125;200;78;186;202;228;254,157;84;225;263;195;2;42;150;255;234;248;184;41;14;264;259;19;12;107;119,commit,-0.008000057977552632,37cd74d4dac73236b97f2c40deecb9548e97716620862031305c5f9b89d9bfc7,1,1,1,1,1,1,1,1,1,1,1,3,3,1,1,9,2,1,cycle-0008;cycle-0010;cycle-0011;cycle-0018;cycle-0047;cycle-0051;cycle-0052;cycle-0055;cycle-0056;cycle-0063;cycle-0072;cycle-0078;cycle-0080;cycle-0090;cycle-0098;cycle-0099;cycle-0105;cycle-0112;cycle-0120;cycle-0125;cycle-0167;cycle-0183;cycle-0186;cycle-0196;cycle-0198;cycle-0200;cycle-0202;cycle-0211;cycle-0212;cycle-0213;cycle-0219;cycle-0223;cycle-0228;cycle-0229;cycle-0230;cycle-0232;cycle-0243;cycle-0254,1,2152.555704,4210.950223
12,random,FLTrust,sign_flip,0,0,0,6,6,0,0.016110856406710526,0.01844799836345,0.013471479656513158,0,0,0.011836587017833333,1002,118,0,0,0,0,0,0,0,0,0,0.48360655737704916,0.5391266292905637,0.48360655737704916,-0.05552007191351449,0.01844799836345,199;191;154;245;25;253;251;85;31;38;96;208;88;81;7;91;152;224;49;89;117;30;13;21;124;33;236;35;226;156,237;82;67;104;210;170;190;103;159;207;252;9;249;153;109;53;179;177;17;73;87;48;180;203;77;92;79;26;115;231,166;182;188;32;227;110;102;126;58;205;233;257;181;127;69;174;165;40;261;46;93;4;164;101;108;68;45;44;162;83;158;197;246;250;175;206;217;242;196;183;63;243;230;232;72;105;18;198;10;47;90;98;112;211;51;55;56;11;52;212;8;213;120;99;167;219;223;229;80;125;200;78;186;202;228;254,157;84;225;263;195;2;42;150;255;234;248;184;41;14;264;259;19;12;107;119,reject,0.016110856406710526,bca3b5803196dfbada7ab828180d84db6faa0f81ecbd7b92421983e0d9a6e4fb,1,1,1,0,0,1,1,1,1,1,1,3,3,1,1,9,2,0,cycle-0004;cycle-0032;cycle-0040;cycle-0044;cycle-0045;cycle-0046;cycle-0058;cycle-0068;cycle-0069;cycle-0083;cycle-0093;cycle-0101;cycle-0102;cycle-0108;cycle-0110;cycle-0126;cycle-0127;cycle-0158;cycle-0162;cycle-0164;cycle-0165;cycle-0166;cycle-0174;cycle-0175;cycle-0181;cycle-0182;cycle-0188;cycle-0197;cycle-0205;cycle-0206;cycle-0217;cycle-0227;cycle-0233;cycle-0242;cycle-0246;cycle-0250;cycle-0257;cycle-0261,1,2172.775217,4209.154686
12,random,FedVal,sign_flip,0,0,0,6,6,1,-0.003695265019105263,-0.01010153696535,-0.006247056965447369,0,0,-0.005016942289733334,1002,118,1,0,0,0,0,0,0,1,0,0.48360655737704916,0.4843517138599106,0.4843517138599106,0.0,0.0,199;191;154;245;25;253;251;85;31;38;96;208;88;81;7;91;152;224;49;89;117;30;13;21;124;33;236;35;226;156,237;82;67;104;210;170;190;103;159;207;252;9;249;153;109;53;179;177;17;73;87;48;180;203;77;92;79;26;115;231,166;182;188;32;227;110;102;126;58;205;233;257;181;127;69;174;165;40;261;46;93;4;164;101;108;68;45;44;162;83;158;197;246;250;175;206;217;242;196;183;63;243;230;232;72;105;18;198;10;47;90;98;112;211;51;55;56;11;52;212;8;213;120;99;167;219;223;229;80;125;200;78;186;202;228;254,157;84;225;263;195;2;42;150;255;234;248;184;41;14;264;259;19;12;107;119,commit,-0.003695265019105263,532ad166e31530b3b27de326fb18b8d2aaf91248a91cc407a2a0549136f12c59,1,1,1,1,1,1,1,1,1,1,1,3,3,1,1,9,2,1,cycle-0008;cycle-0010;cycle-0011;cycle-0018;cycle-0047;cycle-0051;cycle-0052;cycle-0055;cycle-0056;cycle-0063;cycle-0072;cycle-0078;cycle-0080;cycle-0090;cycle-0098;cycle-0099;cycle-0105;cycle-0112;cycle-0120;cycle-0125;cycle-0167;cycle-0183;cycle-0186;cycle-0196;cycle-0198;cycle-0200;cycle-0202;cycle-0211;cycle-0212;cycle-0213;cycle-0219;cycle-0223;cycle-0228;cycle-0229;cycle-0230;cycle-0232;cycle-0243;cycle-0254,1,2153.15244,4189.537003
12,random,FLShield,sign_flip,0,0,0,6,6,1,-0.0018182573531842106,0.00088889025655,-0.0011540807519736843,0,0,-0.0014813163327,1002,118,1,0,0,0,0,0,0,0,0,0.48360655737704916,0.4798807749627422,0.4798807749627422,0.0,0.0,199;191;154;245;25;253;251;85;31;38;96;208;88;81;7;91;152;224;49;89;117;30;13;21;124;33;236;35;226;156,237;82;67;104;210;170;190;103;159;207;252;9;249;153;109;53;179;177;17;73;87;48;180;203;77;92;79;26;115;231,166;182;188;32;227;110;102;126;58;205;233;257;181;127;69;174;165;40;261;46;93;4;164;101;108;68;45;44;162;83;158;197;246;250;175;206;217;242;196;183;63;243;230;232;72;105;18;198;10;47;90;98;112;211;51;55;56;11;52;212;8;213;120;99;167;219;223;229;80;125;200;78;186;202;228;254,157;84;225;263;195;2;42;150;255;234;248;184;41;14;264;259;19;12;107;119,commit,-0.0018182573531842106,4a45e0136ccea950cc29c43483726d9c7ce676e7f280c5edc80dcf0421e6f119,1,1,1,1,1,1,1,1,1,1,1,3,3,1,1,9,2,1,cycle-0008;cycle-0010;cycle-0011;cycle-0018;cycle-0047;cycle-0051;cycle-0052;cycle-0055;cycle-0056;cycle-0063;cycle-0072;cycle-0078;cycle-0080;cycle-0090;cycle-0098;cycle-0099;cycle-0105;cycle-0112;cycle-0120;cycle-0125;cycle-0167;cycle-0183;cycle-0186;cycle-0196;cycle-0198;cycle-0200;cycle-0202;cycle-0211;cycle-0212;cycle-0213;cycle-0219;cycle-0223;cycle-0228;cycle-0229;cycle-0230;cycle-0232;cycle-0243;cycle-0254,1,2106.911894,4256.111219
12,random,FoundationFL,sign_flip,0,0,0,6,6,0,0.04019361222076316,0.0171786769749,0.024346262203302632,0,0,0.028913279419433332,1002,118,0,0,0,0,0,0,0,0,0,0.48360655737704916,0.6639935656329099,0.48360655737704916,-0.18038700825586074,0.0171786769749,199;191;154;245;25;253;251;85;31;38;96;208;88;81;7;91;152;224;49;89;117;30;13;21;124;33;236;35;226;156,237;82;67;104;210;170;190;103;159;207;252;9;249;153;109;53;179;177;17;73;87;48;180;203;77;92;79;26;115;231,166;182;188;32;227;110;102;126;58;205;233;257;181;127;69;174;165;40;261;46;93;4;164;101;108;68;45;44;162;83;158;197;246;250;175;206;217;242;196;183;63;243;230;232;72;105;18;198;10;47;90;98;112;211;51;55;56;11;52;212;8;213;120;99;167;219;223;229;80;125;200;78;186;202;228;254,157;84;225;263;195;2;42;150;255;234;248;184;41;14;264;259;19;12;107;119,reject,0.04019361222076316,486076d7a8eff50a3e0ac4bfe621f64f8a58d0dfec89abd1e37f68c5b4a4d9b9,1,1,1,0,0,1,1,1,1,1,1,3,3,1,1,9,2,1,cycle-0008;cycle-0010;cycle-0011;cycle-0018;cycle-0047;cycle-0051;cycle-0052;cycle-0055;cycle-0056;cycle-0063;cycle-0072;cycle-0078;cycle-0080;cycle-0090;cycle-0098;cycle-0099;cycle-0105;cycle-0112;cycle-0120;cycle-0125;cycle-0167;cycle-0183;cycle-0186;cycle-0196;cycle-0198;cycle-0200;cycle-0202;cycle-0211;cycle-0212;cycle-0213;cycle-0219;cycle-0223;cycle-0228;cycle-0229;cycle-0230;cycle-0232;cycle-0243;cycle-0254,1,2095.718695,4236.032172
12,random,FedAvg,model_replacement,0,0,0,6,6,0,0.3582836884787368,0.3508695568342,0.35657178058551314,1,0,0.36674989322993334,1002,118,0,0,0,1,1,0,0,0,0,0.48360655737704916,0.5156482861400894,0.48360655737704916,-0.032041728763040234,0.3508695568342,199;191;154;245;25;253;251;85;31;38;96;208;88;81;7;91;152;224;49;89;117;30;13;21;124;33;236;35;226;156,237;82;67;104;210;170;190;103;159;207;252;9;249;153;109;53;179;177;17;73;87;48;180;203;77;92;79;26;115;231,166;182;188;32;227;110;102;126;58;205;233;257;181;127;69;174;165;40;261;46;93;4;164;101;108;68;45;44;162;83;158;197;246;250;175;206;217;242;196;183;63;243;230;232;72;105;18;198;10;47;90;98;112;211;51;55;56;11;52;212;8;213;120;99;167;219;223;229;80;125;200;78;186;202;228;254,157;84;225;263;195;2;42;150;255;234;248;184;41;14;264;259;19;12;107;119,reject,0.3582836884787368,dc5fd8fb008e4a9ef6f72cd6c8ce5743e0080aaa7478d8d6790585ac71bf4c5b,1,1,1,0,0,1,1,1,1,1,1,3,3,1,1,9,2,0,cycle-0004;cycle-0032;cycle-0040;cycle-0044;cycle-0045;cycle-0046;cycle-0058;cycle-0068;cycle-0069;cycle-0083;cycle-0093;cycle-0101;cycle-0102;cycle-0108;cycle-0110;cycle-0126;cycle-0127;cycle-0158;cycle-0162;cycle-0164;cycle-0165;cycle-0166;cycle-0174;cycle-0175;cycle-0181;cycle-0182;cycle-0188;cycle-0197;cycle-0205;cycle-0206;cycle-0217;cycle-0227;cycle-0233;cycle-0242;cycle-0246;cycle-0250;cycle-0257;cycle-0261,1,2217.488036,4261.324224
12,random,CoordinateMedian,model_replacement,0,0,0,6,6,0,0.0018047829869473684,0.0046517977113,0.0027862476050526316,0,0,0.0023023445073333333,1002,118,0,0,0,0,0,0,0,0,0,0.48360655737704916,0.4828614008941878,0.48360655737704916,0.0007451564828613866,0.0046517977113,199;191;154;245;25;253;251;85;31;38;96;208;88;81;7;91;152;224;49;89;117;30;13;21;124;33;236;35;226;156,237;82;67;104;210;170;190;103;159;207;252;9;249;153;109;53;179;177;17;73;87;48;180;203;77;92;79;26;115;231,166;182;188;32;227;110;102;126;58;205;233;257;181;127;69;174;165;40;261;46;93;4;164;101;108;68;45;44;162;83;158;197;246;250;175;206;217;242;196;183;63;243;230;232;72;105;18;198;10;47;90;98;112;211;51;55;56;11;52;212;8;213;120;99;167;219;223;229;80;125;200;78;186;202;228;254,157;84;225;263;195;2;42;150;255;234;248;184;41;14;264;259;19;12;107;119,reject,0.0018047829869473684,40c81b7ba58524769bfe08c0dd4caa760d4d6a4048ab144071058f36e5a278fa,1,1,1,0,0,1,1,1,1,1,1,3,3,1,1,9,2,1,cycle-0008;cycle-0010;cycle-0011;cycle-0018;cycle-0047;cycle-0051;cycle-0052;cycle-0055;cycle-0056;cycle-0063;cycle-0072;cycle-0078;cycle-0080;cycle-0090;cycle-0098;cycle-0099;cycle-0105;cycle-0112;cycle-0120;cycle-0125;cycle-0167;cycle-0183;cycle-0186;cycle-0196;cycle-0198;cycle-0200;cycle-0202;cycle-0211;cycle-0212;cycle-0213;cycle-0219;cycle-0223;cycle-0228;cycle-0229;cycle-0230;cycle-0232;cycle-0243;cycle-0254,1,2176.058836,4332.321486
12,random,Krum,model_replacement,0,0,0,6,6,1,-0.008000057977552632,-0.00364211347405,-0.007116915911092105,0,0,-0.0080157757084,1002,118,1,0,0,0,0,0,0,1,0,0.48360655737704916,0.4843517138599106,0.4843517138599106,0.0,0.0,199;191;154;245;25;253;251;85;31;38;96;208;88;81;7;91;152;224;49;89;117;30;13;21;124;33;236;35;226;156,237;82;67;104;210;170;190;103;159;207;252;9;249;153;109;53;179;177;17;73;87;48;180;203;77;92;79;26;115;231,166;182;188;32;227;110;102;126;58;205;233;257;181;127;69;174;165;40;261;46;93;4;164;101;108;68;45;44;162;83;158;197;246;250;175;206;217;242;196;183;63;243;230;232;72;105;18;198;10;47;90;98;112;211;51;55;56;11;52;212;8;213;120;99;167;219;223;229;80;125;200;78;186;202;228;254,157;84;225;263;195;2;42;150;255;234;248;184;41;14;264;259;19;12;107;119,commit,-0.008000057977552632,1da4b39af85f61767b837d05f4021daca57ae9de1723a7c815783e64e4cc6061,1,1,1,1,1,1,1,1,1,1,1,3,3,1,1,9,2,1,cycle-0008;cycle-0010;cycle-0011;cycle-0018;cycle-0047;cycle-0051;cycle-0052;cycle-0055;cycle-0056;cycle-0063;cycle-0072;cycle-0078;cycle-0080;cycle-0090;cycle-0098;cycle-0099;cycle-0105;cycle-0112;cycle-0120;cycle-0125;cycle-0167;cycle-0183;cycle-0186;cycle-0196;cycle-0198;cycle-0200;cycle-0202;cycle-0211;cycle-0212;cycle-0213;cycle-0219;cycle-0223;cycle-0228;cycle-0229;cycle-0230;cycle-0232;cycle-0243;cycle-0254,1,2166.545979,4316.926292
12,random,FLTrust,model_replacement,0,0,0,6,6,0,0.017060174356894737,0.0172151297357,0.015200368440526316,0,0,0.014300603185033333,1002,118,0,0,0,0,0,0,0,0,0,0.48360655737704916,0.5011946159487143,0.48360655737704916,-0.01758805857166512,0.0172151297357,199;191;154;245;25;253;251;85;31;38;96;208;88;81;7;91;152;224;49;89;117;30;13;21;124;33;236;35;226;156,237;82;67;104;210;170;190;103;159;207;252;9;249;153;109;53;179;177;17;73;87;48;180;203;77;92;79;26;115;231,166;182;188;32;227;110;102;126;58;205;233;257;181;127;69;174;165;40;261;46;93;4;164;101;108;68;45;44;162;83;158;197;246;250;175;206;217;242;196;183;63;243;230;232;72;105;18;198;10;47;90;98;112;211;51;55;56;11;52;212;8;213;120;99;167;219;223;229;80;125;200;78;186;202;228;254,157;84;225;263;195;2;42;150;255;234;248;184;41;14;264;259;19;12;107;119,reject,0.017060174356894737,6e6fc47c50ec969c67f2eea7d32e676b067950e486f2eae55f3cd530c92c2f21,1,1,1,0,0,1,1,1,1,1,1,3,3,1,1,9,2,0,cycle-0004;cycle-0032;cycle-0040;cycle-0044;cycle-0045;cycle-0046;cycle-0058;cycle-0068;cycle-0069;cycle-0083;cycle-0093;cycle-0101;cycle-0102;cycle-0108;cycle-0110;cycle-0126;cycle-0127;cycle-0158;cycle-0162;cycle-0164;cycle-0165;cycle-0166;cycle-0174;cycle-0175;cycle-0181;cycle-0182;cycle-0188;cycle-0197;cycle-0205;cycle-0206;cycle-0217;cycle-0227;cycle-0233;cycle-0242;cycle-0246;cycle-0250;cycle-0257;cycle-0261,1,2125.890034,4240.05452
12,random,FedVal,model_replacement,0,0,0,6,6,0,0.05983807350144737,0.05594661595495,0.0606241224205,0,0,0.06311144209543333,1002,118,0,0,0,1,0,0,0,0,0,0.48360655737704916,0.5029451422894046,0.48360655737704916,-0.019338584912355405,0.05594661595495,199;191;154;245;25;253;251;85;31;38;96;208;88;81;7;91;152;224;49;89;117;30;13;21;124;33;236;35;226;156,237;82;67;104;210;170;190;103;159;207;252;9;249;153;109;53;179;177;17;73;87;48;180;203;77;92;79;26;115;231,166;182;188;32;227;110;102;126;58;205;233;257;181;127;69;174;165;40;261;46;93;4;164;101;108;68;45;44;162;83;158;197;246;250;175;206;217;242;196;183;63;243;230;232;72;105;18;198;10;47;90;98;112;211;51;55;56;11;52;212;8;213;120;99;167;219;223;229;80;125;200;78;186;202;228;254,157;84;225;263;195;2;42;150;255;234;248;184;41;14;264;259;19;12;107;119,reject,0.05983807350144737,266d6a529e5562068604a86d9fbd3c915db393e7ce0f108e551bfa9b5c06b16a,1,1,1,0,0,1,1,1,1,1,1,3,3,1,1,9,2,1,cycle-0008;cycle-0010;cycle-0011;cycle-0018;cycle-0047;cycle-0051;cycle-0052;cycle-0055;cycle-0056;cycle-0063;cycle-0072;cycle-0078;cycle-0080;cycle-0090;cycle-0098;cycle-0099;cycle-0105;cycle-0112;cycle-0120;cycle-0125;cycle-0167;cycle-0183;cycle-0186;cycle-0196;cycle-0198;cycle-0200;cycle-0202;cycle-0211;cycle-0212;cycle-0213;cycle-0219;cycle-0223;cycle-0228;cycle-0229;cycle-0230;cycle-0232;cycle-0243;cycle-0254,1,2067.864305,4207.063749
12,random,FLShield,model_replacement,0,0,0,6,6,0,0.002754786913026316,0.00745686291815,0.00431103375025,0,0,0.0030514496222,1002,118,0,0,0,0,0,0,0,0,0,0.48360655737704916,0.4840915004849431,0.48360655737704916,-0.00048494310789393147,0.00745686291815,199;191;154;245;25;253;251;85;31;38;96;208;88;81;7;91;152;224;49;89;117;30;13;21;124;33;236;35;226;156,237;82;67;104;210;170;190;103;159;207;252;9;249;153;109;53;179;177;17;73;87;48;180;203;77;92;79;26;115;231,166;182;188;32;227;110;102;126;58;205;233;257;181;127;69;174;165;40;261;46;93;4;164;101;108;68;45;44;162;83;158;197;246;250;175;206;217;242;196;183;63;243;230;232;72;105;18;198;10;47;90;98;112;211;51;55;56;11;52;212;8;213;120;99;167;219;223;229;80;125;200;78;186;202;228;254,157;84;225;263;195;2;42;150;255;234;248;184;41;14;264;259;19;12;107;119,reject,0.002754786913026316,019104e081d02fcd3cbc57fe635fe861766734122f3ac9d7cf204bcff6873434,1,1,1,0,0,1,1,1,1,1,1,3,3,1,1,9,2,1,cycle-0008;cycle-0010;cycle-0011;cycle-0018;cycle-0047;cycle-0051;cycle-0052;cycle-0055;cycle-0056;cycle-0063;cycle-0072;cycle-0078;cycle-0080;cycle-0090;cycle-0098;cycle-0099;cycle-0105;cycle-0112;cycle-0120;cycle-0125;cycle-0167;cycle-0183;cycle-0186;cycle-0196;cycle-0198;cycle-0200;cycle-0202;cycle-0211;cycle-0212;cycle-0213;cycle-0219;cycle-0223;cycle-0228;cycle-0229;cycle-0230;cycle-0232;cycle-0243;cycle-0254,1,2170.46671,4230.602146
12,random,FoundationFL,model_replacement,0,0,0,6,6,0,0.5738005644468158,0.5569443981365,0.5808265734598815,1,0,0.6108255448127333,1002,118,0,0,0,1,1,0,0,0,0,0.48360655737704916,0.5151633430321955,0.48360655737704916,-0.0315567856551463,0.5569443981365,199;191;154;245;25;253;251;85;31;38;96;208;88;81;7;91;152;224;49;89;117;30;13;21;124;33;236;35;226;156,237;82;67;104;210;170;190;103;159;207;252;9;249;153;109;53;179;177;17;73;87;48;180;203;77;92;79;26;115;231,166;182;188;32;227;110;102;126;58;205;233;257;181;127;69;174;165;40;261;46;93;4;164;101;108;68;45;44;162;83;158;197;246;250;175;206;217;242;196;183;63;243;230;232;72;105;18;198;10;47;90;98;112;211;51;55;56;11;52;212;8;213;120;99;167;219;223;229;80;125;200;78;186;202;228;254,157;84;225;263;195;2;42;150;255;234;248;184;41;14;264;259;19;12;107;119,reject,0.5738005644468158,a8d1e85b67564ae1e302b9af80a88467764625a9d1257097a4eeb6e965b14dd9,1,1,1,0,0,1,1,1,1,1,1,3,3,1,1,9,2,0,cycle-0004;cycle-0032;cycle-0040;cycle-0044;cycle-0045;cycle-0046;cycle-0058;cycle-0068;cycle-0069;cycle-0083;cycle-0093;cycle-0101;cycle-0102;cycle-0108;cycle-0110;cycle-0126;cycle-0127;cycle-0158;cycle-0162;cycle-0164;cycle-0165;cycle-0166;cycle-0174;cycle-0175;cycle-0181;cycle-0182;cycle-0188;cycle-0197;cycle-0205;cycle-0206;cycle-0217;cycle-0227;cycle-0233;cycle-0242;cycle-0246;cycle-0250;cycle-0257;cycle-0261,1,2165.292445,4233.491299
12,random,FedAvg,score_aware,64,49,0,6,6,1,-3.543702736842105e-06,-8.67044145e-06,2.3518653157894736e-06,0,0,1.2057053e-06,1002,118,0,0,0,0,0,0,0,1,0,0.48360655737704916,0.48360655737704916,0.48360655737704916,0.0,0.0,199;191;154;245;25;253;251;85;31;38;96;208;88;81;7;91;152;224;49;89;117;30;13;21;124;33;236;35;226;156,237;82;67;104;210;170;190;103;159;207;252;9;249;153;109;53;179;177;17;73;87;48;180;203;77;92;79;26;115;231,166;182;188;32;227;110;102;126;58;205;233;257;181;127;69;174;165;40;261;46;93;4;164;101;108;68;45;44;162;83;158;197;246;250;175;206;217;242;196;183;63;243;230;232;72;105;18;198;10;47;90;98;112;211;51;55;56;11;52;212;8;213;120;99;167;219;223;229;80;125;200;78;186;202;228;254,157;84;225;263;195;2;42;150;255;234;248;184;41;14;264;259;19;12;107;119,commit,-3.543702736842105e-06,594ff7e8185efbff425190ea23cdb6fc92cb13b563be58889006c49b98753d38,1,1,1,1,1,1,1,1,1,1,1,3,3,1,1,9,2,0,cycle-0004;cycle-0032;cycle-0040;cycle-0044;cycle-0045;cycle-0046;cycle-0058;cycle-0068;cycle-0069;cycle-0083;cycle-0093;cycle-0101;cycle-0102;cycle-0108;cycle-0110;cycle-0126;cycle-0127;cycle-0158;cycle-0162;cycle-0164;cycle-0165;cycle-0166;cycle-0174;cycle-0175;cycle-0181;cycle-0182;cycle-0188;cycle-0197;cycle-0205;cycle-0206;cycle-0217;cycle-0227;cycle-0233;cycle-0242;cycle-0246;cycle-0250;cycle-0257;cycle-0261,1,2166.518089,4232.66209
12,random,FLTrust,score_aware,64,32,0,6,6,0,0.013862967676210527,0.0146305891369,0.011860481448552632,0,0,0.009962942457,1002,118,0,0,0,0,0,0,0,0,0,0.48360655737704916,0.5140870058902846,0.48360655737704916,-0.030480448513235392,0.0146305891369,199;191;154;245;25;253;251;85;31;38;96;208;88;81;7;91;152;224;49;89;117;30;13;21;124;33;236;35;226;156,237;82;67;104;210;170;190;103;159;207;252;9;249;153;109;53;179;177;17;73;87;48;180;203;77;92;79;26;115;231,166;182;188;32;227;110;102;126;58;205;233;257;181;127;69;174;165;40;261;46;93;4;164;101;108;68;45;44;162;83;158;197;246;250;175;206;217;242;196;183;63;243;230;232;72;105;18;198;10;47;90;98;112;211;51;55;56;11;52;212;8;213;120;99;167;219;223;229;80;125;200;78;186;202;228;254,157;84;225;263;195;2;42;150;255;234;248;184;41;14;264;259;19;12;107;119,reject,0.013862967676210527,fb35c297d382f002ad389574a5f0dc6f63bf2118569d13c41242d9740d5be27e,1,1,1,0,0,1,1,1,1,1,1,3,3,1,1,9,2,0,cycle-0004;cycle-0032;cycle-0040;cycle-0044;cycle-0045;cycle-0046;cycle-0058;cycle-0068;cycle-0069;cycle-0083;cycle-0093;cycle-0101;cycle-0102;cycle-0108;cycle-0110;cycle-0126;cycle-0127;cycle-0158;cycle-0162;cycle-0164;cycle-0165;cycle-0166;cycle-0174;cycle-0175;cycle-0181;cycle-0182;cycle-0188;cycle-0197;cycle-0205;cycle-0206;cycle-0217;cycle-0227;cycle-0233;cycle-0242;cycle-0246;cycle-0250;cycle-0257;cycle-0261,1,2099.000524,4176.742332
12,random,FoundationFL,score_aware,64,5,1,6,6,0,0.0023708554016578947,-0.00486172311625,-0.00039737225619736844,0,0,0.0016042360327333334,1002,118,0,0,0,0,0,0,0,1,1,0.48360655737704916,0.4940387481371088,0.48360655737704916,-0.010432190760059634,-0.00486172311625,199;191;154;245;25;253;251;85;31;38;96;208;88;81;7;91;152;224;49;89;117;30;13;21;124;33;236;35;226;156,237;82;67;104;210;170;190;103;159;207;252;9;249;153;109;53;179;177;17;73;87;48;180;203;77;92;79;26;115;231,166;182;188;32;227;110;102;126;58;205;233;257;181;127;69;174;165;40;261;46;93;4;164;101;108;68;45;44;162;83;158;197;246;250;175;206;217;242;196;183;63;243;230;232;72;105;18;198;10;47;90;98;112;211;51;55;56;11;52;212;8;213;120;99;167;219;223;229;80;125;200;78;186;202;228;254,157;84;225;263;195;2;42;150;255;234;248;184;41;14;264;259;19;12;107;119,reject,0.0023708554016578947,8ff8b1345812f32286d5fe60ebe8dd4db9fb0beacf74c558c15855c40a18892d,1,1,1,0,0,1,1,1,1,1,1,3,3,1,1,9,2,1,cycle-0008;cycle-0010;cycle-0011;cycle-0018;cycle-0047;cycle-0051;cycle-0052;cycle-0055;cycle-0056;cycle-0063;cycle-0072;cycle-0078;cycle-0080;cycle-0090;cycle-0098;cycle-0099;cycle-0105;cycle-0112;cycle-0120;cycle-0125;cycle-0167;cycle-0183;cycle-0186;cycle-0196;cycle-0198;cycle-0200;cycle-0202;cycle-0211;cycle-0212;cycle-0213;cycle-0219;cycle-0223;cycle-0228;cycle-0229;cycle-0230;cycle-0232;cycle-0243;cycle-0254,1,2120.383892,4243.745295
13,random,FedAvg,none,0,0,0,6,0,1,-0.005270173456263158,-0.00638022997675,-0.004129511820671053,0,0,-0.005727456047666666,928,130,1,0,0,0,0,0,0,1,0,0.5660118881768366,0.49695829850469025,0.49695829850469025,0.0,0.0,89;258;62;157;176;204;69;39;120;14;166;108;213;28;107;198;193;12;242;262;100;29;218;223;256;92;91;86;17;173,84;57;163;77;203;164;22;6;96;79;121;196;250;168;257;248;127;172;181;169;47;26;207;225;263;33;261;232;110;219,238;210;249;215;10;87;194;161;189;200;115;54;106;61;185;235;46;98;231;81;126;162;95;90;111;230;184;233;52;222;179;19;119;45;188;2;97;114;202;154;228;41;70;83;226;93;8;36;60;21;156;195;150;236;109;124;117;99;191;53;245;42;239;252;32;101;170;224;4;13;105;212;66;3;206;34,85;23;259;116;171;158;246;118;209;72;251;214;15;38;55;220;48;151;264;240,commit,-0.005270173456263158,6d70c1580080ec9e3667f7e5cf81998b406d4a3be4b14e60b43236e52181d1cb,1,2,2,1,1,1,1,1,1,1,1,3,3,1,1,9,2,0,cycle-0002;cycle-0010;cycle-0019;cycle-0045;cycle-0046;cycle-0052;cycle-0054;cycle-0061;cycle-0081;cycle-0087;cycle-0090;cycle-0095;cycle-0097;cycle-0098;cycle-0106;cycle-0111;cycle-0114;cycle-0115;cycle-0119;cycle-0126;cycle-0161;cycle-0162;cycle-0179;cycle-0184;cycle-0185;cycle-0188;cycle-0189;cycle-0194;cycle-0200;cycle-0210;cycle-0215;cycle-0222;cycle-0230;cycle-0231;cycle-0233;cycle-0235;cycle-0238;cycle-0249,1,2237.886213,5154.198237
13,random,CoordinateMedian,none,0,0,0,6,0,1,-0.004030525371447369,-0.003541746737,-0.003952374998671053,0,0,-0.003995613424366667,928,130,1,0,0,0,0,0,0,1,0,0.5660118881768366,0.4892263397418037,0.4892263397418037,0.0,0.0,89;258;62;157;176;204;69;39;120;14;166;108;213;28;107;198;193;12;242;262;100;29;218;223;256;92;91;86;17;173,84;57;163;77;203;164;22;6;96;79;121;196;250;168;257;248;127;172;181;169;47;26;207;225;263;33;261;232;110;219,238;210;249;215;10;87;194;161;189;200;115;54;106;61;185;235;46;98;231;81;126;162;95;90;111;230;184;233;52;222;179;19;119;45;188;2;97;114;202;154;228;41;70;83;226;93;8;36;60;21;156;195;150;236;109;124;117;99;191;53;245;42;239;252;32;101;170;224;4;13;105;212;66;3;206;34,85;23;259;116;171;158;246;118;209;72;251;214;15;38;55;220;48;151;264;240,commit,-0.004030525371447369,48d2cfc58dfe375b0a29603c4ff68f307017f7c7b1c6dbeebd1b03baac5b76ce,1,1,1,1,1,1,1,1,1,1,1,3,3,1,1,9,2,1,cycle-0003;cycle-0004;cycle-0008;cycle-0013;cycle-0021;cycle-0032;cycle-0034;cycle-0036;cycle-0041;cycle-0042;cycle-0053;cycle-0060;cycle-0066;cycle-0070;cycle-0083;cycle-0093;cycle-0099;cycle-0101;cycle-0105;cycle-0109;cycle-0117;cycle-0124;cycle-0150;cycle-0154;cycle-0156;cycle-0170;cycle-0191;cycle-0195;cycle-0202;cycle-0206;cycle-0212;cycle-0224;cycle-0226;cycle-0228;cycle-0236;cycle-0239;cycle-0245;cycle-0252,1,2271.864195,4472.921836
13,random,Krum,none,0,0,0,6,0,0,0.003976121338710527,0.0036049393212,0.0038200328831447367,0,0,0.0031165669618333333,928,130,0,0,0,0,0,0,0,0,0,0.5660118881768366,0.5666388037522058,0.5660118881768366,-0.0006269155753692024,0.0036049393212,89;258;62;157;176;204;69;39;120;14;166;108;213;28;107;198;193;12;242;262;100;29;218;223;256;92;91;86;17;173,84;57;163;77;203;164;22;6;96;79;121;196;250;168;257;248;127;172;181;169;47;26;207;225;263;33;261;232;110;219,238;210;249;215;10;87;194;161;189;200;115;54;106;61;185;235;46;98;231;81;126;162;95;90;111;230;184;233;52;222;179;19;119;45;188;2;97;114;202;154;228;41;70;83;226;93;8;36;60;21;156;195;150;236;109;124;117;99;191;53;245;42;239;252;32;101;170;224;4;13;105;212;66;3;206;34,85;23;259;116;171;158;246;118;209;72;251;214;15;38;55;220;48;151;264;240,reject,0.003976121338710527,7858dcd7cc2a6e5040595e88e9a9c205798b7f115411f437dadb296ec2c67de2,1,1,1,0,0,1,1,1,1,1,1,3,3,1,1,9,2,0,cycle-0002;cycle-0010;cycle-0019;cycle-0045;cycle-0046;cycle-0052;cycle-0054;cycle-0061;cycle-0081;cycle-0087;cycle-0090;cycle-0095;cycle-0097;cycle-0098;cycle-0106;cycle-0111;cycle-0114;cycle-0115;cycle-0119;cycle-0126;cycle-0161;cycle-0162;cycle-0179;cycle-0184;cycle-0185;cycle-0188;cycle-0189;cycle-0194;cycle-0200;cycle-0210;cycle-0215;cycle-0222;cycle-0230;cycle-0231;cycle-0233;cycle-0235;cycle-0238;cycle-0249,1,2153.387467,4382.836138
13,random,FLTrust,none,0,0,0,6,0,0,0.004930875808052631,-0.0030989430988,0.002249701065092105,0,0,-0.0009650113215666666,928,130,1,0,0,0,0,0,0,1,1,0.5660118881768366,0.4892263397418037,0.5660118881768366,0.07678554843503288,-0.0030989430988,89;258;62;157;176;204;69;39;120;14;166;108;213;28;107;198;193;12;242;262;100;29;218;223;256;92;91;86;17;173,84;57;163;77;203;164;22;6;96;79;121;196;250;168;257;248;127;172;181;169;47;26;207;225;263;33;261;232;110;219,238;210;249;215;10;87;194;161;189;200;115;54;106;61;185;235;46;98;231;81;126;162;95;90;111;230;184;233;52;222;179;19;119;45;188;2;97;114;202;154;228;41;70;83;226;93;8;36;60;21;156;195;150;236;109;124;117;99;191;53;245;42;239;252;32;101;170;224;4;13;105;212;66;3;206;34,85;23;259;116;171;158;246;118;209;72;251;214;15;38;55;220;48;151;264;240,reject,0.004930875808052631,b31a41f3e959504b0297069cda60faed35c330835400a6d422e9f8d2000e01ac,1,1,1,0,0,1,1,1,1,1,1,3,3,1,1,9,2,1,cycle-0003;cycle-0004;cycle-0008;cycle-0013;cycle-0021;cycle-0032;cycle-0034;cycle-0036;cycle-0041;cycle-0042;cycle-0053;cycle-0060;cycle-0066;cycle-0070;cycle-0083;cycle-0093;cycle-0099;cycle-0101;cycle-0105;cycle-0109;cycle-0117;cycle-0124;cycle-0150;cycle-0154;cycle-0156;cycle-0170;cycle-0191;cycle-0195;cycle-0202;cycle-0206;cycle-0212;cycle-0224;cycle-0226;cycle-0228;cycle-0236;cycle-0239;cycle-0245;cycle-0252,1,2294.373554,4430.768078
13,random,FedVal,none,0,0,0,6,0,1,-0.0009956987733947369,0.00055901573105,-0.0004694192830131579,0,0,-0.00016801974253333334,928,130,1,0,0,0,0,0,0,0,0,0.5660118881768366,0.5642936751184173,0.5642936751184173,0.0,0.0,89;258;62;157;176;204;69;39;120;14;166;108;213;28;107;198;193;12;242;262;100;29;218;223;256;92;91;86;17;173,84;57;163;77;203;164;22;6;96;79;121;196;250;168;257;248;127;172;181;169;47;26;207;225;263;33;261;232;110;219,238;210;249;215;10;87;194;161;189;200;115;54;106;61;185;235;46;98;231;81;126;162;95;90;111;230;184;233;52;222;179;19;119;45;188;2;97;114;202;154;228;41;70;83;226;93;8;36;60;21;156;195;150;236;109;124;117;99;191;53;245;42;239;252;32;101;170;224;4;13;105;212;66;3;206;34,85;23;259;116;171;158;246;118;209;72;251;214;15;38;55;220;48;151;264;240,commit,-0.0009956987733947369,8a1c9c2aaa1d143d36f1ccec2840d38c71a33b791968cb7666d271d97574928f,1,1,1,1,1,1,1,1,1,1,1,3,3,1,1,9,2,1,cycle-0003;cycle-0004;cycle-0008;cycle-0013;cycle-0021;cycle-0032;cycle-0034;cycle-0036;cycle-0041;cycle-0042;cycle-0053;cycle-0060;cycle-0066;cycle-0070;cycle-0083;cycle-0093;cycle-0099;cycle-0101;cycle-0105;cycle-0109;cycle-0117;cycle-0124;cycle-0150;cycle-0154;cycle-0156;cycle-0170;cycle-0191;cycle-0195;cycle-0202;cycle-0206;cycle-0212;cycle-0224;cycle-0226;cycle-0228;cycle-0236;cycle-0239;cycle-0245;cycle-0252,1,2297.90553,4430.31869
13,random,FLShield,none,0,0,0,6,0,0,0.009273711213236842,0.01128620723875,0.007191811149513158,0,0,0.009249240278366667,928,130,0,0,0,0,0,0,0,0,0,0.5660118881768366,0.5974969815176001,0.5660118881768366,-0.03148509334076355,0.01128620723875,89;258;62;157;176;204;69;39;120;14;166;108;213;28;107;198;193;12;242;262;100;29;218;223;256;92;91;86;17;173,84;57;163;77;203;164;22;6;96;79;121;196;250;168;257;248;127;172;181;169;47;26;207;225;263;33;261;232;110;219,238;210;249;215;10;87;194;161;189;200;115;54;106;61;185;235;46;98;231;81;126;162;95;90;111;230;184;233;52;222;179;19;119;45;188;2;97;114;202;154;228;41;70;83;226;93;8;36;60;21;156;195;150;236;109;124;117;99;191;53;245;42;239;252;32;101;170;224;4;13;105;212;66;3;206;34,85;23;259;116;171;158;246;118;209;72;251;214;15;38;55;220;48;151;264;240,reject,0.009273711213236842,c2753514a149d1fba08bf361ccc3b4e82c6791ec222a69493699aa3b899ec63b,1,1,1,0,0,1,1,1,1,1,1,3,3,1,1,9,2,0,cycle-0002;cycle-0010;cycle-0019;cycle-0045;cycle-0046;cycle-0052;cycle-0054;cycle-0061;cycle-0081;cycle-0087;cycle-0090;cycle-0095;cycle-0097;cycle-0098;cycle-0106;cycle-0111;cycle-0114;cycle-0115;cycle-0119;cycle-0126;cycle-0161;cycle-0162;cycle-0179;cycle-0184;cycle-0185;cycle-0188;cycle-0189;cycle-0194;cycle-0200;cycle-0210;cycle-0215;cycle-0222;cycle-0230;cycle-0231;cycle-0233;cycle-0235;cycle-0238;cycle-0249,1,2183.755721,4400.812468
13,random,FoundationFL,none,0,0,0,6,0,1,-0.019570155537157893,-0.02292217727905,-0.01559677380075,0,0,-0.0194895853976,928,130,1,0,0,0,0,0,0,1,0,0.5660118881768366,0.4802405498281787,0.4802405498281787,0.0,0.0,89;258;62;157;176;204;69;39;120;14;166;108;213;28;107;198;193;12;242;262;100;29;218;223;256;92;91;86;17;173,84;57;163;77;203;164;22;6;96;79;121;196;250;168;257;248;127;172;181;169;47;26;207;225;263;33;261;232;110;219,238;210;249;215;10;87;194;161;189;200;115;54;106;61;185;235;46;98;231;81;126;162;95;90;111;230;184;233;52;222;179;19;119;45;188;2;97;114;202;154;228;41;70;83;226;93;8;36;60;21;156;195;150;236;109;124;117;99;191;53;245;42;239;252;32;101;170;224;4;13;105;212;66;3;206;34,85;23;259;116;171;158;246;118;209;72;251;214;15;38;55;220;48;151;264;240,commit,-0.019570155537157893,a90f0ad75e1cb962ab187da42deceef59be2315cac36e8dc638ef3b42104cfc5,1,1,1,1,1,1,1,1,1,1,1,3,3,1,1,9,2,0,cycle-0002;cycle-0010;cycle-0019;cycle-0045;cycle-0046;cycle-0052;cycle-0054;cycle-0061;cycle-0081;cycle-0087;cycle-0090;cycle-0095;cycle-0097;cycle-0098;cycle-0106;cycle-0111;cycle-0114;cycle-0115;cycle-0119;cycle-0126;cycle-0161;cycle-0162;cycle-0179;cycle-0184;cycle-0185;cycle-0188;cycle-0189;cycle-0194;cycle-0200;cycle-0210;cycle-0215;cycle-0222;cycle-0230;cycle-0231;cycle-0233;cycle-0235;cycle-0238;cycle-0249,1,2223.45203,4308.620027
13,random,FedAvg,sign_flip,0,0,0,6,6,0,0.015952589580157894,0.0292067299794,0.020278095237026315,0,0,0.025831479737233334,928,130,0,0,0,0,0,0,0,0,0,0.5660118881768366,0.5607179344292746,0.5660118881768366,0.005293953747561919,0.0292067299794,89;258;62;157;176;204;69;39;120;14;166;108;213;28;107;198;193;12;242;262;100;29;218;223;256;92;91;86;17;173,84;57;163;77;203;164;22;6;96;79;121;196;250;168;257;248;127;172;181;169;47;26;207;225;263;33;261;232;110;219,238;210;249;215;10;87;194;161;189;200;115;54;106;61;185;235;46;98;231;81;126;162;95;90;111;230;184;233;52;222;179;19;119;45;188;2;97;114;202;154;228;41;70;83;226;93;8;36;60;21;156;195;150;236;109;124;117;99;191;53;245;42;239;252;32;101;170;224;4;13;105;212;66;3;206;34,85;23;259;116;171;158;246;118;209;72;251;214;15;38;55;220;48;151;264;240,reject,0.015952589580157894,c01d7a94e7ff44bb51acd716dd5ec4ec1e1d960b4e219d454209fe719e922949,1,1,1,0,0,1,1,1,1,1,1,3,3,1,1,9,2,1,cycle-0003;cycle-0004;cycle-0008;cycle-0013;cycle-0021;cycle-0032;cycle-0034;cycle-0036;cycle-0041;cycle-0042;cycle-0053;cycle-0060;cycle-0066;cycle-0070;cycle-0083;cycle-0093;cycle-0099;cycle-0101;cycle-0105;cycle-0109;cycle-0117;cycle-0124;cycle-0150;cycle-0154;cycle-0156;cycle-0170;cycle-0191;cycle-0195;cycle-0202;cycle-0206;cycle-0212;cycle-0224;cycle-0226;cycle-0228;cycle-0236;cycle-0239;cycle-0245;cycle-0252,1,2273.675533,4381.743532
13,random,CoordinateMedian,sign_flip,0,0,0,6,6,1,-0.0013556473557105263,-0.00081518868635,-0.0017348355554736843,0,0,-0.0013684062539,928,130,1,0,0,0,0,0,0,1,0,0.5660118881768366,0.5533574811925327,0.5533574811925327,0.0,0.0,89;258;62;157;176;204;69;39;120;14;166;108;213;28;107;198;193;12;242;262;100;29;218;223;256;92;91;86;17;173,84;57;163;77;203;164;22;6;96;79;121;196;250;168;257;248;127;172;181;169;47;26;207;225;263;33;261;232;110;219,238;210;249;215;10;87;194;161;189;200;115;54;106;61;185;235;46;98;231;81;126;162;95;90;111;230;184;233;52;222;179;19;119;45;188;2;97;114;202;154;228;41;70;83;226;93;8;36;60;21;156;195;150;236;109;124;117;99;191;53;245;42;239;252;32;101;170;224;4;13;105;212;66;3;206;34,85;23;259;116;171;158;246;118;209;72;251;214;15;38;55;220;48;151;264;240,commit,-0.0013556473557105263,ea0a453ad6078a127c80798aeb3b2f27ca5d645d01b70b2b750c136e2666d540,1,1,1,1,1,1,1,1,1,1,1,3,3,1,1,9,2,0,cycle-0002;cycle-0010;cycle-0019;cycle-0045;cycle-0046;cycle-0052;cycle-0054;cycle-0061;cycle-0081;cycle-0087;cycle-0090;cycle-0095;cycle-0097;cycle-0098;cycle-0106;cycle-0111;cycle-0114;cycle-0115;cycle-0119;cycle-0126;cycle-0161;cycle-0162;cycle-0179;cycle-0184;cycle-0185;cycle-0188;cycle-0189;cycle-0194;cycle-0200;cycle-0210;cycle-0215;cycle-0222;cycle-0230;cycle-0231;cycle-0233;cycle-0235;cycle-0238;cycle-0249,1,2153.943604,4306.381345
13,random,Krum,sign_flip,0,0,0,6,6,0,0.003663944427578947,0.0036049393212,0.0038200328831447367,0,0,0.0031165669618333333,928,130,0,0,0,0,0,0,0,0,0,0.5660118881768366,0.5666388037522058,0.5660118881768366,-0.0006269155753692024,0.0036049393212,89;258;62;157;176;204;69;39;120;14;166;108;213;28;107;198;193;12;242;262;100;29;218;223;256;92;91;86;17;173,84;57;163;77;203;164;22;6;96;79;121;196;250;168;257;248;127;172;181;169;47;26;207;225;263;33;261;232;110;219,238;210;249;215;10;87;194;161;189;200;115;54;106;61;185;235;46;98;231;81;126;162;95;90;111;230;184;233;52;222;179;19;119;45;188;2;97;114;202;154;228;41;70;83;226;93;8;36;60;21;156;195;150;236;109;124;117;99;191;53;245;42;239;252;32;101;170;224;4;13;105;212;66;3;206;34,85;23;259;116;171;158;246;118;209;72;251;214;15;38;55;220;48;151;264;240,reject,0.003663944427578947,1c2c3e4f2098c4c6483bd14ff4f534962439536964308bd5cff77ab49ca1f3f0,1,1,1,0,0,1,1,1,1,1,1,3,3,1,1,9,2,1,cycle-0003;cycle-0004;cycle-0008;cycle-0013;cycle-0021;cycle-0032;cycle-0034;cycle-0036;cycle-0041;cycle-0042;cycle-0053;cycle-0060;cycle-0066;cycle-0070;cycle-0083;cycle-0093;cycle-0099;cycle-0101;cycle-0105;cycle-0109;cycle-0117;cycle-0124;cycle-0150;cycle-0154;cycle-0156;cycle-0170;cycle-0191;cycle-0195;cycle-0202;cycle-0206;cycle-0212;cycle-0224;cycle-0226;cycle-0228;cycle-0236;cycle-0239;cycle-0245;cycle-0252,1,2295.049358,4448.08722
13,random,FLTrust,sign_flip,0,0,0,6,6,0,0.006575876040657895,0.0025017069051,0.005315717867105263,0,0,0.0036238984516,928,130,0,0,0,0,0,0,0,0,0,0.5660118881768366,0.521175814990248,0.5660118881768366,0.044836073186588554,0.0025017069051,89;258;62;157;176;204;69;39;120;14;166;108;213;28;107;198;193;12;242;262;100;29;218;223;256;92;91;86;17;173,84;57;163;77;203;164;22;6;96;79;121;196;250;168;257;248;127;172;181;169;47;26;207;225;263;33;261;232;110;219,238;210;249;215;10;87;194;161;189;200;115;54;106;61;185;235;46;98;231;81;126;162;95;90;111;230;184;233;52;222;179;19;119;45;188;2;97;114;202;154;228;41;70;83;226;93;8;36;60;21;156;195;150;236;109;124;117;99;191;53;245;42;239;252;32;101;170;224;4;13;105;212;66;3;206;34,85;23;259;116;171;158;246;118;209;72;251;214;15;38;55;220;48;151;264;240,reject,0.006575876040657895,a899b5b6d211b2243ec63982220abf5d373e808c231fdb6f3d1983c8bb77727a,1,1,1,0,0,1,1,1,1,1,1,3,3,1,1,9,2,1,cycle-0003;cycle-0004;cycle-0008;cycle-0013;cycle-0021;cycle-0032;cycle-0034;cycle-0036;cycle-0041;cycle-0042;cycle-0053;cycle-0060;cycle-0066;cycle-0070;cycle-0083;cycle-0093;cycle-0099;cycle-0101;cycle-0105;cycle-0109;cycle-0117;cycle-0124;cycle-0150;cycle-0154;cycle-0156;cycle-0170;cycle-0191;cycle-0195;cycle-0202;cycle-0206;cycle-0212;cycle-0224;cycle-0226;cycle-0228;cycle-0236;cycle-0239;cycle-0245;cycle-0252,1,2335.398843,4471.577864
13,random,FedVal,sign_flip,0,0,0,6,6,0,0.016643646280447368,0.0193933602264,0.01383640430031579,0,0,0.017345223705066668,928,130,0,0,0,0,0,0,0,0,0,0.5660118881768366,0.6013281322559674,0.5660118881768366,-0.03531624407913081,0.0193933602264,89;258;62;157;176;204;69;39;120;14;166;108;213;28;107;198;193;12;242;262;100;29;218;223;256;92;91;86;17;173,84;57;163;77;203;164;22;6;96;79;121;196;250;168;257;248;127;172;181;169;47;26;207;225;263;33;261;232;110;219,238;210;249;215;10;87;194;161;189;200;115;54;106;61;185;235;46;98;231;81;126;162;95;90;111;230;184;233;52;222;179;19;119;45;188;2;97;114;202;154;228;41;70;83;226;93;8;36;60;21;156;195;150;236;109;124;117;99;191;53;245;42;239;252;32;101;170;224;4;13;105;212;66;3;206;34,85;23;259;116;171;158;246;118;209;72;251;214;15;38;55;220;48;151;264;240,reject,0.016643646280447368,23bd7559eb4a656d8f347bae7c0b2a20cb45dc9dcfe71f3b2be0902ed27680ba,1,1,1,0,0,1,1,1,1,1,1,3,3,1,1,9,2,0,cycle-0002;cycle-0010;cycle-0019;cycle-0045;cycle-0046;cycle-0052;cycle-0054;cycle-0061;cycle-0081;cycle-0087;cycle-0090;cycle-0095;cycle-0097;cycle-0098;cycle-0106;cycle-0111;cycle-0114;cycle-0115;cycle-0119;cycle-0126;cycle-0161;cycle-0162;cycle-0179;cycle-0184;cycle-0185;cycle-0188;cycle-0189;cycle-0194;cycle-0200;cycle-0210;cycle-0215;cycle-0222;cycle-0230;cycle-0231;cycle-0233;cycle-0235;cycle-0238;cycle-0249,1,2200.687838,4279.510909
13,random,FLShield,sign_flip,0,0,0,6,6,1,-0.0014973537038421054,-0.00155136342965,-0.0014995814972105263,0,0,-0.0017002263984,928,130,1,0,0,0,0,0,0,1,0,0.5660118881768366,0.5263304541655057,0.5263304541655057,0.0,0.0,89;258;62;157;176;204;69;39;120;14;166;108;213;28;107;198;193;12;242;262;100;29;218;223;256;92;91;86;17;173,84;57;163;77;203;164;22;6;96;79;121;196;250;168;257;248;127;172;181;169;47;26;207;225;263;33;261;232;110;219,238;210;249;215;10;87;194;161;189;200;115;54;106;61;185;235;46;98;231;81;126;162;95;90;111;230;184;233;52;222;179;19;119;45;188;2;97;114;202;154;228;41;70;83;226;93;8;36;60;21;156;195;150;236;109;124;117;99;191;53;245;42;239;252;32;101;170;224;4;13;105;212;66;3;206;34,85;23;259;116;171;158;246;118;209;72;251;214;15;38;55;220;48;151;264;240,commit,-0.0014973537038421054,e2b87ec750ca28f61110a1dc45a8edc6e811de29dc2c64a0b35022e8e9082ad3,1,1,1,1,1,1,1,1,1,1,1,3,3,1,1,9,2,0,cycle-0002;cycle-0010;cycle-0019;cycle-0045;cycle-0046;cycle-0052;cycle-0054;cycle-0061;cycle-0081;cycle-0087;cycle-0090;cycle-0095;cycle-0097;cycle-0098;cycle-0106;cycle-0111;cycle-0114;cycle-0115;cycle-0119;cycle-0126;cycle-0161;cycle-0162;cycle-0179;cycle-0184;cycle-0185;cycle-0188;cycle-0189;cycle-0194;cycle-0200;cycle-0210;cycle-0215;cycle-0222;cycle-0230;cycle-0231;cycle-0233;cycle-0235;cycle-0238;cycle-0249,1,2138.125768,4345.732875
13,random,FoundationFL,sign_flip,0,0,0,6,6,0,0.11221487381326316,0.1682977422939,0.12826998813626317,0,0,0.15427647864176666,928,130,0,0,0,1,0,0,0,0,0,0.5660118881768366,0.38843224667966936,0.5660118881768366,0.1775796414971672,0.1682977422939,89;258;62;157;176;204;69;39;120;14;166;108;213;28;107;198;193;12;242;262;100;29;218;223;256;92;91;86;17;173,84;57;163;77;203;164;22;6;96;79;121;196;250;168;257;248;127;172;181;169;47;26;207;225;263;33;261;232;110;219,238;210;249;215;10;87;194;161;189;200;115;54;106;61;185;235;46;98;231;81;126;162;95;90;111;230;184;233;52;222;179;19;119;45;188;2;97;114;202;154;228;41;70;83;226;93;8;36;60;21;156;195;150;236;109;124;117;99;191;53;245;42;239;252;32;101;170;224;4;13;105;212;66;3;206;34,85;23;259;116;171;158;246;118;209;72;251;214;15;38;55;220;48;151;264;240,reject,0.11221487381326316,72060b7b16f8fe480ee2904ea410a29276b876d3e2c9ff25f38d0866dfa8dffb,1,1,1,0,0,1,1,1,1,1,1,3,3,1,1,9,2,1,cycle-0003;cycle-0004;cycle-0008;cycle-0013;cycle-0021;cycle-0032;cycle-0034;cycle-0036;cycle-0041;cycle-0042;cycle-0053;cycle-0060;cycle-0066;cycle-0070;cycle-0083;cycle-0093;cycle-0099;cycle-0101;cycle-0105;cycle-0109;cycle-0117;cycle-0124;cycle-0150;cycle-0154;cycle-0156;cycle-0170;cycle-0191;cycle-0195;cycle-0202;cycle-0206;cycle-0212;cycle-0224;cycle-0226;cycle-0228;cycle-0236;cycle-0239;cycle-0245;cycle-0252,1,2261.848105,4517.875651
13,random,FedAvg,model_replacement,0,0,0,6,6,0,0.3507532664159474,0.25095906066815,0.3039297377086579,0,0,0.2600785903089333,928,130,0,0,0,1,0,0,0,0,0,0.5660118881768366,0.38641218538125754,0.5660118881768366,0.17959970279557902,0.25095906066815,89;258;62;157;176;204;69;39;120;14;166;108;213;28;107;198;193;12;242;262;100;29;218;223;256;92;91;86;17;173,84;57;163;77;203;164;22;6;96;79;121;196;250;168;257;248;127;172;181;169;47;26;207;225;263;33;261;232;110;219,238;210;249;215;10;87;194;161;189;200;115;54;106;61;185;235;46;98;231;81;126;162;95;90;111;230;184;233;52;222;179;19;119;45;188;2;97;114;202;154;228;41;70;83;226;93;8;36;60;21;156;195;150;236;109;124;117;99;191;53;245;42;239;252;32;101;170;224;4;13;105;212;66;3;206;34,85;23;259;116;171;158;246;118;209;72;251;214;15;38;55;220;48;151;264;240,reject,0.3507532664159474,4945e85229a3d27e50e78c1d18af0af70f3690c82e8e1119ef721ba0b63ad961,1,1,1,0,0,1,1,1,1,1,1,3,3,1,1,9,2,1,cycle-0003;cycle-0004;cycle-0008;cycle-0013;cycle-0021;cycle-0032;cycle-0034;cycle-0036;cycle-0041;cycle-0042;cycle-0053;cycle-0060;cycle-0066;cycle-0070;cycle-0083;cycle-0093;cycle-0099;cycle-0101;cycle-0105;cycle-0109;cycle-0117;cycle-0124;cycle-0150;cycle-0154;cycle-0156;cycle-0170;cycle-0191;cycle-0195;cycle-0202;cycle-0206;cycle-0212;cycle-0224;cycle-0226;cycle-0228;cycle-0236;cycle-0239;cycle-0245;cycle-0252,1,2298.317036,4464.476641
13,random,CoordinateMedian,model_replacement,0,0,0,6,6,1,-0.014512471842763159,-0.01834983752595,-0.009894432175815789,0,0,-0.015066246053433333,928,130,1,0,0,0,0,0,0,1,0,0.5660118881768366,0.49804959598774035,0.49804959598774035,0.0,0.0,89;258;62;157;176;204;69;39;120;14;166;108;213;28;107;198;193;12;242;262;100;29;218;223;256;92;91;86;17;173,84;57;163;77;203;164;22;6;96;79;121;196;250;168;257;248;127;172;181;169;47;26;207;225;263;33;261;232;110;219,238;210;249;215;10;87;194;161;189;200;115;54;106;61;185;235;46;98;231;81;126;162;95;90;111;230;184;233;52;222;179;19;119;45;188;2;97;114;202;154;228;41;70;83;226;93;8;36;60;21;156;195;150;236;109;124;117;99;191;53;245;42;239;252;32;101;170;224;4;13;105;212;66;3;206;34,85;23;259;116;171;158;246;118;209;72;251;214;15;38;55;220;48;151;264;240,commit,-0.014512471842763159,a93a6570c2dc6705bac3aac00d80d4c579dd78c4b3306ac210b0b9809ab2aa0a,1,1,1,1,1,1,1,1,1,1,1,3,3,1,1,9,2,0,cycle-0002;cycle-0010;cycle-0019;cycle-0045;cycle-0046;cycle-0052;cycle-0054;cycle-0061;cycle-0081;cycle-0087;cycle-0090;cycle-0095;cycle-0097;cycle-0098;cycle-0106;cycle-0111;cycle-0114;cycle-0115;cycle-0119;cycle-0126;cycle-0161;cycle-0162;cycle-0179;cycle-0184;cycle-0185;cycle-0188;cycle-0189;cycle-0194;cycle-0200;cycle-0210;cycle-0215;cycle-0222;cycle-0230;cycle-0231;cycle-0233;cycle-0235;cycle-0238;cycle-0249,1,2261.205647,4353.778805
13,random,Krum,model_replacement,0,0,0,6,6,0,0.003976121338710527,0.0036049393212,0.0038200328831447367,0,0,0.0031165669618333333,928,130,0,0,0,0,0,0,0,0,0,0.5660118881768366,0.5666388037522058,0.5660118881768366,-0.0006269155753692024,0.0036049393212,89;258;62;157;176;204;69;39;120;14;166;108;213;28;107;198;193;12;242;262;100;29;218;223;256;92;91;86;17;173,84;57;163;77;203;164;22;6;96;79;121;196;250;168;257;248;127;172;181;169;47;26;207;225;263;33;261;232;110;219,238;210;249;215;10;87;194;161;189;200;115;54;106;61;185;235;46;98;231;81;126;162;95;90;111;230;184;233;52;222;179;19;119;45;188;2;97;114;202;154;228;41;70;83;226;93;8;36;60;21;156;195;150;236;109;124;117;99;191;53;245;42;239;252;32;101;170;224;4;13;105;212;66;3;206;34,85;23;259;116;171;158;246;118;209;72;251;214;15;38;55;220;48;151;264;240,reject,0.003976121338710527,fb70d27ddc72edb56a607c1cbaf7bd93c76546e7109721747e6159182e72aa54,1,1,1,0,0,1,1,1,1,1,1,3,3,1,1,9,2,0,cycle-0002;cycle-0010;cycle-0019;cycle-0045;cycle-0046;cycle-0052;cycle-0054;cycle-0061;cycle-0081;cycle-0087;cycle-0090;cycle-0095;cycle-0097;cycle-0098;cycle-0106;cycle-0111;cycle-0114;cycle-0115;cycle-0119;cycle-0126;cycle-0161;cycle-0162;cycle-0179;cycle-0184;cycle-0185;cycle-0188;cycle-0189;cycle-0194;cycle-0200;cycle-0210;cycle-0215;cycle-0222;cycle-0230;cycle-0231;cycle-0233;cycle-0235;cycle-0238;cycle-0249,1,2153.260061,4308.714892
13,random,FLTrust,model_replacement,0,0,0,6,6,0,0.005314159365394737,0.00301089497915,0.007838378039355264,0,0,0.005106898381333333,928,130,0,0,0,0,0,0,0,0,0,0.5660118881768366,0.49695829850469025,0.5660118881768366,0.06905358967214631,0.00301089497915,89;258;62;157;176;204;69;39;120;14;166;108;213;28;107;198;193;12;242;262;100;29;218;223;256;92;91;86;17;173,84;57;163;77;203;164;22;6;96;79;121;196;250;168;257;248;127;172;181;169;47;26;207;225;263;33;261;232;110;219,238;210;249;215;10;87;194;161;189;200;115;54;106;61;185;235;46;98;231;81;126;162;95;90;111;230;184;233;52;222;179;19;119;45;188;2;97;114;202;154;228;41;70;83;226;93;8;36;60;21;156;195;150;236;109;124;117;99;191;53;245;42;239;252;32;101;170;224;4;13;105;212;66;3;206;34,85;23;259;116;171;158;246;118;209;72;251;214;15;38;55;220;48;151;264;240,reject,0.005314159365394737,91ddf99c6309c7e685afb2be0af63bbf23b2d1a1ac0633768c0f962728a787bc,1,1,1,0,0,1,1,1,1,1,1,3,3,1,1,9,2,0,cycle-0002;cycle-0010;cycle-0019;cycle-0045;cycle-0046;cycle-0052;cycle-0054;cycle-0061;cycle-0081;cycle-0087;cycle-0090;cycle-0095;cycle-0097;cycle-0098;cycle-0106;cycle-0111;cycle-0114;cycle-0115;cycle-0119;cycle-0126;cycle-0161;cycle-0162;cycle-0179;cycle-0184;cycle-0185;cycle-0188;cycle-0189;cycle-0194;cycle-0200;cycle-0210;cycle-0215;cycle-0222;cycle-0230;cycle-0231;cycle-0233;cycle-0235;cycle-0238;cycle-0249,1,2156.978938,4381.285451
13,random,FedVal,model_replacement,0,0,0,6,6,0,0.03399268258655263,0.03029018766955,0.03991132834717105,0,0,0.0340125058698,928,130,0,0,0,0,0,0,0,0,0,0.5660118881768366,0.5012538311507384,0.5660118881768366,0.06475805702609816,0.03029018766955,89;258;62;157;176;204;69;39;120;14;166;108;213;28;107;198;193;12;242;262;100;29;218;223;256;92;91;86;17;173,84;57;163;77;203;164;22;6;96;79;121;196;250;168;257;248;127;172;181;169;47;26;207;225;263;33;261;232;110;219,238;210;249;215;10;87;194;161;189;200;115;54;106;61;185;235;46;98;231;81;126;162;95;90;111;230;184;233;52;222;179;19;119;45;188;2;97;114;202;154;228;41;70;83;226;93;8;36;60;21;156;195;150;236;109;124;117;99;191;53;245;42;239;252;32;101;170;224;4;13;105;212;66;3;206;34,85;23;259;116;171;158;246;118;209;72;251;214;15;38;55;220;48;151;264;240,reject,0.03399268258655263,971383d0f064c8665ee9f1f1eba137fd4b2d3197f8b55a0c28128c421eed2e0d,1,1,1,0,0,1,1,1,1,1,1,3,3,1,1,9,2,0,cycle-0002;cycle-0010;cycle-0019;cycle-0045;cycle-0046;cycle-0052;cycle-0054;cycle-0061;cycle-0081;cycle-0087;cycle-0090;cycle-0095;cycle-0097;cycle-0098;cycle-0106;cycle-0111;cycle-0114;cycle-0115;cycle-0119;cycle-0126;cycle-0161;cycle-0162;cycle-0179;cycle-0184;cycle-0185;cycle-0188;cycle-0189;cycle-0194;cycle-0200;cycle-0210;cycle-0215;cycle-0222;cycle-0230;cycle-0231;cycle-0233;cycle-0235;cycle-0238;cycle-0249,1,2181.890271,4287.507015
13,random,FLShield,model_replacement,0,0,0,6,6,1,-0.0030363011557105264,-0.00553859387635,-0.0038947331525,0,0,-0.005114207186366667,928,130,1,0,0,0,0,0,0,1,0,0.5660118881768366,0.49695829850469025,0.49695829850469025,0.0,0.0,89;258;62;157;176;204;69;39;120;14;166;108;213;28;107;198;193;12;242;262;100;29;218;223;256;92;91;86;17;173,84;57;163;77;203;164;22;6;96;79;121;196;250;168;257;248;127;172;181;169;47;26;207;225;263;33;261;232;110;219,238;210;249;215;10;87;194;161;189;200;115;54;106;61;185;235;46;98;231;81;126;162;95;90;111;230;184;233;52;222;179;19;119;45;188;2;97;114;202;154;228;41;70;83;226;93;8;36;60;21;156;195;150;236;109;124;117;99;191;53;245;42;239;252;32;101;170;224;4;13;105;212;66;3;206;34,85;23;259;116;171;158;246;118;209;72;251;214;15;38;55;220;48;151;264;240,commit,-0.0030363011557105264,ad5383539ad683d4f059e6b68efa76081a9e173cc92c25eed67b92f8f8290fa4,1,1,1,1,1,1,1,1,1,1,1,3,3,1,1,9,2,1,cycle-0003;cycle-0004;cycle-0008;cycle-0013;cycle-0021;cycle-0032;cycle-0034;cycle-0036;cycle-0041;cycle-0042;cycle-0053;cycle-0060;cycle-0066;cycle-0070;cycle-0083;cycle-0093;cycle-0099;cycle-0101;cycle-0105;cycle-0109;cycle-0117;cycle-0124;cycle-0150;cycle-0154;cycle-0156;cycle-0170;cycle-0191;cycle-0195;cycle-0202;cycle-0206;cycle-0212;cycle-0224;cycle-0226;cycle-0228;cycle-0236;cycle-0239;cycle-0245;cycle-0252,1,2294.007196,4399.910792
13,random,FoundationFL,model_replacement,0,0,0,6,6,0,0.4497987622537105,0.3213879976944,0.39372265978451315,1,0,0.33225517588826664,928,130,0,0,0,1,0,0,0,0,0,0.5660118881768366,0.4641961549178044,0.5660118881768366,0.10181573325903215,0.3213879976944,89;258;62;157;176;204;69;39;120;14;166;108;213;28;107;198;193;12;242;262;100;29;218;223;256;92;91;86;17;173,84;57;163;77;203;164;22;6;96;79;121;196;250;168;257;248;127;172;181;169;47;26;207;225;263;33;261;232;110;219,238;210;249;215;10;87;194;161;189;200;115;54;106;61;185;235;46;98;231;81;126;162;95;90;111;230;184;233;52;222;179;19;119;45;188;2;97;114;202;154;228;41;70;83;226;93;8;36;60;21;156;195;150;236;109;124;117;99;191;53;245;42;239;252;32;101;170;224;4;13;105;212;66;3;206;34,85;23;259;116;171;158;246;118;209;72;251;214;15;38;55;220;48;151;264;240,reject,0.4497987622537105,648ebe19cd76123ab9b64baa01449ccc8f0f639a0cd5fb96f819b43538834af2,1,1,1,0,0,1,1,1,1,1,1,3,3,1,1,9,2,1,cycle-0003;cycle-0004;cycle-0008;cycle-0013;cycle-0021;cycle-0032;cycle-0034;cycle-0036;cycle-0041;cycle-0042;cycle-0053;cycle-0060;cycle-0066;cycle-0070;cycle-0083;cycle-0093;cycle-0099;cycle-0101;cycle-0105;cycle-0109;cycle-0117;cycle-0124;cycle-0150;cycle-0154;cycle-0156;cycle-0170;cycle-0191;cycle-0195;cycle-0202;cycle-0206;cycle-0212;cycle-0224;cycle-0226;cycle-0228;cycle-0236;cycle-0239;cycle-0245;cycle-0252,1,2305.161484,4471.446711
13,random,FedAvg,score_aware,64,49,0,6,6,0,6.409996842105263e-06,2.76197805e-06,3.1571797763157895e-06,0,0,9.293383333333334e-07,928,130,0,0,0,0,0,0,0,0,0,0.5660118881768366,0.5660118881768366,0.5660118881768366,0.0,2.76197805e-06,89;258;62;157;176;204;69;39;120;14;166;108;213;28;107;198;193;12;242;262;100;29;218;223;256;92;91;86;17;173,84;57;163;77;203;164;22;6;96;79;121;196;250;168;257;248;127;172;181;169;47;26;207;225;263;33;261;232;110;219,238;210;249;215;10;87;194;161;189;200;115;54;106;61;185;235;46;98;231;81;126;162;95;90;111;230;184;233;52;222;179;19;119;45;188;2;97;114;202;154;228;41;70;83;226;93;8;36;60;21;156;195;150;236;109;124;117;99;191;53;245;42;239;252;32;101;170;224;4;13;105;212;66;3;206;34,85;23;259;116;171;158;246;118;209;72;251;214;15;38;55;220;48;151;264;240,reject,6.409996842105263e-06,8630228ae2032b21dd16e5eafff63c2f584b686587a02e4c0b7e0c6d6b9db709,1,1,1,0,0,1,1,1,1,1,1,3,3,1,1,9,2,0,cycle-0002;cycle-0010;cycle-0019;cycle-0045;cycle-0046;cycle-0052;cycle-0054;cycle-0061;cycle-0081;cycle-0087;cycle-0090;cycle-0095;cycle-0097;cycle-0098;cycle-0106;cycle-0111;cycle-0114;cycle-0115;cycle-0119;cycle-0126;cycle-0161;cycle-0162;cycle-0179;cycle-0184;cycle-0185;cycle-0188;cycle-0189;cycle-0194;cycle-0200;cycle-0210;cycle-0215;cycle-0222;cycle-0230;cycle-0231;cycle-0233;cycle-0235;cycle-0238;cycle-0249,1,2238.763693,4375.100635
13,random,FLTrust,score_aware,64,1,1,6,6,1,-0.00043147367786842104,-0.0030989430988,0.002249701065092105,0,0,-0.0009650113215666666,928,130,1,0,0,0,0,0,0,1,0,0.5660118881768366,0.4892263397418037,0.4892263397418037,0.0,0.0,89;258;62;157;176;204;69;39;120;14;166;108;213;28;107;198;193;12;242;262;100;29;218;223;256;92;91;86;17;173,84;57;163;77;203;164;22;6;96;79;121;196;250;168;257;248;127;172;181;169;47;26;207;225;263;33;261;232;110;219,238;210;249;215;10;87;194;161;189;200;115;54;106;61;185;235;46;98;231;81;126;162;95;90;111;230;184;233;52;222;179;19;119;45;188;2;97;114;202;154;228;41;70;83;226;93;8;36;60;21;156;195;150;236;109;124;117;99;191;53;245;42;239;252;32;101;170;224;4;13;105;212;66;3;206;34,85;23;259;116;171;158;246;118;209;72;251;214;15;38;55;220;48;151;264;240,commit,-0.00043147367786842104,cb86c915669aacc9e2b70aae362cb10abd5f9159062a590e7e3b293247535554,1,1,1,1,1,1,1,1,1,1,1,3,3,1,1,9,2,0,cycle-0002;cycle-0010;cycle-0019;cycle-0045;cycle-0046;cycle-0052;cycle-0054;cycle-0061;cycle-0081;cycle-0087;cycle-0090;cycle-0095;cycle-0097;cycle-0098;cycle-0106;cycle-0111;cycle-0114;cycle-0115;cycle-0119;cycle-0126;cycle-0161;cycle-0162;cycle-0179;cycle-0184;cycle-0185;cycle-0188;cycle-0189;cycle-0194;cycle-0200;cycle-0210;cycle-0215;cycle-0222;cycle-0230;cycle-0231;cycle-0233;cycle-0235;cycle-0238;cycle-0249,1,2236.645808,4320.230614
13,random,FoundationFL,score_aware,64,55,1,6,6,0,0.00042723476423684213,-0.00180984474495,0.0024955407083026315,0,0,-0.00011918599,928,130,1,0,0,0,0,0,0,1,1,0.5660118881768366,0.48578991362496515,0.5660118881768366,0.08022197455187141,-0.00180984474495,89;258;62;157;176;204;69;39;120;14;166;108;213;28;107;198;193;12;242;262;100;29;218;223;256;92;91;86;17;173,84;57;163;77;203;164;22;6;96;79;121;196;250;168;257;248;127;172;181;169;47;26;207;225;263;33;261;232;110;219,238;210;249;215;10;87;194;161;189;200;115;54;106;61;185;235;46;98;231;81;126;162;95;90;111;230;184;233;52;222;179;19;119;45;188;2;97;114;202;154;228;41;70;83;226;93;8;36;60;21;156;195;150;236;109;124;117;99;191;53;245;42;239;252;32;101;170;224;4;13;105;212;66;3;206;34,85;23;259;116;171;158;246;118;209;72;251;214;15;38;55;220;48;151;264;240,reject,0.00042723476423684213,75c57504d3fdf360ca1e1506d14cfef24aea150e242c848370e8dd5dc7a683b6,1,1,1,0,0,1,1,1,1,1,1,3,3,1,1,9,2,0,cycle-0002;cycle-0010;cycle-0019;cycle-0045;cycle-0046;cycle-0052;cycle-0054;cycle-0061;cycle-0081;cycle-0087;cycle-0090;cycle-0095;cycle-0097;cycle-0098;cycle-0106;cycle-0111;cycle-0114;cycle-0115;cycle-0119;cycle-0126;cycle-0161;cycle-0162;cycle-0179;cycle-0184;cycle-0185;cycle-0188;cycle-0189;cycle-0194;cycle-0200;cycle-0210;cycle-0215;cycle-0222;cycle-0230;cycle-0231;cycle-0233;cycle-0235;cycle-0238;cycle-0249,1,2210.439002,4292.859594
14,random,FedAvg,none,0,0,0,6,0,1,-0.0030001496080263156,-0.0038330094482,-0.0033980854058552634,0,0,-0.0039141787922333336,979,182,1,0,0,0,0,0,0,1,0,0.5582020745293892,0.5514310411064156,0.5514310411064156,0.0,0.0,111;104;86;116;229;98;43;58;240;120;178;34;125;63;27;180;163;15;195;210;216;203;228;10;22;54;89;113;127;90,186;36;181;56;191;70;6;33;223;75;253;16;237;206;109;207;118;30;2;64;212;12;233;222;110;183;103;114;153;239,227;97;182;84;108;91;261;4;68;204;171;250;211;88;23;57;19;21;28;161;202;251;52;76;81;44;3;60;51;209;214;154;53;258;11;61;158;77;236;62;96;194;39;177;165;37;42;49;189;126;167;46;8;119;221;106;230;185;87;105;9;179;248;238;160;256;78;156;121;100;166;101;17;38;200;117,224;48;72;151;65;217;40;80;20;231;31;201;196;92;184;199;155;59;197;254,commit,-0.0030001496080263156,b3450f90c9235b1e22deedd1c30e92b731e804e2e957bfceaf73492599ce73f2,1,2,2,1,1,1,1,1,1,1,1,3,3,1,1,9,2,0,cycle-0003;cycle-0004;cycle-0011;cycle-0019;cycle-0021;cycle-0023;cycle-0028;cycle-0044;cycle-0051;cycle-0052;cycle-0053;cycle-0057;cycle-0060;cycle-0061;cycle-0068;cycle-0076;cycle-0077;cycle-0081;cycle-0084;cycle-0088;cycle-0091;cycle-0097;cycle-0108;cycle-0154;cycle-0158;cycle-0161;cycle-0171;cycle-0182;cycle-0202;cycle-0204;cycle-0209;cycle-0211;cycle-0214;cycle-0227;cycle-0250;cycle-0251;cycle-0258;cycle-0261,1,2005.190204,4829.966237
14,random,CoordinateMedian,none,0,0,0,6,0,1,-0.011213744926026316,-0.01130562055765,-0.01136281743418421,0,0,-0.0109377841889,979,182,1,0,0,0,0,0,0,1,0,0.5582020745293892,0.5097483672685363,0.5097483672685363,0.0,0.0,111;104;86;116;229;98;43;58;240;120;178;34;125;63;27;180;163;15;195;210;216;203;228;10;22;54;89;113;127;90,186;36;181;56;191;70;6;33;223;75;253;16;237;206;109;207;118;30;2;64;212;12;233;222;110;183;103;114;153;239,227;97;182;84;108;91;261;4;68;204;171;250;211;88;23;57;19;21;28;161;202;251;52;76;81;44;3;60;51;209;214;154;53;258;11;61;158;77;236;62;96;194;39;177;165;37;42;49;189;126;167;46;8;119;221;106;230;185;87;105;9;179;248;238;160;256;78;156;121;100;166;101;17;38;200;117,224;48;72;151;65;217;40;80;20;231;31;201;196;92;184;199;155;59;197;254,commit,-0.011213744926026316,641fcd53ece326d1ad3f9b970d5caf2f9d0755ac68e3abf8c6e410e70114b39a,1,1,1,1,1,1,1,1,1,1,1,3,3,1,1,9,2,1,cycle-0008;cycle-0009;cycle-0017;cycle-0037;cycle-0038;cycle-0039;cycle-0042;cycle-0046;cycle-0049;cycle-0062;cycle-0078;cycle-0087;cycle-0096;cycle-0100;cycle-0101;cycle-0105;cycle-0106;cycle-0117;cycle-0119;cycle-0121;cycle-0126;cycle-0156;cycle-0160;cycle-0165;cycle-0166;cycle-0167;cycle-0177;cycle-0179;cycle-0185;cycle-0189;cycle-0194;cycle-0200;cycle-0221;cycle-0230;cycle-0236;cycle-0238;cycle-0248;cycle-0256,1,1983.701912,3989.271423
14,random,Krum,none,0,0,0,6,0,0,0.008612426464868421,-0.00327945889585,0.0036072748240263157,0,0,-0.005197839050933333,979,182,1,0,0,0,0,0,0,1,1,0.5582020745293892,0.520553207837111,0.5582020745293892,0.03764886669227818,-0.00327945889585,111;104;86;116;229;98;43;58;240;120;178;34;125;63;27;180;163;15;195;210;216;203;228;10;22;54;89;113;127;90,186;36;181;56;191;70;6;33;223;75;253;16;237;206;109;207;118;30;2;64;212;12;233;222;110;183;103;114;153;239,227;97;182;84;108;91;261;4;68;204;171;250;211;88;23;57;19;21;28;161;202;251;52;76;81;44;3;60;51;209;214;154;53;258;11;61;158;77;236;62;96;194;39;177;165;37;42;49;189;126;167;46;8;119;221;106;230;185;87;105;9;179;248;238;160;256;78;156;121;100;166;101;17;38;200;117,224;48;72;151;65;217;40;80;20;231;31;201;196;92;184;199;155;59;197;254,reject,0.008612426464868421,631891188d3cb384635d7351af25472c928ea9993e61aec62bd711c2cf58687a,1,1,1,0,0,1,1,1,1,1,1,3,3,1,1,9,2,0,cycle-0003;cycle-0004;cycle-0011;cycle-0019;cycle-0021;cycle-0023;cycle-0028;cycle-0044;cycle-0051;cycle-0052;cycle-0053;cycle-0057;cycle-0060;cycle-0061;cycle-0068;cycle-0076;cycle-0077;cycle-0081;cycle-0084;cycle-0088;cycle-0091;cycle-0097;cycle-0108;cycle-0154;cycle-0158;cycle-0161;cycle-0171;cycle-0182;cycle-0202;cycle-0204;cycle-0209;cycle-0211;cycle-0214;cycle-0227;cycle-0250;cycle-0251;cycle-0258;cycle-0261,1,2048.329803,4030.297796
14,random,FLTrust,none,0,0,0,6,0,0,0.048376531851973686,0.0062924420116,0.03180103358622369,0,0,0.0066264550008,979,182,0,0,0,0,0,0,0,0,0,0.5582020745293892,0.49553399923165575,0.5582020745293892,0.06266807529773344,0.0062924420116,111;104;86;116;229;98;43;58;240;120;178;34;125;63;27;180;163;15;195;210;216;203;228;10;22;54;89;113;127;90,186;36;181;56;191;70;6;33;223;75;253;16;237;206;109;207;118;30;2;64;212;12;233;222;110;183;103;114;153;239,227;97;182;84;108;91;261;4;68;204;171;250;211;88;23;57;19;21;28;161;202;251;52;76;81;44;3;60;51;209;214;154;53;258;11;61;158;77;236;62;96;194;39;177;165;37;42;49;189;126;167;46;8;119;221;106;230;185;87;105;9;179;248;238;160;256;78;156;121;100;166;101;17;38;200;117,224;48;72;151;65;217;40;80;20;231;31;201;196;92;184;199;155;59;197;254,reject,0.048376531851973686,0d2b8c64e681cd017fdcc263b111a33f1aa34a0f3b968de50a1155f425075f74,1,1,1,0,0,1,1,1,1,1,1,3,3,1,1,9,2,0,cycle-0003;cycle-0004;cycle-0011;cycle-0019;cycle-0021;cycle-0023;cycle-0028;cycle-0044;cycle-0051;cycle-0052;cycle-0053;cycle-0057;cycle-0060;cycle-0061;cycle-0068;cycle-0076;cycle-0077;cycle-0081;cycle-0084;cycle-0088;cycle-0091;cycle-0097;cycle-0108;cycle-0154;cycle-0158;cycle-0161;cycle-0171;cycle-0182;cycle-0202;cycle-0204;cycle-0209;cycle-0211;cycle-0214;cycle-0227;cycle-0250;cycle-0251;cycle-0258;cycle-0261,1,2057.786111,4076.25949
14,random,FedVal,none,0,0,0,6,0,1,-0.0032829914000789473,-0.00495503098015,0.00019309022669736843,0,0,-0.0064762344619,979,182,1,0,0,0,0,0,0,1,0,0.5582020745293892,0.5024490971955435,0.5024490971955435,0.0,0.0,111;104;86;116;229;98;43;58;240;120;178;34;125;63;27;180;163;15;195;210;216;203;228;10;22;54;89;113;127;90,186;36;181;56;191;70;6;33;223;75;253;16;237;206;109;207;118;30;2;64;212;12;233;222;110;183;103;114;153;239,227;97;182;84;108;91;261;4;68;204;171;250;211;88;23;57;19;21;28;161;202;251;52;76;81;44;3;60;51;209;214;154;53;258;11;61;158;77;236;62;96;194;39;177;165;37;42;49;189;126;167;46;8;119;221;106;230;185;87;105;9;179;248;238;160;256;78;156;121;100;166;101;17;38;200;117,224;48;72;151;65;217;40;80;20;231;31;201;196;92;184;199;155;59;197;254,commit,-0.0032829914000789473,b98cb65d646744c129e59d41305425177abaf52cccba9b5d4c3551578dc8f100,1,1,1,1,1,1,1,1,1,1,1,3,3,1,1,9,2,1,cycle-0008;cycle-0009;cycle-0017;cycle-0037;cycle-0038;cycle-0039;cycle-0042;cycle-0046;cycle-0049;cycle-0062;cycle-0078;cycle-0087;cycle-0096;cycle-0100;cycle-0101;cycle-0105;cycle-0106;cycle-0117;cycle-0119;cycle-0121;cycle-0126;cycle-0156;cycle-0160;cycle-0165;cycle-0166;cycle-0167;cycle-0177;cycle-0179;cycle-0185;cycle-0189;cycle-0194;cycle-0200;cycle-0221;cycle-0230;cycle-0236;cycle-0238;cycle-0248;cycle-0256,1,1963.899051,3918.376596
14,random,FLShield,none,0,0,0,6,0,1,-0.0008001395232631579,0.00108050968695,-0.004273115520710526,0,0,0.004015728244,979,182,0,0,0,0,0,0,0,0,0,0.5582020745293892,0.5903764886669227,0.5903764886669227,0.0,0.0,111;104;86;116;229;98;43;58;240;120;178;34;125;63;27;180;163;15;195;210;216;203;228;10;22;54;89;113;127;90,186;36;181;56;191;70;6;33;223;75;253;16;237;206;109;207;118;30;2;64;212;12;233;222;110;183;103;114;153;239,227;97;182;84;108;91;261;4;68;204;171;250;211;88;23;57;19;21;28;161;202;251;52;76;81;44;3;60;51;209;214;154;53;258;11;61;158;77;236;62;96;194;39;177;165;37;42;49;189;126;167;46;8;119;221;106;230;185;87;105;9;179;248;238;160;256;78;156;121;100;166;101;17;38;200;117,224;48;72;151;65;217;40;80;20;231;31;201;196;92;184;199;155;59;197;254,commit,-0.0008001395232631579,f0598f492e61b76b3e777a011c1ddc9ec1b18b3dfda7de821e052931c4057bfc,1,1,1,1,1,1,1,1,1,1,1,3,3,1,1,9,2,1,cycle-0008;cycle-0009;cycle-0017;cycle-0037;cycle-0038;cycle-0039;cycle-0042;cycle-0046;cycle-0049;cycle-0062;cycle-0078;cycle-0087;cycle-0096;cycle-0100;cycle-0101;cycle-0105;cycle-0106;cycle-0117;cycle-0119;cycle-0121;cycle-0126;cycle-0156;cycle-0160;cycle-0165;cycle-0166;cycle-0167;cycle-0177;cycle-0179;cycle-0185;cycle-0189;cycle-0194;cycle-0200;cycle-0221;cycle-0230;cycle-0236;cycle-0238;cycle-0248;cycle-0256,1,1989.523452,3928.634086
14,random,FoundationFL,none,0,0,0,6,0,0,0.0028687603250526317,0.00130710532085,0.0068380120379342105,0,0,-0.0011485741126333333,979,182,1,0,0,0,0,0,0,0,0,0.5582020745293892,0.4920284287360738,0.5582020745293892,0.06617364579331542,0.00130710532085,111;104;86;116;229;98;43;58;240;120;178;34;125;63;27;180;163;15;195;210;216;203;228;10;22;54;89;113;127;90,186;36;181;56;191;70;6;33;223;75;253;16;237;206;109;207;118;30;2;64;212;12;233;222;110;183;103;114;153;239,227;97;182;84;108;91;261;4;68;204;171;250;211;88;23;57;19;21;28;161;202;251;52;76;81;44;3;60;51;209;214;154;53;258;11;61;158;77;236;62;96;194;39;177;165;37;42;49;189;126;167;46;8;119;221;106;230;185;87;105;9;179;248;238;160;256;78;156;121;100;166;101;17;38;200;117,224;48;72;151;65;217;40;80;20;231;31;201;196;92;184;199;155;59;197;254,reject,0.0028687603250526317,80b5a0c41f620ff6dd151a289366e741e03197eac469fce750c17a5a71ffe6db,1,1,1,0,0,1,1,1,1,1,1,3,3,1,1,9,2,1,cycle-0008;cycle-0009;cycle-0017;cycle-0037;cycle-0038;cycle-0039;cycle-0042;cycle-0046;cycle-0049;cycle-0062;cycle-0078;cycle-0087;cycle-0096;cycle-0100;cycle-0101;cycle-0105;cycle-0106;cycle-0117;cycle-0119;cycle-0121;cycle-0126;cycle-0156;cycle-0160;cycle-0165;cycle-0166;cycle-0167;cycle-0177;cycle-0179;cycle-0185;cycle-0189;cycle-0194;cycle-0200;cycle-0221;cycle-0230;cycle-0236;cycle-0238;cycle-0248;cycle-0256,1,1912.816568,3881.671657
14,random,FedAvg,sign_flip,0,0,0,6,6,0,0.003015858579105263,-0.00150308531565,0.010794878229131579,0,0,-0.0038652112728666667,979,182,1,0,0,0,0,0,0,1,1,0.5582020745293892,0.4635036496350365,0.5582020745293892,0.0946984248943527,-0.00150308531565,111;104;86;116;229;98;43;58;240;120;178;34;125;63;27;180;163;15;195;210;216;203;228;10;22;54;89;113;127;90,186;36;181;56;191;70;6;33;223;75;253;16;237;206;109;207;118;30;2;64;212;12;233;222;110;183;103;114;153;239,227;97;182;84;108;91;261;4;68;204;171;250;211;88;23;57;19;21;28;161;202;251;52;76;81;44;3;60;51;209;214;154;53;258;11;61;158;77;236;62;96;194;39;177;165;37;42;49;189;126;167;46;8;119;221;106;230;185;87;105;9;179;248;238;160;256;78;156;121;100;166;101;17;38;200;117,224;48;72;151;65;217;40;80;20;231;31;201;196;92;184;199;155;59;197;254,reject,0.003015858579105263,55a16877c67b008cd2c20cc62be373b8c859ebeeb75abab7281a37c45b0c102f,1,1,1,0,0,1,1,1,1,1,1,3,3,1,1,9,2,1,cycle-0008;cycle-0009;cycle-0017;cycle-0037;cycle-0038;cycle-0039;cycle-0042;cycle-0046;cycle-0049;cycle-0062;cycle-0078;cycle-0087;cycle-0096;cycle-0100;cycle-0101;cycle-0105;cycle-0106;cycle-0117;cycle-0119;cycle-0121;cycle-0126;cycle-0156;cycle-0160;cycle-0165;cycle-0166;cycle-0167;cycle-0177;cycle-0179;cycle-0185;cycle-0189;cycle-0194;cycle-0200;cycle-0221;cycle-0230;cycle-0236;cycle-0238;cycle-0248;cycle-0256,1,1913.36158,3928.977898
14,random,CoordinateMedian,sign_flip,0,0,0,6,6,1,-0.005023793105710527,-0.0087136455939,0.0015875865120526316,0,0,-0.010714371273866668,979,182,1,0,0,0,0,0,0,1,0,0.5582020745293892,0.4653284671532847,0.4653284671532847,0.0,0.0,111;104;86;116;229;98;43;58;240;120;178;34;125;63;27;180;163;15;195;210;216;203;228;10;22;54;89;113;127;90,186;36;181;56;191;70;6;33;223;75;253;16;237;206;109;207;118;30;2;64;212;12;233;222;110;183;103;114;153;239,227;97;182;84;108;91;261;4;68;204;171;250;211;88;23;57;19;21;28;161;202;251;52;76;81;44;3;60;51;209;214;154;53;258;11;61;158;77;236;62;96;194;39;177;165;37;42;49;189;126;167;46;8;119;221;106;230;185;87;105;9;179;248;238;160;256;78;156;121;100;166;101;17;38;200;117,224;48;72;151;65;217;40;80;20;231;31;201;196;92;184;199;155;59;197;254,commit,-0.005023793105710527,372df7b81ff7fd0a5d75b31ae0d87d54d24ba0874b83f323100126d44a0fa4be,1,1,1,1,1,1,1,1,1,1,1,3,3,1,1,9,2,1,cycle-0008;cycle-0009;cycle-0017;cycle-0037;cycle-0038;cycle-0039;cycle-0042;cycle-0046;cycle-0049;cycle-0062;cycle-0078;cycle-0087;cycle-0096;cycle-0100;cycle-0101;cycle-0105;cycle-0106;cycle-0117;cycle-0119;cycle-0121;cycle-0126;cycle-0156;cycle-0160;cycle-0165;cycle-0166;cycle-0167;cycle-0177;cycle-0179;cycle-0185;cycle-0189;cycle-0194;cycle-0200;cycle-0221;cycle-0230;cycle-0236;cycle-0238;cycle-0248;cycle-0256,1,1967.154271,4093.544869
14,random,Krum,sign_flip,0,0,0,6,6,1,-0.013278222954473683,-0.0118299990297,-0.015667469549828946,0,0,-0.009411636926033333,979,182,1,0,0,0,0,0,0,1,0,0.5582020745293892,0.5324145217057241,0.5324145217057241,0.0,0.0,111;104;86;116;229;98;43;58;240;120;178;34;125;63;27;180;163;15;195;210;216;203;228;10;22;54;89;113;127;90,186;36;181;56;191;70;6;33;223;75;253;16;237;206;109;207;118;30;2;64;212;12;233;222;110;183;103;114;153;239,227;97;182;84;108;91;261;4;68;204;171;250;211;88;23;57;19;21;28;161;202;251;52;76;81;44;3;60;51;209;214;154;53;258;11;61;158;77;236;62;96;194;39;177;165;37;42;49;189;126;167;46;8;119;221;106;230;185;87;105;9;179;248;238;160;256;78;156;121;100;166;101;17;38;200;117,224;48;72;151;65;217;40;80;20;231;31;201;196;92;184;199;155;59;197;254,commit,-0.013278222954473683,69bdc066aaa1f50c698d43992139b7f15807d242564ea9f25466b821ae36ea70,1,1,1,1,1,1,1,1,1,1,1,3,3,1,1,9,2,1,cycle-0008;cycle-0009;cycle-0017;cycle-0037;cycle-0038;cycle-0039;cycle-0042;cycle-0046;cycle-0049;cycle-0062;cycle-0078;cycle-0087;cycle-0096;cycle-0100;cycle-0101;cycle-0105;cycle-0106;cycle-0117;cycle-0119;cycle-0121;cycle-0126;cycle-0156;cycle-0160;cycle-0165;cycle-0166;cycle-0167;cycle-0177;cycle-0179;cycle-0185;cycle-0189;cycle-0194;cycle-0200;cycle-0221;cycle-0230;cycle-0236;cycle-0238;cycle-0248;cycle-0256,1,1941.979472,4044.285212
14,random,FLTrust,sign_flip,0,0,0,6,6,0,0.055859650237973686,0.0118315973024,0.03841844873931579,0,0,0.012368528611333333,979,182,0,0,0,0,0,0,0,0,0,0.5582020745293892,0.5503745678063773,0.5582020745293892,0.007827506723011912,0.0118315973024,111;104;86;116;229;98;43;58;240;120;178;34;125;63;27;180;163;15;195;210;216;203;228;10;22;54;89;113;127;90,186;36;181;56;191;70;6;33;223;75;253;16;237;206;109;207;118;30;2;64;212;12;233;222;110;183;103;114;153;239,227;97;182;84;108;91;261;4;68;204;171;250;211;88;23;57;19;21;28;161;202;251;52;76;81;44;3;60;51;209;214;154;53;258;11;61;158;77;236;62;96;194;39;177;165;37;42;49;189;126;167;46;8;119;221;106;230;185;87;105;9;179;248;238;160;256;78;156;121;100;166;101;17;38;200;117,224;48;72;151;65;217;40;80;20;231;31;201;196;92;184;199;155;59;197;254,reject,0.055859650237973686,aed71a066470808cbf35cc4709a99006218a42784d5f46adea5e5102ca18bf9f,1,1,1,0,0,1,1,1,1,1,1,3,3,1,1,9,2,0,cycle-0003;cycle-0004;cycle-0011;cycle-0019;cycle-0021;cycle-0023;cycle-0028;cycle-0044;cycle-0051;cycle-0052;cycle-0053;cycle-0057;cycle-0060;cycle-0061;cycle-0068;cycle-0076;cycle-0077;cycle-0081;cycle-0084;cycle-0088;cycle-0091;cycle-0097;cycle-0108;cycle-0154;cycle-0158;cycle-0161;cycle-0171;cycle-0182;cycle-0202;cycle-0204;cycle-0209;cycle-0211;cycle-0214;cycle-0227;cycle-0250;cycle-0251;cycle-0258;cycle-0261,1,2145.156593,4322.451202
14,random,FedVal,sign_flip,0,0,0,6,6,0,0.034111664148763154,0.00319627781035,0.022025391794723684,0,0,0.0016804405323,979,182,0,0,0,0,0,0,0,0,0,0.5582020745293892,0.4770457164809835,0.5582020745293892,0.08115635804840571,0.00319627781035,111;104;86;116;229;98;43;58;240;120;178;34;125;63;27;180;163;15;195;210;216;203;228;10;22;54;89;113;127;90,186;36;181;56;191;70;6;33;223;75;253;16;237;206;109;207;118;30;2;64;212;12;233;222;110;183;103;114;153;239,227;97;182;84;108;91;261;4;68;204;171;250;211;88;23;57;19;21;28;161;202;251;52;76;81;44;3;60;51;209;214;154;53;258;11;61;158;77;236;62;96;194;39;177;165;37;42;49;189;126;167;46;8;119;221;106;230;185;87;105;9;179;248;238;160;256;78;156;121;100;166;101;17;38;200;117,224;48;72;151;65;217;40;80;20;231;31;201;196;92;184;199;155;59;197;254,reject,0.034111664148763154,4f2fe58b4e80e432df9b695fabb03af0dcbdbb0a3d44ade943152e36a8dfb340,1,1,1,0,0,1,1,1,1,1,1,3,3,1,1,9,2,0,cycle-0003;cycle-0004;cycle-0011;cycle-0019;cycle-0021;cycle-0023;cycle-0028;cycle-0044;cycle-0051;cycle-0052;cycle-0053;cycle-0057;cycle-0060;cycle-0061;cycle-0068;cycle-0076;cycle-0077;cycle-0081;cycle-0084;cycle-0088;cycle-0091;cycle-0097;cycle-0108;cycle-0154;cycle-0158;cycle-0161;cycle-0171;cycle-0182;cycle-0202;cycle-0204;cycle-0209;cycle-0211;cycle-0214;cycle-0227;cycle-0250;cycle-0251;cycle-0258;cycle-0261,1,2007.809163,4101.241819
14,random,FLShield,sign_flip,0,0,0,6,6,1,-0.0020475011594473683,-0.005915837524,-0.003509529331710526,0,0,-0.006787622990733333,979,182,1,0,0,0,0,0,0,1,0,0.5582020745293892,0.5051863234729159,0.5051863234729159,0.0,0.0,111;104;86;116;229;98;43;58;240;120;178;34;125;63;27;180;163;15;195;210;216;203;228;10;22;54;89;113;127;90,186;36;181;56;191;70;6;33;223;75;253;16;237;206;109;207;118;30;2;64;212;12;233;222;110;183;103;114;153;239,227;97;182;84;108;91;261;4;68;204;171;250;211;88;23;57;19;21;28;161;202;251;52;76;81;44;3;60;51;209;214;154;53;258;11;61;158;77;236;62;96;194;39;177;165;37;42;49;189;126;167;46;8;119;221;106;230;185;87;105;9;179;248;238;160;256;78;156;121;100;166;101;17;38;200;117,224;48;72;151;65;217;40;80;20;231;31;201;196;92;184;199;155;59;197;254,commit,-0.0020475011594473683,2e1f013db63253ffa6f74c51c798b9193a949e20fc9f119a94e59c1ed50f231f,1,1,1,1,1,1,1,1,1,1,1,3,3,1,1,9,2,0,cycle-0003;cycle-0004;cycle-0011;cycle-0019;cycle-0021;cycle-0023;cycle-0028;cycle-0044;cycle-0051;cycle-0052;cycle-0053;cycle-0057;cycle-0060;cycle-0061;cycle-0068;cycle-0076;cycle-0077;cycle-0081;cycle-0084;cycle-0088;cycle-0091;cycle-0097;cycle-0108;cycle-0154;cycle-0158;cycle-0161;cycle-0171;cycle-0182;cycle-0202;cycle-0204;cycle-0209;cycle-0211;cycle-0214;cycle-0227;cycle-0250;cycle-0251;cycle-0258;cycle-0261,1,2073.371698,4162.081642
14,random,FoundationFL,sign_flip,0,0,0,6,6,0,0.17041710484007894,0.0789535793522,0.13214831884038158,0,0,0.08703689542296666,979,182,0,0,0,1,0,0,0,0,0,0.5582020745293892,0.571696119861698,0.5582020745293892,-0.013494045332308802,0.0789535793522,111;104;86;116;229;98;43;58;240;120;178;34;125;63;27;180;163;15;195;210;216;203;228;10;22;54;89;113;127;90,186;36;181;56;191;70;6;33;223;75;253;16;237;206;109;207;118;30;2;64;212;12;233;222;110;183;103;114;153;239,227;97;182;84;108;91;261;4;68;204;171;250;211;88;23;57;19;21;28;161;202;251;52;76;81;44;3;60;51;209;214;154;53;258;11;61;158;77;236;62;96;194;39;177;165;37;42;49;189;126;167;46;8;119;221;106;230;185;87;105;9;179;248;238;160;256;78;156;121;100;166;101;17;38;200;117,224;48;72;151;65;217;40;80;20;231;31;201;196;92;184;199;155;59;197;254,reject,0.17041710484007894,2edaf36a0751545266de09eb93b6ea8b9e73e27a2fe3fe4c5391e2a0e0322c2b,1,1,1,0,0,1,1,1,1,1,1,3,3,1,1,9,2,0,cycle-0003;cycle-0004;cycle-0011;cycle-0019;cycle-0021;cycle-0023;cycle-0028;cycle-0044;cycle-0051;cycle-0052;cycle-0053;cycle-0057;cycle-0060;cycle-0061;cycle-0068;cycle-0076;cycle-0077;cycle-0081;cycle-0084;cycle-0088;cycle-0091;cycle-0097;cycle-0108;cycle-0154;cycle-0158;cycle-0161;cycle-0171;cycle-0182;cycle-0202;cycle-0204;cycle-0209;cycle-0211;cycle-0214;cycle-0227;cycle-0250;cycle-0251;cycle-0258;cycle-0261,1,2049.289718,4065.264035
14,random,FedAvg,model_replacement,0,0,0,6,6,0,0.21529028067136843,0.202466301999,0.2222012115638816,0,0,0.1998464409252,979,182,0,0,0,1,0,0,0,0,0,0.5582020745293892,0.5121494429504418,0.5582020745293892,0.046052631578947345,0.202466301999,111;104;86;116;229;98;43;58;240;120;178;34;125;63;27;180;163;15;195;210;216;203;228;10;22;54;89;113;127;90,186;36;181;56;191;70;6;33;223;75;253;16;237;206;109;207;118;30;2;64;212;12;233;222;110;183;103;114;153;239,227;97;182;84;108;91;261;4;68;204;171;250;211;88;23;57;19;21;28;161;202;251;52;76;81;44;3;60;51;209;214;154;53;258;11;61;158;77;236;62;96;194;39;177;165;37;42;49;189;126;167;46;8;119;221;106;230;185;87;105;9;179;248;238;160;256;78;156;121;100;166;101;17;38;200;117,224;48;72;151;65;217;40;80;20;231;31;201;196;92;184;199;155;59;197;254,reject,0.21529028067136843,d26d03f42d3b81778be41d3e80340881e932eca6c3933946b844e1f9ed0570fe,1,1,1,0,0,1,1,1,1,1,1,3,3,1,1,9,2,1,cycle-0008;cycle-0009;cycle-0017;cycle-0037;cycle-0038;cycle-0039;cycle-0042;cycle-0046;cycle-0049;cycle-0062;cycle-0078;cycle-0087;cycle-0096;cycle-0100;cycle-0101;cycle-0105;cycle-0106;cycle-0117;cycle-0119;cycle-0121;cycle-0126;cycle-0156;cycle-0160;cycle-0165;cycle-0166;cycle-0167;cycle-0177;cycle-0179;cycle-0185;cycle-0189;cycle-0194;cycle-0200;cycle-0221;cycle-0230;cycle-0236;cycle-0238;cycle-0248;cycle-0256,1,2015.204345,3998.697622
14,random,CoordinateMedian,model_replacement,0,0,0,6,6,1,-0.010491515207394737,-0.01106797295795,-0.010106714172552631,0,0,-0.010898029493533334,979,182,1,0,0,0,0,0,0,1,0,0.5582020745293892,0.5161352285824049,0.5161352285824049,0.0,0.0,111;104;86;116;229;98;43;58;240;120;178;34;125;63;27;180;163;15;195;210;216;203;228;10;22;54;89;113;127;90,186;36;181;56;191;70;6;33;223;75;253;16;237;206;109;207;118;30;2;64;212;12;233;222;110;183;103;114;153;239,227;97;182;84;108;91;261;4;68;204;171;250;211;88;23;57;19;21;28;161;202;251;52;76;81;44;3;60;51;209;214;154;53;258;11;61;158;77;236;62;96;194;39;177;165;37;42;49;189;126;167;46;8;119;221;106;230;185;87;105;9;179;248;238;160;256;78;156;121;100;166;101;17;38;200;117,224;48;72;151;65;217;40;80;20;231;31;201;196;92;184;199;155;59;197;254,commit,-0.010491515207394737,56f928d85c29aefda9c12511c4973ba752492ea640bce0a522a50895d8e437bb,1,1,1,1,1,1,1,1,1,1,1,3,3,1,1,9,2,1,cycle-0008;cycle-0009;cycle-0017;cycle-0037;cycle-0038;cycle-0039;cycle-0042;cycle-0046;cycle-0049;cycle-0062;cycle-0078;cycle-0087;cycle-0096;cycle-0100;cycle-0101;cycle-0105;cycle-0106;cycle-0117;cycle-0119;cycle-0121;cycle-0126;cycle-0156;cycle-0160;cycle-0165;cycle-0166;cycle-0167;cycle-0177;cycle-0179;cycle-0185;cycle-0189;cycle-0194;cycle-0200;cycle-0221;cycle-0230;cycle-0236;cycle-0238;cycle-0248;cycle-0256,1,1983.095024,3948.609533
14,random,Krum,model_replacement,0,0,0,6,6,1,-0.013278222954473683,-0.0118299990297,-0.015667469549828946,0,0,-0.009411636926033333,979,182,1,0,0,0,0,0,0,1,0,0.5582020745293892,0.5324145217057241,0.5324145217057241,0.0,0.0,111;104;86;116;229;98;43;58;240;120;178;34;125;63;27;180;163;15;195;210;216;203;228;10;22;54;89;113;127;90,186;36;181;56;191;70;6;33;223;75;253;16;237;206;109;207;118;30;2;64;212;12;233;222;110;183;103;114;153;239,227;97;182;84;108;91;261;4;68;204;171;250;211;88;23;57;19;21;28;161;202;251;52;76;81;44;3;60;51;209;214;154;53;258;11;61;158;77;236;62;96;194;39;177;165;37;42;49;189;126;167;46;8;119;221;106;230;185;87;105;9;179;248;238;160;256;78;156;121;100;166;101;17;38;200;117,224;48;72;151;65;217;40;80;20;231;31;201;196;92;184;199;155;59;197;254,commit,-0.013278222954473683,169b09c6d09370ec08603d44a714a4679892727ce89e5d10a8898bc3431a9016,1,1,1,1,1,1,1,1,1,1,1,3,3,1,1,9,2,1,cycle-0008;cycle-0009;cycle-0017;cycle-0037;cycle-0038;cycle-0039;cycle-0042;cycle-0046;cycle-0049;cycle-0062;cycle-0078;cycle-0087;cycle-0096;cycle-0100;cycle-0101;cycle-0105;cycle-0106;cycle-0117;cycle-0119;cycle-0121;cycle-0126;cycle-0156;cycle-0160;cycle-0165;cycle-0166;cycle-0167;cycle-0177;cycle-0179;cycle-0185;cycle-0189;cycle-0194;cycle-0200;cycle-0221;cycle-0230;cycle-0236;cycle-0238;cycle-0248;cycle-0256,1,1978.431238,3934.827504
14,random,FLTrust,model_replacement,0,0,0,6,6,0,0.011380103012447369,0.0046017088853,0.02381710772343421,0,0,0.0033665663467666667,979,182,0,0,0,0,0,0,0,0,0,0.5582020745293892,0.4770457164809835,0.5582020745293892,0.08115635804840571,0.0046017088853,111;104;86;116;229;98;43;58;240;120;178;34;125;63;27;180;163;15;195;210;216;203;228;10;22;54;89;113;127;90,186;36;181;56;191;70;6;33;223;75;253;16;237;206;109;207;118;30;2;64;212;12;233;222;110;183;103;114;153;239,227;97;182;84;108;91;261;4;68;204;171;250;211;88;23;57;19;21;28;161;202;251;52;76;81;44;3;60;51;209;214;154;53;258;11;61;158;77;236;62;96;194;39;177;165;37;42;49;189;126;167;46;8;119;221;106;230;185;87;105;9;179;248;238;160;256;78;156;121;100;166;101;17;38;200;117,224;48;72;151;65;217;40;80;20;231;31;201;196;92;184;199;155;59;197;254,reject,0.011380103012447369,81c63b12cc9d81dfcacfade39e8383bbc7faab6024f2514c72f00d025b7be730,1,1,1,0,0,1,1,1,1,1,1,3,3,1,1,9,2,1,cycle-0008;cycle-0009;cycle-0017;cycle-0037;cycle-0038;cycle-0039;cycle-0042;cycle-0046;cycle-0049;cycle-0062;cycle-0078;cycle-0087;cycle-0096;cycle-0100;cycle-0101;cycle-0105;cycle-0106;cycle-0117;cycle-0119;cycle-0121;cycle-0126;cycle-0156;cycle-0160;cycle-0165;cycle-0166;cycle-0167;cycle-0177;cycle-0179;cycle-0185;cycle-0189;cycle-0194;cycle-0200;cycle-0221;cycle-0230;cycle-0236;cycle-0238;cycle-0248;cycle-0256,1,1959.881532,3910.250491
14,random,FedVal,model_replacement,0,0,0,6,6,0,0.0787595803088421,0.0680894210594,0.07598882909793421,0,0,0.06621432763203333,979,182,0,0,0,1,0,0,0,0,0,0.5582020745293892,0.4382443334613907,0.5582020745293892,0.1199577410679985,0.0680894210594,111;104;86;116;229;98;43;58;240;120;178;34;125;63;27;180;163;15;195;210;216;203;228;10;22;54;89;113;127;90,186;36;181;56;191;70;6;33;223;75;253;16;237;206;109;207;118;30;2;64;212;12;233;222;110;183;103;114;153;239,227;97;182;84;108;91;261;4;68;204;171;250;211;88;23;57;19;21;28;161;202;251;52;76;81;44;3;60;51;209;214;154;53;258;11;61;158;77;236;62;96;194;39;177;165;37;42;49;189;126;167;46;8;119;221;106;230;185;87;105;9;179;248;238;160;256;78;156;121;100;166;101;17;38;200;117,224;48;72;151;65;217;40;80;20;231;31;201;196;92;184;199;155;59;197;254,reject,0.0787595803088421,d77249857da23f0a71d87e7844d0521e43f6d425dbbb3d958f5efd25bef10ace,1,1,1,0,0,1,1,1,1,1,1,3,3,1,1,9,2,0,cycle-0003;cycle-0004;cycle-0011;cycle-0019;cycle-0021;cycle-0023;cycle-0028;cycle-0044;cycle-0051;cycle-0052;cycle-0053;cycle-0057;cycle-0060;cycle-0061;cycle-0068;cycle-0076;cycle-0077;cycle-0081;cycle-0084;cycle-0088;cycle-0091;cycle-0097;cycle-0108;cycle-0154;cycle-0158;cycle-0161;cycle-0171;cycle-0182;cycle-0202;cycle-0204;cycle-0209;cycle-0211;cycle-0214;cycle-0227;cycle-0250;cycle-0251;cycle-0258;cycle-0261,1,1923.664068,3981.394534
14,random,FLShield,model_replacement,0,0,0,6,6,1,-0.004897237372526316,-0.0048497306326,-0.004954562668736842,0,0,-0.004662306444233333,979,182,1,0,0,0,0,0,0,1,0,0.5582020745293892,0.5532558586246639,0.5532558586246639,0.0,0.0,111;104;86;116;229;98;43;58;240;120;178;34;125;63;27;180;163;15;195;210;216;203;228;10;22;54;89;113;127;90,186;36;181;56;191;70;6;33;223;75;253;16;237;206;109;207;118;30;2;64;212;12;233;222;110;183;103;114;153;239,227;97;182;84;108;91;261;4;68;204;171;250;211;88;23;57;19;21;28;161;202;251;52;76;81;44;3;60;51;209;214;154;53;258;11;61;158;77;236;62;96;194;39;177;165;37;42;49;189;126;167;46;8;119;221;106;230;185;87;105;9;179;248;238;160;256;78;156;121;100;166;101;17;38;200;117,224;48;72;151;65;217;40;80;20;231;31;201;196;92;184;199;155;59;197;254,commit,-0.004897237372526316,47e0ec008291e37fa0ba44d79331d8f0141171fcef77b374f173087e9437d17f,1,1,1,1,1,1,1,1,1,1,1,3,3,1,1,9,2,0,cycle-0003;cycle-0004;cycle-0011;cycle-0019;cycle-0021;cycle-0023;cycle-0028;cycle-0044;cycle-0051;cycle-0052;cycle-0053;cycle-0057;cycle-0060;cycle-0061;cycle-0068;cycle-0076;cycle-0077;cycle-0081;cycle-0084;cycle-0088;cycle-0091;cycle-0097;cycle-0108;cycle-0154;cycle-0158;cycle-0161;cycle-0171;cycle-0182;cycle-0202;cycle-0204;cycle-0209;cycle-0211;cycle-0214;cycle-0227;cycle-0250;cycle-0251;cycle-0258;cycle-0261,1,2015.284074,4077.064381
14,random,FoundationFL,model_replacement,0,0,0,6,6,0,0.5852083130278422,0.4653537982713,0.5338749846488684,1,0,0.4459959211262333,979,182,0,0,0,1,1,0,0,0,0,0.5582020745293892,0.415626200537841,0.5582020745293892,0.1425758739915482,0.4653537982713,111;104;86;116;229;98;43;58;240;120;178;34;125;63;27;180;163;15;195;210;216;203;228;10;22;54;89;113;127;90,186;36;181;56;191;70;6;33;223;75;253;16;237;206;109;207;118;30;2;64;212;12;233;222;110;183;103;114;153;239,227;97;182;84;108;91;261;4;68;204;171;250;211;88;23;57;19;21;28;161;202;251;52;76;81;44;3;60;51;209;214;154;53;258;11;61;158;77;236;62;96;194;39;177;165;37;42;49;189;126;167;46;8;119;221;106;230;185;87;105;9;179;248;238;160;256;78;156;121;100;166;101;17;38;200;117,224;48;72;151;65;217;40;80;20;231;31;201;196;92;184;199;155;59;197;254,reject,0.5852083130278422,3a215b813d2b5cca77aa0ff97a14e8b5373e9160b25364df3d591a0e0b3ce993,1,1,1,0,0,1,1,1,1,1,1,3,3,1,1,9,2,0,cycle-0003;cycle-0004;cycle-0011;cycle-0019;cycle-0021;cycle-0023;cycle-0028;cycle-0044;cycle-0051;cycle-0052;cycle-0053;cycle-0057;cycle-0060;cycle-0061;cycle-0068;cycle-0076;cycle-0077;cycle-0081;cycle-0084;cycle-0088;cycle-0091;cycle-0097;cycle-0108;cycle-0154;cycle-0158;cycle-0161;cycle-0171;cycle-0182;cycle-0202;cycle-0204;cycle-0209;cycle-0211;cycle-0214;cycle-0227;cycle-0250;cycle-0251;cycle-0258;cycle-0261,1,2039.819128,4250.750096
14,random,FedAvg,score_aware,64,49,0,6,6,0,6.121521468421053e-05,1.85318458e-05,4.723837644736842e-05,0,0,1.0558905e-05,979,182,0,0,0,0,0,0,0,0,0,0.5582020745293892,0.5582020745293892,0.5582020745293892,0.0,1.85318458e-05,111;104;86;116;229;98;43;58;240;120;178;34;125;63;27;180;163;15;195;210;216;203;228;10;22;54;89;113;127;90,186;36;181;56;191;70;6;33;223;75;253;16;237;206;109;207;118;30;2;64;212;12;233;222;110;183;103;114;153;239,227;97;182;84;108;91;261;4;68;204;171;250;211;88;23;57;19;21;28;161;202;251;52;76;81;44;3;60;51;209;214;154;53;258;11;61;158;77;236;62;96;194;39;177;165;37;42;49;189;126;167;46;8;119;221;106;230;185;87;105;9;179;248;238;160;256;78;156;121;100;166;101;17;38;200;117,224;48;72;151;65;217;40;80;20;231;31;201;196;92;184;199;155;59;197;254,reject,6.121521468421053e-05,bb37dbbda9d31a657c081eecb005d9e82ec1ef8147477a91d077ede37afb5557,1,1,1,0,0,1,1,1,1,1,1,3,3,1,1,9,2,0,cycle-0003;cycle-0004;cycle-0011;cycle-0019;cycle-0021;cycle-0023;cycle-0028;cycle-0044;cycle-0051;cycle-0052;cycle-0053;cycle-0057;cycle-0060;cycle-0061;cycle-0068;cycle-0076;cycle-0077;cycle-0081;cycle-0084;cycle-0088;cycle-0091;cycle-0097;cycle-0108;cycle-0154;cycle-0158;cycle-0161;cycle-0171;cycle-0182;cycle-0202;cycle-0204;cycle-0209;cycle-0211;cycle-0214;cycle-0227;cycle-0250;cycle-0251;cycle-0258;cycle-0261,1,2035.003392,4261.267123
14,random,FLTrust,score_aware,64,64,0,6,6,0,0.01597865328613158,0.00813160704995,0.030709576834947367,0,0,0.007394157530066667,979,182,0,0,0,0,0,0,0,0,0,0.5582020745293892,0.5096043027276219,0.5582020745293892,0.048597771801767276,0.00813160704995,111;104;86;116;229;98;43;58;240;120;178;34;125;63;27;180;163;15;195;210;216;203;228;10;22;54;89;113;127;90,186;36;181;56;191;70;6;33;223;75;253;16;237;206;109;207;118;30;2;64;212;12;233;222;110;183;103;114;153;239,227;97;182;84;108;91;261;4;68;204;171;250;211;88;23;57;19;21;28;161;202;251;52;76;81;44;3;60;51;209;214;154;53;258;11;61;158;77;236;62;96;194;39;177;165;37;42;49;189;126;167;46;8;119;221;106;230;185;87;105;9;179;248;238;160;256;78;156;121;100;166;101;17;38;200;117,224;48;72;151;65;217;40;80;20;231;31;201;196;92;184;199;155;59;197;254,reject,0.01597865328613158,b7909a00246327b0e64caed4069f30c59c80471d0209c765cb949d57443a5ac5,1,1,1,0,0,1,1,1,1,1,1,3,3,1,1,9,2,1,cycle-0008;cycle-0009;cycle-0017;cycle-0037;cycle-0038;cycle-0039;cycle-0042;cycle-0046;cycle-0049;cycle-0062;cycle-0078;cycle-0087;cycle-0096;cycle-0100;cycle-0101;cycle-0105;cycle-0106;cycle-0117;cycle-0119;cycle-0121;cycle-0126;cycle-0156;cycle-0160;cycle-0165;cycle-0166;cycle-0167;cycle-0177;cycle-0179;cycle-0185;cycle-0189;cycle-0194;cycle-0200;cycle-0221;cycle-0230;cycle-0236;cycle-0238;cycle-0248;cycle-0256,1,1968.914488,3965.06416
14,random,FoundationFL,score_aware,64,7,1,6,6,0,0.0023086191801578947,0.0014620330716,0.0039666954566842105,0,0,0.0007318650631666666,979,182,0,0,0,0,0,0,0,0,0,0.5582020745293892,0.5744813676527084,0.5582020745293892,-0.016279293123319216,0.0014620330716,111;104;86;116;229;98;43;58;240;120;178;34;125;63;27;180;163;15;195;210;216;203;228;10;22;54;89;113;127;90,186;36;181;56;191;70;6;33;223;75;253;16;237;206;109;207;118;30;2;64;212;12;233;222;110;183;103;114;153;239,227;97;182;84;108;91;261;4;68;204;171;250;211;88;23;57;19;21;28;161;202;251;52;76;81;44;3;60;51;209;214;154;53;258;11;61;158;77;236;62;96;194;39;177;165;37;42;49;189;126;167;46;8;119;221;106;230;185;87;105;9;179;248;238;160;256;78;156;121;100;166;101;17;38;200;117,224;48;72;151;65;217;40;80;20;231;31;201;196;92;184;199;155;59;197;254,reject,0.0023086191801578947,db0f8136e4d95d45f39aeeb7e900ee1ea2e222da53df7cd7a8329cc19257c423,1,1,1,0,0,1,1,1,1,1,1,3,3,1,1,9,2,1,cycle-0008;cycle-0009;cycle-0017;cycle-0037;cycle-0038;cycle-0039;cycle-0042;cycle-0046;cycle-0049;cycle-0062;cycle-0078;cycle-0087;cycle-0096;cycle-0100;cycle-0101;cycle-0105;cycle-0106;cycle-0117;cycle-0119;cycle-0121;cycle-0126;cycle-0156;cycle-0160;cycle-0165;cycle-0166;cycle-0167;cycle-0177;cycle-0179;cycle-0185;cycle-0189;cycle-0194;cycle-0200;cycle-0221;cycle-0230;cycle-0236;cycle-0238;cycle-0248;cycle-0256,1,2025.556322,3983.539725
15,random,FedAvg,none,0,0,0,6,0,0,0.0037859119440789473,0.0005973421327,0.001653927973986842,0,0,0.0037680933242333335,910,216,0,0,0,0,0,0,0,0,0,0.6016645389374448,0.6055190022586664,0.6016645389374448,-0.003854463321221635,0.0005973421327,231;42;212;158;174;98;248;31;7;25;45;164;237;92;232;3;84;55;19;38;30;37;119;29;94;117;88;256;245;100,78;44;17;233;221;67;107;15;197;198;2;113;206;235;180;56;173;215;36;82;165;116;80;255;160;239;85;110;204;10,99;59;97;251;86;229;4;14;191;222;75;259;166;263;112;216;194;169;225;52;223;153;35;250;190;219;40;13;209;95;76;183;236;108;179;258;48;150;87;89;240;5;202;11;33;249;57;252;32;26;91;71;161;81;72;214;181;66;23;58;168;47;261;167;101;125;90;77;34;207;6;65;123;54;186;20,46;228;159;83;50;79;260;175;121;188;53;18;63;69;1;224;199;218;51;49,reject,0.0037859119440789473,339bf68b9e450245981e97c16181de3b184ce8d9e2b6836d061d264b5dae96dc,1,2,2,0,0,1,1,1,1,1,1,3,3,1,1,9,2,0,cycle-0004;cycle-0013;cycle-0014;cycle-0035;cycle-0040;cycle-0048;cycle-0052;cycle-0059;cycle-0075;cycle-0076;cycle-0086;cycle-0095;cycle-0097;cycle-0099;cycle-0108;cycle-0112;cycle-0150;cycle-0153;cycle-0166;cycle-0169;cycle-0179;cycle-0183;cycle-0190;cycle-0191;cycle-0194;cycle-0209;cycle-0216;cycle-0219;cycle-0222;cycle-0223;cycle-0225;cycle-0229;cycle-0236;cycle-0250;cycle-0251;cycle-0258;cycle-0259;cycle-0263,1,2276.410372,5227.814589
15,random,CoordinateMedian,none,0,0,0,6,0,1,-0.0011247566534736842,0.0016973379059,0.004111083961078947,0,0,0.009398616958566667,910,216,0,0,0,0,0,0,0,0,0,0.6016645389374448,0.609373465579888,0.609373465579888,0.0,0.0,231;42;212;158;174;98;248;31;7;25;45;164;237;92;232;3;84;55;19;38;30;37;119;29;94;117;88;256;245;100,78;44;17;233;221;67;107;15;197;198;2;113;206;235;180;56;173;215;36;82;165;116;80;255;160;239;85;110;204;10,99;59;97;251;86;229;4;14;191;222;75;259;166;263;112;216;194;169;225;52;223;153;35;250;190;219;40;13;209;95;76;183;236;108;179;258;48;150;87;89;240;5;202;11;33;249;57;252;32;26;91;71;161;81;72;214;181;66;23;58;168;47;261;167;101;125;90;77;34;207;6;65;123;54;186;20,46;228;159;83;50;79;260;175;121;188;53;18;63;69;1;224;199;218;51;49,commit,-0.0011247566534736842,32210e45d9dd3e910d62438dfaa2a84f0a3f2fd94d14a2cb7c15099874e45a67,1,1,1,1,1,1,1,1,1,1,1,3,3,1,1,9,2,1,cycle-0005;cycle-0006;cycle-0011;cycle-0020;cycle-0023;cycle-0026;cycle-0032;cycle-0033;cycle-0034;cycle-0047;cycle-0054;cycle-0057;cycle-0058;cycle-0065;cycle-0066;cycle-0071;cycle-0072;cycle-0077;cycle-0081;cycle-0087;cycle-0089;cycle-0090;cycle-0091;cycle-0101;cycle-0123;cycle-0125;cycle-0161;cycle-0167;cycle-0168;cycle-0181;cycle-0186;cycle-0202;cycle-0207;cycle-0214;cycle-0240;cycle-0249;cycle-0252;cycle-0261,1,1853.638837,3832.033821
15,random,Krum,none,0,0,0,6,0,0,0.0036084227275526314,0.00716326414235,0.011120349920026315,0,0,0.017879779135933332,910,216,0,0,0,0,0,0,0,0,0,0.6016645389374448,0.5876706275164489,0.6016645389374448,0.01399391142099582,0.00716326414235,231;42;212;158;174;98;248;31;7;25;45;164;237;92;232;3;84;55;19;38;30;37;119;29;94;117;88;256;245;100,78;44;17;233;221;67;107;15;197;198;2;113;206;235;180;56;173;215;36;82;165;116;80;255;160;239;85;110;204;10,99;59;97;251;86;229;4;14;191;222;75;259;166;263;112;216;194;169;225;52;223;153;35;250;190;219;40;13;209;95;76;183;236;108;179;258;48;150;87;89;240;5;202;11;33;249;57;252;32;26;91;71;161;81;72;214;181;66;23;58;168;47;261;167;101;125;90;77;34;207;6;65;123;54;186;20,46;228;159;83;50;79;260;175;121;188;53;18;63;69;1;224;199;218;51;49,reject,0.0036084227275526314,cd79a97abd658761a1c4729b599dc5c2ee8e0a5e2538559b69aa4ab00921a566,1,1,1,0,0,1,1,1,1,1,1,3,3,1,1,9,2,1,cycle-0005;cycle-0006;cycle-0011;cycle-0020;cycle-0023;cycle-0026;cycle-0032;cycle-0033;cycle-0034;cycle-0047;cycle-0054;cycle-0057;cycle-0058;cycle-0065;cycle-0066;cycle-0071;cycle-0072;cycle-0077;cycle-0081;cycle-0087;cycle-0089;cycle-0090;cycle-0091;cycle-0101;cycle-0123;cycle-0125;cycle-0161;cycle-0167;cycle-0168;cycle-0181;cycle-0186;cycle-0202;cycle-0207;cycle-0214;cycle-0240;cycle-0249;cycle-0252;cycle-0261,1,1843.583636,3813.148982
15,random,FLTrust,none,0,0,0,6,0,1,-0.028049706364289474,0.0037036285616,-0.007361509832342105,0,0,-0.0287031002428,910,216,1,0,0,0,0,0,0,0,0,0.6016645389374448,0.4856501031130315,0.4856501031130315,0.0,0.0,231;42;212;158;174;98;248;31;7;25;45;164;237;92;232;3;84;55;19;38;30;37;119;29;94;117;88;256;245;100,78;44;17;233;221;67;107;15;197;198;2;113;206;235;180;56;173;215;36;82;165;116;80;255;160;239;85;110;204;10,99;59;97;251;86;229;4;14;191;222;75;259;166;263;112;216;194;169;225;52;223;153;35;250;190;219;40;13;209;95;76;183;236;108;179;258;48;150;87;89;240;5;202;11;33;249;57;252;32;26;91;71;161;81;72;214;181;66;23;58;168;47;261;167;101;125;90;77;34;207;6;65;123;54;186;20,46;228;159;83;50;79;260;175;121;188;53;18;63;69;1;224;199;218;51;49,commit,-0.028049706364289474,593cd2e1259c7ceef68018e837c6c42cf19c2f9a49eaba4183d3cc20b1aeb530,1,1,1,1,1,1,1,1,1,1,1,3,3,1,1,9,2,0,cycle-0004;cycle-0013;cycle-0014;cycle-0035;cycle-0040;cycle-0048;cycle-0052;cycle-0059;cycle-0075;cycle-0076;cycle-0086;cycle-0095;cycle-0097;cycle-0099;cycle-0108;cycle-0112;cycle-0150;cycle-0153;cycle-0166;cycle-0169;cycle-0179;cycle-0183;cycle-0190;cycle-0191;cycle-0194;cycle-0209;cycle-0216;cycle-0219;cycle-0222;cycle-0223;cycle-0225;cycle-0229;cycle-0236;cycle-0250;cycle-0251;cycle-0258;cycle-0259;cycle-0263,1,2218.42154,4433.112714
15,random,FedVal,none,0,0,0,6,0,1,-0.0017227396239473684,-0.00216124951425,-0.00221789092875,0,0,-0.0014937704933,910,216,1,0,0,0,0,0,0,1,0,0.6016645389374448,0.5944711774526171,0.5944711774526171,0.0,0.0,231;42;212;158;174;98;248;31;7;25;45;164;237;92;232;3;84;55;19;38;30;37;119;29;94;117;88;256;245;100,78;44;17;233;221;67;107;15;197;198;2;113;206;235;180;56;173;215;36;82;165;116;80;255;160;239;85;110;204;10,99;59;97;251;86;229;4;14;191;222;75;259;166;263;112;216;194;169;225;52;223;153;35;250;190;219;40;13;209;95;76;183;236;108;179;258;48;150;87;89;240;5;202;11;33;249;57;252;32;26;91;71;161;81;72;214;181;66;23;58;168;47;261;167;101;125;90;77;34;207;6;65;123;54;186;20,46;228;159;83;50;79;260;175;121;188;53;18;63;69;1;224;199;218;51;49,commit,-0.0017227396239473684,0460596c607aebdb33c02e829fbe2c7ca6e07200772f94cc7dd8f3fb6cf526f7,1,1,1,1,1,1,1,1,1,1,1,3,3,1,1,9,2,0,cycle-0004;cycle-0013;cycle-0014;cycle-0035;cycle-0040;cycle-0048;cycle-0052;cycle-0059;cycle-0075;cycle-0076;cycle-0086;cycle-0095;cycle-0097;cycle-0099;cycle-0108;cycle-0112;cycle-0150;cycle-0153;cycle-0166;cycle-0169;cycle-0179;cycle-0183;cycle-0190;cycle-0191;cycle-0194;cycle-0209;cycle-0216;cycle-0219;cycle-0222;cycle-0223;cycle-0225;cycle-0229;cycle-0236;cycle-0250;cycle-0251;cycle-0258;cycle-0259;cycle-0263,1,2308.327974,4413.77345
15,random,FLShield,none,0,0,0,6,0,0,0.002181083707368421,0.0046136147572,0.007328297660842105,0,0,0.012215536396966667,910,216,0,0,0,0,0,0,0,0,0,0.6016645389374448,0.602695669252676,0.6016645389374448,-0.0010311303152312767,0.0046136147572,231;42;212;158;174;98;248;31;7;25;45;164;237;92;232;3;84;55;19;38;30;37;119;29;94;117;88;256;245;100,78;44;17;233;221;67;107;15;197;198;2;113;206;235;180;56;173;215;36;82;165;116;80;255;160;239;85;110;204;10,99;59;97;251;86;229;4;14;191;222;75;259;166;263;112;216;194;169;225;52;223;153;35;250;190;219;40;13;209;95;76;183;236;108;179;258;48;150;87;89;240;5;202;11;33;249;57;252;32;26;91;71;161;81;72;214;181;66;23;58;168;47;261;167;101;125;90;77;34;207;6;65;123;54;186;20,46;228;159;83;50;79;260;175;121;188;53;18;63;69;1;224;199;218;51;49,reject,0.002181083707368421,27975957e5f17486b3d59b5d7ac9193bcbd45266a43ccfd530a13e3a35321d34,1,1,1,0,0,1,1,1,1,1,1,3,3,1,1,9,2,1,cycle-0005;cycle-0006;cycle-0011;cycle-0020;cycle-0023;cycle-0026;cycle-0032;cycle-0033;cycle-0034;cycle-0047;cycle-0054;cycle-0057;cycle-0058;cycle-0065;cycle-0066;cycle-0071;cycle-0072;cycle-0077;cycle-0081;cycle-0087;cycle-0089;cycle-0090;cycle-0091;cycle-0101;cycle-0123;cycle-0125;cycle-0161;cycle-0167;cycle-0168;cycle-0181;cycle-0186;cycle-0202;cycle-0207;cycle-0214;cycle-0240;cycle-0249;cycle-0252;cycle-0261,1,1922.615017,3848.544917
15,random,FoundationFL,none,0,0,0,6,0,1,-0.005317411131657895,-0.0003361595122,-0.0019341928859078947,0,0,-0.006258026248433334,910,216,1,0,0,0,0,0,0,1,0,0.6016645389374448,0.4863252479622901,0.4863252479622901,0.0,0.0,231;42;212;158;174;98;248;31;7;25;45;164;237;92;232;3;84;55;19;38;30;37;119;29;94;117;88;256;245;100,78;44;17;233;221;67;107;15;197;198;2;113;206;235;180;56;173;215;36;82;165;116;80;255;160;239;85;110;204;10,99;59;97;251;86;229;4;14;191;222;75;259;166;263;112;216;194;169;225;52;223;153;35;250;190;219;40;13;209;95;76;183;236;108;179;258;48;150;87;89;240;5;202;11;33;249;57;252;32;26;91;71;161;81;72;214;181;66;23;58;168;47;261;167;101;125;90;77;34;207;6;65;123;54;186;20,46;228;159;83;50;79;260;175;121;188;53;18;63;69;1;224;199;218;51;49,commit,-0.005317411131657895,e3698655f0757ceaa9d8c16ef89c105c9c4e2a442b413c2329fd6ac7f77ed4f9,1,1,1,1,1,1,1,1,1,1,1,3,3,1,1,9,2,0,cycle-0004;cycle-0013;cycle-0014;cycle-0035;cycle-0040;cycle-0048;cycle-0052;cycle-0059;cycle-0075;cycle-0076;cycle-0086;cycle-0095;cycle-0097;cycle-0099;cycle-0108;cycle-0112;cycle-0150;cycle-0153;cycle-0166;cycle-0169;cycle-0179;cycle-0183;cycle-0190;cycle-0191;cycle-0194;cycle-0209;cycle-0216;cycle-0219;cycle-0222;cycle-0223;cycle-0225;cycle-0229;cycle-0236;cycle-0250;cycle-0251;cycle-0258;cycle-0259;cycle-0263,1,2284.150718,4399.558635
15,random,FedAvg,sign_flip,0,0,0,6,6,0,0.0015269676489473684,0.00272531095045,0.002537516910776316,0,0,0.0012223989034,910,216,0,0,0,0,0,0,0,0,0,0.6016645389374448,0.6065133064912108,0.6016645389374448,-0.004848767553766065,0.00272531095045,231;42;212;158;174;98;248;31;7;25;45;164;237;92;232;3;84;55;19;38;30;37;119;29;94;117;88;256;245;100,78;44;17;233;221;67;107;15;197;198;2;113;206;235;180;56;173;215;36;82;165;116;80;255;160;239;85;110;204;10,99;59;97;251;86;229;4;14;191;222;75;259;166;263;112;216;194;169;225;52;223;153;35;250;190;219;40;13;209;95;76;183;236;108;179;258;48;150;87;89;240;5;202;11;33;249;57;252;32;26;91;71;161;81;72;214;181;66;23;58;168;47;261;167;101;125;90;77;34;207;6;65;123;54;186;20,46;228;159;83;50;79;260;175;121;188;53;18;63;69;1;224;199;218;51;49,reject,0.0015269676489473684,1d8005625615393e7e1779ea8475c56fc72dc0bf04fc714fe420e55c5832f3e1,1,1,1,0,0,1,1,1,1,1,1,3,3,1,1,9,2,0,cycle-0004;cycle-0013;cycle-0014;cycle-0035;cycle-0040;cycle-0048;cycle-0052;cycle-0059;cycle-0075;cycle-0076;cycle-0086;cycle-0095;cycle-0097;cycle-0099;cycle-0108;cycle-0112;cycle-0150;cycle-0153;cycle-0166;cycle-0169;cycle-0179;cycle-0183;cycle-0190;cycle-0191;cycle-0194;cycle-0209;cycle-0216;cycle-0219;cycle-0222;cycle-0223;cycle-0225;cycle-0229;cycle-0236;cycle-0250;cycle-0251;cycle-0258;cycle-0259;cycle-0263,1,2207.467245,4345.843928
15,random,CoordinateMedian,sign_flip,0,0,0,6,6,0,0.008293943311578948,0.0017298743275,0.0038203328705263156,0,0,0.0083828335708,910,216,0,0,0,0,0,0,0,0,0,0.6016645389374448,0.611042914661691,0.6016645389374448,-0.009378375724246268,0.0017298743275,231;42;212;158;174;98;248;31;7;25;45;164;237;92;232;3;84;55;19;38;30;37;119;29;94;117;88;256;245;100,78;44;17;233;221;67;107;15;197;198;2;113;206;235;180;56;173;215;36;82;165;116;80;255;160;239;85;110;204;10,99;59;97;251;86;229;4;14;191;222;75;259;166;263;112;216;194;169;225;52;223;153;35;250;190;219;40;13;209;95;76;183;236;108;179;258;48;150;87;89;240;5;202;11;33;249;57;252;32;26;91;71;161;81;72;214;181;66;23;58;168;47;261;167;101;125;90;77;34;207;6;65;123;54;186;20,46;228;159;83;50;79;260;175;121;188;53;18;63;69;1;224;199;218;51;49,reject,0.008293943311578948,723c170d6e31803b4a5f9dac6716c0574a3e832818b7de1ec67ee0bbacadd924,1,1,1,0,0,1,1,1,1,1,1,3,3,1,1,9,2,0,cycle-0004;cycle-0013;cycle-0014;cycle-0035;cycle-0040;cycle-0048;cycle-0052;cycle-0059;cycle-0075;cycle-0076;cycle-0086;cycle-0095;cycle-0097;cycle-0099;cycle-0108;cycle-0112;cycle-0150;cycle-0153;cycle-0166;cycle-0169;cycle-0179;cycle-0183;cycle-0190;cycle-0191;cycle-0194;cycle-0209;cycle-0216;cycle-0219;cycle-0222;cycle-0223;cycle-0225;cycle-0229;cycle-0236;cycle-0250;cycle-0251;cycle-0258;cycle-0259;cycle-0263,1,2214.858077,4421.899564
15,random,Krum,sign_flip,0,0,0,6,6,1,-0.0056096177489473684,-0.00329810404425,-0.0026621820561578947,0,0,0.0009744827363,910,216,0,0,0,0,0,0,0,1,0,0.6016645389374448,0.6015049592458018,0.6015049592458018,0.0,0.0,231;42;212;158;174;98;248;31;7;25;45;164;237;92;232;3;84;55;19;38;30;37;119;29;94;117;88;256;245;100,78;44;17;233;221;67;107;15;197;198;2;113;206;235;180;56;173;215;36;82;165;116;80;255;160;239;85;110;204;10,99;59;97;251;86;229;4;14;191;222;75;259;166;263;112;216;194;169;225;52;223;153;35;250;190;219;40;13;209;95;76;183;236;108;179;258;48;150;87;89;240;5;202;11;33;249;57;252;32;26;91;71;161;81;72;214;181;66;23;58;168;47;261;167;101;125;90;77;34;207;6;65;123;54;186;20,46;228;159;83;50;79;260;175;121;188;53;18;63;69;1;224;199;218;51;49,commit,-0.0056096177489473684,a41b7eb5033d88a878ef6c69145f479a12a23fda8a5b09a4fae4c115468f507b,1,1,1,1,1,1,1,1,1,1,1,3,3,1,1,9,2,1,cycle-0005;cycle-0006;cycle-0011;cycle-0020;cycle-0023;cycle-0026;cycle-0032;cycle-0033;cycle-0034;cycle-0047;cycle-0054;cycle-0057;cycle-0058;cycle-0065;cycle-0066;cycle-0071;cycle-0072;cycle-0077;cycle-0081;cycle-0087;cycle-0089;cycle-0090;cycle-0091;cycle-0101;cycle-0123;cycle-0125;cycle-0161;cycle-0167;cycle-0168;cycle-0181;cycle-0186;cycle-0202;cycle-0207;cycle-0214;cycle-0240;cycle-0249;cycle-0252;cycle-0261,1,1856.155861,3809.226697
15,random,FLTrust,sign_flip,0,0,0,6,6,0,0.039534584799078946,0.024270632251,0.01299185253175,0,0,-0.014602904407833333,910,216,1,0,0,0,0,0,0,0,0,0.6016645389374448,0.46144309142688794,0.6016645389374448,0.14022144751055682,0.024270632251,231;42;212;158;174;98;248;31;7;25;45;164;237;92;232;3;84;55;19;38;30;37;119;29;94;117;88;256;245;100,78;44;17;233;221;67;107;15;197;198;2;113;206;235;180;56;173;215;36;82;165;116;80;255;160;239;85;110;204;10,99;59;97;251;86;229;4;14;191;222;75;259;166;263;112;216;194;169;225;52;223;153;35;250;190;219;40;13;209;95;76;183;236;108;179;258;48;150;87;89;240;5;202;11;33;249;57;252;32;26;91;71;161;81;72;214;181;66;23;58;168;47;261;167;101;125;90;77;34;207;6;65;123;54;186;20,46;228;159;83;50;79;260;175;121;188;53;18;63;69;1;224;199;218;51;49,reject,0.039534584799078946,81b8478f3b82945531096a9c0698862db0ff028216591ebbee63501d1efecefd,1,1,1,0,0,1,1,1,1,1,1,3,3,1,1,9,2,1,cycle-0005;cycle-0006;cycle-0011;cycle-0020;cycle-0023;cycle-0026;cycle-0032;cycle-0033;cycle-0034;cycle-0047;cycle-0054;cycle-0057;cycle-0058;cycle-0065;cycle-0066;cycle-0071;cycle-0072;cycle-0077;cycle-0081;cycle-0087;cycle-0089;cycle-0090;cycle-0091;cycle-0101;cycle-0123;cycle-0125;cycle-0161;cycle-0167;cycle-0168;cycle-0181;cycle-0186;cycle-0202;cycle-0207;cycle-0214;cycle-0240;cycle-0249;cycle-0252;cycle-0261,1,1885.715867,3800.010901
15,random,FedVal,sign_flip,0,0,0,6,6,0,0.004035235045236842,-0.00068290092315,-0.005595827556263158,0,0,-0.0154523750616,910,216,1,0,0,0,0,0,0,1,1,0.6016645389374448,0.5035353039379358,0.6016645389374448,0.09812923499950899,-0.00068290092315,231;42;212;158;174;98;248;31;7;25;45;164;237;92;232;3;84;55;19;38;30;37;119;29;94;117;88;256;245;100,78;44;17;233;221;67;107;15;197;198;2;113;206;235;180;56;173;215;36;82;165;116;80;255;160;239;85;110;204;10,99;59;97;251;86;229;4;14;191;222;75;259;166;263;112;216;194;169;225;52;223;153;35;250;190;219;40;13;209;95;76;183;236;108;179;258;48;150;87;89;240;5;202;11;33;249;57;252;32;26;91;71;161;81;72;214;181;66;23;58;168;47;261;167;101;125;90;77;34;207;6;65;123;54;186;20,46;228;159;83;50;79;260;175;121;188;53;18;63;69;1;224;199;218;51;49,reject,0.004035235045236842,d1445afdcc259cfc6cccce9100c363173f33ee2eba3a1578905267016de57a98,1,1,1,0,0,1,1,1,1,1,1,3,3,1,1,9,2,1,cycle-0005;cycle-0006;cycle-0011;cycle-0020;cycle-0023;cycle-0026;cycle-0032;cycle-0033;cycle-0034;cycle-0047;cycle-0054;cycle-0057;cycle-0058;cycle-0065;cycle-0066;cycle-0071;cycle-0072;cycle-0077;cycle-0081;cycle-0087;cycle-0089;cycle-0090;cycle-0091;cycle-0101;cycle-0123;cycle-0125;cycle-0161;cycle-0167;cycle-0168;cycle-0181;cycle-0186;cycle-0202;cycle-0207;cycle-0214;cycle-0240;cycle-0249;cycle-0252;cycle-0261,1,1904.993746,3848.307073
15,random,FLShield,sign_flip,0,0,0,6,6,1,-0.0002968585861315789,0.0010196955144,0.002208999337276316,0,0,0.0048187538158333335,910,216,0,0,0,0,0,0,0,0,0,0.6016645389374448,0.6120372188942356,0.6120372188942356,0.0,0.0,231;42;212;158;174;98;248;31;7;25;45;164;237;92;232;3;84;55;19;38;30;37;119;29;94;117;88;256;245;100,78;44;17;233;221;67;107;15;197;198;2;113;206;235;180;56;173;215;36;82;165;116;80;255;160;239;85;110;204;10,99;59;97;251;86;229;4;14;191;222;75;259;166;263;112;216;194;169;225;52;223;153;35;250;190;219;40;13;209;95;76;183;236;108;179;258;48;150;87;89;240;5;202;11;33;249;57;252;32;26;91;71;161;81;72;214;181;66;23;58;168;47;261;167;101;125;90;77;34;207;6;65;123;54;186;20,46;228;159;83;50;79;260;175;121;188;53;18;63;69;1;224;199;218;51;49,commit,-0.0002968585861315789,43fa3adeaee632241238a1fe328f9975cda5ef31988518c948c805dd0426e724,1,1,1,1,1,1,1,1,1,1,1,3,3,1,1,9,2,1,cycle-0005;cycle-0006;cycle-0011;cycle-0020;cycle-0023;cycle-0026;cycle-0032;cycle-0033;cycle-0034;cycle-0047;cycle-0054;cycle-0057;cycle-0058;cycle-0065;cycle-0066;cycle-0071;cycle-0072;cycle-0077;cycle-0081;cycle-0087;cycle-0089;cycle-0090;cycle-0091;cycle-0101;cycle-0123;cycle-0125;cycle-0161;cycle-0167;cycle-0168;cycle-0181;cycle-0186;cycle-0202;cycle-0207;cycle-0214;cycle-0240;cycle-0249;cycle-0252;cycle-0261,1,1912.47734,3816.370129
15,random,FoundationFL,sign_flip,0,0,0,6,6,0,0.009070369692394737,0.0031161992804,0.005443066486394737,0,0,0.008483184259133334,910,216,0,0,0,0,0,0,0,0,0,0.6016645389374448,0.6118776392025925,0.6016645389374448,-0.010213100265147768,0.0031161992804,231;42;212;158;174;98;248;31;7;25;45;164;237;92;232;3;84;55;19;38;30;37;119;29;94;117;88;256;245;100,78;44;17;233;221;67;107;15;197;198;2;113;206;235;180;56;173;215;36;82;165;116;80;255;160;239;85;110;204;10,99;59;97;251;86;229;4;14;191;222;75;259;166;263;112;216;194;169;225;52;223;153;35;250;190;219;40;13;209;95;76;183;236;108;179;258;48;150;87;89;240;5;202;11;33;249;57;252;32;26;91;71;161;81;72;214;181;66;23;58;168;47;261;167;101;125;90;77;34;207;6;65;123;54;186;20,46;228;159;83;50;79;260;175;121;188;53;18;63;69;1;224;199;218;51;49,reject,0.009070369692394737,a3e14e42302bbdbe4eafe518859f3b2a76b49483497b9a9757a4e4c4d6508414,1,1,1,0,0,1,1,1,1,1,1,3,3,1,1,9,2,0,cycle-0004;cycle-0013;cycle-0014;cycle-0035;cycle-0040;cycle-0048;cycle-0052;cycle-0059;cycle-0075;cycle-0076;cycle-0086;cycle-0095;cycle-0097;cycle-0099;cycle-0108;cycle-0112;cycle-0150;cycle-0153;cycle-0166;cycle-0169;cycle-0179;cycle-0183;cycle-0190;cycle-0191;cycle-0194;cycle-0209;cycle-0216;cycle-0219;cycle-0222;cycle-0223;cycle-0225;cycle-0229;cycle-0236;cycle-0250;cycle-0251;cycle-0258;cycle-0259;cycle-0263,1,2288.079291,4336.755771
15,random,FedAvg,model_replacement,0,0,0,6,6,0,0.39363962802418423,0.34206050616635,0.3466114379379079,0,0,0.2836569327773,910,216,0,0,0,1,0,0,0,0,0,0.6016645389374448,0.5028233330059904,0.6016645389374448,0.0988412059314544,0.34206050616635,231;42;212;158;174;98;248;31;7;25;45;164;237;92;232;3;84;55;19;38;30;37;119;29;94;117;88;256;245;100,78;44;17;233;221;67;107;15;197;198;2;113;206;235;180;56;173;215;36;82;165;116;80;255;160;239;85;110;204;10,99;59;97;251;86;229;4;14;191;222;75;259;166;263;112;216;194;169;225;52;223;153;35;250;190;219;40;13;209;95;76;183;236;108;179;258;48;150;87;89;240;5;202;11;33;249;57;252;32;26;91;71;161;81;72;214;181;66;23;58;168;47;261;167;101;125;90;77;34;207;6;65;123;54;186;20,46;228;159;83;50;79;260;175;121;188;53;18;63;69;1;224;199;218;51;49,reject,0.39363962802418423,9b655b6f80f6a09d57819bd006b89a5e5b82c5a4eaefb80e05e2e9f69b0d4bd8,1,1,1,0,0,1,1,1,1,1,1,3,3,1,1,9,2,1,cycle-0005;cycle-0006;cycle-0011;cycle-0020;cycle-0023;cycle-0026;cycle-0032;cycle-0033;cycle-0034;cycle-0047;cycle-0054;cycle-0057;cycle-0058;cycle-0065;cycle-0066;cycle-0071;cycle-0072;cycle-0077;cycle-0081;cycle-0087;cycle-0089;cycle-0090;cycle-0091;cycle-0101;cycle-0123;cycle-0125;cycle-0161;cycle-0167;cycle-0168;cycle-0181;cycle-0186;cycle-0202;cycle-0207;cycle-0214;cycle-0240;cycle-0249;cycle-0252;cycle-0261,1,1919.367819,3862.125616
15,random,CoordinateMedian,model_replacement,0,0,0,6,6,1,-0.0002872230153684211,0.00228968856535,0.0046794026055,0,0,0.0096485038731,910,216,0,0,0,0,0,0,0,0,0,0.6016645389374448,0.6085387410389865,0.6085387410389865,0.0,0.0,231;42;212;158;174;98;248;31;7;25;45;164;237;92;232;3;84;55;19;38;30;37;119;29;94;117;88;256;245;100,78;44;17;233;221;67;107;15;197;198;2;113;206;235;180;56;173;215;36;82;165;116;80;255;160;239;85;110;204;10,99;59;97;251;86;229;4;14;191;222;75;259;166;263;112;216;194;169;225;52;223;153;35;250;190;219;40;13;209;95;76;183;236;108;179;258;48;150;87;89;240;5;202;11;33;249;57;252;32;26;91;71;161;81;72;214;181;66;23;58;168;47;261;167;101;125;90;77;34;207;6;65;123;54;186;20,46;228;159;83;50;79;260;175;121;188;53;18;63;69;1;224;199;218;51;49,commit,-0.0002872230153684211,bb07afb43359824f18cac8f1c6f643418442cfa0ffddc5389eb32407d1843a64,1,1,1,1,1,1,1,1,1,1,1,3,3,1,1,9,2,1,cycle-0005;cycle-0006;cycle-0011;cycle-0020;cycle-0023;cycle-0026;cycle-0032;cycle-0033;cycle-0034;cycle-0047;cycle-0054;cycle-0057;cycle-0058;cycle-0065;cycle-0066;cycle-0071;cycle-0072;cycle-0077;cycle-0081;cycle-0087;cycle-0089;cycle-0090;cycle-0091;cycle-0101;cycle-0123;cycle-0125;cycle-0161;cycle-0167;cycle-0168;cycle-0181;cycle-0186;cycle-0202;cycle-0207;cycle-0214;cycle-0240;cycle-0249;cycle-0252;cycle-0261,1,1888.914826,3838.191153
15,random,Krum,model_replacement,0,0,0,6,6,0,0.0186322771125,0.00716326414235,0.011120349920026315,0,0,0.017879779135933332,910,216,0,0,0,0,0,0,0,0,0,0.6016645389374448,0.5876706275164489,0.6016645389374448,0.01399391142099582,0.00716326414235,231;42;212;158;174;98;248;31;7;25;45;164;237;92;232;3;84;55;19;38;30;37;119;29;94;117;88;256;245;100,78;44;17;233;221;67;107;15;197;198;2;113;206;235;180;56;173;215;36;82;165;116;80;255;160;239;85;110;204;10,99;59;97;251;86;229;4;14;191;222;75;259;166;263;112;216;194;169;225;52;223;153;35;250;190;219;40;13;209;95;76;183;236;108;179;258;48;150;87;89;240;5;202;11;33;249;57;252;32;26;91;71;161;81;72;214;181;66;23;58;168;47;261;167;101;125;90;77;34;207;6;65;123;54;186;20,46;228;159;83;50;79;260;175;121;188;53;18;63;69;1;224;199;218;51;49,reject,0.0186322771125,4d932516f4e51f677bf231b63c4564a72febd3ce2f47a40f35d5aa4072f9a3ac,1,1,1,0,0,1,1,1,1,1,1,3,3,1,1,9,2,0,cycle-0004;cycle-0013;cycle-0014;cycle-0035;cycle-0040;cycle-0048;cycle-0052;cycle-0059;cycle-0075;cycle-0076;cycle-0086;cycle-0095;cycle-0097;cycle-0099;cycle-0108;cycle-0112;cycle-0150;cycle-0153;cycle-0166;cycle-0169;cycle-0179;cycle-0183;cycle-0190;cycle-0191;cycle-0194;cycle-0209;cycle-0216;cycle-0219;cycle-0222;cycle-0223;cycle-0225;cycle-0229;cycle-0236;cycle-0250;cycle-0251;cycle-0258;cycle-0259;cycle-0263,1,2331.365444,4606.094449
15,random,FLTrust,model_replacement,0,0,0,6,6,0,0.03315093430186842,0.02571994477745,0.0239973214035,0,0,0.011335804839333333,910,216,0,0,0,0,0,0,0,0,0,0.6016645389374448,0.5294485907885692,0.6016645389374448,0.07221594814887555,0.02571994477745,231;42;212;158;174;98;248;31;7;25;45;164;237;92;232;3;84;55;19;38;30;37;119;29;94;117;88;256;245;100,78;44;17;233;221;67;107;15;197;198;2;113;206;235;180;56;173;215;36;82;165;116;80;255;160;239;85;110;204;10,99;59;97;251;86;229;4;14;191;222;75;259;166;263;112;216;194;169;225;52;223;153;35;250;190;219;40;13;209;95;76;183;236;108;179;258;48;150;87;89;240;5;202;11;33;249;57;252;32;26;91;71;161;81;72;214;181;66;23;58;168;47;261;167;101;125;90;77;34;207;6;65;123;54;186;20,46;228;159;83;50;79;260;175;121;188;53;18;63;69;1;224;199;218;51;49,reject,0.03315093430186842,ed4b6bdb03a1c02182ef6d1c2ca30ac88f60c6a454a99b13f18fbd520bc45ae2,1,1,1,0,0,1,1,1,1,1,1,3,3,1,1,9,2,1,cycle-0005;cycle-0006;cycle-0011;cycle-0020;cycle-0023;cycle-0026;cycle-0032;cycle-0033;cycle-0034;cycle-0047;cycle-0054;cycle-0057;cycle-0058;cycle-0065;cycle-0066;cycle-0071;cycle-0072;cycle-0077;cycle-0081;cycle-0087;cycle-0089;cycle-0090;cycle-0091;cycle-0101;cycle-0123;cycle-0125;cycle-0161;cycle-0167;cycle-0168;cycle-0181;cycle-0186;cycle-0202;cycle-0207;cycle-0214;cycle-0240;cycle-0249;cycle-0252;cycle-0261,1,1871.823639,3883.265523
15,random,FedVal,model_replacement,0,0,0,6,6,0,0.12967776635473685,0.11498435598585,0.1224335810169342,0,0,0.1032267931552,910,216,0,0,0,1,0,0,0,0,0,0.6016645389374448,0.46583767062751646,0.6016645389374448,0.1358268683099283,0.11498435598585,231;42;212;158;174;98;248;31;7;25;45;164;237;92;232;3;84;55;19;38;30;37;119;29;94;117;88;256;245;100,78;44;17;233;221;67;107;15;197;198;2;113;206;235;180;56;173;215;36;82;165;116;80;255;160;239;85;110;204;10,99;59;97;251;86;229;4;14;191;222;75;259;166;263;112;216;194;169;225;52;223;153;35;250;190;219;40;13;209;95;76;183;236;108;179;258;48;150;87;89;240;5;202;11;33;249;57;252;32;26;91;71;161;81;72;214;181;66;23;58;168;47;261;167;101;125;90;77;34;207;6;65;123;54;186;20,46;228;159;83;50;79;260;175;121;188;53;18;63;69;1;224;199;218;51;49,reject,0.12967776635473685,8320d40445f8bf0df231b89ec50da1cc0125fe5264c632b552ac30160b318270,1,1,1,0,0,1,1,1,1,1,1,3,3,1,1,9,2,1,cycle-0005;cycle-0006;cycle-0011;cycle-0020;cycle-0023;cycle-0026;cycle-0032;cycle-0033;cycle-0034;cycle-0047;cycle-0054;cycle-0057;cycle-0058;cycle-0065;cycle-0066;cycle-0071;cycle-0072;cycle-0077;cycle-0081;cycle-0087;cycle-0089;cycle-0090;cycle-0091;cycle-0101;cycle-0123;cycle-0125;cycle-0161;cycle-0167;cycle-0168;cycle-0181;cycle-0186;cycle-0202;cycle-0207;cycle-0214;cycle-0240;cycle-0249;cycle-0252;cycle-0261,1,1901.045785,3950.54828
15,random,FLShield,model_replacement,0,0,0,6,6,0,0.010682595923,0.00358594219765,0.0059794301961710525,0,0,0.0105760288358,910,216,0,0,0,0,0,0,0,0,0,0.6016645389374448,0.606034567416282,0.6016645389374448,-0.004370028478837273,0.00358594219765,231;42;212;158;174;98;248;31;7;25;45;164;237;92;232;3;84;55;19;38;30;37;119;29;94;117;88;256;245;100,78;44;17;233;221;67;107;15;197;198;2;113;206;235;180;56;173;215;36;82;165;116;80;255;160;239;85;110;204;10,99;59;97;251;86;229;4;14;191;222;75;259;166;263;112;216;194;169;225;52;223;153;35;250;190;219;40;13;209;95;76;183;236;108;179;258;48;150;87;89;240;5;202;11;33;249;57;252;32;26;91;71;161;81;72;214;181;66;23;58;168;47;261;167;101;125;90;77;34;207;6;65;123;54;186;20,46;228;159;83;50;79;260;175;121;188;53;18;63;69;1;224;199;218;51;49,reject,0.010682595923,103b9cadb3146822ca8fa1740574e146e83a0fce265201986bab875b236d9f25,1,1,1,0,0,1,1,1,1,1,1,3,3,1,1,9,2,0,cycle-0004;cycle-0013;cycle-0014;cycle-0035;cycle-0040;cycle-0048;cycle-0052;cycle-0059;cycle-0075;cycle-0076;cycle-0086;cycle-0095;cycle-0097;cycle-0099;cycle-0108;cycle-0112;cycle-0150;cycle-0153;cycle-0166;cycle-0169;cycle-0179;cycle-0183;cycle-0190;cycle-0191;cycle-0194;cycle-0209;cycle-0216;cycle-0219;cycle-0222;cycle-0223;cycle-0225;cycle-0229;cycle-0236;cycle-0250;cycle-0251;cycle-0258;cycle-0259;cycle-0263,1,2302.701056,4627.973222
15,random,FoundationFL,model_replacement,0,0,0,6,6,0,0.001099824692,0.00434847390415,0.007511380504960526,0,0,0.013808175071333334,910,216,0,0,0,0,0,0,0,0,0,0.6016645389374448,0.5976873220072669,0.6016645389374448,0.003977216930177829,0.00434847390415,231;42;212;158;174;98;248;31;7;25;45;164;237;92;232;3;84;55;19;38;30;37;119;29;94;117;88;256;245;100,78;44;17;233;221;67;107;15;197;198;2;113;206;235;180;56;173;215;36;82;165;116;80;255;160;239;85;110;204;10,99;59;97;251;86;229;4;14;191;222;75;259;166;263;112;216;194;169;225;52;223;153;35;250;190;219;40;13;209;95;76;183;236;108;179;258;48;150;87;89;240;5;202;11;33;249;57;252;32;26;91;71;161;81;72;214;181;66;23;58;168;47;261;167;101;125;90;77;34;207;6;65;123;54;186;20,46;228;159;83;50;79;260;175;121;188;53;18;63;69;1;224;199;218;51;49,reject,0.001099824692,94fdd94edbb37b92230f0ed1b900e885679b965b7a3446f55fe7b7320b723b29,1,1,1,0,0,1,1,1,1,1,1,3,3,1,1,9,2,1,cycle-0005;cycle-0006;cycle-0011;cycle-0020;cycle-0023;cycle-0026;cycle-0032;cycle-0033;cycle-0034;cycle-0047;cycle-0054;cycle-0057;cycle-0058;cycle-0065;cycle-0066;cycle-0071;cycle-0072;cycle-0077;cycle-0081;cycle-0087;cycle-0089;cycle-0090;cycle-0091;cycle-0101;cycle-0123;cycle-0125;cycle-0161;cycle-0167;cycle-0168;cycle-0181;cycle-0186;cycle-0202;cycle-0207;cycle-0214;cycle-0240;cycle-0249;cycle-0252;cycle-0261,1,1943.372303,3943.993414
15,random,FedAvg,score_aware,64,10,1,6,6,0,0.03050676717794737,0.02111887450485,0.016551723185078946,0,0,-9.04917962e-05,910,216,1,0,0,0,0,0,0,0,0,0.6016645389374448,0.5404964155946185,0.6016645389374448,0.061168123342826286,0.02111887450485,231;42;212;158;174;98;248;31;7;25;45;164;237;92;232;3;84;55;19;38;30;37;119;29;94;117;88;256;245;100,78;44;17;233;221;67;107;15;197;198;2;113;206;235;180;56;173;215;36;82;165;116;80;255;160;239;85;110;204;10,99;59;97;251;86;229;4;14;191;222;75;259;166;263;112;216;194;169;225;52;223;153;35;250;190;219;40;13;209;95;76;183;236;108;179;258;48;150;87;89;240;5;202;11;33;249;57;252;32;26;91;71;161;81;72;214;181;66;23;58;168;47;261;167;101;125;90;77;34;207;6;65;123;54;186;20,46;228;159;83;50;79;260;175;121;188;53;18;63;69;1;224;199;218;51;49,reject,0.03050676717794737,fc2c03b1b0f5d8011f5bd626852ebe0151ad9c8763f6c8ad9e7ac07569ff8983,1,1,1,0,0,1,1,1,1,1,1,3,3,1,1,9,2,1,cycle-0005;cycle-0006;cycle-0011;cycle-0020;cycle-0023;cycle-0026;cycle-0032;cycle-0033;cycle-0034;cycle-0047;cycle-0054;cycle-0057;cycle-0058;cycle-0065;cycle-0066;cycle-0071;cycle-0072;cycle-0077;cycle-0081;cycle-0087;cycle-0089;cycle-0090;cycle-0091;cycle-0101;cycle-0123;cycle-0125;cycle-0161;cycle-0167;cycle-0168;cycle-0181;cycle-0186;cycle-0202;cycle-0207;cycle-0214;cycle-0240;cycle-0249;cycle-0252;cycle-0261,1,1933.232536,3930.009584
15,random,FLTrust,score_aware,64,8,1,6,6,1,-0.0020841936160526315,0.0350329720694,0.025094997030802632,0,0,-0.0037487897361666665,910,216,1,0,0,0,0,0,0,0,0,0.6016645389374448,0.46680742413826964,0.46680742413826964,0.0,0.0,231;42;212;158;174;98;248;31;7;25;45;164;237;92;232;3;84;55;19;38;30;37;119;29;94;117;88;256;245;100,78;44;17;233;221;67;107;15;197;198;2;113;206;235;180;56;173;215;36;82;165;116;80;255;160;239;85;110;204;10,99;59;97;251;86;229;4;14;191;222;75;259;166;263;112;216;194;169;225;52;223;153;35;250;190;219;40;13;209;95;76;183;236;108;179;258;48;150;87;89;240;5;202;11;33;249;57;252;32;26;91;71;161;81;72;214;181;66;23;58;168;47;261;167;101;125;90;77;34;207;6;65;123;54;186;20,46;228;159;83;50;79;260;175;121;188;53;18;63;69;1;224;199;218;51;49,commit,-0.0020841936160526315,b56d5d7262646d5d5dd489b2b6cf70bb3fac5557c8dc1024616e017afe417777,1,1,1,1,1,1,1,1,1,1,1,3,3,1,1,9,2,0,cycle-0004;cycle-0013;cycle-0014;cycle-0035;cycle-0040;cycle-0048;cycle-0052;cycle-0059;cycle-0075;cycle-0076;cycle-0086;cycle-0095;cycle-0097;cycle-0099;cycle-0108;cycle-0112;cycle-0150;cycle-0153;cycle-0166;cycle-0169;cycle-0179;cycle-0183;cycle-0190;cycle-0191;cycle-0194;cycle-0209;cycle-0216;cycle-0219;cycle-0222;cycle-0223;cycle-0225;cycle-0229;cycle-0236;cycle-0250;cycle-0251;cycle-0258;cycle-0259;cycle-0263,1,2335.622843,4445.969894
15,random,FoundationFL,score_aware,64,24,1,6,6,0,0.007176691561842106,0.02569945934515,0.021512112510052632,0,0,0.004336227708566667,910,216,0,0,0,0,0,0,0,0,0,0.6016645389374448,0.5819503093390945,0.6016645389374448,0.01971422959835023,0.02569945934515,231;42;212;158;174;98;248;31;7;25;45;164;237;92;232;3;84;55;19;38;30;37;119;29;94;117;88;256;245;100,78;44;17;233;221;67;107;15;197;198;2;113;206;235;180;56;173;215;36;82;165;116;80;255;160;239;85;110;204;10,99;59;97;251;86;229;4;14;191;222;75;259;166;263;112;216;194;169;225;52;223;153;35;250;190;219;40;13;209;95;76;183;236;108;179;258;48;150;87;89;240;5;202;11;33;249;57;252;32;26;91;71;161;81;72;214;181;66;23;58;168;47;261;167;101;125;90;77;34;207;6;65;123;54;186;20,46;228;159;83;50;79;260;175;121;188;53;18;63;69;1;224;199;218;51;49,reject,0.007176691561842106,7cc1d3264907a9e057465c27695004dc537685b49e669e3374bd47a681d604c0,1,1,1,0,0,1,1,1,1,1,1,3,3,1,1,9,2,0,cycle-0004;cycle-0013;cycle-0014;cycle-0035;cycle-0040;cycle-0048;cycle-0052;cycle-0059;cycle-0075;cycle-0076;cycle-0086;cycle-0095;cycle-0097;cycle-0099;cycle-0108;cycle-0112;cycle-0150;cycle-0153;cycle-0166;cycle-0169;cycle-0179;cycle-0183;cycle-0190;cycle-0191;cycle-0194;cycle-0209;cycle-0216;cycle-0219;cycle-0222;cycle-0223;cycle-0225;cycle-0229;cycle-0236;cycle-0250;cycle-0251;cycle-0258;cycle-0259;cycle-0263,1,2244.119344,4376.013727
16,random,FedAvg,none,0,0,0,6,0,0,0.0038339055597894738,-0.00010194246605,0.0022119420510526315,0,0,-0.0012609007368,922,84,1,0,0,0,0,0,0,1,1,0.4948148148148148,0.504122383252818,0.4948148148148148,-0.009307568438003178,-0.00010194246605,194;239;225;218;68;54;250;182;86;8;173;7;42;233;238;60;259;255;114;241;164;62;192;77;44;230;119;89;67;209,246;36;112;90;177;52;249;30;257;109;247;85;83;27;121;65;151;242;84;234;72;76;88;118;24;28;128;3;19;196,61;189;210;125;101;207;93;208;252;71;37;156;99;228;31;185;108;170;251;58;103;263;205;260;79;157;4;17;29;248;66;1;75;193;110;258;47;87;53;231;107;104;204;113;256;70;174;6;235;201;169;181;219;23;14;92;158;12;184;154;197;80;172;227;166;163;126;153;45;155;206;35;82;161;179;13,175;41;262;237;188;229;97;222;34;9;226;217;64;69;150;115;120;51;55;39,reject,0.0038339055597894738,2623d1029de42da02e1dd5248f0571ca61b09168d1ed84ce90c3207e0245bd9d,1,2,2,0,0,1,1,1,1,1,1,3,3,1,1,9,2,1,cycle-0006;cycle-0012;cycle-0013;cycle-0014;cycle-0023;cycle-0035;cycle-0045;cycle-0053;cycle-0070;cycle-0080;cycle-0082;cycle-0092;cycle-0104;cycle-0107;cycle-0113;cycle-0126;cycle-0153;cycle-0154;cycle-0155;cycle-0158;cycle-0161;cycle-0163;cycle-0166;cycle-0169;cycle-0172;cycle-0174;cycle-0179;cycle-0181;cycle-0184;cycle-0197;cycle-0201;cycle-0204;cycle-0206;cycle-0219;cycle-0227;cycle-0231;cycle-0235;cycle-0256,1,2068.969843,4989.770388
16,random,CoordinateMedian,none,0,0,0,6,0,0,0.002021654103368421,-0.00343549428335,-0.0006647071104605263,0,0,-0.006144802021133333,922,84,1,0,0,0,0,0,0,1,1,0.4948148148148148,0.5048631239935587,0.4948148148148148,-0.010048309178743886,-0.00343549428335,194;239;225;218;68;54;250;182;86;8;173;7;42;233;238;60;259;255;114;241;164;62;192;77;44;230;119;89;67;209,246;36;112;90;177;52;249;30;257;109;247;85;83;27;121;65;151;242;84;234;72;76;88;118;24;28;128;3;19;196,61;189;210;125;101;207;93;208;252;71;37;156;99;228;31;185;108;170;251;58;103;263;205;260;79;157;4;17;29;248;66;1;75;193;110;258;47;87;53;231;107;104;204;113;256;70;174;6;235;201;169;181;219;23;14;92;158;12;184;154;197;80;172;227;166;163;126;153;45;155;206;35;82;161;179;13,175;41;262;237;188;229;97;222;34;9;226;217;64;69;150;115;120;51;55;39,reject,0.002021654103368421,1fa21d87d8ab62a136f42e63a4717b167290a03f5ca55922e6369c7cc856fb8c,1,1,1,0,0,1,1,1,1,1,1,3,3,1,1,9,2,1,cycle-0006;cycle-0012;cycle-0013;cycle-0014;cycle-0023;cycle-0035;cycle-0045;cycle-0053;cycle-0070;cycle-0080;cycle-0082;cycle-0092;cycle-0104;cycle-0107;cycle-0113;cycle-0126;cycle-0153;cycle-0154;cycle-0155;cycle-0158;cycle-0161;cycle-0163;cycle-0166;cycle-0169;cycle-0172;cycle-0174;cycle-0179;cycle-0181;cycle-0184;cycle-0197;cycle-0201;cycle-0204;cycle-0206;cycle-0219;cycle-0227;cycle-0231;cycle-0235;cycle-0256,1,2088.989544,4131.257613
16,random,Krum,none,0,0,0,6,0,1,-0.0006649847797105263,0.0005867212693,-3.2817142657894735e-05,0,0,0.0011015656241666666,922,84,0,0,0,0,0,0,0,0,0,0.4948148148148148,0.504122383252818,0.504122383252818,0.0,0.0,194;239;225;218;68;54;250;182;86;8;173;7;42;233;238;60;259;255;114;241;164;62;192;77;44;230;119;89;67;209,246;36;112;90;177;52;249;30;257;109;247;85;83;27;121;65;151;242;84;234;72;76;88;118;24;28;128;3;19;196,61;189;210;125;101;207;93;208;252;71;37;156;99;228;31;185;108;170;251;58;103;263;205;260;79;157;4;17;29;248;66;1;75;193;110;258;47;87;53;231;107;104;204;113;256;70;174;6;235;201;169;181;219;23;14;92;158;12;184;154;197;80;172;227;166;163;126;153;45;155;206;35;82;161;179;13,175;41;262;237;188;229;97;222;34;9;226;217;64;69;150;115;120;51;55;39,commit,-0.0006649847797105263,424c76805eea57778d20c09199c7be89a3960813a9f69a70a15c199184304b3e,1,1,1,1,1,1,1,1,1,1,1,3,3,1,1,9,2,1,cycle-0006;cycle-0012;cycle-0013;cycle-0014;cycle-0023;cycle-0035;cycle-0045;cycle-0053;cycle-0070;cycle-0080;cycle-0082;cycle-0092;cycle-0104;cycle-0107;cycle-0113;cycle-0126;cycle-0153;cycle-0154;cycle-0155;cycle-0158;cycle-0161;cycle-0163;cycle-0166;cycle-0169;cycle-0172;cycle-0174;cycle-0179;cycle-0181;cycle-0184;cycle-0197;cycle-0201;cycle-0204;cycle-0206;cycle-0219;cycle-0227;cycle-0231;cycle-0235;cycle-0256,1,2089.488338,4128.459197
16,random,FLTrust,none,0,0,0,6,0,0,0.01705855783331579,0.00722903588295,0.013412453462289474,0,0,0.0055794510373,922,84,0,0,0,0,0,0,0,0,0,0.4948148148148148,0.5199355877616747,0.4948148148148148,-0.02512077294685988,0.00722903588295,194;239;225;218;68;54;250;182;86;8;173;7;42;233;238;60;259;255;114;241;164;62;192;77;44;230;119;89;67;209,246;36;112;90;177;52;249;30;257;109;247;85;83;27;121;65;151;242;84;234;72;76;88;118;24;28;128;3;19;196,61;189;210;125;101;207;93;208;252;71;37;156;99;228;31;185;108;170;251;58;103;263;205;260;79;157;4;17;29;248;66;1;75;193;110;258;47;87;53;231;107;104;204;113;256;70;174;6;235;201;169;181;219;23;14;92;158;12;184;154;197;80;172;227;166;163;126;153;45;155;206;35;82;161;179;13,175;41;262;237;188;229;97;222;34;9;226;217;64;69;150;115;120;51;55;39,reject,0.01705855783331579,a95018f19d0ceb9755eaf1c4de468a3247da140e7cdf064e56a24cd16eb77e56,1,1,1,0,0,1,1,1,1,1,1,3,3,1,1,9,2,1,cycle-0006;cycle-0012;cycle-0013;cycle-0014;cycle-0023;cycle-0035;cycle-0045;cycle-0053;cycle-0070;cycle-0080;cycle-0082;cycle-0092;cycle-0104;cycle-0107;cycle-0113;cycle-0126;cycle-0153;cycle-0154;cycle-0155;cycle-0158;cycle-0161;cycle-0163;cycle-0166;cycle-0169;cycle-0172;cycle-0174;cycle-0179;cycle-0181;cycle-0184;cycle-0197;cycle-0201;cycle-0204;cycle-0206;cycle-0219;cycle-0227;cycle-0231;cycle-0235;cycle-0256,1,2127.900895,4138.137715
16,random,FedVal,none,0,0,0,6,0,1,-0.0011639101311842106,-0.00127844886495,-0.000625604121736842,0,0,-0.0016801279088,922,84,1,0,0,0,0,0,0,1,0,0.4948148148148148,0.5063446054750402,0.5063446054750402,0.0,0.0,194;239;225;218;68;54;250;182;86;8;173;7;42;233;238;60;259;255;114;241;164;62;192;77;44;230;119;89;67;209,246;36;112;90;177;52;249;30;257;109;247;85;83;27;121;65;151;242;84;234;72;76;88;118;24;28;128;3;19;196,61;189;210;125;101;207;93;208;252;71;37;156;99;228;31;185;108;170;251;58;103;263;205;260;79;157;4;17;29;248;66;1;75;193;110;258;47;87;53;231;107;104;204;113;256;70;174;6;235;201;169;181;219;23;14;92;158;12;184;154;197;80;172;227;166;163;126;153;45;155;206;35;82;161;179;13,175;41;262;237;188;229;97;222;34;9;226;217;64;69;150;115;120;51;55;39,commit,-0.0011639101311842106,d2d91cfd86cda4051f7d8510d003d755f7970d9ab378aa3e50b2e72bf795ded1,1,1,1,1,1,1,1,1,1,1,1,3,3,1,1,9,2,0,cycle-0001;cycle-0004;cycle-0017;cycle-0029;cycle-0031;cycle-0037;cycle-0047;cycle-0058;cycle-0061;cycle-0066;cycle-0071;cycle-0075;cycle-0079;cycle-0087;cycle-0093;cycle-0099;cycle-0101;cycle-0103;cycle-0108;cycle-0110;cycle-0125;cycle-0156;cycle-0157;cycle-0170;cycle-0185;cycle-0189;cycle-0193;cycle-0205;cycle-0207;cycle-0208;cycle-0210;cycle-0228;cycle-0248;cycle-0251;cycle-0252;cycle-0258;cycle-0260;cycle-0263,1,2187.53204,4326.38902
16,random,FLShield,none,0,0,0,6,0,0,0.0037405055355789474,0.0002553473747,0.002392093041144737,0,0,-0.0006929848668,922,84,1,0,0,0,0,0,0,0,0,0.4948148148148148,0.5048631239935587,0.4948148148148148,-0.010048309178743886,0.0002553473747,194;239;225;218;68;54;250;182;86;8;173;7;42;233;238;60;259;255;114;241;164;62;192;77;44;230;119;89;67;209,246;36;112;90;177;52;249;30;257;109;247;85;83;27;121;65;151;242;84;234;72;76;88;118;24;28;128;3;19;196,61;189;210;125;101;207;93;208;252;71;37;156;99;228;31;185;108;170;251;58;103;263;205;260;79;157;4;17;29;248;66;1;75;193;110;258;47;87;53;231;107;104;204;113;256;70;174;6;235;201;169;181;219;23;14;92;158;12;184;154;197;80;172;227;166;163;126;153;45;155;206;35;82;161;179;13,175;41;262;237;188;229;97;222;34;9;226;217;64;69;150;115;120;51;55;39,reject,0.0037405055355789474,86f56d54cb5da3308f440c6de98098bba4a7933ce5d936ec9febed27d232ee07,1,1,1,0,0,1,1,1,1,1,1,3,3,1,1,9,2,1,cycle-0006;cycle-0012;cycle-0013;cycle-0014;cycle-0023;cycle-0035;cycle-0045;cycle-0053;cycle-0070;cycle-0080;cycle-0082;cycle-0092;cycle-0104;cycle-0107;cycle-0113;cycle-0126;cycle-0153;cycle-0154;cycle-0155;cycle-0158;cycle-0161;cycle-0163;cycle-0166;cycle-0169;cycle-0172;cycle-0174;cycle-0179;cycle-0181;cycle-0184;cycle-0197;cycle-0201;cycle-0204;cycle-0206;cycle-0219;cycle-0227;cycle-0231;cycle-0235;cycle-0256,1,2047.523815,4201.278296
16,random,FoundationFL,none,0,0,0,6,0,0,0.0018351875940263158,-0.00543496296135,-0.0018882211173421053,0,0,-0.009213091737933334,922,84,1,0,0,0,0,0,0,1,1,0.4948148148148148,0.4911111111111111,0.4948148148148148,0.003703703703703709,-0.00543496296135,194;239;225;218;68;54;250;182;86;8;173;7;42;233;238;60;259;255;114;241;164;62;192;77;44;230;119;89;67;209,246;36;112;90;177;52;249;30;257;109;247;85;83;27;121;65;151;242;84;234;72;76;88;118;24;28;128;3;19;196,61;189;210;125;101;207;93;208;252;71;37;156;99;228;31;185;108;170;251;58;103;263;205;260;79;157;4;17;29;248;66;1;75;193;110;258;47;87;53;231;107;104;204;113;256;70;174;6;235;201;169;181;219;23;14;92;158;12;184;154;197;80;172;227;166;163;126;153;45;155;206;35;82;161;179;13,175;41;262;237;188;229;97;222;34;9;226;217;64;69;150;115;120;51;55;39,reject,0.0018351875940263158,73ddc8cec70e96b08824d6bfa1462faafc484c6e912a97576cd52a3c026b1a5c,1,1,1,0,0,1,1,1,1,1,1,3,3,1,1,9,2,1,cycle-0006;cycle-0012;cycle-0013;cycle-0014;cycle-0023;cycle-0035;cycle-0045;cycle-0053;cycle-0070;cycle-0080;cycle-0082;cycle-0092;cycle-0104;cycle-0107;cycle-0113;cycle-0126;cycle-0153;cycle-0154;cycle-0155;cycle-0158;cycle-0161;cycle-0163;cycle-0166;cycle-0169;cycle-0172;cycle-0174;cycle-0179;cycle-0181;cycle-0184;cycle-0197;cycle-0201;cycle-0204;cycle-0206;cycle-0219;cycle-0227;cycle-0231;cycle-0235;cycle-0256,1,2035.531969,4104.384778
16,random,FedAvg,sign_flip,0,0,0,6,6,1,-0.005237478247236842,-0.00401518096335,-0.005314626966631579,0,0,-0.004798454152066666,922,84,1,0,0,0,0,0,0,1,0,0.4948148148148148,0.4985185185185185,0.4985185185185185,0.0,0.0,194;239;225;218;68;54;250;182;86;8;173;7;42;233;238;60;259;255;114;241;164;62;192;77;44;230;119;89;67;209,246;36;112;90;177;52;249;30;257;109;247;85;83;27;121;65;151;242;84;234;72;76;88;118;24;28;128;3;19;196,61;189;210;125;101;207;93;208;252;71;37;156;99;228;31;185;108;170;251;58;103;263;205;260;79;157;4;17;29;248;66;1;75;193;110;258;47;87;53;231;107;104;204;113;256;70;174;6;235;201;169;181;219;23;14;92;158;12;184;154;197;80;172;227;166;163;126;153;45;155;206;35;82;161;179;13,175;41;262;237;188;229;97;222;34;9;226;217;64;69;150;115;120;51;55;39,commit,-0.005237478247236842,a77b5ce1ddb31843a5eb8bf2d6f15d33a301d2af6283efaf05678129d1149884,1,1,1,1,1,1,1,1,1,1,1,3,3,1,1,9,2,0,cycle-0001;cycle-0004;cycle-0017;cycle-0029;cycle-0031;cycle-0037;cycle-0047;cycle-0058;cycle-0061;cycle-0066;cycle-0071;cycle-0075;cycle-0079;cycle-0087;cycle-0093;cycle-0099;cycle-0101;cycle-0103;cycle-0108;cycle-0110;cycle-0125;cycle-0156;cycle-0157;cycle-0170;cycle-0185;cycle-0189;cycle-0193;cycle-0205;cycle-0207;cycle-0208;cycle-0210;cycle-0228;cycle-0248;cycle-0251;cycle-0252;cycle-0258;cycle-0260;cycle-0263,1,2232.918293,4328.285984
16,random,CoordinateMedian,sign_flip,0,0,0,6,6,1,-0.008603456957526316,-0.0078421711773,-0.0060378865293947365,0,0,-0.011171335654133334,922,84,1,0,0,0,0,0,0,1,0,0.4948148148148148,0.4955555555555556,0.4955555555555556,0.0,0.0,194;239;225;218;68;54;250;182;86;8;173;7;42;233;238;60;259;255;114;241;164;62;192;77;44;230;119;89;67;209,246;36;112;90;177;52;249;30;257;109;247;85;83;27;121;65;151;242;84;234;72;76;88;118;24;28;128;3;19;196,61;189;210;125;101;207;93;208;252;71;37;156;99;228;31;185;108;170;251;58;103;263;205;260;79;157;4;17;29;248;66;1;75;193;110;258;47;87;53;231;107;104;204;113;256;70;174;6;235;201;169;181;219;23;14;92;158;12;184;154;197;80;172;227;166;163;126;153;45;155;206;35;82;161;179;13,175;41;262;237;188;229;97;222;34;9;226;217;64;69;150;115;120;51;55;39,commit,-0.008603456957526316,95bbcad224a616a7babcac235dfc34ae989b650e90e6d44325bb641b705ff5b5,1,1,1,1,1,1,1,1,1,1,1,3,3,1,1,9,2,0,cycle-0001;cycle-0004;cycle-0017;cycle-0029;cycle-0031;cycle-0037;cycle-0047;cycle-0058;cycle-0061;cycle-0066;cycle-0071;cycle-0075;cycle-0079;cycle-0087;cycle-0093;cycle-0099;cycle-0101;cycle-0103;cycle-0108;cycle-0110;cycle-0125;cycle-0156;cycle-0157;cycle-0170;cycle-0185;cycle-0189;cycle-0193;cycle-0205;cycle-0207;cycle-0208;cycle-0210;cycle-0228;cycle-0248;cycle-0251;cycle-0252;cycle-0258;cycle-0260;cycle-0263,1,2233.102999,4334.833506
16,random,Krum,sign_flip,0,0,0,6,6,1,-0.005160541401236842,-0.0097819912998,-0.008019513010684211,0,0,-0.013706128062333333,922,84,1,0,0,0,0,0,0,1,0,0.4948148148148148,0.4962962962962963,0.4962962962962963,0.0,0.0,194;239;225;218;68;54;250;182;86;8;173;7;42;233;238;60;259;255;114;241;164;62;192;77;44;230;119;89;67;209,246;36;112;90;177;52;249;30;257;109;247;85;83;27;121;65;151;242;84;234;72;76;88;118;24;28;128;3;19;196,61;189;210;125;101;207;93;208;252;71;37;156;99;228;31;185;108;170;251;58;103;263;205;260;79;157;4;17;29;248;66;1;75;193;110;258;47;87;53;231;107;104;204;113;256;70;174;6;235;201;169;181;219;23;14;92;158;12;184;154;197;80;172;227;166;163;126;153;45;155;206;35;82;161;179;13,175;41;262;237;188;229;97;222;34;9;226;217;64;69;150;115;120;51;55;39,commit,-0.005160541401236842,d0011c617341e278b6f160a41f80c16514147539d0cc2c7666507439c6f12728,1,1,1,1,1,1,1,1,1,1,1,3,3,1,1,9,2,1,cycle-0006;cycle-0012;cycle-0013;cycle-0014;cycle-0023;cycle-0035;cycle-0045;cycle-0053;cycle-0070;cycle-0080;cycle-0082;cycle-0092;cycle-0104;cycle-0107;cycle-0113;cycle-0126;cycle-0153;cycle-0154;cycle-0155;cycle-0158;cycle-0161;cycle-0163;cycle-0166;cycle-0169;cycle-0172;cycle-0174;cycle-0179;cycle-0181;cycle-0184;cycle-0197;cycle-0201;cycle-0204;cycle-0206;cycle-0219;cycle-0227;cycle-0231;cycle-0235;cycle-0256,1,2095.144418,4120.793764
16,random,FLTrust,sign_flip,0,0,0,6,6,0,0.015900488983605264,0.0068076047381,0.01251410323736842,0,0,0.005090009493833333,922,84,0,0,0,0,0,0,0,0,0,0.4948148148148148,0.49893719806763287,0.4948148148148148,-0.0041223832528180515,0.0068076047381,194;239;225;218;68;54;250;182;86;8;173;7;42;233;238;60;259;255;114;241;164;62;192;77;44;230;119;89;67;209,246;36;112;90;177;52;249;30;257;109;247;85;83;27;121;65;151;242;84;234;72;76;88;118;24;28;128;3;19;196,61;189;210;125;101;207;93;208;252;71;37;156;99;228;31;185;108;170;251;58;103;263;205;260;79;157;4;17;29;248;66;1;75;193;110;258;47;87;53;231;107;104;204;113;256;70;174;6;235;201;169;181;219;23;14;92;158;12;184;154;197;80;172;227;166;163;126;153;45;155;206;35;82;161;179;13,175;41;262;237;188;229;97;222;34;9;226;217;64;69;150;115;120;51;55;39,reject,0.015900488983605264,5b0b3f18a711e992ea7cbd4f60b9e7b1fa8c8047b833a943c9684cfcb1af0936,1,1,1,0,0,1,1,1,1,1,1,3,3,1,1,9,2,1,cycle-0006;cycle-0012;cycle-0013;cycle-0014;cycle-0023;cycle-0035;cycle-0045;cycle-0053;cycle-0070;cycle-0080;cycle-0082;cycle-0092;cycle-0104;cycle-0107;cycle-0113;cycle-0126;cycle-0153;cycle-0154;cycle-0155;cycle-0158;cycle-0161;cycle-0163;cycle-0166;cycle-0169;cycle-0172;cycle-0174;cycle-0179;cycle-0181;cycle-0184;cycle-0197;cycle-0201;cycle-0204;cycle-0206;cycle-0219;cycle-0227;cycle-0231;cycle-0235;cycle-0256,1,2055.522529,4126.071632
16,random,FedVal,sign_flip,0,0,0,6,6,1,-0.006773703920973684,-0.00145479633675,-0.004753397429105263,0,0,4.165339423333333e-05,922,84,0,0,0,0,0,0,0,1,0,0.4948148148148148,0.49703703703703705,0.49703703703703705,0.0,0.0,194;239;225;218;68;54;250;182;86;8;173;7;42;233;238;60;259;255;114;241;164;62;192;77;44;230;119;89;67;209,246;36;112;90;177;52;249;30;257;109;247;85;83;27;121;65;151;242;84;234;72;76;88;118;24;28;128;3;19;196,61;189;210;125;101;207;93;208;252;71;37;156;99;228;31;185;108;170;251;58;103;263;205;260;79;157;4;17;29;248;66;1;75;193;110;258;47;87;53;231;107;104;204;113;256;70;174;6;235;201;169;181;219;23;14;92;158;12;184;154;197;80;172;227;166;163;126;153;45;155;206;35;82;161;179;13,175;41;262;237;188;229;97;222;34;9;226;217;64;69;150;115;120;51;55;39,commit,-0.006773703920973684,fe475cc15f8ad0bcec15eeff93dbdf1296c9e6346c4f1ed7826192b274818ccf,1,1,1,1,1,1,1,1,1,1,1,3,3,1,1,9,2,1,cycle-0006;cycle-0012;cycle-0013;cycle-0014;cycle-0023;cycle-0035;cycle-0045;cycle-0053;cycle-0070;cycle-0080;cycle-0082;cycle-0092;cycle-0104;cycle-0107;cycle-0113;cycle-0126;cycle-0153;cycle-0154;cycle-0155;cycle-0158;cycle-0161;cycle-0163;cycle-0166;cycle-0169;cycle-0172;cycle-0174;cycle-0179;cycle-0181;cycle-0184;cycle-0197;cycle-0201;cycle-0204;cycle-0206;cycle-0219;cycle-0227;cycle-0231;cycle-0235;cycle-0256,1,2029.315674,4144.4663
16,random,FLShield,sign_flip,0,0,0,6,6,0,0.0013359638690526316,-0.00130245208045,0.00011512497473684211,0,0,-0.0024139987332,922,84,1,0,0,0,0,0,0,1,1,0.4948148148148148,0.5070853462157809,0.4948148148148148,-0.012270531400966123,-0.00130245208045,194;239;225;218;68;54;250;182;86;8;173;7;42;233;238;60;259;255;114;241;164;62;192;77;44;230;119;89;67;209,246;36;112;90;177;52;249;30;257;109;247;85;83;27;121;65;151;242;84;234;72;76;88;118;24;28;128;3;19;196,61;189;210;125;101;207;93;208;252;71;37;156;99;228;31;185;108;170;251;58;103;263;205;260;79;157;4;17;29;248;66;1;75;193;110;258;47;87;53;231;107;104;204;113;256;70;174;6;235;201;169;181;219;23;14;92;158;12;184;154;197;80;172;227;166;163;126;153;45;155;206;35;82;161;179;13,175;41;262;237;188;229;97;222;34;9;226;217;64;69;150;115;120;51;55;39,reject,0.0013359638690526316,e3b8cf3bdd74348ecf4742543193654f584c5f41cb2b9025c57a4958decd36f8,1,1,1,0,0,1,1,1,1,1,1,3,3,1,1,9,2,1,cycle-0006;cycle-0012;cycle-0013;cycle-0014;cycle-0023;cycle-0035;cycle-0045;cycle-0053;cycle-0070;cycle-0080;cycle-0082;cycle-0092;cycle-0104;cycle-0107;cycle-0113;cycle-0126;cycle-0153;cycle-0154;cycle-0155;cycle-0158;cycle-0161;cycle-0163;cycle-0166;cycle-0169;cycle-0172;cycle-0174;cycle-0179;cycle-0181;cycle-0184;cycle-0197;cycle-0201;cycle-0204;cycle-0206;cycle-0219;cycle-0227;cycle-0231;cycle-0235;cycle-0256,1,2026.012771,4169.723003
16,random,FoundationFL,sign_flip,0,0,0,6,6,0,0.003374131029657895,-0.0115229959239,-0.005678920389421052,0,0,-0.0228913628428,922,84,1,0,0,0,0,0,0,1,1,0.4948148148148148,0.5602898550724638,0.4948148148148148,-0.06547504025764894,-0.0115229959239,194;239;225;218;68;54;250;182;86;8;173;7;42;233;238;60;259;255;114;241;164;62;192;77;44;230;119;89;67;209,246;36;112;90;177;52;249;30;257;109;247;85;83;27;121;65;151;242;84;234;72;76;88;118;24;28;128;3;19;196,61;189;210;125;101;207;93;208;252;71;37;156;99;228;31;185;108;170;251;58;103;263;205;260;79;157;4;17;29;248;66;1;75;193;110;258;47;87;53;231;107;104;204;113;256;70;174;6;235;201;169;181;219;23;14;92;158;12;184;154;197;80;172;227;166;163;126;153;45;155;206;35;82;161;179;13,175;41;262;237;188;229;97;222;34;9;226;217;64;69;150;115;120;51;55;39,reject,0.003374131029657895,e40c1f1d3a0030040e84d874774494771a10a184a948df3fa9db781f39e83881,1,1,1,0,0,1,1,1,1,1,1,3,3,1,1,9,2,1,cycle-0006;cycle-0012;cycle-0013;cycle-0014;cycle-0023;cycle-0035;cycle-0045;cycle-0053;cycle-0070;cycle-0080;cycle-0082;cycle-0092;cycle-0104;cycle-0107;cycle-0113;cycle-0126;cycle-0153;cycle-0154;cycle-0155;cycle-0158;cycle-0161;cycle-0163;cycle-0166;cycle-0169;cycle-0172;cycle-0174;cycle-0179;cycle-0181;cycle-0184;cycle-0197;cycle-0201;cycle-0204;cycle-0206;cycle-0219;cycle-0227;cycle-0231;cycle-0235;cycle-0256,1,2107.874517,4150.443018
16,random,FedAvg,model_replacement,0,0,0,6,6,0,0.2722121941992895,0.2454332038888,0.26428162554776313,0,0,0.27161279029473334,922,84,0,0,0,1,0,0,0,0,0,0.4948148148148148,0.5044444444444445,0.4948148148148148,-0.009629629629629655,0.2454332038888,194;239;225;218;68;54;250;182;86;8;173;7;42;233;238;60;259;255;114;241;164;62;192;77;44;230;119;89;67;209,246;36;112;90;177;52;249;30;257;109;247;85;83;27;121;65;151;242;84;234;72;76;88;118;24;28;128;3;19;196,61;189;210;125;101;207;93;208;252;71;37;156;99;228;31;185;108;170;251;58;103;263;205;260;79;157;4;17;29;248;66;1;75;193;110;258;47;87;53;231;107;104;204;113;256;70;174;6;235;201;169;181;219;23;14;92;158;12;184;154;197;80;172;227;166;163;126;153;45;155;206;35;82;161;179;13,175;41;262;237;188;229;97;222;34;9;226;217;64;69;150;115;120;51;55;39,reject,0.2722121941992895,2c800535f5ff096de818dcef87952be52ba7d52b8a1fdcff7aab2368912920d8,1,1,1,0,0,1,1,1,1,1,1,3,3,1,1,9,2,0,cycle-0001;cycle-0004;cycle-0017;cycle-0029;cycle-0031;cycle-0037;cycle-0047;cycle-0058;cycle-0061;cycle-0066;cycle-0071;cycle-0075;cycle-0079;cycle-0087;cycle-0093;cycle-0099;cycle-0101;cycle-0103;cycle-0108;cycle-0110;cycle-0125;cycle-0156;cycle-0157;cycle-0170;cycle-0185;cycle-0189;cycle-0193;cycle-0205;cycle-0207;cycle-0208;cycle-0210;cycle-0228;cycle-0248;cycle-0251;cycle-0252;cycle-0258;cycle-0260;cycle-0263,1,2208.888271,4282.63445
16,random,CoordinateMedian,model_replacement,0,0,0,6,6,0,0.008437685761342106,0.0028277332699,0.006182977981960526,0,0,0.0011781915525,922,84,0,0,0,0,0,0,0,0,0,0.4948148148148148,0.5048631239935587,0.4948148148148148,-0.010048309178743886,0.0028277332699,194;239;225;218;68;54;250;182;86;8;173;7;42;233;238;60;259;255;114;241;164;62;192;77;44;230;119;89;67;209,246;36;112;90;177;52;249;30;257;109;247;85;83;27;121;65;151;242;84;234;72;76;88;118;24;28;128;3;19;196,61;189;210;125;101;207;93;208;252;71;37;156;99;228;31;185;108;170;251;58;103;263;205;260;79;157;4;17;29;248;66;1;75;193;110;258;47;87;53;231;107;104;204;113;256;70;174;6;235;201;169;181;219;23;14;92;158;12;184;154;197;80;172;227;166;163;126;153;45;155;206;35;82;161;179;13,175;41;262;237;188;229;97;222;34;9;226;217;64;69;150;115;120;51;55;39,reject,0.008437685761342106,c2d74aa98b9a51ae75feb4d1076e3bc40464a26a5e34719967019589db8bdd31,1,1,1,0,0,1,1,1,1,1,1,3,3,1,1,9,2,1,cycle-0006;cycle-0012;cycle-0013;cycle-0014;cycle-0023;cycle-0035;cycle-0045;cycle-0053;cycle-0070;cycle-0080;cycle-0082;cycle-0092;cycle-0104;cycle-0107;cycle-0113;cycle-0126;cycle-0153;cycle-0154;cycle-0155;cycle-0158;cycle-0161;cycle-0163;cycle-0166;cycle-0169;cycle-0172;cycle-0174;cycle-0179;cycle-0181;cycle-0184;cycle-0197;cycle-0201;cycle-0204;cycle-0206;cycle-0219;cycle-0227;cycle-0231;cycle-0235;cycle-0256,1,2104.957808,4079.769881
16,random,Krum,model_replacement,0,0,0,6,6,0,0.0005993504943947369,0.0005867212693,-3.2817142657894735e-05,0,0,0.0011015656241666666,922,84,0,0,0,0,0,0,0,0,0,0.4948148148148148,0.504122383252818,0.4948148148148148,-0.009307568438003178,0.0005867212693,194;239;225;218;68;54;250;182;86;8;173;7;42;233;238;60;259;255;114;241;164;62;192;77;44;230;119;89;67;209,246;36;112;90;177;52;249;30;257;109;247;85;83;27;121;65;151;242;84;234;72;76;88;118;24;28;128;3;19;196,61;189;210;125;101;207;93;208;252;71;37;156;99;228;31;185;108;170;251;58;103;263;205;260;79;157;4;17;29;248;66;1;75;193;110;258;47;87;53;231;107;104;204;113;256;70;174;6;235;201;169;181;219;23;14;92;158;12;184;154;197;80;172;227;166;163;126;153;45;155;206;35;82;161;179;13,175;41;262;237;188;229;97;222;34;9;226;217;64;69;150;115;120;51;55;39,reject,0.0005993504943947369,248d2c18be079c39a696e8d29dac57813098f38a57aaae438fc206197a78a3b1,1,1,1,0,0,1,1,1,1,1,1,3,3,1,1,9,2,0,cycle-0001;cycle-0004;cycle-0017;cycle-0029;cycle-0031;cycle-0037;cycle-0047;cycle-0058;cycle-0061;cycle-0066;cycle-0071;cycle-0075;cycle-0079;cycle-0087;cycle-0093;cycle-0099;cycle-0101;cycle-0103;cycle-0108;cycle-0110;cycle-0125;cycle-0156;cycle-0157;cycle-0170;cycle-0185;cycle-0189;cycle-0193;cycle-0205;cycle-0207;cycle-0208;cycle-0210;cycle-0228;cycle-0248;cycle-0251;cycle-0252;cycle-0258;cycle-0260;cycle-0263,1,2148.976407,4251.527417
16,random,FLTrust,model_replacement,0,0,0,6,6,0,0.01648451605518421,0.0111796839684,0.015054739130671053,0,0,0.011482660922766667,922,84,0,0,0,0,0,0,0,0,0,0.4948148148148148,0.5026409017713366,0.4948148148148148,-0.00782608695652176,0.0111796839684,194;239;225;218;68;54;250;182;86;8;173;7;42;233;238;60;259;255;114;241;164;62;192;77;44;230;119;89;67;209,246;36;112;90;177;52;249;30;257;109;247;85;83;27;121;65;151;242;84;234;72;76;88;118;24;28;128;3;19;196,61;189;210;125;101;207;93;208;252;71;37;156;99;228;31;185;108;170;251;58;103;263;205;260;79;157;4;17;29;248;66;1;75;193;110;258;47;87;53;231;107;104;204;113;256;70;174;6;235;201;169;181;219;23;14;92;158;12;184;154;197;80;172;227;166;163;126;153;45;155;206;35;82;161;179;13,175;41;262;237;188;229;97;222;34;9;226;217;64;69;150;115;120;51;55;39,reject,0.01648451605518421,dc71ab1ccf21a89cf5cdbf00ca3bb5652e101815e91893cfcbc1acb564ca9c1d,1,1,1,0,0,1,1,1,1,1,1,3,3,1,1,9,2,1,cycle-0006;cycle-0012;cycle-0013;cycle-0014;cycle-0023;cycle-0035;cycle-0045;cycle-0053;cycle-0070;cycle-0080;cycle-0082;cycle-0092;cycle-0104;cycle-0107;cycle-0113;cycle-0126;cycle-0153;cycle-0154;cycle-0155;cycle-0158;cycle-0161;cycle-0163;cycle-0166;cycle-0169;cycle-0172;cycle-0174;cycle-0179;cycle-0181;cycle-0184;cycle-0197;cycle-0201;cycle-0204;cycle-0206;cycle-0219;cycle-0227;cycle-0231;cycle-0235;cycle-0256,1,2061.645731,4153.717193
16,random,FedVal,model_replacement,0,0,0,6,6,0,0.07019340093089474,0.0679014652065,0.0733770832940658,0,0,0.07766251727953333,922,84,0,0,0,1,0,0,0,0,0,0.4948148148148148,0.5019001610305958,0.4948148148148148,-0.007085346215780941,0.0679014652065,194;239;225;218;68;54;250;182;86;8;173;7;42;233;238;60;259;255;114;241;164;62;192;77;44;230;119;89;67;209,246;36;112;90;177;52;249;30;257;109;247;85;83;27;121;65;151;242;84;234;72;76;88;118;24;28;128;3;19;196,61;189;210;125;101;207;93;208;252;71;37;156;99;228;31;185;108;170;251;58;103;263;205;260;79;157;4;17;29;248;66;1;75;193;110;258;47;87;53;231;107;104;204;113;256;70;174;6;235;201;169;181;219;23;14;92;158;12;184;154;197;80;172;227;166;163;126;153;45;155;206;35;82;161;179;13,175;41;262;237;188;229;97;222;34;9;226;217;64;69;150;115;120;51;55;39,reject,0.07019340093089474,198724f7eaa74d8f0ffa734de7f55c31c23f224471eec75b70ebf87b92aa4f30,1,1,1,0,0,1,1,1,1,1,1,3,3,1,1,9,2,1,cycle-0006;cycle-0012;cycle-0013;cycle-0014;cycle-0023;cycle-0035;cycle-0045;cycle-0053;cycle-0070;cycle-0080;cycle-0082;cycle-0092;cycle-0104;cycle-0107;cycle-0113;cycle-0126;cycle-0153;cycle-0154;cycle-0155;cycle-0158;cycle-0161;cycle-0163;cycle-0166;cycle-0169;cycle-0172;cycle-0174;cycle-0179;cycle-0181;cycle-0184;cycle-0197;cycle-0201;cycle-0204;cycle-0206;cycle-0219;cycle-0227;cycle-0231;cycle-0235;cycle-0256,1,2008.266622,4034.417867
16,random,FLShield,model_replacement,0,0,0,6,6,0,0.003598775237105263,0.0004958392442,0.0023981368295,0,0,-0.0002488720302,922,84,1,0,0,0,0,0,0,0,0,0.4948148148148148,0.504122383252818,0.4948148148148148,-0.009307568438003178,0.0004958392442,194;239;225;218;68;54;250;182;86;8;173;7;42;233;238;60;259;255;114;241;164;62;192;77;44;230;119;89;67;209,246;36;112;90;177;52;249;30;257;109;247;85;83;27;121;65;151;242;84;234;72;76;88;118;24;28;128;3;19;196,61;189;210;125;101;207;93;208;252;71;37;156;99;228;31;185;108;170;251;58;103;263;205;260;79;157;4;17;29;248;66;1;75;193;110;258;47;87;53;231;107;104;204;113;256;70;174;6;235;201;169;181;219;23;14;92;158;12;184;154;197;80;172;227;166;163;126;153;45;155;206;35;82;161;179;13,175;41;262;237;188;229;97;222;34;9;226;217;64;69;150;115;120;51;55;39,reject,0.003598775237105263,7e84b04b9143623c92e943416b9644ad44f6ee9fa0329d9012fabd73165c049d,1,1,1,0,0,1,1,1,1,1,1,3,3,1,1,9,2,1,cycle-0006;cycle-0012;cycle-0013;cycle-0014;cycle-0023;cycle-0035;cycle-0045;cycle-0053;cycle-0070;cycle-0080;cycle-0082;cycle-0092;cycle-0104;cycle-0107;cycle-0113;cycle-0126;cycle-0153;cycle-0154;cycle-0155;cycle-0158;cycle-0161;cycle-0163;cycle-0166;cycle-0169;cycle-0172;cycle-0174;cycle-0179;cycle-0181;cycle-0184;cycle-0197;cycle-0201;cycle-0204;cycle-0206;cycle-0219;cycle-0227;cycle-0231;cycle-0235;cycle-0256,1,2087.921926,4113.964533
16,random,FoundationFL,model_replacement,0,0,0,6,6,0,0.590017792952921,0.55032826343145,0.5643872511898026,1,0,0.6079719372134667,922,84,0,0,0,1,1,0,0,0,0,0.4948148148148148,0.4880515297906602,0.4948148148148148,0.0067632850241546305,0.55032826343145,194;239;225;218;68;54;250;182;86;8;173;7;42;233;238;60;259;255;114;241;164;62;192;77;44;230;119;89;67;209,246;36;112;90;177;52;249;30;257;109;247;85;83;27;121;65;151;242;84;234;72;76;88;118;24;28;128;3;19;196,61;189;210;125;101;207;93;208;252;71;37;156;99;228;31;185;108;170;251;58;103;263;205;260;79;157;4;17;29;248;66;1;75;193;110;258;47;87;53;231;107;104;204;113;256;70;174;6;235;201;169;181;219;23;14;92;158;12;184;154;197;80;172;227;166;163;126;153;45;155;206;35;82;161;179;13,175;41;262;237;188;229;97;222;34;9;226;217;64;69;150;115;120;51;55;39,reject,0.590017792952921,1fded31cce6de351184093fe214bef7b40487d6772b93f847ad4c0dbaa261577,1,1,1,0,0,1,1,1,1,1,1,3,3,1,1,9,2,0,cycle-0001;cycle-0004;cycle-0017;cycle-0029;cycle-0031;cycle-0037;cycle-0047;cycle-0058;cycle-0061;cycle-0066;cycle-0071;cycle-0075;cycle-0079;cycle-0087;cycle-0093;cycle-0099;cycle-0101;cycle-0103;cycle-0108;cycle-0110;cycle-0125;cycle-0156;cycle-0157;cycle-0170;cycle-0185;cycle-0189;cycle-0193;cycle-0205;cycle-0207;cycle-0208;cycle-0210;cycle-0228;cycle-0248;cycle-0251;cycle-0252;cycle-0258;cycle-0260;cycle-0263,1,2244.027017,4311.877711
16,random,FedAvg,score_aware,64,49,0,6,6,0,5.605049263157895e-06,1.55825945e-06,-2.0151328289473683e-06,0,0,1.5581638033333332e-05,922,84,0,0,0,0,0,0,0,0,0,0.4948148148148148,0.4948148148148148,0.4948148148148148,0.0,1.55825945e-06,194;239;225;218;68;54;250;182;86;8;173;7;42;233;238;60;259;255;114;241;164;62;192;77;44;230;119;89;67;209,246;36;112;90;177;52;249;30;257;109;247;85;83;27;121;65;151;242;84;234;72;76;88;118;24;28;128;3;19;196,61;189;210;125;101;207;93;208;252;71;37;156;99;228;31;185;108;170;251;58;103;263;205;260;79;157;4;17;29;248;66;1;75;193;110;258;47;87;53;231;107;104;204;113;256;70;174;6;235;201;169;181;219;23;14;92;158;12;184;154;197;80;172;227;166;163;126;153;45;155;206;35;82;161;179;13,175;41;262;237;188;229;97;222;34;9;226;217;64;69;150;115;120;51;55;39,reject,5.605049263157895e-06,30287d769cdc7bccf60278f6e8b13e9a8f4c59d4bb5bbbd969641ffd72ddaf4c,1,1,1,0,0,1,1,1,1,1,1,3,3,1,1,9,2,0,cycle-0001;cycle-0004;cycle-0017;cycle-0029;cycle-0031;cycle-0037;cycle-0047;cycle-0058;cycle-0061;cycle-0066;cycle-0071;cycle-0075;cycle-0079;cycle-0087;cycle-0093;cycle-0099;cycle-0101;cycle-0103;cycle-0108;cycle-0110;cycle-0125;cycle-0156;cycle-0157;cycle-0170;cycle-0185;cycle-0189;cycle-0193;cycle-0205;cycle-0207;cycle-0208;cycle-0210;cycle-0228;cycle-0248;cycle-0251;cycle-0252;cycle-0258;cycle-0260;cycle-0263,1,2213.904905,4264.701247
16,random,FLTrust,score_aware,64,60,0,6,6,0,0.014545532331263157,0.0055562183861,0.011157156102802632,0,0,0.0040521621233666665,922,84,0,0,0,0,0,0,0,0,0,0.4948148148148148,0.4974557165861514,0.4948148148148148,-0.002640901771336579,0.0055562183861,194;239;225;218;68;54;250;182;86;8;173;7;42;233;238;60;259;255;114;241;164;62;192;77;44;230;119;89;67;209,246;36;112;90;177;52;249;30;257;109;247;85;83;27;121;65;151;242;84;234;72;76;88;118;24;28;128;3;19;196,61;189;210;125;101;207;93;208;252;71;37;156;99;228;31;185;108;170;251;58;103;263;205;260;79;157;4;17;29;248;66;1;75;193;110;258;47;87;53;231;107;104;204;113;256;70;174;6;235;201;169;181;219;23;14;92;158;12;184;154;197;80;172;227;166;163;126;153;45;155;206;35;82;161;179;13,175;41;262;237;188;229;97;222;34;9;226;217;64;69;150;115;120;51;55;39,reject,0.014545532331263157,87bcea6e50a55f998e62d321d2d0c9b3f514c44b9595de7eb7f2eafa18857217,1,1,1,0,0,1,1,1,1,1,1,3,3,1,1,9,2,1,cycle-0006;cycle-0012;cycle-0013;cycle-0014;cycle-0023;cycle-0035;cycle-0045;cycle-0053;cycle-0070;cycle-0080;cycle-0082;cycle-0092;cycle-0104;cycle-0107;cycle-0113;cycle-0126;cycle-0153;cycle-0154;cycle-0155;cycle-0158;cycle-0161;cycle-0163;cycle-0166;cycle-0169;cycle-0172;cycle-0174;cycle-0179;cycle-0181;cycle-0184;cycle-0197;cycle-0201;cycle-0204;cycle-0206;cycle-0219;cycle-0227;cycle-0231;cycle-0235;cycle-0256,1,2060.582971,4104.704157
16,random,FoundationFL,score_aware,64,22,1,6,6,1,-0.005727382696368421,-0.00544918745785,-0.0025623189321710526,0,0,-0.009230877365733333,922,84,1,0,0,0,0,0,0,1,0,0.4948148148148148,0.4948148148148148,0.4948148148148148,0.0,0.0,194;239;225;218;68;54;250;182;86;8;173;7;42;233;238;60;259;255;114;241;164;62;192;77;44;230;119;89;67;209,246;36;112;90;177;52;249;30;257;109;247;85;83;27;121;65;151;242;84;234;72;76;88;118;24;28;128;3;19;196,61;189;210;125;101;207;93;208;252;71;37;156;99;228;31;185;108;170;251;58;103;263;205;260;79;157;4;17;29;248;66;1;75;193;110;258;47;87;53;231;107;104;204;113;256;70;174;6;235;201;169;181;219;23;14;92;158;12;184;154;197;80;172;227;166;163;126;153;45;155;206;35;82;161;179;13,175;41;262;237;188;229;97;222;34;9;226;217;64;69;150;115;120;51;55;39,commit,-0.005727382696368421,5960694850eee46daf17946596e3c3386743bac77abb3f66b769cee112048fc0,1,1,1,1,1,1,1,1,1,1,1,3,3,1,1,9,2,0,cycle-0001;cycle-0004;cycle-0017;cycle-0029;cycle-0031;cycle-0037;cycle-0047;cycle-0058;cycle-0061;cycle-0066;cycle-0071;cycle-0075;cycle-0079;cycle-0087;cycle-0093;cycle-0099;cycle-0101;cycle-0103;cycle-0108;cycle-0110;cycle-0125;cycle-0156;cycle-0157;cycle-0170;cycle-0185;cycle-0189;cycle-0193;cycle-0205;cycle-0207;cycle-0208;cycle-0210;cycle-0228;cycle-0248;cycle-0251;cycle-0252;cycle-0258;cycle-0260;cycle-0263,1,2163.04138,4303.707064
17,random,FedAvg,none,0,0,0,6,0,1,-0.001354219956631579,-0.0048187150323,-0.0019181305363552632,0,0,-0.006980571022133333,868,84,1,0,0,0,0,0,0,1,0,0.5592458773392626,0.5502594033722439,0.5502594033722439,0.0,0.0,1;116;235;90;207;197;58;171;80;13;233;107;32;226;79;160;202;126;111;229;45;119;3;254;216;239;248;36;92;158,167;230;62;151;174;223;176;257;37;179;95;215;27;175;212;75;9;115;104;206;220;194;125;256;161;155;120;172;245;112,78;124;86;101;227;47;61;236;154;198;164;210;181;170;165;222;88;56;69;11;190;25;82;264;208;110;114;4;60;33;258;221;24;166;65;40;162;10;195;91;39;30;2;150;52;153;231;263;55;217;228;188;224;18;99;83;38;232;201;214;5;51;163;35;103;105;94;23;85;41;199;16;252;178;21;93,97;157;218;53;183;173;211;261;121;238;260;262;31;17;241;64;168;96;196;28,commit,-0.001354219956631579,b61b6d939fd7d24df00da969bead57aac6c28ddb04c57a821fd05cb22ff4b8ca,1,2,2,1,1,1,1,1,1,1,1,3,3,1,1,9,2,1,cycle-0002;cycle-0005;cycle-0016;cycle-0018;cycle-0021;cycle-0023;cycle-0030;cycle-0035;cycle-0038;cycle-0039;cycle-0041;cycle-0051;cycle-0052;cycle-0055;cycle-0083;cycle-0085;cycle-0091;cycle-0093;cycle-0094;cycle-0099;cycle-0103;cycle-0105;cycle-0150;cycle-0153;cycle-0163;cycle-0178;cycle-0188;cycle-0195;cycle-0199;cycle-0201;cycle-0214;cycle-0217;cycle-0224;cycle-0228;cycle-0231;cycle-0232;cycle-0252;cycle-0263,1,2434.765691,5530.916622
17,random,CoordinateMedian,none,0,0,0,6,0,1,-0.007455048949394737,-0.0087997449626,-0.0070605627870657895,0,0,-0.0111255244834,868,84,1,0,0,0,0,0,0,1,0,0.5592458773392626,0.5303409301463776,0.5303409301463776,0.0,0.0,1;116;235;90;207;197;58;171;80;13;233;107;32;226;79;160;202;126;111;229;45;119;3;254;216;239;248;36;92;158,167;230;62;151;174;223;176;257;37;179;95;215;27;175;212;75;9;115;104;206;220;194;125;256;161;155;120;172;245;112,78;124;86;101;227;47;61;236;154;198;164;210;181;170;165;222;88;56;69;11;190;25;82;264;208;110;114;4;60;33;258;221;24;166;65;40;162;10;195;91;39;30;2;150;52;153;231;263;55;217;228;188;224;18;99;83;38;232;201;214;5;51;163;35;103;105;94;23;85;41;199;16;252;178;21;93,97;157;218;53;183;173;211;261;121;238;260;262;31;17;241;64;168;96;196;28,commit,-0.007455048949394737,44a3e5a377bda052760873bbbb9935c3286deaf93a985c965afb8a7c8a86e1d1,1,1,1,1,1,1,1,1,1,1,1,3,3,1,1,9,2,0,cycle-0004;cycle-0010;cycle-0011;cycle-0024;cycle-0025;cycle-0033;cycle-0040;cycle-0047;cycle-0056;cycle-0060;cycle-0061;cycle-0065;cycle-0069;cycle-0078;cycle-0082;cycle-0086;cycle-0088;cycle-0101;cycle-0110;cycle-0114;cycle-0124;cycle-0154;cycle-0162;cycle-0164;cycle-0165;cycle-0166;cycle-0170;cycle-0181;cycle-0190;cycle-0198;cycle-0208;cycle-0210;cycle-0221;cycle-0222;cycle-0227;cycle-0236;cycle-0258;cycle-0264,1,1915.300186,3935.848658
17,random,Krum,none,0,0,0,6,0,1,-0.001742558023368421,-0.01893121634845,-0.00443129433218421,0,0,-0.030089418823766666,868,84,1,0,0,0,0,0,0,1,0,0.5592458773392626,0.4975449323698351,0.4975449323698351,0.0,0.0,1;116;235;90;207;197;58;171;80;13;233;107;32;226;79;160;202;126;111;229;45;119;3;254;216;239;248;36;92;158,167;230;62;151;174;223;176;257;37;179;95;215;27;175;212;75;9;115;104;206;220;194;125;256;161;155;120;172;245;112,78;124;86;101;227;47;61;236;154;198;164;210;181;170;165;222;88;56;69;11;190;25;82;264;208;110;114;4;60;33;258;221;24;166;65;40;162;10;195;91;39;30;2;150;52;153;231;263;55;217;228;188;224;18;99;83;38;232;201;214;5;51;163;35;103;105;94;23;85;41;199;16;252;178;21;93,97;157;218;53;183;173;211;261;121;238;260;262;31;17;241;64;168;96;196;28,commit,-0.001742558023368421,d89ffc6c9d85c34cec11db538331effdcab4d3b52652bd364fe9ffcf69ba1ee5,1,1,1,1,1,1,1,1,1,1,1,3,3,1,1,9,2,1,cycle-0002;cycle-0005;cycle-0016;cycle-0018;cycle-0021;cycle-0023;cycle-0030;cycle-0035;cycle-0038;cycle-0039;cycle-0041;cycle-0051;cycle-0052;cycle-0055;cycle-0083;cycle-0085;cycle-0091;cycle-0093;cycle-0094;cycle-0099;cycle-0103;cycle-0105;cycle-0150;cycle-0153;cycle-0163;cycle-0178;cycle-0188;cycle-0195;cycle-0199;cycle-0201;cycle-0214;cycle-0217;cycle-0224;cycle-0228;cycle-0231;cycle-0232;cycle-0252;cycle-0263,1,2404.748558,4757.129142
17,random,FLTrust,none,0,0,0,6,0,0,0.012386114533473684,0.020693574951,0.010864125141381579,0,0,0.0289733775263,868,84,0,0,0,0,0,0,0,0,0,0.5592458773392626,0.5567444876783398,0.5592458773392626,0.002501389660922726,0.020693574951,1;116;235;90;207;197;58;171;80;13;233;107;32;226;79;160;202;126;111;229;45;119;3;254;216;239;248;36;92;158,167;230;62;151;174;223;176;257;37;179;95;215;27;175;212;75;9;115;104;206;220;194;125;256;161;155;120;172;245;112,78;124;86;101;227;47;61;236;154;198;164;210;181;170;165;222;88;56;69;11;190;25;82;264;208;110;114;4;60;33;258;221;24;166;65;40;162;10;195;91;39;30;2;150;52;153;231;263;55;217;228;188;224;18;99;83;38;232;201;214;5;51;163;35;103;105;94;23;85;41;199;16;252;178;21;93,97;157;218;53;183;173;211;261;121;238;260;262;31;17;241;64;168;96;196;28,reject,0.012386114533473684,f4aa658a68f3448ed8c2522cffeb0421ce025969172e7206792adf0c6ac93f04,1,1,1,0,0,1,1,1,1,1,1,3,3,1,1,9,2,0,cycle-0004;cycle-0010;cycle-0011;cycle-0024;cycle-0025;cycle-0033;cycle-0040;cycle-0047;cycle-0056;cycle-0060;cycle-0061;cycle-0065;cycle-0069;cycle-0078;cycle-0082;cycle-0086;cycle-0088;cycle-0101;cycle-0110;cycle-0114;cycle-0124;cycle-0154;cycle-0162;cycle-0164;cycle-0165;cycle-0166;cycle-0170;cycle-0181;cycle-0190;cycle-0198;cycle-0208;cycle-0210;cycle-0221;cycle-0222;cycle-0227;cycle-0236;cycle-0258;cycle-0264,1,2015.569026,4111.516575
17,random,FedVal,none,0,0,0,6,0,1,-0.0036924573534210525,-0.0050861764543,-0.0033134156820263157,0,0,-0.006483161054333333,868,84,1,0,0,0,0,0,0,1,0,0.5592458773392626,0.5373818788215675,0.5373818788215675,0.0,0.0,1;116;235;90;207;197;58;171;80;13;233;107;32;226;79;160;202;126;111;229;45;119;3;254;216;239;248;36;92;158,167;230;62;151;174;223;176;257;37;179;95;215;27;175;212;75;9;115;104;206;220;194;125;256;161;155;120;172;245;112,78;124;86;101;227;47;61;236;154;198;164;210;181;170;165;222;88;56;69;11;190;25;82;264;208;110;114;4;60;33;258;221;24;166;65;40;162;10;195;91;39;30;2;150;52;153;231;263;55;217;228;188;224;18;99;83;38;232;201;214;5;51;163;35;103;105;94;23;85;41;199;16;252;178;21;93,97;157;218;53;183;173;211;261;121;238;260;262;31;17;241;64;168;96;196;28,commit,-0.0036924573534210525,c616e86cbacb8ac8e776543b4524d5b48b4ab42744306eddca8225c8d488daf7,1,1,1,1,1,1,1,1,1,1,1,3,3,1,1,9,2,0,cycle-0004;cycle-0010;cycle-0011;cycle-0024;cycle-0025;cycle-0033;cycle-0040;cycle-0047;cycle-0056;cycle-0060;cycle-0061;cycle-0065;cycle-0069;cycle-0078;cycle-0082;cycle-0086;cycle-0088;cycle-0101;cycle-0110;cycle-0114;cycle-0124;cycle-0154;cycle-0162;cycle-0164;cycle-0165;cycle-0166;cycle-0170;cycle-0181;cycle-0190;cycle-0198;cycle-0208;cycle-0210;cycle-0221;cycle-0222;cycle-0227;cycle-0236;cycle-0258;cycle-0264,1,1978.844958,4043.852991
17,random,FLShield,none,0,0,0,6,0,0,0.0038411114645526315,0.0089429421735,0.004485010657802631,0,0,0.013075176750533333,868,84,0,0,0,0,0,0,0,0,0,0.5592458773392626,0.5548452844172689,0.5592458773392626,0.004400592921993685,0.0089429421735,1;116;235;90;207;197;58;171;80;13;233;107;32;226;79;160;202;126;111;229;45;119;3;254;216;239;248;36;92;158,167;230;62;151;174;223;176;257;37;179;95;215;27;175;212;75;9;115;104;206;220;194;125;256;161;155;120;172;245;112,78;124;86;101;227;47;61;236;154;198;164;210;181;170;165;222;88;56;69;11;190;25;82;264;208;110;114;4;60;33;258;221;24;166;65;40;162;10;195;91;39;30;2;150;52;153;231;263;55;217;228;188;224;18;99;83;38;232;201;214;5;51;163;35;103;105;94;23;85;41;199;16;252;178;21;93,97;157;218;53;183;173;211;261;121;238;260;262;31;17;241;64;168;96;196;28,reject,0.0038411114645526315,f1d33c33e214cab35a39c1a5c7208a52f15cda51aa40b27101b02991468357ef,1,1,1,0,0,1,1,1,1,1,1,3,3,1,1,9,2,1,cycle-0002;cycle-0005;cycle-0016;cycle-0018;cycle-0021;cycle-0023;cycle-0030;cycle-0035;cycle-0038;cycle-0039;cycle-0041;cycle-0051;cycle-0052;cycle-0055;cycle-0083;cycle-0085;cycle-0091;cycle-0093;cycle-0094;cycle-0099;cycle-0103;cycle-0105;cycle-0150;cycle-0153;cycle-0163;cycle-0178;cycle-0188;cycle-0195;cycle-0199;cycle-0201;cycle-0214;cycle-0217;cycle-0224;cycle-0228;cycle-0231;cycle-0232;cycle-0252;cycle-0263,1,2444.405664,4616.673167
17,random,FoundationFL,none,0,0,0,6,0,0,0.005481798232026316,-0.00353856037345,0.004018309844013158,0,0,-0.008903468603166667,868,84,1,0,0,0,0,0,0,1,1,0.5592458773392626,0.5232999814711876,0.5592458773392626,0.03594589586807495,-0.00353856037345,1;116;235;90;207;197;58;171;80;13;233;107;32;226;79;160;202;126;111;229;45;119;3;254;216;239;248;36;92;158,167;230;62;151;174;223;176;257;37;179;95;215;27;175;212;75;9;115;104;206;220;194;125;256;161;155;120;172;245;112,78;124;86;101;227;47;61;236;154;198;164;210;181;170;165;222;88;56;69;11;190;25;82;264;208;110;114;4;60;33;258;221;24;166;65;40;162;10;195;91;39;30;2;150;52;153;231;263;55;217;228;188;224;18;99;83;38;232;201;214;5;51;163;35;103;105;94;23;85;41;199;16;252;178;21;93,97;157;218;53;183;173;211;261;121;238;260;262;31;17;241;64;168;96;196;28,reject,0.005481798232026316,071e627fc2ba6172f5f98d17cadcf2a03c3e49a0f5b72eade458f3d7eae49a5d,1,1,1,0,0,1,1,1,1,1,1,3,3,1,1,9,2,1,cycle-0002;cycle-0005;cycle-0016;cycle-0018;cycle-0021;cycle-0023;cycle-0030;cycle-0035;cycle-0038;cycle-0039;cycle-0041;cycle-0051;cycle-0052;cycle-0055;cycle-0083;cycle-0085;cycle-0091;cycle-0093;cycle-0094;cycle-0099;cycle-0103;cycle-0105;cycle-0150;cycle-0153;cycle-0163;cycle-0178;cycle-0188;cycle-0195;cycle-0199;cycle-0201;cycle-0214;cycle-0217;cycle-0224;cycle-0228;cycle-0231;cycle-0232;cycle-0252;cycle-0263,1,2406.909755,4598.141366
17,random,FedAvg,sign_flip,0,0,0,6,6,1,-0.0064970079865,-0.00627976346055,-0.006286900030723684,0,0,-0.0084472735453,868,84,1,0,0,0,0,0,0,1,0,0.5592458773392626,0.5262182694089309,0.5262182694089309,0.0,0.0,1;116;235;90;207;197;58;171;80;13;233;107;32;226;79;160;202;126;111;229;45;119;3;254;216;239;248;36;92;158,167;230;62;151;174;223;176;257;37;179;95;215;27;175;212;75;9;115;104;206;220;194;125;256;161;155;120;172;245;112,78;124;86;101;227;47;61;236;154;198;164;210;181;170;165;222;88;56;69;11;190;25;82;264;208;110;114;4;60;33;258;221;24;166;65;40;162;10;195;91;39;30;2;150;52;153;231;263;55;217;228;188;224;18;99;83;38;232;201;214;5;51;163;35;103;105;94;23;85;41;199;16;252;178;21;93,97;157;218;53;183;173;211;261;121;238;260;262;31;17;241;64;168;96;196;28,commit,-0.0064970079865,cff649ee681194d191ccf96943454d3e76f642f989eb819f886592742323caaf,1,1,1,1,1,1,1,1,1,1,1,3,3,1,1,9,2,1,cycle-0002;cycle-0005;cycle-0016;cycle-0018;cycle-0021;cycle-0023;cycle-0030;cycle-0035;cycle-0038;cycle-0039;cycle-0041;cycle-0051;cycle-0052;cycle-0055;cycle-0083;cycle-0085;cycle-0091;cycle-0093;cycle-0094;cycle-0099;cycle-0103;cycle-0105;cycle-0150;cycle-0153;cycle-0163;cycle-0178;cycle-0188;cycle-0195;cycle-0199;cycle-0201;cycle-0214;cycle-0217;cycle-0224;cycle-0228;cycle-0231;cycle-0232;cycle-0252;cycle-0263,1,2450.658242,4638.293947
17,random,CoordinateMedian,sign_flip,0,0,0,6,6,1,-0.008440365012131579,-0.01034892595655,-0.008775338316394737,0,0,-0.0130831931216,868,84,1,0,0,0,0,0,0,1,0,0.5592458773392626,0.5252455067630165,0.5252455067630165,0.0,0.0,1;116;235;90;207;197;58;171;80;13;233;107;32;226;79;160;202;126;111;229;45;119;3;254;216;239;248;36;92;158,167;230;62;151;174;223;176;257;37;179;95;215;27;175;212;75;9;115;104;206;220;194;125;256;161;155;120;172;245;112,78;124;86;101;227;47;61;236;154;198;164;210;181;170;165;222;88;56;69;11;190;25;82;264;208;110;114;4;60;33;258;221;24;166;65;40;162;10;195;91;39;30;2;150;52;153;231;263;55;217;228;188;224;18;99;83;38;232;201;214;5;51;163;35;103;105;94;23;85;41;199;16;252;178;21;93,97;157;218;53;183;173;211;261;121;238;260;262;31;17;241;64;168;96;196;28,commit,-0.008440365012131579,d56ade6b4302b55a2e338f0db6b7a131e1d9aad10814418db26e81f775812c51,1,1,1,1,1,1,1,1,1,1,1,3,3,1,1,9,2,1,cycle-0002;cycle-0005;cycle-0016;cycle-0018;cycle-0021;cycle-0023;cycle-0030;cycle-0035;cycle-0038;cycle-0039;cycle-0041;cycle-0051;cycle-0052;cycle-0055;cycle-0083;cycle-0085;cycle-0091;cycle-0093;cycle-0094;cycle-0099;cycle-0103;cycle-0105;cycle-0150;cycle-0153;cycle-0163;cycle-0178;cycle-0188;cycle-0195;cycle-0199;cycle-0201;cycle-0214;cycle-0217;cycle-0224;cycle-0228;cycle-0231;cycle-0232;cycle-0252;cycle-0263,1,2464.907808,4617.627627
17,random,Krum,sign_flip,0,0,0,6,6,1,-0.008852185527052631,-0.0035599785328,-0.009576417896078947,0,0,-0.002594440726733333,868,84,1,0,0,0,0,0,0,1,0,0.5592458773392626,0.5531776913099871,0.5531776913099871,0.0,0.0,1;116;235;90;207;197;58;171;80;13;233;107;32;226;79;160;202;126;111;229;45;119;3;254;216;239;248;36;92;158,167;230;62;151;174;223;176;257;37;179;95;215;27;175;212;75;9;115;104;206;220;194;125;256;161;155;120;172;245;112,78;124;86;101;227;47;61;236;154;198;164;210;181;170;165;222;88;56;69;11;190;25;82;264;208;110;114;4;60;33;258;221;24;166;65;40;162;10;195;91;39;30;2;150;52;153;231;263;55;217;228;188;224;18;99;83;38;232;201;214;5;51;163;35;103;105;94;23;85;41;199;16;252;178;21;93,97;157;218;53;183;173;211;261;121;238;260;262;31;17;241;64;168;96;196;28,commit,-0.008852185527052631,6e5d7d9dd357b0163fe71b30f3a8c798b42bfdbb5af24b4d8d82d0a5f6d75527,1,1,1,1,1,1,1,1,1,1,1,3,3,1,1,9,2,0,cycle-0004;cycle-0010;cycle-0011;cycle-0024;cycle-0025;cycle-0033;cycle-0040;cycle-0047;cycle-0056;cycle-0060;cycle-0061;cycle-0065;cycle-0069;cycle-0078;cycle-0082;cycle-0086;cycle-0088;cycle-0101;cycle-0110;cycle-0114;cycle-0124;cycle-0154;cycle-0162;cycle-0164;cycle-0165;cycle-0166;cycle-0170;cycle-0181;cycle-0190;cycle-0198;cycle-0208;cycle-0210;cycle-0221;cycle-0222;cycle-0227;cycle-0236;cycle-0258;cycle-0264,1,1958.996875,3948.704274
17,random,FLTrust,sign_flip,0,0,0,6,6,0,0.014117799325947368,0.02348835714235,0.012321655295842105,0,0,0.032191893439066664,868,84,0,0,0,0,0,0,0,0,0,0.5592458773392626,0.5756901982582916,0.5592458773392626,-0.016444320919029032,0.02348835714235,1;116;235;90;207;197;58;171;80;13;233;107;32;226;79;160;202;126;111;229;45;119;3;254;216;239;248;36;92;158,167;230;62;151;174;223;176;257;37;179;95;215;27;175;212;75;9;115;104;206;220;194;125;256;161;155;120;172;245;112,78;124;86;101;227;47;61;236;154;198;164;210;181;170;165;222;88;56;69;11;190;25;82;264;208;110;114;4;60;33;258;221;24;166;65;40;162;10;195;91;39;30;2;150;52;153;231;263;55;217;228;188;224;18;99;83;38;232;201;214;5;51;163;35;103;105;94;23;85;41;199;16;252;178;21;93,97;157;218;53;183;173;211;261;121;238;260;262;31;17;241;64;168;96;196;28,reject,0.014117799325947368,6ac2bf31da27324910264670004b78d084229c1df74835f3614f305ede6e3cb6,1,1,1,0,0,1,1,1,1,1,1,3,3,1,1,9,2,0,cycle-0004;cycle-0010;cycle-0011;cycle-0024;cycle-0025;cycle-0033;cycle-0040;cycle-0047;cycle-0056;cycle-0060;cycle-0061;cycle-0065;cycle-0069;cycle-0078;cycle-0082;cycle-0086;cycle-0088;cycle-0101;cycle-0110;cycle-0114;cycle-0124;cycle-0154;cycle-0162;cycle-0164;cycle-0165;cycle-0166;cycle-0170;cycle-0181;cycle-0190;cycle-0198;cycle-0208;cycle-0210;cycle-0221;cycle-0222;cycle-0227;cycle-0236;cycle-0258;cycle-0264,1,1943.126127,3935.153082
17,random,FedVal,sign_flip,0,0,0,6,6,1,-0.0049910727024473685,-0.00327614372825,-0.004726412135526316,0,0,-0.0038463013064666666,868,84,1,0,0,0,0,0,0,1,0,0.5592458773392626,0.5422456920511395,0.5422456920511395,0.0,0.0,1;116;235;90;207;197;58;171;80;13;233;107;32;226;79;160;202;126;111;229;45;119;3;254;216;239;248;36;92;158,167;230;62;151;174;223;176;257;37;179;95;215;27;175;212;75;9;115;104;206;220;194;125;256;161;155;120;172;245;112,78;124;86;101;227;47;61;236;154;198;164;210;181;170;165;222;88;56;69;11;190;25;82;264;208;110;114;4;60;33;258;221;24;166;65;40;162;10;195;91;39;30;2;150;52;153;231;263;55;217;228;188;224;18;99;83;38;232;201;214;5;51;163;35;103;105;94;23;85;41;199;16;252;178;21;93,97;157;218;53;183;173;211;261;121;238;260;262;31;17;241;64;168;96;196;28,commit,-0.0049910727024473685,ef3cf7bd79867fdd76000c5d35d7d1547121a476117b5dcee02ac8b55e767868,1,1,1,1,1,1,1,1,1,1,1,3,3,1,1,9,2,1,cycle-0002;cycle-0005;cycle-0016;cycle-0018;cycle-0021;cycle-0023;cycle-0030;cycle-0035;cycle-0038;cycle-0039;cycle-0041;cycle-0051;cycle-0052;cycle-0055;cycle-0083;cycle-0085;cycle-0091;cycle-0093;cycle-0094;cycle-0099;cycle-0103;cycle-0105;cycle-0150;cycle-0153;cycle-0163;cycle-0178;cycle-0188;cycle-0195;cycle-0199;cycle-0201;cycle-0214;cycle-0217;cycle-0224;cycle-0228;cycle-0231;cycle-0232;cycle-0252;cycle-0263,1,2373.282069,4640.661771
17,random,FLShield,sign_flip,0,0,0,6,6,1,-0.004307181805815789,-0.00656859285375,-0.004624066821381579,0,0,-0.008660589581166667,868,84,1,0,0,0,0,0,0,1,0,0.5592458773392626,0.531313692792292,0.531313692792292,0.0,0.0,1;116;235;90;207;197;58;171;80;13;233;107;32;226;79;160;202;126;111;229;45;119;3;254;216;239;248;36;92;158,167;230;62;151;174;223;176;257;37;179;95;215;27;175;212;75;9;115;104;206;220;194;125;256;161;155;120;172;245;112,78;124;86;101;227;47;61;236;154;198;164;210;181;170;165;222;88;56;69;11;190;25;82;264;208;110;114;4;60;33;258;221;24;166;65;40;162;10;195;91;39;30;2;150;52;153;231;263;55;217;228;188;224;18;99;83;38;232;201;214;5;51;163;35;103;105;94;23;85;41;199;16;252;178;21;93,97;157;218;53;183;173;211;261;121;238;260;262;31;17;241;64;168;96;196;28,commit,-0.004307181805815789,e192203c779a2a4a00fadb5be29ce52e5c8a4769eee0f939fcb98b4863455284,1,1,1,1,1,1,1,1,1,1,1,3,3,1,1,9,2,1,cycle-0002;cycle-0005;cycle-0016;cycle-0018;cycle-0021;cycle-0023;cycle-0030;cycle-0035;cycle-0038;cycle-0039;cycle-0041;cycle-0051;cycle-0052;cycle-0055;cycle-0083;cycle-0085;cycle-0091;cycle-0093;cycle-0094;cycle-0099;cycle-0103;cycle-0105;cycle-0150;cycle-0153;cycle-0163;cycle-0178;cycle-0188;cycle-0195;cycle-0199;cycle-0201;cycle-0214;cycle-0217;cycle-0224;cycle-0228;cycle-0231;cycle-0232;cycle-0252;cycle-0263,1,2442.198131,4630.782463
17,random,FoundationFL,sign_flip,0,0,0,6,6,0,0.004387091221131579,0.0289120667153,0.007803606879513158,0,0,0.036566293226266665,868,84,0,0,0,0,0,0,0,0,0,0.5592458773392626,0.49647952566240505,0.5592458773392626,0.06276635167685751,0.0289120667153,1;116;235;90;207;197;58;171;80;13;233;107;32;226;79;160;202;126;111;229;45;119;3;254;216;239;248;36;92;158,167;230;62;151;174;223;176;257;37;179;95;215;27;175;212;75;9;115;104;206;220;194;125;256;161;155;120;172;245;112,78;124;86;101;227;47;61;236;154;198;164;210;181;170;165;222;88;56;69;11;190;25;82;264;208;110;114;4;60;33;258;221;24;166;65;40;162;10;195;91;39;30;2;150;52;153;231;263;55;217;228;188;224;18;99;83;38;232;201;214;5;51;163;35;103;105;94;23;85;41;199;16;252;178;21;93,97;157;218;53;183;173;211;261;121;238;260;262;31;17;241;64;168;96;196;28,reject,0.004387091221131579,853c4c09a2bd13becff7e811775f193e5a0f8f7f4020c3500be29771b8763f53,1,1,1,0,0,1,1,1,1,1,1,3,3,1,1,9,2,1,cycle-0002;cycle-0005;cycle-0016;cycle-0018;cycle-0021;cycle-0023;cycle-0030;cycle-0035;cycle-0038;cycle-0039;cycle-0041;cycle-0051;cycle-0052;cycle-0055;cycle-0083;cycle-0085;cycle-0091;cycle-0093;cycle-0094;cycle-0099;cycle-0103;cycle-0105;cycle-0150;cycle-0153;cycle-0163;cycle-0178;cycle-0188;cycle-0195;cycle-0199;cycle-0201;cycle-0214;cycle-0217;cycle-0224;cycle-0228;cycle-0231;cycle-0232;cycle-0252;cycle-0263,1,2455.595235,4631.50318
17,random,FedAvg,model_replacement,0,0,0,6,6,0,0.36670468187355265,0.28110000756425,0.35677597772046055,1,0,0.2405191724134,868,84,0,0,0,1,0,0,0,0,0,0.5592458773392626,0.43570502130813415,0.5592458773392626,0.12354085603112841,0.28110000756425,1;116;235;90;207;197;58;171;80;13;233;107;32;226;79;160;202;126;111;229;45;119;3;254;216;239;248;36;92;158,167;230;62;151;174;223;176;257;37;179;95;215;27;175;212;75;9;115;104;206;220;194;125;256;161;155;120;172;245;112,78;124;86;101;227;47;61;236;154;198;164;210;181;170;165;222;88;56;69;11;190;25;82;264;208;110;114;4;60;33;258;221;24;166;65;40;162;10;195;91;39;30;2;150;52;153;231;263;55;217;228;188;224;18;99;83;38;232;201;214;5;51;163;35;103;105;94;23;85;41;199;16;252;178;21;93,97;157;218;53;183;173;211;261;121;238;260;262;31;17;241;64;168;96;196;28,reject,0.36670468187355265,17d31806e7c0afcdecc4a8cc06ba13ba16e9a618fc287709c53951d37f5d039f,1,1,1,0,0,1,1,1,1,1,1,3,3,1,1,9,2,1,cycle-0002;cycle-0005;cycle-0016;cycle-0018;cycle-0021;cycle-0023;cycle-0030;cycle-0035;cycle-0038;cycle-0039;cycle-0041;cycle-0051;cycle-0052;cycle-0055;cycle-0083;cycle-0085;cycle-0091;cycle-0093;cycle-0094;cycle-0099;cycle-0103;cycle-0105;cycle-0150;cycle-0153;cycle-0163;cycle-0178;cycle-0188;cycle-0195;cycle-0199;cycle-0201;cycle-0214;cycle-0217;cycle-0224;cycle-0228;cycle-0231;cycle-0232;cycle-0252;cycle-0263,1,2380.714204,4633.67713
17,random,CoordinateMedian,model_replacement,0,0,0,6,6,0,0.0005192358095263158,-0.01030945768005,0.0027571839999342104,0,0,-0.021129588929033334,868,84,1,0,0,0,0,0,0,1,1,0.5592458773392626,0.507272558828979,0.5592458773392626,0.05197331851028353,-0.01030945768005,1;116;235;90;207;197;58;171;80;13;233;107;32;226;79;160;202;126;111;229;45;119;3;254;216;239;248;36;92;158,167;230;62;151;174;223;176;257;37;179;95;215;27;175;212;75;9;115;104;206;220;194;125;256;161;155;120;172;245;112,78;124;86;101;227;47;61;236;154;198;164;210;181;170;165;222;88;56;69;11;190;25;82;264;208;110;114;4;60;33;258;221;24;166;65;40;162;10;195;91;39;30;2;150;52;153;231;263;55;217;228;188;224;18;99;83;38;232;201;214;5;51;163;35;103;105;94;23;85;41;199;16;252;178;21;93,97;157;218;53;183;173;211;261;121;238;260;262;31;17;241;64;168;96;196;28,reject,0.0005192358095263158,7c798b0b117d4b47df3699e662536761ae032bcf9c98c1a6478d59b10c43a0dc,1,1,1,0,0,1,1,1,1,1,1,3,3,1,1,9,2,0,cycle-0004;cycle-0010;cycle-0011;cycle-0024;cycle-0025;cycle-0033;cycle-0040;cycle-0047;cycle-0056;cycle-0060;cycle-0061;cycle-0065;cycle-0069;cycle-0078;cycle-0082;cycle-0086;cycle-0088;cycle-0101;cycle-0110;cycle-0114;cycle-0124;cycle-0154;cycle-0162;cycle-0164;cycle-0165;cycle-0166;cycle-0170;cycle-0181;cycle-0190;cycle-0198;cycle-0208;cycle-0210;cycle-0221;cycle-0222;cycle-0227;cycle-0236;cycle-0258;cycle-0264,1,1990.275177,3952.642559
17,random,Krum,model_replacement,0,0,0,6,6,1,-0.003428202473894737,-0.01894308376585,-0.005849115374671052,0,0,-0.029540196983066667,868,84,1,0,0,0,0,0,0,1,0,0.5592458773392626,0.492449508986474,0.492449508986474,0.0,0.0,1;116;235;90;207;197;58;171;80;13;233;107;32;226;79;160;202;126;111;229;45;119;3;254;216;239;248;36;92;158,167;230;62;151;174;223;176;257;37;179;95;215;27;175;212;75;9;115;104;206;220;194;125;256;161;155;120;172;245;112,78;124;86;101;227;47;61;236;154;198;164;210;181;170;165;222;88;56;69;11;190;25;82;264;208;110;114;4;60;33;258;221;24;166;65;40;162;10;195;91;39;30;2;150;52;153;231;263;55;217;228;188;224;18;99;83;38;232;201;214;5;51;163;35;103;105;94;23;85;41;199;16;252;178;21;93,97;157;218;53;183;173;211;261;121;238;260;262;31;17;241;64;168;96;196;28,commit,-0.003428202473894737,1eb8fdeeaf0b8b992a2ca01375079dd52015089438f55c5040df9fcea4aae9d7,1,1,1,1,1,1,1,1,1,1,1,3,3,1,1,9,2,1,cycle-0002;cycle-0005;cycle-0016;cycle-0018;cycle-0021;cycle-0023;cycle-0030;cycle-0035;cycle-0038;cycle-0039;cycle-0041;cycle-0051;cycle-0052;cycle-0055;cycle-0083;cycle-0085;cycle-0091;cycle-0093;cycle-0094;cycle-0099;cycle-0103;cycle-0105;cycle-0150;cycle-0153;cycle-0163;cycle-0178;cycle-0188;cycle-0195;cycle-0199;cycle-0201;cycle-0214;cycle-0217;cycle-0224;cycle-0228;cycle-0231;cycle-0232;cycle-0252;cycle-0263,1,2431.620648,4583.99947
17,random,FLTrust,model_replacement,0,0,0,6,6,0,0.007570320180921053,0.0164784470926,0.008807971763986842,0,0,0.022858850854533333,868,84,0,0,0,0,0,0,0,0,0,0.5592458773392626,0.5652677413377802,0.5592458773392626,-0.006021863998517674,0.0164784470926,1;116;235;90;207;197;58;171;80;13;233;107;32;226;79;160;202;126;111;229;45;119;3;254;216;239;248;36;92;158,167;230;62;151;174;223;176;257;37;179;95;215;27;175;212;75;9;115;104;206;220;194;125;256;161;155;120;172;245;112,78;124;86;101;227;47;61;236;154;198;164;210;181;170;165;222;88;56;69;11;190;25;82;264;208;110;114;4;60;33;258;221;24;166;65;40;162;10;195;91;39;30;2;150;52;153;231;263;55;217;228;188;224;18;99;83;38;232;201;214;5;51;163;35;103;105;94;23;85;41;199;16;252;178;21;93,97;157;218;53;183;173;211;261;121;238;260;262;31;17;241;64;168;96;196;28,reject,0.007570320180921053,978c984c6c14463c6a0a026d87b7d4c279c58ab808eab1d30ecfec5f5de99e6e,1,1,1,0,0,1,1,1,1,1,1,3,3,1,1,9,2,1,cycle-0002;cycle-0005;cycle-0016;cycle-0018;cycle-0021;cycle-0023;cycle-0030;cycle-0035;cycle-0038;cycle-0039;cycle-0041;cycle-0051;cycle-0052;cycle-0055;cycle-0083;cycle-0085;cycle-0091;cycle-0093;cycle-0094;cycle-0099;cycle-0103;cycle-0105;cycle-0150;cycle-0153;cycle-0163;cycle-0178;cycle-0188;cycle-0195;cycle-0199;cycle-0201;cycle-0214;cycle-0217;cycle-0224;cycle-0228;cycle-0231;cycle-0232;cycle-0252;cycle-0263,1,2377.565298,4609.147902
17,random,FedVal,model_replacement,0,0,0,6,6,0,0.0604760863358421,0.0373011102053,0.057779233302671054,0,0,0.0252165599949,868,84,0,0,0,0,0,0,0,0,0,0.5592458773392626,0.5497498610339077,0.5592458773392626,0.009496016305354904,0.0373011102053,1;116;235;90;207;197;58;171;80;13;233;107;32;226;79;160;202;126;111;229;45;119;3;254;216;239;248;36;92;158,167;230;62;151;174;223;176;257;37;179;95;215;27;175;212;75;9;115;104;206;220;194;125;256;161;155;120;172;245;112,78;124;86;101;227;47;61;236;154;198;164;210;181;170;165;222;88;56;69;11;190;25;82;264;208;110;114;4;60;33;258;221;24;166;65;40;162;10;195;91;39;30;2;150;52;153;231;263;55;217;228;188;224;18;99;83;38;232;201;214;5;51;163;35;103;105;94;23;85;41;199;16;252;178;21;93,97;157;218;53;183;173;211;261;121;238;260;262;31;17;241;64;168;96;196;28,reject,0.0604760863358421,6d88eb864e53714822ab1fc3a9214191cf440cf663e89674f0002b07dc38e2e5,1,1,1,0,0,1,1,1,1,1,1,3,3,1,1,9,2,1,cycle-0002;cycle-0005;cycle-0016;cycle-0018;cycle-0021;cycle-0023;cycle-0030;cycle-0035;cycle-0038;cycle-0039;cycle-0041;cycle-0051;cycle-0052;cycle-0055;cycle-0083;cycle-0085;cycle-0091;cycle-0093;cycle-0094;cycle-0099;cycle-0103;cycle-0105;cycle-0150;cycle-0153;cycle-0163;cycle-0178;cycle-0188;cycle-0195;cycle-0199;cycle-0201;cycle-0214;cycle-0217;cycle-0224;cycle-0228;cycle-0231;cycle-0232;cycle-0252;cycle-0263,1,2412.964666,4788.718006
17,random,FLShield,model_replacement,0,0,0,6,6,1,-0.003814298265842105,-0.0070942452972,-0.003078318548105263,0,0,-0.010217595226966667,868,84,1,0,0,0,0,0,0,1,0,0.5592458773392626,0.5293681675004632,0.5293681675004632,0.0,0.0,1;116;235;90;207;197;58;171;80;13;233;107;32;226;79;160;202;126;111;229;45;119;3;254;216;239;248;36;92;158,167;230;62;151;174;223;176;257;37;179;95;215;27;175;212;75;9;115;104;206;220;194;125;256;161;155;120;172;245;112,78;124;86;101;227;47;61;236;154;198;164;210;181;170;165;222;88;56;69;11;190;25;82;264;208;110;114;4;60;33;258;221;24;166;65;40;162;10;195;91;39;30;2;150;52;153;231;263;55;217;228;188;224;18;99;83;38;232;201;214;5;51;163;35;103;105;94;23;85;41;199;16;252;178;21;93,97;157;218;53;183;173;211;261;121;238;260;262;31;17;241;64;168;96;196;28,commit,-0.003814298265842105,99ad337d7c94a6dedb9a4c5474fedce704cb62a183aa68ec6248432c50fc284d,1,1,1,1,1,1,1,1,1,1,1,3,3,1,1,9,2,0,cycle-0004;cycle-0010;cycle-0011;cycle-0024;cycle-0025;cycle-0033;cycle-0040;cycle-0047;cycle-0056;cycle-0060;cycle-0061;cycle-0065;cycle-0069;cycle-0078;cycle-0082;cycle-0086;cycle-0088;cycle-0101;cycle-0110;cycle-0114;cycle-0124;cycle-0154;cycle-0162;cycle-0164;cycle-0165;cycle-0166;cycle-0170;cycle-0181;cycle-0190;cycle-0198;cycle-0208;cycle-0210;cycle-0221;cycle-0222;cycle-0227;cycle-0236;cycle-0258;cycle-0264,1,2129.351636,4202.379783
17,random,FoundationFL,model_replacement,0,0,0,6,6,0,0.4805792664128684,0.3683788607155,0.46865740357225,1,0,0.3096562863171,868,84,0,0,0,1,1,0,0,0,0,0.5592458773392626,0.4252825643876228,0.5592458773392626,0.13396331295163977,0.3683788607155,1;116;235;90;207;197;58;171;80;13;233;107;32;226;79;160;202;126;111;229;45;119;3;254;216;239;248;36;92;158,167;230;62;151;174;223;176;257;37;179;95;215;27;175;212;75;9;115;104;206;220;194;125;256;161;155;120;172;245;112,78;124;86;101;227;47;61;236;154;198;164;210;181;170;165;222;88;56;69;11;190;25;82;264;208;110;114;4;60;33;258;221;24;166;65;40;162;10;195;91;39;30;2;150;52;153;231;263;55;217;228;188;224;18;99;83;38;232;201;214;5;51;163;35;103;105;94;23;85;41;199;16;252;178;21;93,97;157;218;53;183;173;211;261;121;238;260;262;31;17;241;64;168;96;196;28,reject,0.4805792664128684,2a83744494139d2fdbf4c9460a966c0f24a345fcb2791d5c466e020e385fc202,1,1,1,0,0,1,1,1,1,1,1,3,3,1,1,9,2,1,cycle-0002;cycle-0005;cycle-0016;cycle-0018;cycle-0021;cycle-0023;cycle-0030;cycle-0035;cycle-0038;cycle-0039;cycle-0041;cycle-0051;cycle-0052;cycle-0055;cycle-0083;cycle-0085;cycle-0091;cycle-0093;cycle-0094;cycle-0099;cycle-0103;cycle-0105;cycle-0150;cycle-0153;cycle-0163;cycle-0178;cycle-0188;cycle-0195;cycle-0199;cycle-0201;cycle-0214;cycle-0217;cycle-0224;cycle-0228;cycle-0231;cycle-0232;cycle-0252;cycle-0263,1,2681.949424,5002.616616
17,random,FedAvg,score_aware,64,49,0,6,6,0,2.9741761157894738e-05,2.18763021e-05,3.0445457368421054e-05,0,0,5.930405266666667e-06,868,84,0,0,0,0,0,0,0,0,0,0.5592458773392626,0.5592458773392626,0.5592458773392626,0.0,2.18763021e-05,1;116;235;90;207;197;58;171;80;13;233;107;32;226;79;160;202;126;111;229;45;119;3;254;216;239;248;36;92;158,167;230;62;151;174;223;176;257;37;179;95;215;27;175;212;75;9;115;104;206;220;194;125;256;161;155;120;172;245;112,78;124;86;101;227;47;61;236;154;198;164;210;181;170;165;222;88;56;69;11;190;25;82;264;208;110;114;4;60;33;258;221;24;166;65;40;162;10;195;91;39;30;2;150;52;153;231;263;55;217;228;188;224;18;99;83;38;232;201;214;5;51;163;35;103;105;94;23;85;41;199;16;252;178;21;93,97;157;218;53;183;173;211;261;121;238;260;262;31;17;241;64;168;96;196;28,reject,2.9741761157894738e-05,d7527409bb121e5f6ac9ef6ea5f699facf11f67d4a9b0b9e2518b79a32fc3c52,1,1,1,0,0,1,1,1,1,1,1,3,3,1,1,9,2,1,cycle-0002;cycle-0005;cycle-0016;cycle-0018;cycle-0021;cycle-0023;cycle-0030;cycle-0035;cycle-0038;cycle-0039;cycle-0041;cycle-0051;cycle-0052;cycle-0055;cycle-0083;cycle-0085;cycle-0091;cycle-0093;cycle-0094;cycle-0099;cycle-0103;cycle-0105;cycle-0150;cycle-0153;cycle-0163;cycle-0178;cycle-0188;cycle-0195;cycle-0199;cycle-0201;cycle-0214;cycle-0217;cycle-0224;cycle-0228;cycle-0231;cycle-0232;cycle-0252;cycle-0263,1,2596.664191,4980.82532
17,random,FLTrust,score_aware,64,55,0,6,6,0,0.01094740907718421,0.0182973812931,0.009515636963197368,0,0,0.0257402468712,868,84,0,0,0,0,0,0,0,0,0,0.5592458773392626,0.5732814526588845,0.5592458773392626,-0.014035575319621962,0.0182973812931,1;116;235;90;207;197;58;171;80;13;233;107;32;226;79;160;202;126;111;229;45;119;3;254;216;239;248;36;92;158,167;230;62;151;174;223;176;257;37;179;95;215;27;175;212;75;9;115;104;206;220;194;125;256;161;155;120;172;245;112,78;124;86;101;227;47;61;236;154;198;164;210;181;170;165;222;88;56;69;11;190;25;82;264;208;110;114;4;60;33;258;221;24;166;65;40;162;10;195;91;39;30;2;150;52;153;231;263;55;217;228;188;224;18;99;83;38;232;201;214;5;51;163;35;103;105;94;23;85;41;199;16;252;178;21;93,97;157;218;53;183;173;211;261;121;238;260;262;31;17;241;64;168;96;196;28,reject,0.01094740907718421,7ed6681589ef4cc3c81f9d0c527b30ec3e7d2b8c284064295b6daf0cd13c73d9,1,1,1,0,0,1,1,1,1,1,1,3,3,1,1,9,2,0,cycle-0004;cycle-0010;cycle-0011;cycle-0024;cycle-0025;cycle-0033;cycle-0040;cycle-0047;cycle-0056;cycle-0060;cycle-0061;cycle-0065;cycle-0069;cycle-0078;cycle-0082;cycle-0086;cycle-0088;cycle-0101;cycle-0110;cycle-0114;cycle-0124;cycle-0154;cycle-0162;cycle-0164;cycle-0165;cycle-0166;cycle-0170;cycle-0181;cycle-0190;cycle-0198;cycle-0208;cycle-0210;cycle-0221;cycle-0222;cycle-0227;cycle-0236;cycle-0258;cycle-0264,1,1954.983236,3965.94234
17,random,FoundationFL,score_aware,64,29,1,6,6,1,-0.002254934923763158,-0.0140160985852,-0.004031341376513158,0,0,-0.0227207766678,868,84,1,0,0,0,0,0,0,1,0,0.5592458773392626,0.4934222716323884,0.4934222716323884,0.0,0.0,1;116;235;90;207;197;58;171;80;13;233;107;32;226;79;160;202;126;111;229;45;119;3;254;216;239;248;36;92;158,167;230;62;151;174;223;176;257;37;179;95;215;27;175;212;75;9;115;104;206;220;194;125;256;161;155;120;172;245;112,78;124;86;101;227;47;61;236;154;198;164;210;181;170;165;222;88;56;69;11;190;25;82;264;208;110;114;4;60;33;258;221;24;166;65;40;162;10;195;91;39;30;2;150;52;153;231;263;55;217;228;188;224;18;99;83;38;232;201;214;5;51;163;35;103;105;94;23;85;41;199;16;252;178;21;93,97;157;218;53;183;173;211;261;121;238;260;262;31;17;241;64;168;96;196;28,commit,-0.002254934923763158,d4c32fbeca6be9e4d165fc2fcdf7a4d871c8260636faa8215b3b2e26fae68168,1,1,1,1,1,1,1,1,1,1,1,3,3,1,1,9,2,1,cycle-0002;cycle-0005;cycle-0016;cycle-0018;cycle-0021;cycle-0023;cycle-0030;cycle-0035;cycle-0038;cycle-0039;cycle-0041;cycle-0051;cycle-0052;cycle-0055;cycle-0083;cycle-0085;cycle-0091;cycle-0093;cycle-0094;cycle-0099;cycle-0103;cycle-0105;cycle-0150;cycle-0153;cycle-0163;cycle-0178;cycle-0188;cycle-0195;cycle-0199;cycle-0201;cycle-0214;cycle-0217;cycle-0224;cycle-0228;cycle-0231;cycle-0232;cycle-0252;cycle-0263,1,2472.028047,4729.256024
18,random,FedAvg,none,0,0,0,6,0,1,-0.0005996891447631579,-0.0013162371439,-0.0013815428696052632,0,0,-0.002323339606266667,976,136,1,0,0,0,0,0,0,1,0,0.5341822382961624,0.5507836045810729,0.5507836045810729,0.0,0.0,175;158;52;225;249;204;26;25;195;33;57;60;58;211;171;242;78;103;239;7;72;91;59;212;121;181;255;10;54;252,40;245;14;100;84;94;238;93;159;263;73;92;170;56;115;21;42;109;47;11;166;23;80;234;217;118;53;224;51;87,9;223;50;5;169;37;102;77;220;230;236;101;250;32;69;174;247;22;180;214;71;13;237;173;95;3;45;178;167;152;218;119;63;126;75;48;233;151;110;248;190;209;89;106;192;199;12;205;189;81;253;35;123;108;99;219;6;24;124;29;34;206;259;240;64;184;8;215;197;251;19;104;4;191;65;232,82;107;163;221;201;116;120;44;213;125;258;264;254;39;97;41;62;202;210;18,commit,-0.0005996891447631579,ed662c696c78ea58988aa972ca135406eaaf5e15b191b7d0e68702d70dafa043,1,2,2,1,1,1,1,1,1,1,1,3,3,1,1,9,2,1,cycle-0004;cycle-0006;cycle-0008;cycle-0012;cycle-0019;cycle-0024;cycle-0029;cycle-0034;cycle-0035;cycle-0064;cycle-0065;cycle-0081;cycle-0089;cycle-0099;cycle-0104;cycle-0106;cycle-0108;cycle-0110;cycle-0123;cycle-0124;cycle-0184;cycle-0189;cycle-0190;cycle-0191;cycle-0192;cycle-0197;cycle-0199;cycle-0205;cycle-0206;cycle-0209;cycle-0215;cycle-0219;cycle-0232;cycle-0240;cycle-0248;cycle-0251;cycle-0253;cycle-0259,1,2124.533384,4942.997929
18,random,CoordinateMedian,none,0,0,0,6,0,1,-0.0046722832782631575,-0.00425274362445,-0.003908734525592105,0,0,-0.0048293642341,976,136,1,0,0,0,0,0,0,1,0,0.5341822382961624,0.5266224633313241,0.5266224633313241,0.0,0.0,175;158;52;225;249;204;26;25;195;33;57;60;58;211;171;242;78;103;239;7;72;91;59;212;121;181;255;10;54;252,40;245;14;100;84;94;238;93;159;263;73;92;170;56;115;21;42;109;47;11;166;23;80;234;217;118;53;224;51;87,9;223;50;5;169;37;102;77;220;230;236;101;250;32;69;174;247;22;180;214;71;13;237;173;95;3;45;178;167;152;218;119;63;126;75;48;233;151;110;248;190;209;89;106;192;199;12;205;189;81;253;35;123;108;99;219;6;24;124;29;34;206;259;240;64;184;8;215;197;251;19;104;4;191;65;232,82;107;163;221;201;116;120;44;213;125;258;264;254;39;97;41;62;202;210;18,commit,-0.0046722832782631575,e79c3eb615d9fc4068e75baf1677bc8a8a342257dbc0e3513faa6fc258348d64,1,1,1,1,1,1,1,1,1,1,1,3,3,1,1,9,2,0,cycle-0003;cycle-0005;cycle-0009;cycle-0013;cycle-0022;cycle-0032;cycle-0037;cycle-0045;cycle-0048;cycle-0050;cycle-0063;cycle-0069;cycle-0071;cycle-0075;cycle-0077;cycle-0095;cycle-0101;cycle-0102;cycle-0119;cycle-0126;cycle-0151;cycle-0152;cycle-0167;cycle-0169;cycle-0173;cycle-0174;cycle-0178;cycle-0180;cycle-0214;cycle-0218;cycle-0220;cycle-0223;cycle-0230;cycle-0233;cycle-0236;cycle-0237;cycle-0247;cycle-0250,1,2097.112937,4237.992436
18,random,Krum,none,0,0,0,6,0,1,-0.0007057954611052632,0.00309003870205,0.002110770043131579,0,0,-0.0018431382903,976,136,1,0,0,0,0,0,0,0,0,0.5341822382961624,0.6048573437813944,0.6048573437813944,0.0,0.0,175;158;52;225;249;204;26;25;195;33;57;60;58;211;171;242;78;103;239;7;72;91;59;212;121;181;255;10;54;252,40;245;14;100;84;94;238;93;159;263;73;92;170;56;115;21;42;109;47;11;166;23;80;234;217;118;53;224;51;87,9;223;50;5;169;37;102;77;220;230;236;101;250;32;69;174;247;22;180;214;71;13;237;173;95;3;45;178;167;152;218;119;63;126;75;48;233;151;110;248;190;209;89;106;192;199;12;205;189;81;253;35;123;108;99;219;6;24;124;29;34;206;259;240;64;184;8;215;197;251;19;104;4;191;65;232,82;107;163;221;201;116;120;44;213;125;258;264;254;39;97;41;62;202;210;18,commit,-0.0007057954611052632,68eff468f21259980a35701bafaf75082a5dca30000c408e3c29d3955a6aaf3d,1,1,1,1,1,1,1,1,1,1,1,3,3,1,1,9,2,0,cycle-0003;cycle-0005;cycle-0009;cycle-0013;cycle-0022;cycle-0032;cycle-0037;cycle-0045;cycle-0048;cycle-0050;cycle-0063;cycle-0069;cycle-0071;cycle-0075;cycle-0077;cycle-0095;cycle-0101;cycle-0102;cycle-0119;cycle-0126;cycle-0151;cycle-0152;cycle-0167;cycle-0169;cycle-0173;cycle-0174;cycle-0178;cycle-0180;cycle-0214;cycle-0218;cycle-0220;cycle-0223;cycle-0230;cycle-0233;cycle-0236;cycle-0237;cycle-0247;cycle-0250,1,2105.122481,4233.691615
18,random,FLTrust,none,0,0,0,6,0,1,-0.004007007688210527,-0.02399120089955,-0.010792690807039474,0,0,-0.006883235771766667,976,136,1,0,0,0,0,0,0,1,0,0.5341822382961624,0.4936708860759494,0.4936708860759494,0.0,0.0,175;158;52;225;249;204;26;25;195;33;57;60;58;211;171;242;78;103;239;7;72;91;59;212;121;181;255;10;54;252,40;245;14;100;84;94;238;93;159;263;73;92;170;56;115;21;42;109;47;11;166;23;80;234;217;118;53;224;51;87,9;223;50;5;169;37;102;77;220;230;236;101;250;32;69;174;247;22;180;214;71;13;237;173;95;3;45;178;167;152;218;119;63;126;75;48;233;151;110;248;190;209;89;106;192;199;12;205;189;81;253;35;123;108;99;219;6;24;124;29;34;206;259;240;64;184;8;215;197;251;19;104;4;191;65;232,82;107;163;221;201;116;120;44;213;125;258;264;254;39;97;41;62;202;210;18,commit,-0.004007007688210527,3fb7702626b6aea0b365572085cb5fc755f5593539fb8bc563a80c85dfad300e,1,1,1,1,1,1,1,1,1,1,1,3,3,1,1,9,2,0,cycle-0003;cycle-0005;cycle-0009;cycle-0013;cycle-0022;cycle-0032;cycle-0037;cycle-0045;cycle-0048;cycle-0050;cycle-0063;cycle-0069;cycle-0071;cycle-0075;cycle-0077;cycle-0095;cycle-0101;cycle-0102;cycle-0119;cycle-0126;cycle-0151;cycle-0152;cycle-0167;cycle-0169;cycle-0173;cycle-0174;cycle-0178;cycle-0180;cycle-0214;cycle-0218;cycle-0220;cycle-0223;cycle-0230;cycle-0233;cycle-0236;cycle-0237;cycle-0247;cycle-0250,1,2149.04417,4174.589297
18,random,FedVal,none,0,0,0,6,0,1,-0.005415262498210526,-0.0067132197793,-0.005692371263144737,0,0,-0.0052106569803,976,136,1,0,0,0,0,0,0,1,0,0.5341822382961624,0.5284307815953385,0.5284307815953385,0.0,0.0,175;158;52;225;249;204;26;25;195;33;57;60;58;211;171;242;78;103;239;7;72;91;59;212;121;181;255;10;54;252,40;245;14;100;84;94;238;93;159;263;73;92;170;56;115;21;42;109;47;11;166;23;80;234;217;118;53;224;51;87,9;223;50;5;169;37;102;77;220;230;236;101;250;32;69;174;247;22;180;214;71;13;237;173;95;3;45;178;167;152;218;119;63;126;75;48;233;151;110;248;190;209;89;106;192;199;12;205;189;81;253;35;123;108;99;219;6;24;124;29;34;206;259;240;64;184;8;215;197;251;19;104;4;191;65;232,82;107;163;221;201;116;120;44;213;125;258;264;254;39;97;41;62;202;210;18,commit,-0.005415262498210526,7454166265d4eea0da8682dabd24f9cb8581d244544fa42c6166efd9ac1fa3d7,1,1,1,1,1,1,1,1,1,1,1,3,3,1,1,9,2,0,cycle-0003;cycle-0005;cycle-0009;cycle-0013;cycle-0022;cycle-0032;cycle-0037;cycle-0045;cycle-0048;cycle-0050;cycle-0063;cycle-0069;cycle-0071;cycle-0075;cycle-0077;cycle-0095;cycle-0101;cycle-0102;cycle-0119;cycle-0126;cycle-0151;cycle-0152;cycle-0167;cycle-0169;cycle-0173;cycle-0174;cycle-0178;cycle-0180;cycle-0214;cycle-0218;cycle-0220;cycle-0223;cycle-0230;cycle-0233;cycle-0236;cycle-0237;cycle-0247;cycle-0250,1,2192.467332,4247.50743
18,random,FLShield,none,0,0,0,6,0,0,0.0017288057145789474,0.0019878567016,0.0017474604960263159,0,0,0.0017969350568,976,136,0,0,0,0,0,0,0,0,0,0.5341822382961624,0.5489752863170585,0.5341822382961624,-0.014793048020896093,0.0019878567016,175;158;52;225;249;204;26;25;195;33;57;60;58;211;171;242;78;103;239;7;72;91;59;212;121;181;255;10;54;252,40;245;14;100;84;94;238;93;159;263;73;92;170;56;115;21;42;109;47;11;166;23;80;234;217;118;53;224;51;87,9;223;50;5;169;37;102;77;220;230;236;101;250;32;69;174;247;22;180;214;71;13;237;173;95;3;45;178;167;152;218;119;63;126;75;48;233;151;110;248;190;209;89;106;192;199;12;205;189;81;253;35;123;108;99;219;6;24;124;29;34;206;259;240;64;184;8;215;197;251;19;104;4;191;65;232,82;107;163;221;201;116;120;44;213;125;258;264;254;39;97;41;62;202;210;18,reject,0.0017288057145789474,400d375eb9feef4b0a35bb0c8340a167358ba0b525c112ebffdddab71fd532a1,1,1,1,0,0,1,1,1,1,1,1,3,3,1,1,9,2,0,cycle-0003;cycle-0005;cycle-0009;cycle-0013;cycle-0022;cycle-0032;cycle-0037;cycle-0045;cycle-0048;cycle-0050;cycle-0063;cycle-0069;cycle-0071;cycle-0075;cycle-0077;cycle-0095;cycle-0101;cycle-0102;cycle-0119;cycle-0126;cycle-0151;cycle-0152;cycle-0167;cycle-0169;cycle-0173;cycle-0174;cycle-0178;cycle-0180;cycle-0214;cycle-0218;cycle-0220;cycle-0223;cycle-0230;cycle-0233;cycle-0236;cycle-0237;cycle-0247;cycle-0250,1,2180.187214,4251.108846
18,random,FoundationFL,none,0,0,0,6,0,0,0.0010405546210263158,0.00287552745435,0.002270013435460526,0,0,0.0009878677652333334,976,136,0,0,0,0,0,0,0,0,0,0.5341822382961624,0.5963934096845489,0.5341822382961624,-0.0622111713883865,0.00287552745435,175;158;52;225;249;204;26;25;195;33;57;60;58;211;171;242;78;103;239;7;72;91;59;212;121;181;255;10;54;252,40;245;14;100;84;94;238;93;159;263;73;92;170;56;115;21;42;109;47;11;166;23;80;234;217;118;53;224;51;87,9;223;50;5;169;37;102;77;220;230;236;101;250;32;69;174;247;22;180;214;71;13;237;173;95;3;45;178;167;152;218;119;63;126;75;48;233;151;110;248;190;209;89;106;192;199;12;205;189;81;253;35;123;108;99;219;6;24;124;29;34;206;259;240;64;184;8;215;197;251;19;104;4;191;65;232,82;107;163;221;201;116;120;44;213;125;258;264;254;39;97;41;62;202;210;18,reject,0.0010405546210263158,03d3ab7989c556bae425cac44bce7ed76819a582d8193d46242690acb960d3f9,1,1,1,0,0,1,1,1,1,1,1,3,3,1,1,9,2,0,cycle-0003;cycle-0005;cycle-0009;cycle-0013;cycle-0022;cycle-0032;cycle-0037;cycle-0045;cycle-0048;cycle-0050;cycle-0063;cycle-0069;cycle-0071;cycle-0075;cycle-0077;cycle-0095;cycle-0101;cycle-0102;cycle-0119;cycle-0126;cycle-0151;cycle-0152;cycle-0167;cycle-0169;cycle-0173;cycle-0174;cycle-0178;cycle-0180;cycle-0214;cycle-0218;cycle-0220;cycle-0223;cycle-0230;cycle-0233;cycle-0236;cycle-0237;cycle-0247;cycle-0250,1,2099.642949,4228.186374
18,random,FedAvg,sign_flip,0,0,0,6,6,1,-0.00034410768213157894,0.00152592132505,0.0008322914653026316,0,0,-0.00030317595023333335,976,136,1,0,0,0,0,0,0,0,0,0.5341822382961624,0.5918726140245127,0.5918726140245127,0.0,0.0,175;158;52;225;249;204;26;25;195;33;57;60;58;211;171;242;78;103;239;7;72;91;59;212;121;181;255;10;54;252,40;245;14;100;84;94;238;93;159;263;73;92;170;56;115;21;42;109;47;11;166;23;80;234;217;118;53;224;51;87,9;223;50;5;169;37;102;77;220;230;236;101;250;32;69;174;247;22;180;214;71;13;237;173;95;3;45;178;167;152;218;119;63;126;75;48;233;151;110;248;190;209;89;106;192;199;12;205;189;81;253;35;123;108;99;219;6;24;124;29;34;206;259;240;64;184;8;215;197;251;19;104;4;191;65;232,82;107;163;221;201;116;120;44;213;125;258;264;254;39;97;41;62;202;210;18,commit,-0.00034410768213157894,4603aeedfba36e05affb04e3d890ac671dde4eff6b22fd193b5dd3d9d929acf8,1,1,1,1,1,1,1,1,1,1,1,3,3,1,1,9,2,0,cycle-0003;cycle-0005;cycle-0009;cycle-0013;cycle-0022;cycle-0032;cycle-0037;cycle-0045;cycle-0048;cycle-0050;cycle-0063;cycle-0069;cycle-0071;cycle-0075;cycle-0077;cycle-0095;cycle-0101;cycle-0102;cycle-0119;cycle-0126;cycle-0151;cycle-0152;cycle-0167;cycle-0169;cycle-0173;cycle-0174;cycle-0178;cycle-0180;cycle-0214;cycle-0218;cycle-0220;cycle-0223;cycle-0230;cycle-0233;cycle-0236;cycle-0237;cycle-0247;cycle-0250,1,2099.321394,4223.668703
18,random,CoordinateMedian,sign_flip,0,0,0,6,6,1,-0.00021603852531578948,-0.0012037880981,-0.0013641714208552631,0,0,-0.002814549438333333,976,136,1,0,0,0,0,0,0,1,0,0.5341822382961624,0.5480711271850512,0.5480711271850512,0.0,0.0,175;158;52;225;249;204;26;25;195;33;57;60;58;211;171;242;78;103;239;7;72;91;59;212;121;181;255;10;54;252,40;245;14;100;84;94;238;93;159;263;73;92;170;56;115;21;42;109;47;11;166;23;80;234;217;118;53;224;51;87,9;223;50;5;169;37;102;77;220;230;236;101;250;32;69;174;247;22;180;214;71;13;237;173;95;3;45;178;167;152;218;119;63;126;75;48;233;151;110;248;190;209;89;106;192;199;12;205;189;81;253;35;123;108;99;219;6;24;124;29;34;206;259;240;64;184;8;215;197;251;19;104;4;191;65;232,82;107;163;221;201;116;120;44;213;125;258;264;254;39;97;41;62;202;210;18,commit,-0.00021603852531578948,fbab4157f78ac7aefcd808763f3d510219d8c544b6984372cb23cee20aea5e35,1,1,1,1,1,1,1,1,1,1,1,3,3,1,1,9,2,1,cycle-0004;cycle-0006;cycle-0008;cycle-0012;cycle-0019;cycle-0024;cycle-0029;cycle-0034;cycle-0035;cycle-0064;cycle-0065;cycle-0081;cycle-0089;cycle-0099;cycle-0104;cycle-0106;cycle-0108;cycle-0110;cycle-0123;cycle-0124;cycle-0184;cycle-0189;cycle-0190;cycle-0191;cycle-0192;cycle-0197;cycle-0199;cycle-0205;cycle-0206;cycle-0209;cycle-0215;cycle-0219;cycle-0232;cycle-0240;cycle-0248;cycle-0251;cycle-0253;cycle-0259,1,2106.222806,4130.023395
18,random,Krum,sign_flip,0,0,0,6,6,0,0.004927335547368421,0.00309003870205,0.002110770043131579,0,0,-0.0018431382903,976,136,1,0,0,0,0,0,0,0,0,0.5341822382961624,0.6048573437813944,0.5341822382961624,-0.07067510548523204,0.00309003870205,175;158;52;225;249;204;26;25;195;33;57;60;58;211;171;242;78;103;239;7;72;91;59;212;121;181;255;10;54;252,40;245;14;100;84;94;238;93;159;263;73;92;170;56;115;21;42;109;47;11;166;23;80;234;217;118;53;224;51;87,9;223;50;5;169;37;102;77;220;230;236;101;250;32;69;174;247;22;180;214;71;13;237;173;95;3;45;178;167;152;218;119;63;126;75;48;233;151;110;248;190;209;89;106;192;199;12;205;189;81;253;35;123;108;99;219;6;24;124;29;34;206;259;240;64;184;8;215;197;251;19;104;4;191;65;232,82;107;163;221;201;116;120;44;213;125;258;264;254;39;97;41;62;202;210;18,reject,0.004927335547368421,1d9ec99777349266140d37125d494a7e1f21c11a1770573144a4fc354945e56a,1,1,1,0,0,1,1,1,1,1,1,3,3,1,1,9,2,1,cycle-0004;cycle-0006;cycle-0008;cycle-0012;cycle-0019;cycle-0024;cycle-0029;cycle-0034;cycle-0035;cycle-0064;cycle-0065;cycle-0081;cycle-0089;cycle-0099;cycle-0104;cycle-0106;cycle-0108;cycle-0110;cycle-0123;cycle-0124;cycle-0184;cycle-0189;cycle-0190;cycle-0191;cycle-0192;cycle-0197;cycle-0199;cycle-0205;cycle-0206;cycle-0209;cycle-0215;cycle-0219;cycle-0232;cycle-0240;cycle-0248;cycle-0251;cycle-0253;cycle-0259,1,2098.763932,4128.886722
18,random,FLTrust,sign_flip,0,0,0,6,6,1,-0.0030774926435,-0.0116963765439,0.005555214982802632,0,0,0.009677359127333333,976,136,0,0,0,0,0,0,0,1,0,0.5341822382961624,0.5033654812135825,0.5033654812135825,0.0,0.0,175;158;52;225;249;204;26;25;195;33;57;60;58;211;171;242;78;103;239;7;72;91;59;212;121;181;255;10;54;252,40;245;14;100;84;94;238;93;159;263;73;92;170;56;115;21;42;109;47;11;166;23;80;234;217;118;53;224;51;87,9;223;50;5;169;37;102;77;220;230;236;101;250;32;69;174;247;22;180;214;71;13;237;173;95;3;45;178;167;152;218;119;63;126;75;48;233;151;110;248;190;209;89;106;192;199;12;205;189;81;253;35;123;108;99;219;6;24;124;29;34;206;259;240;64;184;8;215;197;251;19;104;4;191;65;232,82;107;163;221;201;116;120;44;213;125;258;264;254;39;97;41;62;202;210;18,commit,-0.0030774926435,a83642baa9f1b5cb3e004f9727744865067f75d1c3782793c00d2c0ef9def120,1,1,1,1,1,1,1,1,1,1,1,3,3,1,1,9,2,1,cycle-0004;cycle-0006;cycle-0008;cycle-0012;cycle-0019;cycle-0024;cycle-0029;cycle-0034;cycle-0035;cycle-0064;cycle-0065;cycle-0081;cycle-0089;cycle-0099;cycle-0104;cycle-0106;cycle-0108;cycle-0110;cycle-0123;cycle-0124;cycle-0184;cycle-0189;cycle-0190;cycle-0191;cycle-0192;cycle-0197;cycle-0199;cycle-0205;cycle-0206;cycle-0209;cycle-0215;cycle-0219;cycle-0232;cycle-0240;cycle-0248;cycle-0251;cycle-0253;cycle-0259,1,2106.077359,4115.726414
18,random,FedVal,sign_flip,0,0,0,6,6,1,-0.005850066091552632,-0.00600711927285,-0.0032241830075657894,0,0,-0.0004533117262,976,136,1,0,0,0,0,0,0,1,0,0.5341822382961624,0.5208710066305003,0.5208710066305003,0.0,0.0,175;158;52;225;249;204;26;25;195;33;57;60;58;211;171;242;78;103;239;7;72;91;59;212;121;181;255;10;54;252,40;245;14;100;84;94;238;93;159;263;73;92;170;56;115;21;42;109;47;11;166;23;80;234;217;118;53;224;51;87,9;223;50;5;169;37;102;77;220;230;236;101;250;32;69;174;247;22;180;214;71;13;237;173;95;3;45;178;167;152;218;119;63;126;75;48;233;151;110;248;190;209;89;106;192;199;12;205;189;81;253;35;123;108;99;219;6;24;124;29;34;206;259;240;64;184;8;215;197;251;19;104;4;191;65;232,82;107;163;221;201;116;120;44;213;125;258;264;254;39;97;41;62;202;210;18,commit,-0.005850066091552632,5a093c1292ea1265ef1b3c19fc1bb8682392f64fe8dfc77ef849f1a2db8f0f25,1,1,1,1,1,1,1,1,1,1,1,3,3,1,1,9,2,1,cycle-0004;cycle-0006;cycle-0008;cycle-0012;cycle-0019;cycle-0024;cycle-0029;cycle-0034;cycle-0035;cycle-0064;cycle-0065;cycle-0081;cycle-0089;cycle-0099;cycle-0104;cycle-0106;cycle-0108;cycle-0110;cycle-0123;cycle-0124;cycle-0184;cycle-0189;cycle-0190;cycle-0191;cycle-0192;cycle-0197;cycle-0199;cycle-0205;cycle-0206;cycle-0209;cycle-0215;cycle-0219;cycle-0232;cycle-0240;cycle-0248;cycle-0251;cycle-0253;cycle-0259,1,2127.328064,4119.901731
18,random,FLShield,sign_flip,0,0,0,6,6,0,0.0003333303869473684,-0.0004892242367,-0.00081330534925,0,0,-0.002171407717266667,976,136,1,0,0,0,0,0,0,1,1,0.5341822382961624,0.5341822382961624,0.5341822382961624,0.0,-0.0004892242367,175;158;52;225;249;204;26;25;195;33;57;60;58;211;171;242;78;103;239;7;72;91;59;212;121;181;255;10;54;252,40;245;14;100;84;94;238;93;159;263;73;92;170;56;115;21;42;109;47;11;166;23;80;234;217;118;53;224;51;87,9;223;50;5;169;37;102;77;220;230;236;101;250;32;69;174;247;22;180;214;71;13;237;173;95;3;45;178;167;152;218;119;63;126;75;48;233;151;110;248;190;209;89;106;192;199;12;205;189;81;253;35;123;108;99;219;6;24;124;29;34;206;259;240;64;184;8;215;197;251;19;104;4;191;65;232,82;107;163;221;201;116;120;44;213;125;258;264;254;39;97;41;62;202;210;18,reject,0.0003333303869473684,2128ba4f839c0cccde3a23ad7cd7f92edab640a30a42105e016352e90a810c8f,1,1,1,0,0,1,1,1,1,1,1,3,3,1,1,9,2,1,cycle-0004;cycle-0006;cycle-0008;cycle-0012;cycle-0019;cycle-0024;cycle-0029;cycle-0034;cycle-0035;cycle-0064;cycle-0065;cycle-0081;cycle-0089;cycle-0099;cycle-0104;cycle-0106;cycle-0108;cycle-0110;cycle-0123;cycle-0124;cycle-0184;cycle-0189;cycle-0190;cycle-0191;cycle-0192;cycle-0197;cycle-0199;cycle-0205;cycle-0206;cycle-0209;cycle-0215;cycle-0219;cycle-0232;cycle-0240;cycle-0248;cycle-0251;cycle-0253;cycle-0259,1,2041.436264,4088.652377
18,random,FoundationFL,sign_flip,0,0,0,6,6,1,-0.0015416061210526315,-0.00103321861635,-0.0008650607252105264,0,0,-0.002166691982433333,976,136,1,0,0,0,0,0,0,1,0,0.5341822382961624,0.5266224633313241,0.5266224633313241,0.0,0.0,175;158;52;225;249;204;26;25;195;33;57;60;58;211;171;242;78;103;239;7;72;91;59;212;121;181;255;10;54;252,40;245;14;100;84;94;238;93;159;263;73;92;170;56;115;21;42;109;47;11;166;23;80;234;217;118;53;224;51;87,9;223;50;5;169;37;102;77;220;230;236;101;250;32;69;174;247;22;180;214;71;13;237;173;95;3;45;178;167;152;218;119;63;126;75;48;233;151;110;248;190;209;89;106;192;199;12;205;189;81;253;35;123;108;99;219;6;24;124;29;34;206;259;240;64;184;8;215;197;251;19;104;4;191;65;232,82;107;163;221;201;116;120;44;213;125;258;264;254;39;97;41;62;202;210;18,commit,-0.0015416061210526315,d0df0e4dca7d999925994f0cb92f58ca83633d958beabd4f75268988a0d9a8c1,1,1,1,1,1,1,1,1,1,1,1,3,3,1,1,9,2,0,cycle-0003;cycle-0005;cycle-0009;cycle-0013;cycle-0022;cycle-0032;cycle-0037;cycle-0045;cycle-0048;cycle-0050;cycle-0063;cycle-0069;cycle-0071;cycle-0075;cycle-0077;cycle-0095;cycle-0101;cycle-0102;cycle-0119;cycle-0126;cycle-0151;cycle-0152;cycle-0167;cycle-0169;cycle-0173;cycle-0174;cycle-0178;cycle-0180;cycle-0214;cycle-0218;cycle-0220;cycle-0223;cycle-0230;cycle-0233;cycle-0236;cycle-0237;cycle-0247;cycle-0250,1,2113.188904,4212.869751
18,random,FedAvg,model_replacement,0,0,0,6,6,0,0.3534556382959474,0.33181545570085,0.37564545635836843,1,0,0.40967626854173333,976,136,0,0,0,1,0,0,0,0,0,0.5341822382961624,0.4501205545509343,0.5341822382961624,0.0840616837452281,0.33181545570085,175;158;52;225;249;204;26;25;195;33;57;60;58;211;171;242;78;103;239;7;72;91;59;212;121;181;255;10;54;252,40;245;14;100;84;94;238;93;159;263;73;92;170;56;115;21;42;109;47;11;166;23;80;234;217;118;53;224;51;87,9;223;50;5;169;37;102;77;220;230;236;101;250;32;69;174;247;22;180;214;71;13;237;173;95;3;45;178;167;152;218;119;63;126;75;48;233;151;110;248;190;209;89;106;192;199;12;205;189;81;253;35;123;108;99;219;6;24;124;29;34;206;259;240;64;184;8;215;197;251;19;104;4;191;65;232,82;107;163;221;201;116;120;44;213;125;258;264;254;39;97;41;62;202;210;18,reject,0.3534556382959474,be60fc8e52a36cc85e5e94fbf30776fbefa813b1422c3cb07386d82299e21dca,1,1,1,0,0,1,1,1,1,1,1,3,3,1,1,9,2,1,cycle-0004;cycle-0006;cycle-0008;cycle-0012;cycle-0019;cycle-0024;cycle-0029;cycle-0034;cycle-0035;cycle-0064;cycle-0065;cycle-0081;cycle-0089;cycle-0099;cycle-0104;cycle-0106;cycle-0108;cycle-0110;cycle-0123;cycle-0124;cycle-0184;cycle-0189;cycle-0190;cycle-0191;cycle-0192;cycle-0197;cycle-0199;cycle-0205;cycle-0206;cycle-0209;cycle-0215;cycle-0219;cycle-0232;cycle-0240;cycle-0248;cycle-0251;cycle-0253;cycle-0259,1,2074.108117,4097.171473
18,random,CoordinateMedian,model_replacement,0,0,0,6,6,1,-0.005454607035973684,-0.0073444545442,-0.006001594261118421,0,0,-0.0054515701981,976,136,1,0,0,0,0,0,0,1,0,0.5341822382961624,0.5338557363873819,0.5338557363873819,0.0,0.0,175;158;52;225;249;204;26;25;195;33;57;60;58;211;171;242;78;103;239;7;72;91;59;212;121;181;255;10;54;252,40;245;14;100;84;94;238;93;159;263;73;92;170;56;115;21;42;109;47;11;166;23;80;234;217;118;53;224;51;87,9;223;50;5;169;37;102;77;220;230;236;101;250;32;69;174;247;22;180;214;71;13;237;173;95;3;45;178;167;152;218;119;63;126;75;48;233;151;110;248;190;209;89;106;192;199;12;205;189;81;253;35;123;108;99;219;6;24;124;29;34;206;259;240;64;184;8;215;197;251;19;104;4;191;65;232,82;107;163;221;201;116;120;44;213;125;258;264;254;39;97;41;62;202;210;18,commit,-0.005454607035973684,bd679d99bb9f4029805ecc80119423fe7eabaca9de4f7884fc2cdb80c4e62b4d,1,1,1,1,1,1,1,1,1,1,1,3,3,1,1,9,2,0,cycle-0003;cycle-0005;cycle-0009;cycle-0013;cycle-0022;cycle-0032;cycle-0037;cycle-0045;cycle-0048;cycle-0050;cycle-0063;cycle-0069;cycle-0071;cycle-0075;cycle-0077;cycle-0095;cycle-0101;cycle-0102;cycle-0119;cycle-0126;cycle-0151;cycle-0152;cycle-0167;cycle-0169;cycle-0173;cycle-0174;cycle-0178;cycle-0180;cycle-0214;cycle-0218;cycle-0220;cycle-0223;cycle-0230;cycle-0233;cycle-0236;cycle-0237;cycle-0247;cycle-0250,1,2147.353769,4188.608652
18,random,Krum,model_replacement,0,0,0,6,6,1,-0.0023396201416842105,-0.00308367824295,-0.002899280185407895,0,0,-0.002261842433366667,976,136,1,0,0,0,0,0,0,1,0,0.5341822382961624,0.5396071930882057,0.5396071930882057,0.0,0.0,175;158;52;225;249;204;26;25;195;33;57;60;58;211;171;242;78;103;239;7;72;91;59;212;121;181;255;10;54;252,40;245;14;100;84;94;238;93;159;263;73;92;170;56;115;21;42;109;47;11;166;23;80;234;217;118;53;224;51;87,9;223;50;5;169;37;102;77;220;230;236;101;250;32;69;174;247;22;180;214;71;13;237;173;95;3;45;178;167;152;218;119;63;126;75;48;233;151;110;248;190;209;89;106;192;199;12;205;189;81;253;35;123;108;99;219;6;24;124;29;34;206;259;240;64;184;8;215;197;251;19;104;4;191;65;232,82;107;163;221;201;116;120;44;213;125;258;264;254;39;97;41;62;202;210;18,commit,-0.0023396201416842105,3d1ec6e18b1c3fab99a449226c6c4ed68b46273e0606721e0901b3ac19e962d7,1,1,1,1,1,1,1,1,1,1,1,3,3,1,1,9,2,0,cycle-0003;cycle-0005;cycle-0009;cycle-0013;cycle-0022;cycle-0032;cycle-0037;cycle-0045;cycle-0048;cycle-0050;cycle-0063;cycle-0069;cycle-0071;cycle-0075;cycle-0077;cycle-0095;cycle-0101;cycle-0102;cycle-0119;cycle-0126;cycle-0151;cycle-0152;cycle-0167;cycle-0169;cycle-0173;cycle-0174;cycle-0178;cycle-0180;cycle-0214;cycle-0218;cycle-0220;cycle-0223;cycle-0230;cycle-0233;cycle-0236;cycle-0237;cycle-0247;cycle-0250,1,2158.217785,4210.121363
18,random,FLTrust,model_replacement,0,0,0,6,6,0,0.001086611690263158,-0.00163085313035,0.006793243124171053,0,0,0.0109839657113,976,136,0,0,0,0,0,0,0,1,1,0.5341822382961624,0.5012306610407876,0.5341822382961624,0.03295157725537479,-0.00163085313035,175;158;52;225;249;204;26;25;195;33;57;60;58;211;171;242;78;103;239;7;72;91;59;212;121;181;255;10;54;252,40;245;14;100;84;94;238;93;159;263;73;92;170;56;115;21;42;109;47;11;166;23;80;234;217;118;53;224;51;87,9;223;50;5;169;37;102;77;220;230;236;101;250;32;69;174;247;22;180;214;71;13;237;173;95;3;45;178;167;152;218;119;63;126;75;48;233;151;110;248;190;209;89;106;192;199;12;205;189;81;253;35;123;108;99;219;6;24;124;29;34;206;259;240;64;184;8;215;197;251;19;104;4;191;65;232,82;107;163;221;201;116;120;44;213;125;258;264;254;39;97;41;62;202;210;18,reject,0.001086611690263158,5a7945fd8606b4559640ef2220786bc88d6f96be21289305ac5dff5f7170f3f5,1,1,1,0,0,1,1,1,1,1,1,3,3,1,1,9,2,1,cycle-0004;cycle-0006;cycle-0008;cycle-0012;cycle-0019;cycle-0024;cycle-0029;cycle-0034;cycle-0035;cycle-0064;cycle-0065;cycle-0081;cycle-0089;cycle-0099;cycle-0104;cycle-0106;cycle-0108;cycle-0110;cycle-0123;cycle-0124;cycle-0184;cycle-0189;cycle-0190;cycle-0191;cycle-0192;cycle-0197;cycle-0199;cycle-0205;cycle-0206;cycle-0209;cycle-0215;cycle-0219;cycle-0232;cycle-0240;cycle-0248;cycle-0251;cycle-0253;cycle-0259,1,2093.60807,4103.285984
18,random,FedVal,model_replacement,0,0,0,6,6,0,0.053110966676,0.04575108698385,0.04860284848315789,0,0,0.0514618478575,976,136,0,0,0,0,0,0,0,0,0,0.5341822382961624,0.5320474181233675,0.5341822382961624,0.0021348201727948712,0.04575108698385,175;158;52;225;249;204;26;25;195;33;57;60;58;211;171;242;78;103;239;7;72;91;59;212;121;181;255;10;54;252,40;245;14;100;84;94;238;93;159;263;73;92;170;56;115;21;42;109;47;11;166;23;80;234;217;118;53;224;51;87,9;223;50;5;169;37;102;77;220;230;236;101;250;32;69;174;247;22;180;214;71;13;237;173;95;3;45;178;167;152;218;119;63;126;75;48;233;151;110;248;190;209;89;106;192;199;12;205;189;81;253;35;123;108;99;219;6;24;124;29;34;206;259;240;64;184;8;215;197;251;19;104;4;191;65;232,82;107;163;221;201;116;120;44;213;125;258;264;254;39;97;41;62;202;210;18,reject,0.053110966676,9bb8069678482decee61c57b71477dfe0130a756bc8ebf1ff1e26266031666eb,1,1,1,0,0,1,1,1,1,1,1,3,3,1,1,9,2,0,cycle-0003;cycle-0005;cycle-0009;cycle-0013;cycle-0022;cycle-0032;cycle-0037;cycle-0045;cycle-0048;cycle-0050;cycle-0063;cycle-0069;cycle-0071;cycle-0075;cycle-0077;cycle-0095;cycle-0101;cycle-0102;cycle-0119;cycle-0126;cycle-0151;cycle-0152;cycle-0167;cycle-0169;cycle-0173;cycle-0174;cycle-0178;cycle-0180;cycle-0214;cycle-0218;cycle-0220;cycle-0223;cycle-0230;cycle-0233;cycle-0236;cycle-0237;cycle-0247;cycle-0250,1,2103.725936,4164.444821
18,random,FLShield,model_replacement,0,0,0,6,6,1,-0.002455411947526316,-0.00169726067725,-0.0017789250756052631,0,0,-0.0025130163966333332,976,136,1,0,0,0,0,0,0,1,0,0.5341822382961624,0.5359905565601768,0.5359905565601768,0.0,0.0,175;158;52;225;249;204;26;25;195;33;57;60;58;211;171;242;78;103;239;7;72;91;59;212;121;181;255;10;54;252,40;245;14;100;84;94;238;93;159;263;73;92;170;56;115;21;42;109;47;11;166;23;80;234;217;118;53;224;51;87,9;223;50;5;169;37;102;77;220;230;236;101;250;32;69;174;247;22;180;214;71;13;237;173;95;3;45;178;167;152;218;119;63;126;75;48;233;151;110;248;190;209;89;106;192;199;12;205;189;81;253;35;123;108;99;219;6;24;124;29;34;206;259;240;64;184;8;215;197;251;19;104;4;191;65;232,82;107;163;221;201;116;120;44;213;125;258;264;254;39;97;41;62;202;210;18,commit,-0.002455411947526316,8bb61b4a7fecfeda0d4ed0f1f7aa192ee08dd18a5b8a3789da68a6878ba0cb41,1,1,1,1,1,1,1,1,1,1,1,3,3,1,1,9,2,0,cycle-0003;cycle-0005;cycle-0009;cycle-0013;cycle-0022;cycle-0032;cycle-0037;cycle-0045;cycle-0048;cycle-0050;cycle-0063;cycle-0069;cycle-0071;cycle-0075;cycle-0077;cycle-0095;cycle-0101;cycle-0102;cycle-0119;cycle-0126;cycle-0151;cycle-0152;cycle-0167;cycle-0169;cycle-0173;cycle-0174;cycle-0178;cycle-0180;cycle-0214;cycle-0218;cycle-0220;cycle-0223;cycle-0230;cycle-0233;cycle-0236;cycle-0237;cycle-0247;cycle-0250,1,2093.74687,4215.387399
18,random,FoundationFL,model_replacement,0,0,0,6,6,0,0.00029329882884210524,0.0028331284892,0.002131677963855263,0,0,-0.0006717104501,976,136,1,0,0,0,0,0,0,0,0,0.5341822382961624,0.5435503315250151,0.5341822382961624,-0.00936809322885268,0.0028331284892,175;158;52;225;249;204;26;25;195;33;57;60;58;211;171;242;78;103;239;7;72;91;59;212;121;181;255;10;54;252,40;245;14;100;84;94;238;93;159;263;73;92;170;56;115;21;42;109;47;11;166;23;80;234;217;118;53;224;51;87,9;223;50;5;169;37;102;77;220;230;236;101;250;32;69;174;247;22;180;214;71;13;237;173;95;3;45;178;167;152;218;119;63;126;75;48;233;151;110;248;190;209;89;106;192;199;12;205;189;81;253;35;123;108;99;219;6;24;124;29;34;206;259;240;64;184;8;215;197;251;19;104;4;191;65;232,82;107;163;221;201;116;120;44;213;125;258;264;254;39;97;41;62;202;210;18,reject,0.00029329882884210524,285796f6205313da5daa4df14f07a0daeb99889ef1a302234c8f8523351f6090,1,1,1,0,0,1,1,1,1,1,1,3,3,1,1,9,2,0,cycle-0003;cycle-0005;cycle-0009;cycle-0013;cycle-0022;cycle-0032;cycle-0037;cycle-0045;cycle-0048;cycle-0050;cycle-0063;cycle-0069;cycle-0071;cycle-0075;cycle-0077;cycle-0095;cycle-0101;cycle-0102;cycle-0119;cycle-0126;cycle-0151;cycle-0152;cycle-0167;cycle-0169;cycle-0173;cycle-0174;cycle-0178;cycle-0180;cycle-0214;cycle-0218;cycle-0220;cycle-0223;cycle-0230;cycle-0233;cycle-0236;cycle-0237;cycle-0247;cycle-0250,1,2120.769955,4197.520177
18,random,FedAvg,score_aware,64,49,0,6,6,0,5.790702578947368e-06,-1.019030935e-05,-1.0153731315789473e-06,0,0,7.157069233333333e-06,976,136,0,0,0,0,0,0,0,1,1,0.5341822382961624,0.5341822382961624,0.5341822382961624,0.0,-1.019030935e-05,175;158;52;225;249;204;26;25;195;33;57;60;58;211;171;242;78;103;239;7;72;91;59;212;121;181;255;10;54;252,40;245;14;100;84;94;238;93;159;263;73;92;170;56;115;21;42;109;47;11;166;23;80;234;217;118;53;224;51;87,9;223;50;5;169;37;102;77;220;230;236;101;250;32;69;174;247;22;180;214;71;13;237;173;95;3;45;178;167;152;218;119;63;126;75;48;233;151;110;248;190;209;89;106;192;199;12;205;189;81;253;35;123;108;99;219;6;24;124;29;34;206;259;240;64;184;8;215;197;251;19;104;4;191;65;232,82;107;163;221;201;116;120;44;213;125;258;264;254;39;97;41;62;202;210;18,reject,5.790702578947368e-06,859e00dc27894573db8cbb7fcc24f78c2886128eb7fcb90b70f71878347532ae,1,1,1,0,0,1,1,1,1,1,1,3,3,1,1,9,2,0,cycle-0003;cycle-0005;cycle-0009;cycle-0013;cycle-0022;cycle-0032;cycle-0037;cycle-0045;cycle-0048;cycle-0050;cycle-0063;cycle-0069;cycle-0071;cycle-0075;cycle-0077;cycle-0095;cycle-0101;cycle-0102;cycle-0119;cycle-0126;cycle-0151;cycle-0152;cycle-0167;cycle-0169;cycle-0173;cycle-0174;cycle-0178;cycle-0180;cycle-0214;cycle-0218;cycle-0220;cycle-0223;cycle-0230;cycle-0233;cycle-0236;cycle-0237;cycle-0247;cycle-0250,1,2152.676453,4174.434599
18,random,FLTrust,score_aware,64,54,1,6,6,0,0.003499687674605263,-0.0107111991332,-0.00240621793825,0,0,0.0019204421563333333,976,136,0,0,0,0,0,0,0,1,1,0.5341822382961624,0.5042696403455897,0.5341822382961624,0.02991259795057266,-0.0107111991332,175;158;52;225;249;204;26;25;195;33;57;60;58;211;171;242;78;103;239;7;72;91;59;212;121;181;255;10;54;252,40;245;14;100;84;94;238;93;159;263;73;92;170;56;115;21;42;109;47;11;166;23;80;234;217;118;53;224;51;87,9;223;50;5;169;37;102;77;220;230;236;101;250;32;69;174;247;22;180;214;71;13;237;173;95;3;45;178;167;152;218;119;63;126;75;48;233;151;110;248;190;209;89;106;192;199;12;205;189;81;253;35;123;108;99;219;6;24;124;29;34;206;259;240;64;184;8;215;197;251;19;104;4;191;65;232,82;107;163;221;201;116;120;44;213;125;258;264;254;39;97;41;62;202;210;18,reject,0.003499687674605263,68e9f5a8c984c784ad5c69443630c02d41fdd4d8946eab273496427487584728,1,1,1,0,0,1,1,1,1,1,1,3,3,1,1,9,2,0,cycle-0003;cycle-0005;cycle-0009;cycle-0013;cycle-0022;cycle-0032;cycle-0037;cycle-0045;cycle-0048;cycle-0050;cycle-0063;cycle-0069;cycle-0071;cycle-0075;cycle-0077;cycle-0095;cycle-0101;cycle-0102;cycle-0119;cycle-0126;cycle-0151;cycle-0152;cycle-0167;cycle-0169;cycle-0173;cycle-0174;cycle-0178;cycle-0180;cycle-0214;cycle-0218;cycle-0220;cycle-0223;cycle-0230;cycle-0233;cycle-0236;cycle-0237;cycle-0247;cycle-0250,1,2160.242361,4236.163371
18,random,FoundationFL,score_aware,64,27,1,6,6,1,-0.006991449447815789,-0.0143610238483,-0.010125368768065789,0,0,-0.0070793265511,976,136,1,0,0,0,0,0,0,1,0,0.5341822382961624,0.509694595137633,0.509694595137633,0.0,0.0,175;158;52;225;249;204;26;25;195;33;57;60;58;211;171;242;78;103;239;7;72;91;59;212;121;181;255;10;54;252,40;245;14;100;84;94;238;93;159;263;73;92;170;56;115;21;42;109;47;11;166;23;80;234;217;118;53;224;51;87,9;223;50;5;169;37;102;77;220;230;236;101;250;32;69;174;247;22;180;214;71;13;237;173;95;3;45;178;167;152;218;119;63;126;75;48;233;151;110;248;190;209;89;106;192;199;12;205;189;81;253;35;123;108;99;219;6;24;124;29;34;206;259;240;64;184;8;215;197;251;19;104;4;191;65;232,82;107;163;221;201;116;120;44;213;125;258;264;254;39;97;41;62;202;210;18,commit,-0.006991449447815789,87e4a85cb3396d1249d8a2812a36d97c1d79b9b8eb3579357c93827159f5efae,1,1,1,1,1,1,1,1,1,1,1,3,3,1,1,9,2,0,cycle-0003;cycle-0005;cycle-0009;cycle-0013;cycle-0022;cycle-0032;cycle-0037;cycle-0045;cycle-0048;cycle-0050;cycle-0063;cycle-0069;cycle-0071;cycle-0075;cycle-0077;cycle-0095;cycle-0101;cycle-0102;cycle-0119;cycle-0126;cycle-0151;cycle-0152;cycle-0167;cycle-0169;cycle-0173;cycle-0174;cycle-0178;cycle-0180;cycle-0214;cycle-0218;cycle-0220;cycle-0223;cycle-0230;cycle-0233;cycle-0236;cycle-0237;cycle-0247;cycle-0250,1,2114.947764,4209.596843
19,random,FedAvg,none,0,0,0,6,0,1,-0.00993792828718421,-0.009750601273,-0.008140580864671053,0,0,-0.012359076159766667,956,106,1,0,0,0,0,0,0,1,0,0.5792995966263292,0.5384121745507884,0.5384121745507884,0.0,0.0,55;220;259;180;206;31;24;233;186;72;166;37;93;1;91;194;174;84;160;196;15;207;78;264;263;17;258;238;50;14,44;42;230;119;124;154;202;158;227;246;172;82;40;66;171;256;151;36;127;73;195;222;175;155;64;183;179;128;153;121,262;162;70;63;62;59;86;34;205;108;23;52;8;43;35;221;199;98;56;239;109;112;152;77;122;204;33;181;224;113;189;210;200;197;27;156;104;231;87;176;51;229;182;215;4;248;253;226;163;209;26;107;251;75;219;32;245;83;99;165;53;110;3;2;58;235;126;115;193;9;213;243;95;184;241;214,102;216;237;225;5;185;114;254;39;157;192;240;71;97;47;85;201;123;169;232,commit,-0.00993792828718421,04939cb38c64211c34d435f75877ab266bbb29be18c761dc2adb20f5c8c11402,1,2,2,1,1,1,1,1,1,1,1,3,3,1,1,9,2,1,cycle-0002;cycle-0003;cycle-0004;cycle-0009;cycle-0026;cycle-0032;cycle-0051;cycle-0053;cycle-0058;cycle-0075;cycle-0083;cycle-0087;cycle-0095;cycle-0099;cycle-0107;cycle-0110;cycle-0115;cycle-0126;cycle-0163;cycle-0165;cycle-0176;cycle-0182;cycle-0184;cycle-0193;cycle-0209;cycle-0213;cycle-0214;cycle-0215;cycle-0219;cycle-0226;cycle-0229;cycle-0235;cycle-0241;cycle-0243;cycle-0245;cycle-0248;cycle-0251;cycle-0253,1,2271.694079,5364.595584
19,random,CoordinateMedian,none,0,0,0,6,0,0,0.001353708362631579,0.0013168020197,-0.00045767092584210527,0,0,0.0033322587936333334,956,106,0,0,0,0,0,0,0,0,0,0.5792995966263292,0.5947011367803448,0.5792995966263292,-0.015401540154015514,0.0013168020197,55;220;259;180;206;31;24;233;186;72;166;37;93;1;91;194;174;84;160;196;15;207;78;264;263;17;258;238;50;14,44;42;230;119;124;154;202;158;227;246;172;82;40;66;171;256;151;36;127;73;195;222;175;155;64;183;179;128;153;121,262;162;70;63;62;59;86;34;205;108;23;52;8;43;35;221;199;98;56;239;109;112;152;77;122;204;33;181;224;113;189;210;200;197;27;156;104;231;87;176;51;229;182;215;4;248;253;226;163;209;26;107;251;75;219;32;245;83;99;165;53;110;3;2;58;235;126;115;193;9;213;243;95;184;241;214,102;216;237;225;5;185;114;254;39;157;192;240;71;97;47;85;201;123;169;232,reject,0.001353708362631579,4c20050891b2ffa3dc179fd1a0408f8ec59a5bf14c59183d6a236144ef325b83,1,1,1,0,0,1,1,1,1,1,1,3,3,1,1,9,2,1,cycle-0002;cycle-0003;cycle-0004;cycle-0009;cycle-0026;cycle-0032;cycle-0051;cycle-0053;cycle-0058;cycle-0075;cycle-0083;cycle-0087;cycle-0095;cycle-0099;cycle-0107;cycle-0110;cycle-0115;cycle-0126;cycle-0163;cycle-0165;cycle-0176;cycle-0182;cycle-0184;cycle-0193;cycle-0209;cycle-0213;cycle-0214;cycle-0215;cycle-0219;cycle-0226;cycle-0229;cycle-0235;cycle-0241;cycle-0243;cycle-0245;cycle-0248;cycle-0251;cycle-0253,1,2336.469722,4455.014361
19,random,Krum,none,0,0,0,6,0,0,0.0018830572028947369,0.00161179525925,-0.0007286110858289474,0,0,0.0045323585554,956,106,0,0,0,0,0,0,0,0,0,0.5792995966263292,0.5973597359735974,0.5792995966263292,-0.018060139347268134,0.00161179525925,55;220;259;180;206;31;24;233;186;72;166;37;93;1;91;194;174;84;160;196;15;207;78;264;263;17;258;238;50;14,44;42;230;119;124;154;202;158;227;246;172;82;40;66;171;256;151;36;127;73;195;222;175;155;64;183;179;128;153;121,262;162;70;63;62;59;86;34;205;108;23;52;8;43;35;221;199;98;56;239;109;112;152;77;122;204;33;181;224;113;189;210;200;197;27;156;104;231;87;176;51;229;182;215;4;248;253;226;163;209;26;107;251;75;219;32;245;83;99;165;53;110;3;2;58;235;126;115;193;9;213;243;95;184;241;214,102;216;237;225;5;185;114;254;39;157;192;240;71;97;47;85;201;123;169;232,reject,0.0018830572028947369,798cac775e1a20b85f56f869b2f8f1cab2b7d499b0c652377d5eaf12d09b5b3e,1,1,1,0,0,1,1,1,1,1,1,3,3,1,1,9,2,1,cycle-0002;cycle-0003;cycle-0004;cycle-0009;cycle-0026;cycle-0032;cycle-0051;cycle-0053;cycle-0058;cycle-0075;cycle-0083;cycle-0087;cycle-0095;cycle-0099;cycle-0107;cycle-0110;cycle-0115;cycle-0126;cycle-0163;cycle-0165;cycle-0176;cycle-0182;cycle-0184;cycle-0193;cycle-0209;cycle-0213;cycle-0214;cycle-0215;cycle-0219;cycle-0226;cycle-0229;cycle-0235;cycle-0241;cycle-0243;cycle-0245;cycle-0248;cycle-0251;cycle-0253,1,2387.02565,4610.071804
19,random,FLTrust,none,0,0,0,6,0,1,-0.018981591014736843,-0.019772403111,-0.012987666195539474,0,0,-0.028668840517,956,106,1,0,0,0,0,0,0,1,0,0.5792995966263292,0.5044921158782545,0.5044921158782545,0.0,0.0,55;220;259;180;206;31;24;233;186;72;166;37;93;1;91;194;174;84;160;196;15;207;78;264;263;17;258;238;50;14,44;42;230;119;124;154;202;158;227;246;172;82;40;66;171;256;151;36;127;73;195;222;175;155;64;183;179;128;153;121,262;162;70;63;62;59;86;34;205;108;23;52;8;43;35;221;199;98;56;239;109;112;152;77;122;204;33;181;224;113;189;210;200;197;27;156;104;231;87;176;51;229;182;215;4;248;253;226;163;209;26;107;251;75;219;32;245;83;99;165;53;110;3;2;58;235;126;115;193;9;213;243;95;184;241;214,102;216;237;225;5;185;114;254;39;157;192;240;71;97;47;85;201;123;169;232,commit,-0.018981591014736843,126e854e751c237327d60c8c19170d4268ec778dc7c5f8ac1b3b9e6026b4723d,1,1,1,1,1,1,1,1,1,1,1,3,3,1,1,9,2,1,cycle-0002;cycle-0003;cycle-0004;cycle-0009;cycle-0026;cycle-0032;cycle-0051;cycle-0053;cycle-0058;cycle-0075;cycle-0083;cycle-0087;cycle-0095;cycle-0099;cycle-0107;cycle-0110;cycle-0115;cycle-0126;cycle-0163;cycle-0165;cycle-0176;cycle-0182;cycle-0184;cycle-0193;cycle-0209;cycle-0213;cycle-0214;cycle-0215;cycle-0219;cycle-0226;cycle-0229;cycle-0235;cycle-0241;cycle-0243;cycle-0245;cycle-0248;cycle-0251;cycle-0253,1,2333.346681,4480.805128
19,random,FedVal,none,0,0,0,6,0,1,-0.0017338261493421052,0.0001261595746,-0.0007475157063157895,0,0,0.0011815057202,956,106,0,0,0,0,0,0,0,0,0,0.5792995966263292,0.6004767143381005,0.6004767143381005,0.0,0.0,55;220;259;180;206;31;24;233;186;72;166;37;93;1;91;194;174;84;160;196;15;207;78;264;263;17;258;238;50;14,44;42;230;119;124;154;202;158;227;246;172;82;40;66;171;256;151;36;127;73;195;222;175;155;64;183;179;128;153;121,262;162;70;63;62;59;86;34;205;108;23;52;8;43;35;221;199;98;56;239;109;112;152;77;122;204;33;181;224;113;189;210;200;197;27;156;104;231;87;176;51;229;182;215;4;248;253;226;163;209;26;107;251;75;219;32;245;83;99;165;53;110;3;2;58;235;126;115;193;9;213;243;95;184;241;214,102;216;237;225;5;185;114;254;39;157;192;240;71;97;47;85;201;123;169;232,commit,-0.0017338261493421052,65e25331f1fe3a7e30109e4bee5e7a6454e36f1679515e374f89fd2529f44508,1,1,1,1,1,1,1,1,1,1,1,3,3,1,1,9,2,0,cycle-0008;cycle-0023;cycle-0027;cycle-0033;cycle-0034;cycle-0035;cycle-0043;cycle-0052;cycle-0056;cycle-0059;cycle-0062;cycle-0063;cycle-0070;cycle-0077;cycle-0086;cycle-0098;cycle-0104;cycle-0108;cycle-0109;cycle-0112;cycle-0113;cycle-0122;cycle-0152;cycle-0156;cycle-0162;cycle-0181;cycle-0189;cycle-0197;cycle-0199;cycle-0200;cycle-0204;cycle-0205;cycle-0210;cycle-0221;cycle-0224;cycle-0231;cycle-0239;cycle-0262,1,2049.594948,4092.308748
19,random,FLShield,none,0,0,0,6,0,1,-0.00047180311636842105,0.00139757656925,0.0005344609463421052,0,0,0.0025109515612,956,106,0,0,0,0,0,0,0,0,0,0.5792995966263292,0.5998349834983498,0.5998349834983498,0.0,0.0,55;220;259;180;206;31;24;233;186;72;166;37;93;1;91;194;174;84;160;196;15;207;78;264;263;17;258;238;50;14,44;42;230;119;124;154;202;158;227;246;172;82;40;66;171;256;151;36;127;73;195;222;175;155;64;183;179;128;153;121,262;162;70;63;62;59;86;34;205;108;23;52;8;43;35;221;199;98;56;239;109;112;152;77;122;204;33;181;224;113;189;210;200;197;27;156;104;231;87;176;51;229;182;215;4;248;253;226;163;209;26;107;251;75;219;32;245;83;99;165;53;110;3;2;58;235;126;115;193;9;213;243;95;184;241;214,102;216;237;225;5;185;114;254;39;157;192;240;71;97;47;85;201;123;169;232,commit,-0.00047180311636842105,4b2ea4ddcef77a74a1c2de4c7b82a28734219b93ff8032ee814ef9027bcbc2f2,1,1,1,1,1,1,1,1,1,1,1,3,3,1,1,9,2,0,cycle-0008;cycle-0023;cycle-0027;cycle-0033;cycle-0034;cycle-0035;cycle-0043;cycle-0052;cycle-0056;cycle-0059;cycle-0062;cycle-0063;cycle-0070;cycle-0077;cycle-0086;cycle-0098;cycle-0104;cycle-0108;cycle-0109;cycle-0112;cycle-0113;cycle-0122;cycle-0152;cycle-0156;cycle-0162;cycle-0181;cycle-0189;cycle-0197;cycle-0199;cycle-0200;cycle-0204;cycle-0205;cycle-0210;cycle-0221;cycle-0224;cycle-0231;cycle-0239;cycle-0262,1,2049.059321,4036.566985
19,random,FoundationFL,none,0,0,0,6,0,1,-0.024626600380921054,-0.02398212853635,-0.02109157648931579,0,0,-0.0293873828916,956,106,1,0,0,0,0,0,0,1,0,0.5792995966263292,0.49853318665199853,0.49853318665199853,0.0,0.0,55;220;259;180;206;31;24;233;186;72;166;37;93;1;91;194;174;84;160;196;15;207;78;264;263;17;258;238;50;14,44;42;230;119;124;154;202;158;227;246;172;82;40;66;171;256;151;36;127;73;195;222;175;155;64;183;179;128;153;121,262;162;70;63;62;59;86;34;205;108;23;52;8;43;35;221;199;98;56;239;109;112;152;77;122;204;33;181;224;113;189;210;200;197;27;156;104;231;87;176;51;229;182;215;4;248;253;226;163;209;26;107;251;75;219;32;245;83;99;165;53;110;3;2;58;235;126;115;193;9;213;243;95;184;241;214,102;216;237;225;5;185;114;254;39;157;192;240;71;97;47;85;201;123;169;232,commit,-0.024626600380921054,36f6cfc2ee3b96a7c5cc95f828a0fb21e26ea466c2359f92d6a27285a6da0058,1,1,1,1,1,1,1,1,1,1,1,3,3,1,1,9,2,1,cycle-0002;cycle-0003;cycle-0004;cycle-0009;cycle-0026;cycle-0032;cycle-0051;cycle-0053;cycle-0058;cycle-0075;cycle-0083;cycle-0087;cycle-0095;cycle-0099;cycle-0107;cycle-0110;cycle-0115;cycle-0126;cycle-0163;cycle-0165;cycle-0176;cycle-0182;cycle-0184;cycle-0193;cycle-0209;cycle-0213;cycle-0214;cycle-0215;cycle-0219;cycle-0226;cycle-0229;cycle-0235;cycle-0241;cycle-0243;cycle-0245;cycle-0248;cycle-0251;cycle-0253,1,2297.793137,4482.303046
19,random,FedAvg,sign_flip,0,0,0,6,6,1,-0.003011389943131579,-0.004773051322,-0.0038787657386710524,0,0,-0.005899272294866666,956,106,1,0,0,0,0,0,0,1,0,0.5792995966263292,0.5731573157315731,0.5731573157315731,0.0,0.0,55;220;259;180;206;31;24;233;186;72;166;37;93;1;91;194;174;84;160;196;15;207;78;264;263;17;258;238;50;14,44;42;230;119;124;154;202;158;227;246;172;82;40;66;171;256;151;36;127;73;195;222;175;155;64;183;179;128;153;121,262;162;70;63;62;59;86;34;205;108;23;52;8;43;35;221;199;98;56;239;109;112;152;77;122;204;33;181;224;113;189;210;200;197;27;156;104;231;87;176;51;229;182;215;4;248;253;226;163;209;26;107;251;75;219;32;245;83;99;165;53;110;3;2;58;235;126;115;193;9;213;243;95;184;241;214,102;216;237;225;5;185;114;254;39;157;192;240;71;97;47;85;201;123;169;232,commit,-0.003011389943131579,19280f1910e859f4cab41b4d80998bcf5215cfec9fcd67eea4ce109ddc5296a2,1,1,1,1,1,1,1,1,1,1,1,3,3,1,1,9,2,0,cycle-0008;cycle-0023;cycle-0027;cycle-0033;cycle-0034;cycle-0035;cycle-0043;cycle-0052;cycle-0056;cycle-0059;cycle-0062;cycle-0063;cycle-0070;cycle-0077;cycle-0086;cycle-0098;cycle-0104;cycle-0108;cycle-0109;cycle-0112;cycle-0113;cycle-0122;cycle-0152;cycle-0156;cycle-0162;cycle-0181;cycle-0189;cycle-0197;cycle-0199;cycle-0200;cycle-0204;cycle-0205;cycle-0210;cycle-0221;cycle-0224;cycle-0231;cycle-0239;cycle-0262,1,2008.145592,4169.192354
19,random,CoordinateMedian,sign_flip,0,0,0,6,6,1,-0.0043949692259736845,-0.00288645988435,-0.0036871900980263157,0,0,-0.0022869900516333335,956,106,1,0,0,0,0,0,0,1,0,0.5792995966263292,0.5657315731573157,0.5657315731573157,0.0,0.0,55;220;259;180;206;31;24;233;186;72;166;37;93;1;91;194;174;84;160;196;15;207;78;264;263;17;258;238;50;14,44;42;230;119;124;154;202;158;227;246;172;82;40;66;171;256;151;36;127;73;195;222;175;155;64;183;179;128;153;121,262;162;70;63;62;59;86;34;205;108;23;52;8;43;35;221;199;98;56;239;109;112;152;77;122;204;33;181;224;113;189;210;200;197;27;156;104;231;87;176;51;229;182;215;4;248;253;226;163;209;26;107;251;75;219;32;245;83;99;165;53;110;3;2;58;235;126;115;193;9;213;243;95;184;241;214,102;216;237;225;5;185;114;254;39;157;192;240;71;97;47;85;201;123;169;232,commit,-0.0043949692259736845,db46a44543d3b5f0312525db9d096bcd5c911ea1f8a4598d3706f30617c35c7d,1,1,1,1,1,1,1,1,1,1,1,3,3,1,1,9,2,0,cycle-0008;cycle-0023;cycle-0027;cycle-0033;cycle-0034;cycle-0035;cycle-0043;cycle-0052;cycle-0056;cycle-0059;cycle-0062;cycle-0063;cycle-0070;cycle-0077;cycle-0086;cycle-0098;cycle-0104;cycle-0108;cycle-0109;cycle-0112;cycle-0113;cycle-0122;cycle-0152;cycle-0156;cycle-0162;cycle-0181;cycle-0189;cycle-0197;cycle-0199;cycle-0200;cycle-0204;cycle-0205;cycle-0210;cycle-0221;cycle-0224;cycle-0231;cycle-0239;cycle-0262,1,2042.486517,4273.235275
19,random,Krum,sign_flip,0,0,0,6,6,1,-0.006654361155210526,-0.00579939103735,-0.00801887840006579,0,0,-0.004687710933666667,956,106,1,0,0,0,0,0,0,1,0,0.5792995966263292,0.5595892922625596,0.5595892922625596,0.0,0.0,55;220;259;180;206;31;24;233;186;72;166;37;93;1;91;194;174;84;160;196;15;207;78;264;263;17;258;238;50;14,44;42;230;119;124;154;202;158;227;246;172;82;40;66;171;256;151;36;127;73;195;222;175;155;64;183;179;128;153;121,262;162;70;63;62;59;86;34;205;108;23;52;8;43;35;221;199;98;56;239;109;112;152;77;122;204;33;181;224;113;189;210;200;197;27;156;104;231;87;176;51;229;182;215;4;248;253;226;163;209;26;107;251;75;219;32;245;83;99;165;53;110;3;2;58;235;126;115;193;9;213;243;95;184;241;214,102;216;237;225;5;185;114;254;39;157;192;240;71;97;47;85;201;123;169;232,commit,-0.006654361155210526,1a41da724d3ae141bd176b32e7b1a0aa1c9f8624e2467babe9cc513d6bc26e61,1,1,1,1,1,1,1,1,1,1,1,3,3,1,1,9,2,1,cycle-0002;cycle-0003;cycle-0004;cycle-0009;cycle-0026;cycle-0032;cycle-0051;cycle-0053;cycle-0058;cycle-0075;cycle-0083;cycle-0087;cycle-0095;cycle-0099;cycle-0107;cycle-0110;cycle-0115;cycle-0126;cycle-0163;cycle-0165;cycle-0176;cycle-0182;cycle-0184;cycle-0193;cycle-0209;cycle-0213;cycle-0214;cycle-0215;cycle-0219;cycle-0226;cycle-0229;cycle-0235;cycle-0241;cycle-0243;cycle-0245;cycle-0248;cycle-0251;cycle-0253,1,2347.970049,4525.346493
19,random,FLTrust,sign_flip,0,0,0,6,6,1,-0.00045162469189473684,-0.01360470730815,-0.006436879055368421,0,0,-0.022142815176566667,956,106,1,0,0,0,0,0,0,1,0,0.5792995966263292,0.5197103043637696,0.5197103043637696,0.0,0.0,55;220;259;180;206;31;24;233;186;72;166;37;93;1;91;194;174;84;160;196;15;207;78;264;263;17;258;238;50;14,44;42;230;119;124;154;202;158;227;246;172;82;40;66;171;256;151;36;127;73;195;222;175;155;64;183;179;128;153;121,262;162;70;63;62;59;86;34;205;108;23;52;8;43;35;221;199;98;56;239;109;112;152;77;122;204;33;181;224;113;189;210;200;197;27;156;104;231;87;176;51;229;182;215;4;248;253;226;163;209;26;107;251;75;219;32;245;83;99;165;53;110;3;2;58;235;126;115;193;9;213;243;95;184;241;214,102;216;237;225;5;185;114;254;39;157;192;240;71;97;47;85;201;123;169;232,commit,-0.00045162469189473684,75ab6cda0d7451a32d6bbd92862bad638c8e16a313a7bf7689bc3f868d031a6f,1,1,1,1,1,1,1,1,1,1,1,3,3,1,1,9,2,0,cycle-0008;cycle-0023;cycle-0027;cycle-0033;cycle-0034;cycle-0035;cycle-0043;cycle-0052;cycle-0056;cycle-0059;cycle-0062;cycle-0063;cycle-0070;cycle-0077;cycle-0086;cycle-0098;cycle-0104;cycle-0108;cycle-0109;cycle-0112;cycle-0113;cycle-0122;cycle-0152;cycle-0156;cycle-0162;cycle-0181;cycle-0189;cycle-0197;cycle-0199;cycle-0200;cycle-0204;cycle-0205;cycle-0210;cycle-0221;cycle-0224;cycle-0231;cycle-0239;cycle-0262,1,2054.388657,4066.824771
19,random,FedVal,sign_flip,0,0,0,6,6,1,-0.005770199922105263,-0.0087827998431,-0.007360703017197368,0,0,-0.010902051340233334,956,106,1,0,0,0,0,0,0,1,0,0.5792995966263292,0.54006233956729,0.54006233956729,0.0,0.0,55;220;259;180;206;31;24;233;186;72;166;37;93;1;91;194;174;84;160;196;15;207;78;264;263;17;258;238;50;14,44;42;230;119;124;154;202;158;227;246;172;82;40;66;171;256;151;36;127;73;195;222;175;155;64;183;179;128;153;121,262;162;70;63;62;59;86;34;205;108;23;52;8;43;35;221;199;98;56;239;109;112;152;77;122;204;33;181;224;113;189;210;200;197;27;156;104;231;87;176;51;229;182;215;4;248;253;226;163;209;26;107;251;75;219;32;245;83;99;165;53;110;3;2;58;235;126;115;193;9;213;243;95;184;241;214,102;216;237;225;5;185;114;254;39;157;192;240;71;97;47;85;201;123;169;232,commit,-0.005770199922105263,286d7023a2a8903a12315099c02f9f77d56135fed522b27571d079e26eadbf05,1,1,1,1,1,1,1,1,1,1,1,3,3,1,1,9,2,0,cycle-0008;cycle-0023;cycle-0027;cycle-0033;cycle-0034;cycle-0035;cycle-0043;cycle-0052;cycle-0056;cycle-0059;cycle-0062;cycle-0063;cycle-0070;cycle-0077;cycle-0086;cycle-0098;cycle-0104;cycle-0108;cycle-0109;cycle-0112;cycle-0113;cycle-0122;cycle-0152;cycle-0156;cycle-0162;cycle-0181;cycle-0189;cycle-0197;cycle-0199;cycle-0200;cycle-0204;cycle-0205;cycle-0210;cycle-0221;cycle-0224;cycle-0231;cycle-0239;cycle-0262,1,2080.513036,4089.622774
19,random,FLShield,sign_flip,0,0,0,6,6,1,-0.006864345064526316,-0.0067705078726,-0.005601443584921053,0,0,-0.0085462868276,956,106,1,0,0,0,0,0,0,1,0,0.5792995966263292,0.5536303630363036,0.5536303630363036,0.0,0.0,55;220;259;180;206;31;24;233;186;72;166;37;93;1;91;194;174;84;160;196;15;207;78;264;263;17;258;238;50;14,44;42;230;119;124;154;202;158;227;246;172;82;40;66;171;256;151;36;127;73;195;222;175;155;64;183;179;128;153;121,262;162;70;63;62;59;86;34;205;108;23;52;8;43;35;221;199;98;56;239;109;112;152;77;122;204;33;181;224;113;189;210;200;197;27;156;104;231;87;176;51;229;182;215;4;248;253;226;163;209;26;107;251;75;219;32;245;83;99;165;53;110;3;2;58;235;126;115;193;9;213;243;95;184;241;214,102;216;237;225;5;185;114;254;39;157;192;240;71;97;47;85;201;123;169;232,commit,-0.006864345064526316,5987f40da1dbbc3511b5fb96f34636a3a1b2c51d62429df52f7c6c4805c784b0,1,1,1,1,1,1,1,1,1,1,1,3,3,1,1,9,2,1,cycle-0002;cycle-0003;cycle-0004;cycle-0009;cycle-0026;cycle-0032;cycle-0051;cycle-0053;cycle-0058;cycle-0075;cycle-0083;cycle-0087;cycle-0095;cycle-0099;cycle-0107;cycle-0110;cycle-0115;cycle-0126;cycle-0163;cycle-0165;cycle-0176;cycle-0182;cycle-0184;cycle-0193;cycle-0209;cycle-0213;cycle-0214;cycle-0215;cycle-0219;cycle-0226;cycle-0229;cycle-0235;cycle-0241;cycle-0243;cycle-0245;cycle-0248;cycle-0251;cycle-0253,1,2264.294394,4438.39873
19,random,FoundationFL,sign_flip,0,0,0,6,6,0,0.03406029032442105,0.0326594018533,0.028384292348473686,0,0,0.042253442608366665,956,106,0,0,0,0,0,0,0,0,0,0.5792995966263292,0.5497799779977999,0.5792995966263292,0.029519618628529365,0.0326594018533,55;220;259;180;206;31;24;233;186;72;166;37;93;1;91;194;174;84;160;196;15;207;78;264;263;17;258;238;50;14,44;42;230;119;124;154;202;158;227;246;172;82;40;66;171;256;151;36;127;73;195;222;175;155;64;183;179;128;153;121,262;162;70;63;62;59;86;34;205;108;23;52;8;43;35;221;199;98;56;239;109;112;152;77;122;204;33;181;224;113;189;210;200;197;27;156;104;231;87;176;51;229;182;215;4;248;253;226;163;209;26;107;251;75;219;32;245;83;99;165;53;110;3;2;58;235;126;115;193;9;213;243;95;184;241;214,102;216;237;225;5;185;114;254;39;157;192;240;71;97;47;85;201;123;169;232,reject,0.03406029032442105,89d08b4b599193a31d2f2daa84452b5a30b8bbd78bda738fb17493b3d3c49f6c,1,1,1,0,0,1,1,1,1,1,1,3,3,1,1,9,2,1,cycle-0002;cycle-0003;cycle-0004;cycle-0009;cycle-0026;cycle-0032;cycle-0051;cycle-0053;cycle-0058;cycle-0075;cycle-0083;cycle-0087;cycle-0095;cycle-0099;cycle-0107;cycle-0110;cycle-0115;cycle-0126;cycle-0163;cycle-0165;cycle-0176;cycle-0182;cycle-0184;cycle-0193;cycle-0209;cycle-0213;cycle-0214;cycle-0215;cycle-0219;cycle-0226;cycle-0229;cycle-0235;cycle-0241;cycle-0243;cycle-0245;cycle-0248;cycle-0251;cycle-0253,1,2254.546413,4477.587569
19,random,FedAvg,model_replacement,0,0,0,6,6,0,0.20531696424013157,0.1830759144041,0.2295034650100263,0,0,0.15446238583786667,956,106,0,0,0,1,0,0,0,0,0,0.5792995966263292,0.4039237257059039,0.5792995966263292,0.17537587092042534,0.1830759144041,55;220;259;180;206;31;24;233;186;72;166;37;93;1;91;194;174;84;160;196;15;207;78;264;263;17;258;238;50;14,44;42;230;119;124;154;202;158;227;246;172;82;40;66;171;256;151;36;127;73;195;222;175;155;64;183;179;128;153;121,262;162;70;63;62;59;86;34;205;108;23;52;8;43;35;221;199;98;56;239;109;112;152;77;122;204;33;181;224;113;189;210;200;197;27;156;104;231;87;176;51;229;182;215;4;248;253;226;163;209;26;107;251;75;219;32;245;83;99;165;53;110;3;2;58;235;126;115;193;9;213;243;95;184;241;214,102;216;237;225;5;185;114;254;39;157;192;240;71;97;47;85;201;123;169;232,reject,0.20531696424013157,768b54a54335f8870dba10509f7664922ab0cc8dae037e78af4e381ce62da8d5,1,1,1,0,0,1,1,1,1,1,1,3,3,1,1,9,2,1,cycle-0002;cycle-0003;cycle-0004;cycle-0009;cycle-0026;cycle-0032;cycle-0051;cycle-0053;cycle-0058;cycle-0075;cycle-0083;cycle-0087;cycle-0095;cycle-0099;cycle-0107;cycle-0110;cycle-0115;cycle-0126;cycle-0163;cycle-0165;cycle-0176;cycle-0182;cycle-0184;cycle-0193;cycle-0209;cycle-0213;cycle-0214;cycle-0215;cycle-0219;cycle-0226;cycle-0229;cycle-0235;cycle-0241;cycle-0243;cycle-0245;cycle-0248;cycle-0251;cycle-0253,1,2282.734828,4446.194131
19,random,CoordinateMedian,model_replacement,0,0,0,6,6,1,-0.01125334222618421,-0.02095057101485,-0.016163132841894738,0,0,-0.0279702150487,956,106,1,0,0,0,0,0,0,1,0,0.5792995966263292,0.4977081041437477,0.4977081041437477,0.0,0.0,55;220;259;180;206;31;24;233;186;72;166;37;93;1;91;194;174;84;160;196;15;207;78;264;263;17;258;238;50;14,44;42;230;119;124;154;202;158;227;246;172;82;40;66;171;256;151;36;127;73;195;222;175;155;64;183;179;128;153;121,262;162;70;63;62;59;86;34;205;108;23;52;8;43;35;221;199;98;56;239;109;112;152;77;122;204;33;181;224;113;189;210;200;197;27;156;104;231;87;176;51;229;182;215;4;248;253;226;163;209;26;107;251;75;219;32;245;83;99;165;53;110;3;2;58;235;126;115;193;9;213;243;95;184;241;214,102;216;237;225;5;185;114;254;39;157;192;240;71;97;47;85;201;123;169;232,commit,-0.01125334222618421,57acab62d01cf9ad9244bbd83dc2b6ae3e73434f9b267179d7028dbce31f2980,1,1,1,1,1,1,1,1,1,1,1,3,3,1,1,9,2,0,cycle-0008;cycle-0023;cycle-0027;cycle-0033;cycle-0034;cycle-0035;cycle-0043;cycle-0052;cycle-0056;cycle-0059;cycle-0062;cycle-0063;cycle-0070;cycle-0077;cycle-0086;cycle-0098;cycle-0104;cycle-0108;cycle-0109;cycle-0112;cycle-0113;cycle-0122;cycle-0152;cycle-0156;cycle-0162;cycle-0181;cycle-0189;cycle-0197;cycle-0199;cycle-0200;cycle-0204;cycle-0205;cycle-0210;cycle-0221;cycle-0224;cycle-0231;cycle-0239;cycle-0262,1,2056.19448,4072.605884
19,random,Krum,model_replacement,0,0,0,6,6,1,-0.006908096062157895,-0.01190049590325,-0.009540336514394737,0,0,-0.0159028946439,956,106,1,0,0,0,0,0,0,1,0,0.5792995966263292,0.5478547854785478,0.5478547854785478,0.0,0.0,55;220;259;180;206;31;24;233;186;72;166;37;93;1;91;194;174;84;160;196;15;207;78;264;263;17;258;238;50;14,44;42;230;119;124;154;202;158;227;246;172;82;40;66;171;256;151;36;127;73;195;222;175;155;64;183;179;128;153;121,262;162;70;63;62;59;86;34;205;108;23;52;8;43;35;221;199;98;56;239;109;112;152;77;122;204;33;181;224;113;189;210;200;197;27;156;104;231;87;176;51;229;182;215;4;248;253;226;163;209;26;107;251;75;219;32;245;83;99;165;53;110;3;2;58;235;126;115;193;9;213;243;95;184;241;214,102;216;237;225;5;185;114;254;39;157;192;240;71;97;47;85;201;123;169;232,commit,-0.006908096062157895,2d7b14a0c00df1a289759417f11788955fcbc67f16cb0f0a632c9ab52288a905,1,1,1,1,1,1,1,1,1,1,1,3,3,1,1,9,2,0,cycle-0008;cycle-0023;cycle-0027;cycle-0033;cycle-0034;cycle-0035;cycle-0043;cycle-0052;cycle-0056;cycle-0059;cycle-0062;cycle-0063;cycle-0070;cycle-0077;cycle-0086;cycle-0098;cycle-0104;cycle-0108;cycle-0109;cycle-0112;cycle-0113;cycle-0122;cycle-0152;cycle-0156;cycle-0162;cycle-0181;cycle-0189;cycle-0197;cycle-0199;cycle-0200;cycle-0204;cycle-0205;cycle-0210;cycle-0221;cycle-0224;cycle-0231;cycle-0239;cycle-0262,1,2051.489257,4102.545875
19,random,FLTrust,model_replacement,0,0,0,6,6,1,-0.0012564386670263158,-0.00106517966605,0.002570448890776316,0,0,-0.005100870484333333,956,106,1,0,0,0,0,0,0,1,0,0.5792995966263292,0.5164099743307664,0.5164099743307664,0.0,0.0,55;220;259;180;206;31;24;233;186;72;166;37;93;1;91;194;174;84;160;196;15;207;78;264;263;17;258;238;50;14,44;42;230;119;124;154;202;158;227;246;172;82;40;66;171;256;151;36;127;73;195;222;175;155;64;183;179;128;153;121,262;162;70;63;62;59;86;34;205;108;23;52;8;43;35;221;199;98;56;239;109;112;152;77;122;204;33;181;224;113;189;210;200;197;27;156;104;231;87;176;51;229;182;215;4;248;253;226;163;209;26;107;251;75;219;32;245;83;99;165;53;110;3;2;58;235;126;115;193;9;213;243;95;184;241;214,102;216;237;225;5;185;114;254;39;157;192;240;71;97;47;85;201;123;169;232,commit,-0.0012564386670263158,35e98295c31b007245f69f24d250a07e0ee41a70ab209350a4cce39ddb7b854e,1,1,1,1,1,1,1,1,1,1,1,3,3,1,1,9,2,1,cycle-0002;cycle-0003;cycle-0004;cycle-0009;cycle-0026;cycle-0032;cycle-0051;cycle-0053;cycle-0058;cycle-0075;cycle-0083;cycle-0087;cycle-0095;cycle-0099;cycle-0107;cycle-0110;cycle-0115;cycle-0126;cycle-0163;cycle-0165;cycle-0176;cycle-0182;cycle-0184;cycle-0193;cycle-0209;cycle-0213;cycle-0214;cycle-0215;cycle-0219;cycle-0226;cycle-0229;cycle-0235;cycle-0241;cycle-0243;cycle-0245;cycle-0248;cycle-0251;cycle-0253,1,2254.134381,4442.809826
19,random,FedVal,model_replacement,0,0,0,6,6,0,0.034911060031078946,0.0217488371582,0.028618811606394737,0,0,0.016345358824433335,956,106,0,0,0,0,0,0,0,0,0,0.5792995966263292,0.5137513751375138,0.5792995966263292,0.06554822148881545,0.0217488371582,55;220;259;180;206;31;24;233;186;72;166;37;93;1;91;194;174;84;160;196;15;207;78;264;263;17;258;238;50;14,44;42;230;119;124;154;202;158;227;246;172;82;40;66;171;256;151;36;127;73;195;222;175;155;64;183;179;128;153;121,262;162;70;63;62;59;86;34;205;108;23;52;8;43;35;221;199;98;56;239;109;112;152;77;122;204;33;181;224;113;189;210;200;197;27;156;104;231;87;176;51;229;182;215;4;248;253;226;163;209;26;107;251;75;219;32;245;83;99;165;53;110;3;2;58;235;126;115;193;9;213;243;95;184;241;214,102;216;237;225;5;185;114;254;39;157;192;240;71;97;47;85;201;123;169;232,reject,0.034911060031078946,a80c2785811651e74d095db944e56a650edc0cf460c8b8d5e4345a501f97a133,1,1,1,0,0,1,1,1,1,1,1,3,3,1,1,9,2,0,cycle-0008;cycle-0023;cycle-0027;cycle-0033;cycle-0034;cycle-0035;cycle-0043;cycle-0052;cycle-0056;cycle-0059;cycle-0062;cycle-0063;cycle-0070;cycle-0077;cycle-0086;cycle-0098;cycle-0104;cycle-0108;cycle-0109;cycle-0112;cycle-0113;cycle-0122;cycle-0152;cycle-0156;cycle-0162;cycle-0181;cycle-0189;cycle-0197;cycle-0199;cycle-0200;cycle-0204;cycle-0205;cycle-0210;cycle-0221;cycle-0224;cycle-0231;cycle-0239;cycle-0262,1,2030.425396,4165.222032
19,random,FLShield,model_replacement,0,0,0,6,6,1,-0.0033157846422105265,-0.0040971165732,-0.0037424888960526314,0,0,-0.0048847622776666665,956,106,1,0,0,0,0,0,0,1,0,0.5792995966263292,0.5638980564723138,0.5638980564723138,0.0,0.0,55;220;259;180;206;31;24;233;186;72;166;37;93;1;91;194;174;84;160;196;15;207;78;264;263;17;258;238;50;14,44;42;230;119;124;154;202;158;227;246;172;82;40;66;171;256;151;36;127;73;195;222;175;155;64;183;179;128;153;121,262;162;70;63;62;59;86;34;205;108;23;52;8;43;35;221;199;98;56;239;109;112;152;77;122;204;33;181;224;113;189;210;200;197;27;156;104;231;87;176;51;229;182;215;4;248;253;226;163;209;26;107;251;75;219;32;245;83;99;165;53;110;3;2;58;235;126;115;193;9;213;243;95;184;241;214,102;216;237;225;5;185;114;254;39;157;192;240;71;97;47;85;201;123;169;232,commit,-0.0033157846422105265,479f57fbc1b24fae914ea835a31a34d09b873be24c99f2bcf4690f3d5c2cd8e3,1,1,1,1,1,1,1,1,1,1,1,3,3,1,1,9,2,0,cycle-0008;cycle-0023;cycle-0027;cycle-0033;cycle-0034;cycle-0035;cycle-0043;cycle-0052;cycle-0056;cycle-0059;cycle-0062;cycle-0063;cycle-0070;cycle-0077;cycle-0086;cycle-0098;cycle-0104;cycle-0108;cycle-0109;cycle-0112;cycle-0113;cycle-0122;cycle-0152;cycle-0156;cycle-0162;cycle-0181;cycle-0189;cycle-0197;cycle-0199;cycle-0200;cycle-0204;cycle-0205;cycle-0210;cycle-0221;cycle-0224;cycle-0231;cycle-0239;cycle-0262,1,2051.54779,4090.687439
19,random,FoundationFL,model_replacement,0,0,0,6,6,0,0.2891324163120526,0.2868388839318,0.33408359959685524,0,0,0.23178875382893332,956,106,0,0,0,1,0,0,0,0,0,0.5792995966263292,0.40621562156215624,0.5792995966263292,0.173083975064173,0.2868388839318,55;220;259;180;206;31;24;233;186;72;166;37;93;1;91;194;174;84;160;196;15;207;78;264;263;17;258;238;50;14,44;42;230;119;124;154;202;158;227;246;172;82;40;66;171;256;151;36;127;73;195;222;175;155;64;183;179;128;153;121,262;162;70;63;62;59;86;34;205;108;23;52;8;43;35;221;199;98;56;239;109;112;152;77;122;204;33;181;224;113;189;210;200;197;27;156;104;231;87;176;51;229;182;215;4;248;253;226;163;209;26;107;251;75;219;32;245;83;99;165;53;110;3;2;58;235;126;115;193;9;213;243;95;184;241;214,102;216;237;225;5;185;114;254;39;157;192;240;71;97;47;85;201;123;169;232,reject,0.2891324163120526,3f83b3a31b304ddd9c8bbab55353280015639aed8cade7f7f65c26acc7154a23,1,1,1,0,0,1,1,1,1,1,1,3,3,1,1,9,2,1,cycle-0002;cycle-0003;cycle-0004;cycle-0009;cycle-0026;cycle-0032;cycle-0051;cycle-0053;cycle-0058;cycle-0075;cycle-0083;cycle-0087;cycle-0095;cycle-0099;cycle-0107;cycle-0110;cycle-0115;cycle-0126;cycle-0163;cycle-0165;cycle-0176;cycle-0182;cycle-0184;cycle-0193;cycle-0209;cycle-0213;cycle-0214;cycle-0215;cycle-0219;cycle-0226;cycle-0229;cycle-0235;cycle-0241;cycle-0243;cycle-0245;cycle-0248;cycle-0251;cycle-0253,1,2329.641412,4470.189452
19,random,FedAvg,score_aware,64,49,0,6,6,0,6.815849210526315e-06,4.83016705e-06,5.781906157894737e-06,0,0,1.7444205e-06,956,106,0,0,0,0,0,0,0,0,0,0.5792995966263292,0.5792995966263292,0.5792995966263292,0.0,4.83016705e-06,55;220;259;180;206;31;24;233;186;72;166;37;93;1;91;194;174;84;160;196;15;207;78;264;263;17;258;238;50;14,44;42;230;119;124;154;202;158;227;246;172;82;40;66;171;256;151;36;127;73;195;222;175;155;64;183;179;128;153;121,262;162;70;63;62;59;86;34;205;108;23;52;8;43;35;221;199;98;56;239;109;112;152;77;122;204;33;181;224;113;189;210;200;197;27;156;104;231;87;176;51;229;182;215;4;248;253;226;163;209;26;107;251;75;219;32;245;83;99;165;53;110;3;2;58;235;126;115;193;9;213;243;95;184;241;214,102;216;237;225;5;185;114;254;39;157;192;240;71;97;47;85;201;123;169;232,reject,6.815849210526315e-06,8135ea23bb602d5985efc887a2599533e857ffa3a72fa0507ee854decc1e06c0,1,1,1,0,0,1,1,1,1,1,1,3,3,1,1,9,2,0,cycle-0008;cycle-0023;cycle-0027;cycle-0033;cycle-0034;cycle-0035;cycle-0043;cycle-0052;cycle-0056;cycle-0059;cycle-0062;cycle-0063;cycle-0070;cycle-0077;cycle-0086;cycle-0098;cycle-0104;cycle-0108;cycle-0109;cycle-0112;cycle-0113;cycle-0122;cycle-0152;cycle-0156;cycle-0162;cycle-0181;cycle-0189;cycle-0197;cycle-0199;cycle-0200;cycle-0204;cycle-0205;cycle-0210;cycle-0221;cycle-0224;cycle-0231;cycle-0239;cycle-0262,1,2058.117606,4077.174373
19,random,FLTrust,score_aware,64,27,1,6,6,0,0.0008462308093947368,0.0003431225378,0.004457141234631579,0,0,-0.0035088645381,956,106,1,0,0,0,0,0,0,0,0,0.5792995966263292,0.551980198019802,0.5792995966263292,0.027319398606527212,0.0003431225378,55;220;259;180;206;31;24;233;186;72;166;37;93;1;91;194;174;84;160;196;15;207;78;264;263;17;258;238;50;14,44;42;230;119;124;154;202;158;227;246;172;82;40;66;171;256;151;36;127;73;195;222;175;155;64;183;179;128;153;121,262;162;70;63;62;59;86;34;205;108;23;52;8;43;35;221;199;98;56;239;109;112;152;77;122;204;33;181;224;113;189;210;200;197;27;156;104;231;87;176;51;229;182;215;4;248;253;226;163;209;26;107;251;75;219;32;245;83;99;165;53;110;3;2;58;235;126;115;193;9;213;243;95;184;241;214,102;216;237;225;5;185;114;254;39;157;192;240;71;97;47;85;201;123;169;232,reject,0.0008462308093947368,7099085852904bb791058ddea7c4a2be1ae51e2fde00f43a08aded3eedaa62a6,1,1,1,0,0,1,1,1,1,1,1,3,3,1,1,9,2,1,cycle-0002;cycle-0003;cycle-0004;cycle-0009;cycle-0026;cycle-0032;cycle-0051;cycle-0053;cycle-0058;cycle-0075;cycle-0083;cycle-0087;cycle-0095;cycle-0099;cycle-0107;cycle-0110;cycle-0115;cycle-0126;cycle-0163;cycle-0165;cycle-0176;cycle-0182;cycle-0184;cycle-0193;cycle-0209;cycle-0213;cycle-0214;cycle-0215;cycle-0219;cycle-0226;cycle-0229;cycle-0235;cycle-0241;cycle-0243;cycle-0245;cycle-0248;cycle-0251;cycle-0253,1,2281.309581,4450.197381
19,random,FoundationFL,score_aware,64,7,1,6,6,1,-0.0025422081154736842,-0.0023975160216,-0.002151459356539474,0,0,-0.003143778738933333,956,106,1,0,0,0,0,0,0,1,0,0.5792995966263292,0.5986431976530986,0.5986431976530986,0.0,0.0,55;220;259;180;206;31;24;233;186;72;166;37;93;1;91;194;174;84;160;196;15;207;78;264;263;17;258;238;50;14,44;42;230;119;124;154;202;158;227;246;172;82;40;66;171;256;151;36;127;73;195;222;175;155;64;183;179;128;153;121,262;162;70;63;62;59;86;34;205;108;23;52;8;43;35;221;199;98;56;239;109;112;152;77;122;204;33;181;224;113;189;210;200;197;27;156;104;231;87;176;51;229;182;215;4;248;253;226;163;209;26;107;251;75;219;32;245;83;99;165;53;110;3;2;58;235;126;115;193;9;213;243;95;184;241;214,102;216;237;225;5;185;114;254;39;157;192;240;71;97;47;85;201;123;169;232,commit,-0.0025422081154736842,32dd9b955a3b45c24accfef5c8948586feba04f4c748e56af7e68e514f4acc69,1,1,1,1,1,1,1,1,1,1,1,3,3,1,1,9,2,1,cycle-0002;cycle-0003;cycle-0004;cycle-0009;cycle-0026;cycle-0032;cycle-0051;cycle-0053;cycle-0058;cycle-0075;cycle-0083;cycle-0087;cycle-0095;cycle-0099;cycle-0107;cycle-0110;cycle-0115;cycle-0126;cycle-0163;cycle-0165;cycle-0176;cycle-0182;cycle-0184;cycle-0193;cycle-0209;cycle-0213;cycle-0214;cycle-0215;cycle-0219;cycle-0226;cycle-0229;cycle-0235;cycle-0241;cycle-0243;cycle-0245;cycle-0248;cycle-0251;cycle-0253,1,2306.255857,4527.580185
