seed,split,method,attack,attack_queries,selected_attack_query,attack_score_feasible,accepted,commit_delta,audit_delta,population_delta,population_harm,population_escape,score_delta,score_source_rows,score_eval_rows,score_gate_accepted,score_gate_escape,score_gate_population_escape,operational_harm,declared_harm,harmful_escape,declared_harmful_escape,beneficial,false_rejection,before_balanced_accuracy,candidate_balanced_accuracy,installed_balanced_accuracy,paired_accuracy_gain,paired_audit_risk_reduction,proposal_cycle_ids,score_cycle_ids,catalog_cycle_ids,audit_cycle_ids,receipt_decision,receipt_delta,receipt_hash,append_succeeded,append_attempts,append_successes,installed_candidate,installed_model_version,serving_bytes_verified,risk_consumed,probe_consumed,competing_fixation_blocked,eligible_subset_blocked,witness_faults_injected,witness_signatures,witness_threshold,witness_quorum_met,event_chain_valid,protocol_event_count,catalog_leaves,selected_catalog_leaf,selected_cycle_ids,catalog_leaves_consumed,certificate_issue_ms,protocol_e2e_ms
0,blocked,FedAvg,none,0,0,0,0,0.037043072427789474,0.040473138516,0.03740600104025,0,0,0.04044574065123333,844,66,0,0,0,0,0,0,0,0,0,0.5,0.49923076923076926,0.5,0.0007692307692307443,0.040473138516,25;96;71;84;62;64;61;6;52;30;11;94;46;3;103;69;19;10;5;66;42;26;93;59;56;45;32;108;13;99,112;113;114;115;116;117;118;119;120;121;122;123;124;125;126;127;128;150;151;152;153;154;155;156;157;158;159;160;161;162,226;232;238;166;207;208;185;186;197;177;179;189;167;243;203;170;190;214;236;205;198;240;201;178;234;223;219;174;242;196;216;188;235;239;221;229;209;183;213;211;172;191;193;171;182;220;215;233;231;195;184;227;194;200;230;222;204;169;218;192;202;199;175;212;180;165;173;168;176;225;241;164;181;210;237;224,245;246;247;248;249;250;251;252;253;254;255;256;257;258;259;260;261;262;263;264,reject,0.037043072427789474,2d994854e569e2315543625f1cb195c54fbc76b33c87c27c6f9d6380a232764e,1,2,2,0,0,1,1,1,1,1,1,3,3,1,1,9,2,0,cycle-0166;cycle-0167;cycle-0170;cycle-0174;cycle-0177;cycle-0178;cycle-0179;cycle-0183;cycle-0185;cycle-0186;cycle-0188;cycle-0189;cycle-0190;cycle-0196;cycle-0197;cycle-0198;cycle-0201;cycle-0203;cycle-0205;cycle-0207;cycle-0208;cycle-0209;cycle-0214;cycle-0216;cycle-0219;cycle-0221;cycle-0223;cycle-0226;cycle-0229;cycle-0232;cycle-0234;cycle-0235;cycle-0236;cycle-0238;cycle-0239;cycle-0240;cycle-0242;cycle-0243,1,2362.649953,5868.718415
0,blocked,CoordinateMedian,none,0,0,0,0,0.008493957135578947,0.0097421636238,0.008417253614078947,0,0,0.0085664008696,844,66,0,0,0,0,0,0,0,0,0,0.5,0.5,0.5,0.0,0.0097421636238,25;96;71;84;62;64;61;6;52;30;11;94;46;3;103;69;19;10;5;66;42;26;93;59;56;45;32;108;13;99,112;113;114;115;116;117;118;119;120;121;122;123;124;125;126;127;128;150;151;152;153;154;155;156;157;158;159;160;161;162,226;232;238;166;207;208;185;186;197;177;179;189;167;243;203;170;190;214;236;205;198;240;201;178;234;223;219;174;242;196;216;188;235;239;221;229;209;183;213;211;172;191;193;171;182;220;215;233;231;195;184;227;194;200;230;222;204;169;218;192;202;199;175;212;180;165;173;168;176;225;241;164;181;210;237;224,245;246;247;248;249;250;251;252;253;254;255;256;257;258;259;260;261;262;263;264,reject,0.008493957135578947,9c7b9b48eabfae5bce3fa069b62f43be683f7ad5a2f1958e6926406431361689,1,1,1,0,0,1,1,1,1,1,1,3,3,1,1,9,2,1,cycle-0164;cycle-0165;cycle-0168;cycle-0169;cycle-0171;cycle-0172;cycle-0173;cycle-0175;cycle-0176;cycle-0180;cycle-0181;cycle-0182;cycle-0184;cycle-0191;cycle-0192;cycle-0193;cycle-0194;cycle-0195;cycle-0199;cycle-0200;cycle-0202;cycle-0204;cycle-0210;cycle-0211;cycle-0212;cycle-0213;cycle-0215;cycle-0218;cycle-0220;cycle-0222;cycle-0224;cycle-0225;cycle-0227;cycle-0230;cycle-0231;cycle-0233;cycle-0237;cycle-0241,1,2297.233603,4828.785974
0,blocked,Krum,none,0,0,0,0,0.009001335079710526,0.0112226220557,0.009051159465592106,0,0,0.009234599084133334,844,66,0,0,0,0,0,0,0,0,0,0.5,0.5,0.5,0.0,0.0112226220557,25;96;71;84;62;64;61;6;52;30;11;94;46;3;103;69;19;10;5;66;42;26;93;59;56;45;32;108;13;99,112;113;114;115;116;117;118;119;120;121;122;123;124;125;126;127;128;150;151;152;153;154;155;156;157;158;159;160;161;162,226;232;238;166;207;208;185;186;197;177;179;189;167;243;203;170;190;214;236;205;198;240;201;178;234;223;219;174;242;196;216;188;235;239;221;229;209;183;213;211;172;191;193;171;182;220;215;233;231;195;184;227;194;200;230;222;204;169;218;192;202;199;175;212;180;165;173;168;176;225;241;164;181;210;237;224,245;246;247;248;249;250;251;252;253;254;255;256;257;258;259;260;261;262;263;264,reject,0.009001335079710526,28e861e8e5c499fdda7fbc6b6213c2206fb25868b195dd099b7a2ef0691992f9,1,1,1,0,0,1,1,1,1,1,1,3,3,1,1,9,2,1,cycle-0164;cycle-0165;cycle-0168;cycle-0169;cycle-0171;cycle-0172;cycle-0173;cycle-0175;cycle-0176;cycle-0180;cycle-0181;cycle-0182;cycle-0184;cycle-0191;cycle-0192;cycle-0193;cycle-0194;cycle-0195;cycle-0199;cycle-0200;cycle-0202;cycle-0204;cycle-0210;cycle-0211;cycle-0212;cycle-0213;cycle-0215;cycle-0218;cycle-0220;cycle-0222;cycle-0224;cycle-0225;cycle-0227;cycle-0230;cycle-0231;cycle-0233;cycle-0237;cycle-0241,1,2339.176513,4815.858558
0,blocked,FLTrust,none,0,0,0,0,0.39338021249460525,0.416454762603,0.3910676136341184,1,0,0.4028908529542667,844,66,0,0,0,1,1,0,0,0,0,0.5,0.5,0.5,0.0,0.416454762603,25;96;71;84;62;64;61;6;52;30;11;94;46;3;103;69;19;10;5;66;42;26;93;59;56;45;32;108;13;99,112;113;114;115;116;117;118;119;120;121;122;123;124;125;126;127;128;150;151;152;153;154;155;156;157;158;159;160;161;162,226;232;238;166;207;208;185;186;197;177;179;189;167;243;203;170;190;214;236;205;198;240;201;178;234;223;219;174;242;196;216;188;235;239;221;229;209;183;213;211;172;191;193;171;182;220;215;233;231;195;184;227;194;200;230;222;204;169;218;192;202;199;175;212;180;165;173;168;176;225;241;164;181;210;237;224,245;246;247;248;249;250;251;252;253;254;255;256;257;258;259;260;261;262;263;264,reject,0.39338021249460525,58fa90181e6e78ba0ace6eb058e888bf4f4bec2f133c303776e7f67eeff2c052,1,1,1,0,0,1,1,1,1,1,1,3,3,1,1,9,2,1,cycle-0164;cycle-0165;cycle-0168;cycle-0169;cycle-0171;cycle-0172;cycle-0173;cycle-0175;cycle-0176;cycle-0180;cycle-0181;cycle-0182;cycle-0184;cycle-0191;cycle-0192;cycle-0193;cycle-0194;cycle-0195;cycle-0199;cycle-0200;cycle-0202;cycle-0204;cycle-0210;cycle-0211;cycle-0212;cycle-0213;cycle-0215;cycle-0218;cycle-0220;cycle-0222;cycle-0224;cycle-0225;cycle-0227;cycle-0230;cycle-0231;cycle-0233;cycle-0237;cycle-0241,1,2275.508712,4787.809555
0,blocked,FedVal,none,0,0,0,0,0.0647188429093421,0.06936036277425,0.06414221212764473,0,0,0.0683887596797,844,66,0,0,0,1,0,0,0,0,0,0.5,0.5187179487179487,0.5,-0.01871794871794874,0.06936036277425,25;96;71;84;62;64;61;6;52;30;11;94;46;3;103;69;19;10;5;66;42;26;93;59;56;45;32;108;13;99,112;113;114;115;116;117;118;119;120;121;122;123;124;125;126;127;128;150;151;152;153;154;155;156;157;158;159;160;161;162,226;232;238;166;207;208;185;186;197;177;179;189;167;243;203;170;190;214;236;205;198;240;201;178;234;223;219;174;242;196;216;188;235;239;221;229;209;183;213;211;172;191;193;171;182;220;215;233;231;195;184;227;194;200;230;222;204;169;218;192;202;199;175;212;180;165;173;168;176;225;241;164;181;210;237;224,245;246;247;248;249;250;251;252;253;254;255;256;257;258;259;260;261;262;263;264,reject,0.0647188429093421,b3068658716bf52b7a07994eed019bba92d629f9b6f73b259dbc6960b43446f1,1,1,1,0,0,1,1,1,1,1,1,3,3,1,1,9,2,1,cycle-0164;cycle-0165;cycle-0168;cycle-0169;cycle-0171;cycle-0172;cycle-0173;cycle-0175;cycle-0176;cycle-0180;cycle-0181;cycle-0182;cycle-0184;cycle-0191;cycle-0192;cycle-0193;cycle-0194;cycle-0195;cycle-0199;cycle-0200;cycle-0202;cycle-0204;cycle-0210;cycle-0211;cycle-0212;cycle-0213;cycle-0215;cycle-0218;cycle-0220;cycle-0222;cycle-0224;cycle-0225;cycle-0227;cycle-0230;cycle-0231;cycle-0233;cycle-0237;cycle-0241,1,2327.903023,4796.246717
0,blocked,FLShield,none,0,0,0,1,-0.024871826583842106,-0.0270859201818,-0.02528273774581579,0,0,-0.029265454242666668,844,66,1,0,0,0,0,0,0,1,0,0.5,0.5,0.5,0.0,0.0,25;96;71;84;62;64;61;6;52;30;11;94;46;3;103;69;19;10;5;66;42;26;93;59;56;45;32;108;13;99,112;113;114;115;116;117;118;119;120;121;122;123;124;125;126;127;128;150;151;152;153;154;155;156;157;158;159;160;161;162,226;232;238;166;207;208;185;186;197;177;179;189;167;243;203;170;190;214;236;205;198;240;201;178;234;223;219;174;242;196;216;188;235;239;221;229;209;183;213;211;172;191;193;171;182;220;215;233;231;195;184;227;194;200;230;222;204;169;218;192;202;199;175;212;180;165;173;168;176;225;241;164;181;210;237;224,245;246;247;248;249;250;251;252;253;254;255;256;257;258;259;260;261;262;263;264,commit,-0.024871826583842106,ba8f936601953daa39157a69ced8a3560749225d520f97814f73ddfa9d19976d,1,1,1,1,1,1,1,1,1,1,1,3,3,1,1,9,2,0,cycle-0166;cycle-0167;cycle-0170;cycle-0174;cycle-0177;cycle-0178;cycle-0179;cycle-0183;cycle-0185;cycle-0186;cycle-0188;cycle-0189;cycle-0190;cycle-0196;cycle-0197;cycle-0198;cycle-0201;cycle-0203;cycle-0205;cycle-0207;cycle-0208;cycle-0209;cycle-0214;cycle-0216;cycle-0219;cycle-0221;cycle-0223;cycle-0226;cycle-0229;cycle-0232;cycle-0234;cycle-0235;cycle-0236;cycle-0238;cycle-0239;cycle-0240;cycle-0242;cycle-0243,1,2425.006166,4943.678626
0,blocked,FoundationFL,none,0,0,0,0,0.013990781390973685,0.01392777508725,0.01380710517943421,0,0,0.014649032250866667,844,66,0,0,0,0,0,0,0,0,0,0.5,0.4976923076923077,0.5,0.0023076923076922884,0.01392777508725,25;96;71;84;62;64;61;6;52;30;11;94;46;3;103;69;19;10;5;66;42;26;93;59;56;45;32;108;13;99,112;113;114;115;116;117;118;119;120;121;122;123;124;125;126;127;128;150;151;152;153;154;155;156;157;158;159;160;161;162,226;232;238;166;207;208;185;186;197;177;179;189;167;243;203;170;190;214;236;205;198;240;201;178;234;223;219;174;242;196;216;188;235;239;221;229;209;183;213;211;172;191;193;171;182;220;215;233;231;195;184;227;194;200;230;222;204;169;218;192;202;199;175;212;180;165;173;168;176;225;241;164;181;210;237;224,245;246;247;248;249;250;251;252;253;254;255;256;257;258;259;260;261;262;263;264,reject,0.013990781390973685,f07e2cca38932303cc37f3967f27afa803e6e0ce1271b3cace3311ab3689c5e6,1,1,1,0,0,1,1,1,1,1,1,3,3,1,1,9,2,1,cycle-0164;cycle-0165;cycle-0168;cycle-0169;cycle-0171;cycle-0172;cycle-0173;cycle-0175;cycle-0176;cycle-0180;cycle-0181;cycle-0182;cycle-0184;cycle-0191;cycle-0192;cycle-0193;cycle-0194;cycle-0195;cycle-0199;cycle-0200;cycle-0202;cycle-0204;cycle-0210;cycle-0211;cycle-0212;cycle-0213;cycle-0215;cycle-0218;cycle-0220;cycle-0222;cycle-0224;cycle-0225;cycle-0227;cycle-0230;cycle-0231;cycle-0233;cycle-0237;cycle-0241,1,2296.407696,4882.225244
0,blocked,FedAvg,sign_flip,0,0,0,0,0.0813316395803421,0.0878682335842,0.08206195171803947,0,0,0.08807992144653333,844,66,0,0,0,1,0,0,0,0,0,0.5,0.5182905982905983,0.5,-0.018290598290598314,0.0878682335842,25;96;71;84;62;64;61;6;52;30;11;94;46;3;103;69;19;10;5;66;42;26;93;59;56;45;32;108;13;99,112;113;114;115;116;117;118;119;120;121;122;123;124;125;126;127;128;150;151;152;153;154;155;156;157;158;159;160;161;162,226;232;238;166;207;208;185;186;197;177;179;189;167;243;203;170;190;214;236;205;198;240;201;178;234;223;219;174;242;196;216;188;235;239;221;229;209;183;213;211;172;191;193;171;182;220;215;233;231;195;184;227;194;200;230;222;204;169;218;192;202;199;175;212;180;165;173;168;176;225;241;164;181;210;237;224,245;246;247;248;249;250;251;252;253;254;255;256;257;258;259;260;261;262;263;264,reject,0.0813316395803421,4dad4ccb4b1309be4930afdbab4a09004622e3c89141764b28c7d268003d7934,1,1,1,0,0,1,1,1,1,1,1,3,3,1,1,9,2,0,cycle-0166;cycle-0167;cycle-0170;cycle-0174;cycle-0177;cycle-0178;cycle-0179;cycle-0183;cycle-0185;cycle-0186;cycle-0188;cycle-0189;cycle-0190;cycle-0196;cycle-0197;cycle-0198;cycle-0201;cycle-0203;cycle-0205;cycle-0207;cycle-0208;cycle-0209;cycle-0214;cycle-0216;cycle-0219;cycle-0221;cycle-0223;cycle-0226;cycle-0229;cycle-0232;cycle-0234;cycle-0235;cycle-0236;cycle-0238;cycle-0239;cycle-0240;cycle-0242;cycle-0243,1,2340.734804,4853.370944
0,blocked,CoordinateMedian,sign_flip,0,0,0,0,0.07075488720392105,0.07740072435355,0.07136409434467106,0,0,0.0756227394562,844,66,0,0,0,1,0,0,0,0,0,0.5,0.5141025641025642,0.5,-0.014102564102564163,0.07740072435355,25;96;71;84;62;64;61;6;52;30;11;94;46;3;103;69;19;10;5;66;42;26;93;59;56;45;32;108;13;99,112;113;114;115;116;117;118;119;120;121;122;123;124;125;126;127;128;150;151;152;153;154;155;156;157;158;159;160;161;162,226;232;238;166;207;208;185;186;197;177;179;189;167;243;203;170;190;214;236;205;198;240;201;178;234;223;219;174;242;196;216;188;235;239;221;229;209;183;213;211;172;191;193;171;182;220;215;233;231;195;184;227;194;200;230;222;204;169;218;192;202;199;175;212;180;165;173;168;176;225;241;164;181;210;237;224,245;246;247;248;249;250;251;252;253;254;255;256;257;258;259;260;261;262;263;264,reject,0.07075488720392105,bd6025082ee844a1063c4369230ae3f9a20330869626fb587d481ad8703521a5,1,1,1,0,0,1,1,1,1,1,1,3,3,1,1,9,2,0,cycle-0166;cycle-0167;cycle-0170;cycle-0174;cycle-0177;cycle-0178;cycle-0179;cycle-0183;cycle-0185;cycle-0186;cycle-0188;cycle-0189;cycle-0190;cycle-0196;cycle-0197;cycle-0198;cycle-0201;cycle-0203;cycle-0205;cycle-0207;cycle-0208;cycle-0209;cycle-0214;cycle-0216;cycle-0219;cycle-0221;cycle-0223;cycle-0226;cycle-0229;cycle-0232;cycle-0234;cycle-0235;cycle-0236;cycle-0238;cycle-0239;cycle-0240;cycle-0242;cycle-0243,1,2394.333265,4892.221585
0,blocked,Krum,sign_flip,0,0,0,0,0.11774658219163157,0.1262437332525,0.11684690526696052,0,0,0.12243842251056666,844,66,0,0,0,1,0,0,0,0,0,0.5,0.5904273504273504,0.5,-0.0904273504273504,0.1262437332525,25;96;71;84;62;64;61;6;52;30;11;94;46;3;103;69;19;10;5;66;42;26;93;59;56;45;32;108;13;99,112;113;114;115;116;117;118;119;120;121;122;123;124;125;126;127;128;150;151;152;153;154;155;156;157;158;159;160;161;162,226;232;238;166;207;208;185;186;197;177;179;189;167;243;203;170;190;214;236;205;198;240;201;178;234;223;219;174;242;196;216;188;235;239;221;229;209;183;213;211;172;191;193;171;182;220;215;233;231;195;184;227;194;200;230;222;204;169;218;192;202;199;175;212;180;165;173;168;176;225;241;164;181;210;237;224,245;246;247;248;249;250;251;252;253;254;255;256;257;258;259;260;261;262;263;264,reject,0.11774658219163157,b87c5e823997860fcf8648367248870e0972eca537aefa525556dab09d769067,1,1,1,0,0,1,1,1,1,1,1,3,3,1,1,9,2,1,cycle-0164;cycle-0165;cycle-0168;cycle-0169;cycle-0171;cycle-0172;cycle-0173;cycle-0175;cycle-0176;cycle-0180;cycle-0181;cycle-0182;cycle-0184;cycle-0191;cycle-0192;cycle-0193;cycle-0194;cycle-0195;cycle-0199;cycle-0200;cycle-0202;cycle-0204;cycle-0210;cycle-0211;cycle-0212;cycle-0213;cycle-0215;cycle-0218;cycle-0220;cycle-0222;cycle-0224;cycle-0225;cycle-0227;cycle-0230;cycle-0231;cycle-0233;cycle-0237;cycle-0241,1,2166.310124,4594.759522
0,blocked,FLTrust,sign_flip,0,0,0,0,0.3818829421671579,0.4029190428681,0.3795988398840658,1,0,0.39201653335726666,844,66,0,0,0,1,1,0,0,0,0,0.5,0.5007692307692307,0.5,-0.0007692307692307443,0.4029190428681,25;96;71;84;62;64;61;6;52;30;11;94;46;3;103;69;19;10;5;66;42;26;93;59;56;45;32;108;13;99,112;113;114;115;116;117;118;119;120;121;122;123;124;125;126;127;128;150;151;152;153;154;155;156;157;158;159;160;161;162,226;232;238;166;207;208;185;186;197;177;179;189;167;243;203;170;190;214;236;205;198;240;201;178;234;223;219;174;242;196;216;188;235;239;221;229;209;183;213;211;172;191;193;171;182;220;215;233;231;195;184;227;194;200;230;222;204;169;218;192;202;199;175;212;180;165;173;168;176;225;241;164;181;210;237;224,245;246;247;248;249;250;251;252;253;254;255;256;257;258;259;260;261;262;263;264,reject,0.3818829421671579,e264869d8c1c5550553bad44b82f96a71627e56ae67d2a9e8b84160f16d8665a,1,1,1,0,0,1,1,1,1,1,1,3,3,1,1,9,2,1,cycle-0164;cycle-0165;cycle-0168;cycle-0169;cycle-0171;cycle-0172;cycle-0173;cycle-0175;cycle-0176;cycle-0180;cycle-0181;cycle-0182;cycle-0184;cycle-0191;cycle-0192;cycle-0193;cycle-0194;cycle-0195;cycle-0199;cycle-0200;cycle-0202;cycle-0204;cycle-0210;cycle-0211;cycle-0212;cycle-0213;cycle-0215;cycle-0218;cycle-0220;cycle-0222;cycle-0224;cycle-0225;cycle-0227;cycle-0230;cycle-0231;cycle-0233;cycle-0237;cycle-0241,1,2346.521161,4875.955356
0,blocked,FedVal,sign_flip,0,0,0,0,0.103873916193,0.1128325055996,0.10473450347147369,0,0,0.11143745421296666,844,66,0,0,0,1,0,0,0,0,0,0.5,0.5982905982905983,0.5,-0.09829059829059827,0.1128325055996,25;96;71;84;62;64;61;6;52;30;11;94;46;3;103;69;19;10;5;66;42;26;93;59;56;45;32;108;13;99,112;113;114;115;116;117;118;119;120;121;122;123;124;125;126;127;128;150;151;152;153;154;155;156;157;158;159;160;161;162,226;232;238;166;207;208;185;186;197;177;179;189;167;243;203;170;190;214;236;205;198;240;201;178;234;223;219;174;242;196;216;188;235;239;221;229;209;183;213;211;172;191;193;171;182;220;215;233;231;195;184;227;194;200;230;222;204;169;218;192;202;199;175;212;180;165;173;168;176;225;241;164;181;210;237;224,245;246;247;248;249;250;251;252;253;254;255;256;257;258;259;260;261;262;263;264,reject,0.103873916193,ba8a9dff15b37efe92f4ecae2c80b9ac62049a6706cd532337a80c944e4968dd,1,1,1,0,0,1,1,1,1,1,1,3,3,1,1,9,2,0,cycle-0166;cycle-0167;cycle-0170;cycle-0174;cycle-0177;cycle-0178;cycle-0179;cycle-0183;cycle-0185;cycle-0186;cycle-0188;cycle-0189;cycle-0190;cycle-0196;cycle-0197;cycle-0198;cycle-0201;cycle-0203;cycle-0205;cycle-0207;cycle-0208;cycle-0209;cycle-0214;cycle-0216;cycle-0219;cycle-0221;cycle-0223;cycle-0226;cycle-0229;cycle-0232;cycle-0234;cycle-0235;cycle-0236;cycle-0238;cycle-0239;cycle-0240;cycle-0242;cycle-0243,1,2276.820701,4647.845534
0,blocked,FLShield,sign_flip,0,0,0,0,0.030967633379631578,0.033247852085,0.030660346321105262,0,0,0.0332952848754,844,66,0,0,0,0,0,0,0,0,0,0.5,0.5,0.5,0.0,0.033247852085,25;96;71;84;62;64;61;6;52;30;11;94;46;3;103;69;19;10;5;66;42;26;93;59;56;45;32;108;13;99,112;113;114;115;116;117;118;119;120;121;122;123;124;125;126;127;128;150;151;152;153;154;155;156;157;158;159;160;161;162,226;232;238;166;207;208;185;186;197;177;179;189;167;243;203;170;190;214;236;205;198;240;201;178;234;223;219;174;242;196;216;188;235;239;221;229;209;183;213;211;172;191;193;171;182;220;215;233;231;195;184;227;194;200;230;222;204;169;218;192;202;199;175;212;180;165;173;168;176;225;241;164;181;210;237;224,245;246;247;248;249;250;251;252;253;254;255;256;257;258;259;260;261;262;263;264,reject,0.030967633379631578,f9e8aaae64659122d9ac13fe1db002bd132705bc7b5efdce350ed478359e3072,1,1,1,0,0,1,1,1,1,1,1,3,3,1,1,9,2,1,cycle-0164;cycle-0165;cycle-0168;cycle-0169;cycle-0171;cycle-0172;cycle-0173;cycle-0175;cycle-0176;cycle-0180;cycle-0181;cycle-0182;cycle-0184;cycle-0191;cycle-0192;cycle-0193;cycle-0194;cycle-0195;cycle-0199;cycle-0200;cycle-0202;cycle-0204;cycle-0210;cycle-0211;cycle-0212;cycle-0213;cycle-0215;cycle-0218;cycle-0220;cycle-0222;cycle-0224;cycle-0225;cycle-0227;cycle-0230;cycle-0231;cycle-0233;cycle-0237;cycle-0241,1,2289.99001,4781.18797
0,blocked,FoundationFL,sign_flip,0,0,0,0,0.07269183218189473,0.08423467972275,0.07336120546819737,0,0,0.08138355599573334,844,66,0,0,0,1,0,0,0,0,0,0.5,0.5082905982905983,0.5,-0.008290598290598306,0.08423467972275,25;96;71;84;62;64;61;6;52;30;11;94;46;3;103;69;19;10;5;66;42;26;93;59;56;45;32;108;13;99,112;113;114;115;116;117;118;119;120;121;122;123;124;125;126;127;128;150;151;152;153;154;155;156;157;158;159;160;161;162,226;232;238;166;207;208;185;186;197;177;179;189;167;243;203;170;190;214;236;205;198;240;201;178;234;223;219;174;242;196;216;188;235;239;221;229;209;183;213;211;172;191;193;171;182;220;215;233;231;195;184;227;194;200;230;222;204;169;218;192;202;199;175;212;180;165;173;168;176;225;241;164;181;210;237;224,245;246;247;248;249;250;251;252;253;254;255;256;257;258;259;260;261;262;263;264,reject,0.07269183218189473,f13554132fa450fc574fc02c303fab3bab27ef25b388ced15585f806e04d3d81,1,1,1,0,0,1,1,1,1,1,1,3,3,1,1,9,2,0,cycle-0166;cycle-0167;cycle-0170;cycle-0174;cycle-0177;cycle-0178;cycle-0179;cycle-0183;cycle-0185;cycle-0186;cycle-0188;cycle-0189;cycle-0190;cycle-0196;cycle-0197;cycle-0198;cycle-0201;cycle-0203;cycle-0205;cycle-0207;cycle-0208;cycle-0209;cycle-0214;cycle-0216;cycle-0219;cycle-0221;cycle-0223;cycle-0226;cycle-0229;cycle-0232;cycle-0234;cycle-0235;cycle-0236;cycle-0238;cycle-0239;cycle-0240;cycle-0242;cycle-0243,1,2348.041557,4857.604702
0,blocked,FedAvg,model_replacement,0,0,0,0,0.30657093024378945,0.32957250699645,0.3115536112944737,0,0,0.3511346578967333,844,66,0,0,0,1,0,0,0,0,0,0.5,0.5,0.5,0.0,0.32957250699645,25;96;71;84;62;64;61;6;52;30;11;94;46;3;103;69;19;10;5;66;42;26;93;59;56;45;32;108;13;99,112;113;114;115;116;117;118;119;120;121;122;123;124;125;126;127;128;150;151;152;153;154;155;156;157;158;159;160;161;162,226;232;238;166;207;208;185;186;197;177;179;189;167;243;203;170;190;214;236;205;198;240;201;178;234;223;219;174;242;196;216;188;235;239;221;229;209;183;213;211;172;191;193;171;182;220;215;233;231;195;184;227;194;200;230;222;204;169;218;192;202;199;175;212;180;165;173;168;176;225;241;164;181;210;237;224,245;246;247;248;249;250;251;252;253;254;255;256;257;258;259;260;261;262;263;264,reject,0.30657093024378945,14aab8024269a8993bfc14cfbbf14ac7f26ae8ce9afe497815e2037e6ec1b1e9,1,1,1,0,0,1,1,1,1,1,1,3,3,1,1,9,2,0,cycle-0166;cycle-0167;cycle-0170;cycle-0174;cycle-0177;cycle-0178;cycle-0179;cycle-0183;cycle-0185;cycle-0186;cycle-0188;cycle-0189;cycle-0190;cycle-0196;cycle-0197;cycle-0198;cycle-0201;cycle-0203;cycle-0205;cycle-0207;cycle-0208;cycle-0209;cycle-0214;cycle-0216;cycle-0219;cycle-0221;cycle-0223;cycle-0226;cycle-0229;cycle-0232;cycle-0234;cycle-0235;cycle-0236;cycle-0238;cycle-0239;cycle-0240;cycle-0242;cycle-0243,1,2369.901547,4861.790609
0,blocked,CoordinateMedian,model_replacement,0,0,0,1,-0.007024966425552632,-0.00697437129245,-0.006942401886394737,0,0,-0.007949695068666668,844,66,1,0,0,0,0,0,0,1,0,0.5,0.5,0.5,0.0,0.0,25;96;71;84;62;64;61;6;52;30;11;94;46;3;103;69;19;10;5;66;42;26;93;59;56;45;32;108;13;99,112;113;114;115;116;117;118;119;120;121;122;123;124;125;126;127;128;150;151;152;153;154;155;156;157;158;159;160;161;162,226;232;238;166;207;208;185;186;197;177;179;189;167;243;203;170;190;214;236;205;198;240;201;178;234;223;219;174;242;196;216;188;235;239;221;229;209;183;213;211;172;191;193;171;182;220;215;233;231;195;184;227;194;200;230;222;204;169;218;192;202;199;175;212;180;165;173;168;176;225;241;164;181;210;237;224,245;246;247;248;249;250;251;252;253;254;255;256;257;258;259;260;261;262;263;264,commit,-0.007024966425552632,9a865cca898e3505d00bbdeddf304b1e646a4437ffe4db2c2bab476f8b82aa64,1,1,1,1,1,1,1,1,1,1,1,3,3,1,1,9,2,1,cycle-0164;cycle-0165;cycle-0168;cycle-0169;cycle-0171;cycle-0172;cycle-0173;cycle-0175;cycle-0176;cycle-0180;cycle-0181;cycle-0182;cycle-0184;cycle-0191;cycle-0192;cycle-0193;cycle-0194;cycle-0195;cycle-0199;cycle-0200;cycle-0202;cycle-0204;cycle-0210;cycle-0211;cycle-0212;cycle-0213;cycle-0215;cycle-0218;cycle-0220;cycle-0222;cycle-0224;cycle-0225;cycle-0227;cycle-0230;cycle-0231;cycle-0233;cycle-0237;cycle-0241,1,2313.394153,4851.626879
0,blocked,Krum,model_replacement,0,0,0,1,-0.010054281880526315,-0.010051339595,-0.010144657960736842,0,0,-0.011642281308066667,844,66,1,0,0,0,0,0,0,1,0,0.5,0.5,0.5,0.0,0.0,25;96;71;84;62;64;61;6;52;30;11;94;46;3;103;69;19;10;5;66;42;26;93;59;56;45;32;108;13;99,112;113;114;115;116;117;118;119;120;121;122;123;124;125;126;127;128;150;151;152;153;154;155;156;157;158;159;160;161;162,226;232;238;166;207;208;185;186;197;177;179;189;167;243;203;170;190;214;236;205;198;240;201;178;234;223;219;174;242;196;216;188;235;239;221;229;209;183;213;211;172;191;193;171;182;220;215;233;231;195;184;227;194;200;230;222;204;169;218;192;202;199;175;212;180;165;173;168;176;225;241;164;181;210;237;224,245;246;247;248;249;250;251;252;253;254;255;256;257;258;259;260;261;262;263;264,commit,-0.010054281880526315,99978cf9a14bb809e1fc547e6211fb06009061f0c5ca8a50176c3505bee31b14,1,1,1,1,1,1,1,1,1,1,1,3,3,1,1,9,2,0,cycle-0166;cycle-0167;cycle-0170;cycle-0174;cycle-0177;cycle-0178;cycle-0179;cycle-0183;cycle-0185;cycle-0186;cycle-0188;cycle-0189;cycle-0190;cycle-0196;cycle-0197;cycle-0198;cycle-0201;cycle-0203;cycle-0205;cycle-0207;cycle-0208;cycle-0209;cycle-0214;cycle-0216;cycle-0219;cycle-0221;cycle-0223;cycle-0226;cycle-0229;cycle-0232;cycle-0234;cycle-0235;cycle-0236;cycle-0238;cycle-0239;cycle-0240;cycle-0242;cycle-0243,1,2418.498177,4944.200501
0,blocked,FLTrust,model_replacement,0,0,0,0,0.3593152510969737,0.3851004513205,0.36157332832436845,1,0,0.3739009317604333,844,66,0,0,0,1,1,0,0,0,0,0.5,0.5,0.5,0.0,0.3851004513205,25;96;71;84;62;64;61;6;52;30;11;94;46;3;103;69;19;10;5;66;42;26;93;59;56;45;32;108;13;99,112;113;114;115;116;117;118;119;120;121;122;123;124;125;126;127;128;150;151;152;153;154;155;156;157;158;159;160;161;162,226;232;238;166;207;208;185;186;197;177;179;189;167;243;203;170;190;214;236;205;198;240;201;178;234;223;219;174;242;196;216;188;235;239;221;229;209;183;213;211;172;191;193;171;182;220;215;233;231;195;184;227;194;200;230;222;204;169;218;192;202;199;175;212;180;165;173;168;176;225;241;164;181;210;237;224,245;246;247;248;249;250;251;252;253;254;255;256;257;258;259;260;261;262;263;264,reject,0.3593152510969737,18e22af8901fc602a0680101ebbdc1589045d093742d0b7b296f50d695c5372e,1,1,1,0,0,1,1,1,1,1,1,3,3,1,1,9,2,0,cycle-0166;cycle-0167;cycle-0170;cycle-0174;cycle-0177;cycle-0178;cycle-0179;cycle-0183;cycle-0185;cycle-0186;cycle-0188;cycle-0189;cycle-0190;cycle-0196;cycle-0197;cycle-0198;cycle-0201;cycle-0203;cycle-0205;cycle-0207;cycle-0208;cycle-0209;cycle-0214;cycle-0216;cycle-0219;cycle-0221;cycle-0223;cycle-0226;cycle-0229;cycle-0232;cycle-0234;cycle-0235;cycle-0236;cycle-0238;cycle-0239;cycle-0240;cycle-0242;cycle-0243,1,2372.818499,4834.336177
0,blocked,FedVal,model_replacement,0,0,0,0,0.098518479732,0.10264868239785,0.09644587436775,0,0,0.11396706705903334,844,66,0,0,0,1,0,0,0,0,0,0.5,0.4872649572649573,0.5,0.012735042735042723,0.10264868239785,25;96;71;84;62;64;61;6;52;30;11;94;46;3;103;69;19;10;5;66;42;26;93;59;56;45;32;108;13;99,112;113;114;115;116;117;118;119;120;121;122;123;124;125;126;127;128;150;151;152;153;154;155;156;157;158;159;160;161;162,226;232;238;166;207;208;185;186;197;177;179;189;167;243;203;170;190;214;236;205;198;240;201;178;234;223;219;174;242;196;216;188;235;239;221;229;209;183;213;211;172;191;193;171;182;220;215;233;231;195;184;227;194;200;230;222;204;169;218;192;202;199;175;212;180;165;173;168;176;225;241;164;181;210;237;224,245;246;247;248;249;250;251;252;253;254;255;256;257;258;259;260;261;262;263;264,reject,0.098518479732,8ce63f08118c39d0f7d9756b2666ae59dd57b939266160f8e6d2248d5b3db293,1,1,1,0,0,1,1,1,1,1,1,3,3,1,1,9,2,1,cycle-0164;cycle-0165;cycle-0168;cycle-0169;cycle-0171;cycle-0172;cycle-0173;cycle-0175;cycle-0176;cycle-0180;cycle-0181;cycle-0182;cycle-0184;cycle-0191;cycle-0192;cycle-0193;cycle-0194;cycle-0195;cycle-0199;cycle-0200;cycle-0202;cycle-0204;cycle-0210;cycle-0211;cycle-0212;cycle-0213;cycle-0215;cycle-0218;cycle-0220;cycle-0222;cycle-0224;cycle-0225;cycle-0227;cycle-0230;cycle-0231;cycle-0233;cycle-0237;cycle-0241,1,2235.903136,4736.381927
0,blocked,FLShield,model_replacement,0,0,0,0,0.01889678370357895,0.02068374518275,0.019097344790552633,0,0,0.020835385298133332,844,66,0,0,0,0,0,0,0,0,0,0.5,0.5,0.5,0.0,0.02068374518275,25;96;71;84;62;64;61;6;52;30;11;94;46;3;103;69;19;10;5;66;42;26;93;59;56;45;32;108;13;99,112;113;114;115;116;117;118;119;120;121;122;123;124;125;126;127;128;150;151;152;153;154;155;156;157;158;159;160;161;162,226;232;238;166;207;208;185;186;197;177;179;189;167;243;203;170;190;214;236;205;198;240;201;178;234;223;219;174;242;196;216;188;235;239;221;229;209;183;213;211;172;191;193;171;182;220;215;233;231;195;184;227;194;200;230;222;204;169;218;192;202;199;175;212;180;165;173;168;176;225;241;164;181;210;237;224,245;246;247;248;249;250;251;252;253;254;255;256;257;258;259;260;261;262;263;264,reject,0.01889678370357895,2a482ea7a5e99188d15589f8bd3927e909b58642b97d7459654e6474a496e669,1,1,1,0,0,1,1,1,1,1,1,3,3,1,1,9,2,0,cycle-0166;cycle-0167;cycle-0170;cycle-0174;cycle-0177;cycle-0178;cycle-0179;cycle-0183;cycle-0185;cycle-0186;cycle-0188;cycle-0189;cycle-0190;cycle-0196;cycle-0197;cycle-0198;cycle-0201;cycle-0203;cycle-0205;cycle-0207;cycle-0208;cycle-0209;cycle-0214;cycle-0216;cycle-0219;cycle-0221;cycle-0223;cycle-0226;cycle-0229;cycle-0232;cycle-0234;cycle-0235;cycle-0236;cycle-0238;cycle-0239;cycle-0240;cycle-0242;cycle-0243,1,2387.918171,4844.407274
0,blocked,FoundationFL,model_replacement,0,0,0,0,0.3171090721268684,0.33641214418235,0.32555203241055264,0,0,0.39496958527166665,844,66,0,0,0,1,0,0,0,0,0,0.5,0.4304273504273504,0.5,0.06957264957264958,0.33641214418235,25;96;71;84;62;64;61;6;52;30;11;94;46;3;103;69;19;10;5;66;42;26;93;59;56;45;32;108;13;99,112;113;114;115;116;117;118;119;120;121;122;123;124;125;126;127;128;150;151;152;153;154;155;156;157;158;159;160;161;162,226;232;238;166;207;208;185;186;197;177;179;189;167;243;203;170;190;214;236;205;198;240;201;178;234;223;219;174;242;196;216;188;235;239;221;229;209;183;213;211;172;191;193;171;182;220;215;233;231;195;184;227;194;200;230;222;204;169;218;192;202;199;175;212;180;165;173;168;176;225;241;164;181;210;237;224,245;246;247;248;249;250;251;252;253;254;255;256;257;258;259;260;261;262;263;264,reject,0.3171090721268684,078a91970960bf7876b75a0b8a6959bbf2813200a765f7a612613ce88ded41bd,1,1,1,0,0,1,1,1,1,1,1,3,3,1,1,9,2,0,cycle-0166;cycle-0167;cycle-0170;cycle-0174;cycle-0177;cycle-0178;cycle-0179;cycle-0183;cycle-0185;cycle-0186;cycle-0188;cycle-0189;cycle-0190;cycle-0196;cycle-0197;cycle-0198;cycle-0201;cycle-0203;cycle-0205;cycle-0207;cycle-0208;cycle-0209;cycle-0214;cycle-0216;cycle-0219;cycle-0221;cycle-0223;cycle-0226;cycle-0229;cycle-0232;cycle-0234;cycle-0235;cycle-0236;cycle-0238;cycle-0239;cycle-0240;cycle-0242;cycle-0243,1,2369.156995,4849.690605
0,blocked,FedAvg,score_aware,64,17,0,1,-1.6215627368421053e-06,-1.22783889e-05,-1.0324191184210526e-06,0,0,1.9195416666666667e-07,844,66,0,0,0,0,0,0,0,1,0,0.5,0.5,0.5,0.0,0.0,25;96;71;84;62;64;61;6;52;30;11;94;46;3;103;69;19;10;5;66;42;26;93;59;56;45;32;108;13;99,112;113;114;115;116;117;118;119;120;121;122;123;124;125;126;127;128;150;151;152;153;154;155;156;157;158;159;160;161;162,226;232;238;166;207;208;185;186;197;177;179;189;167;243;203;170;190;214;236;205;198;240;201;178;234;223;219;174;242;196;216;188;235;239;221;229;209;183;213;211;172;191;193;171;182;220;215;233;231;195;184;227;194;200;230;222;204;169;218;192;202;199;175;212;180;165;173;168;176;225;241;164;181;210;237;224,245;246;247;248;249;250;251;252;253;254;255;256;257;258;259;260;261;262;263;264,commit,-1.6215627368421053e-06,dce9d3978d11d3c4f325112c10aa163f4ed2813985c3885ae3a320399f45c07a,1,1,1,1,1,1,1,1,1,1,1,3,3,1,1,9,2,1,cycle-0164;cycle-0165;cycle-0168;cycle-0169;cycle-0171;cycle-0172;cycle-0173;cycle-0175;cycle-0176;cycle-0180;cycle-0181;cycle-0182;cycle-0184;cycle-0191;cycle-0192;cycle-0193;cycle-0194;cycle-0195;cycle-0199;cycle-0200;cycle-0202;cycle-0204;cycle-0210;cycle-0211;cycle-0212;cycle-0213;cycle-0215;cycle-0218;cycle-0220;cycle-0222;cycle-0224;cycle-0225;cycle-0227;cycle-0230;cycle-0231;cycle-0233;cycle-0237;cycle-0241,1,2284.61295,4720.859653
0,blocked,FLTrust,score_aware,64,11,0,0,0.3481407250520526,0.37186921827895,0.35011981057413155,1,0,0.3610375135275333,844,66,0,0,0,1,1,0,0,0,0,0.5,0.5023076923076923,0.5,-0.002307692307692344,0.37186921827895,25;96;71;84;62;64;61;6;52;30;11;94;46;3;103;69;19;10;5;66;42;26;93;59;56;45;32;108;13;99,112;113;114;115;116;117;118;119;120;121;122;123;124;125;126;127;128;150;151;152;153;154;155;156;157;158;159;160;161;162,226;232;238;166;207;208;185;186;197;177;179;189;167;243;203;170;190;214;236;205;198;240;201;178;234;223;219;174;242;196;216;188;235;239;221;229;209;183;213;211;172;191;193;171;182;220;215;233;231;195;184;227;194;200;230;222;204;169;218;192;202;199;175;212;180;165;173;168;176;225;241;164;181;210;237;224,245;246;247;248;249;250;251;252;253;254;255;256;257;258;259;260;261;262;263;264,reject,0.3481407250520526,f9392e851ad852a73f964086485e64f7427af68dce13ad33bdaaa6896da2c505,1,1,1,0,0,1,1,1,1,1,1,3,3,1,1,9,2,0,cycle-0166;cycle-0167;cycle-0170;cycle-0174;cycle-0177;cycle-0178;cycle-0179;cycle-0183;cycle-0185;cycle-0186;cycle-0188;cycle-0189;cycle-0190;cycle-0196;cycle-0197;cycle-0198;cycle-0201;cycle-0203;cycle-0205;cycle-0207;cycle-0208;cycle-0209;cycle-0214;cycle-0216;cycle-0219;cycle-0221;cycle-0223;cycle-0226;cycle-0229;cycle-0232;cycle-0234;cycle-0235;cycle-0236;cycle-0238;cycle-0239;cycle-0240;cycle-0242;cycle-0243,1,2362.94245,4894.45725
0,blocked,FoundationFL,score_aware,64,28,1,1,-0.02041961685823684,-0.03875703051105,-0.021270258005263158,0,0,-0.02457722458303333,844,66,1,0,0,0,0,0,0,1,0,0.5,0.5164102564102564,0.5164102564102564,0.0,0.0,25;96;71;84;62;64;61;6;52;30;11;94;46;3;103;69;19;10;5;66;42;26;93;59;56;45;32;108;13;99,112;113;114;115;116;117;118;119;120;121;122;123;124;125;126;127;128;150;151;152;153;154;155;156;157;158;159;160;161;162,226;232;238;166;207;208;185;186;197;177;179;189;167;243;203;170;190;214;236;205;198;240;201;178;234;223;219;174;242;196;216;188;235;239;221;229;209;183;213;211;172;191;193;171;182;220;215;233;231;195;184;227;194;200;230;222;204;169;218;192;202;199;175;212;180;165;173;168;176;225;241;164;181;210;237;224,245;246;247;248;249;250;251;252;253;254;255;256;257;258;259;260;261;262;263;264,commit,-0.02041961685823684,692670a074bd2c3dfd9dc745a959232205857a4cbd466cadc4ec852e15140c5a,1,1,1,1,1,1,1,1,1,1,1,3,3,1,1,9,2,0,cycle-0166;cycle-0167;cycle-0170;cycle-0174;cycle-0177;cycle-0178;cycle-0179;cycle-0183;cycle-0185;cycle-0186;cycle-0188;cycle-0189;cycle-0190;cycle-0196;cycle-0197;cycle-0198;cycle-0201;cycle-0203;cycle-0205;cycle-0207;cycle-0208;cycle-0209;cycle-0214;cycle-0216;cycle-0219;cycle-0221;cycle-0223;cycle-0226;cycle-0229;cycle-0232;cycle-0234;cycle-0235;cycle-0236;cycle-0238;cycle-0239;cycle-0240;cycle-0242;cycle-0243,1,2386.26802,4763.395643
1,blocked,FedAvg,none,0,0,0,0,0.015518755504605262,0.01667998186915,0.01511660254956579,0,0,0.015267732561433333,844,66,0,0,0,0,0,0,0,0,0,0.5164102564102564,0.5397435897435897,0.5164102564102564,-0.023333333333333317,0.01667998186915,4;18;6;45;92;80;109;87;86;23;89;82;57;81;95;19;17;5;52;32;44;42;21;62;38;10;56;61;28;31,112;113;114;115;116;117;118;119;120;121;122;123;124;125;126;127;128;150;151;152;153;154;155;156;157;158;159;160;161;162,201;243;234;230;178;180;200;228;214;212;168;189;190;183;229;191;179;221;226;202;182;216;215;239;206;205;236;231;207;165;173;210;163;233;219;192;209;237;224;227;193;171;242;177;185;208;213;235;188;174;240;198;184;225;169;217;164;196;232;218;166;175;211;220;199;181;195;194;170;203;241;197;238;204;172;223,245;246;247;248;249;250;251;252;253;254;255;256;257;258;259;260;261;262;263;264,reject,0.015518755504605262,255267f31615c71968273dc947202b182e3fed91b37bf3e2d244bf4336542284,1,2,2,0,0,1,1,1,1,1,1,3,3,1,1,9,2,1,cycle-0164;cycle-0166;cycle-0169;cycle-0170;cycle-0171;cycle-0172;cycle-0174;cycle-0175;cycle-0177;cycle-0181;cycle-0184;cycle-0185;cycle-0188;cycle-0193;cycle-0194;cycle-0195;cycle-0196;cycle-0197;cycle-0198;cycle-0199;cycle-0203;cycle-0204;cycle-0208;cycle-0211;cycle-0213;cycle-0217;cycle-0218;cycle-0220;cycle-0223;cycle-0224;cycle-0225;cycle-0227;cycle-0232;cycle-0235;cycle-0238;cycle-0240;cycle-0241;cycle-0242,1,2171.116193,5547.183519
1,blocked,CoordinateMedian,none,0,0,0,0,0.05011235870718421,0.0533818407659,0.048684951366289475,0,0,0.049915975059566665,844,66,0,0,0,1,0,0,0,0,0,0.5164102564102564,0.5276068376068376,0.5164102564102564,-0.011196581196581179,0.0533818407659,4;18;6;45;92;80;109;87;86;23;89;82;57;81;95;19;17;5;52;32;44;42;21;62;38;10;56;61;28;31,112;113;114;115;116;117;118;119;120;121;122;123;124;125;126;127;128;150;151;152;153;154;155;156;157;158;159;160;161;162,201;243;234;230;178;180;200;228;214;212;168;189;190;183;229;191;179;221;226;202;182;216;215;239;206;205;236;231;207;165;173;210;163;233;219;192;209;237;224;227;193;171;242;177;185;208;213;235;188;174;240;198;184;225;169;217;164;196;232;218;166;175;211;220;199;181;195;194;170;203;241;197;238;204;172;223,245;246;247;248;249;250;251;252;253;254;255;256;257;258;259;260;261;262;263;264,reject,0.05011235870718421,d59db70953d89a8d5596c920089d83e78989a231c5096aa541d51a21d10d8a29,1,1,1,0,0,1,1,1,1,1,1,3,3,1,1,9,2,1,cycle-0164;cycle-0166;cycle-0169;cycle-0170;cycle-0171;cycle-0172;cycle-0174;cycle-0175;cycle-0177;cycle-0181;cycle-0184;cycle-0185;cycle-0188;cycle-0193;cycle-0194;cycle-0195;cycle-0196;cycle-0197;cycle-0198;cycle-0199;cycle-0203;cycle-0204;cycle-0208;cycle-0211;cycle-0213;cycle-0217;cycle-0218;cycle-0220;cycle-0223;cycle-0224;cycle-0225;cycle-0227;cycle-0232;cycle-0235;cycle-0238;cycle-0240;cycle-0241;cycle-0242,1,2230.372137,4614.602955
1,blocked,Krum,none,0,0,0,0,0.06309069367378947,0.07138911355605,0.06513554319467105,0,0,0.0666691321838,844,66,0,0,0,1,0,0,0,0,0,0.5164102564102564,0.49376068376068377,0.5164102564102564,0.022649572649572625,0.07138911355605,4;18;6;45;92;80;109;87;86;23;89;82;57;81;95;19;17;5;52;32;44;42;21;62;38;10;56;61;28;31,112;113;114;115;116;117;118;119;120;121;122;123;124;125;126;127;128;150;151;152;153;154;155;156;157;158;159;160;161;162,201;243;234;230;178;180;200;228;214;212;168;189;190;183;229;191;179;221;226;202;182;216;215;239;206;205;236;231;207;165;173;210;163;233;219;192;209;237;224;227;193;171;242;177;185;208;213;235;188;174;240;198;184;225;169;217;164;196;232;218;166;175;211;220;199;181;195;194;170;203;241;197;238;204;172;223,245;246;247;248;249;250;251;252;253;254;255;256;257;258;259;260;261;262;263;264,reject,0.06309069367378947,584ef9456c4e8a2a30604860e8a2b41caf5433895b9b379f3221a47808f48f3f,1,1,1,0,0,1,1,1,1,1,1,3,3,1,1,9,2,0,cycle-0163;cycle-0165;cycle-0168;cycle-0173;cycle-0178;cycle-0179;cycle-0180;cycle-0182;cycle-0183;cycle-0189;cycle-0190;cycle-0191;cycle-0192;cycle-0200;cycle-0201;cycle-0202;cycle-0205;cycle-0206;cycle-0207;cycle-0209;cycle-0210;cycle-0212;cycle-0214;cycle-0215;cycle-0216;cycle-0219;cycle-0221;cycle-0226;cycle-0228;cycle-0229;cycle-0230;cycle-0231;cycle-0233;cycle-0234;cycle-0236;cycle-0237;cycle-0239;cycle-0243,1,2305.338019,4894.582335
1,blocked,FLTrust,none,0,0,0,0,0.35113401294944735,0.38390577791975,0.35943424875514474,1,0,0.3688235446314,844,66,0,0,0,1,1,0,0,0,0,0.5164102564102564,0.5007692307692307,0.5164102564102564,0.015641025641025652,0.38390577791975,4;18;6;45;92;80;109;87;86;23;89;82;57;81;95;19;17;5;52;32;44;42;21;62;38;10;56;61;28;31,112;113;114;115;116;117;118;119;120;121;122;123;124;125;126;127;128;150;151;152;153;154;155;156;157;158;159;160;161;162,201;243;234;230;178;180;200;228;214;212;168;189;190;183;229;191;179;221;226;202;182;216;215;239;206;205;236;231;207;165;173;210;163;233;219;192;209;237;224;227;193;171;242;177;185;208;213;235;188;174;240;198;184;225;169;217;164;196;232;218;166;175;211;220;199;181;195;194;170;203;241;197;238;204;172;223,245;246;247;248;249;250;251;252;253;254;255;256;257;258;259;260;261;262;263;264,reject,0.35113401294944735,4d83909683e01503c638332a02181dda85bc7fe13450ac4f6f326d5664d88617,1,1,1,0,0,1,1,1,1,1,1,3,3,1,1,9,2,0,cycle-0163;cycle-0165;cycle-0168;cycle-0173;cycle-0178;cycle-0179;cycle-0180;cycle-0182;cycle-0183;cycle-0189;cycle-0190;cycle-0191;cycle-0192;cycle-0200;cycle-0201;cycle-0202;cycle-0205;cycle-0206;cycle-0207;cycle-0209;cycle-0210;cycle-0212;cycle-0214;cycle-0215;cycle-0216;cycle-0219;cycle-0221;cycle-0226;cycle-0228;cycle-0229;cycle-0230;cycle-0231;cycle-0233;cycle-0234;cycle-0236;cycle-0237;cycle-0239;cycle-0243,1,2477.509129,5037.754467
1,blocked,FedVal,none,0,0,0,0,0.07183908133773684,0.07579336103815,0.06982507680901316,0,0,0.07189247391226666,844,66,0,0,0,1,0,0,0,0,0,0.5164102564102564,0.5201709401709402,0.5164102564102564,-0.003760683760683836,0.07579336103815,4;18;6;45;92;80;109;87;86;23;89;82;57;81;95;19;17;5;52;32;44;42;21;62;38;10;56;61;28;31,112;113;114;115;116;117;118;119;120;121;122;123;124;125;126;127;128;150;151;152;153;154;155;156;157;158;159;160;161;162,201;243;234;230;178;180;200;228;214;212;168;189;190;183;229;191;179;221;226;202;182;216;215;239;206;205;236;231;207;165;173;210;163;233;219;192;209;237;224;227;193;171;242;177;185;208;213;235;188;174;240;198;184;225;169;217;164;196;232;218;166;175;211;220;199;181;195;194;170;203;241;197;238;204;172;223,245;246;247;248;249;250;251;252;253;254;255;256;257;258;259;260;261;262;263;264,reject,0.07183908133773684,7836e5c0de81ec0b7019867f0d1e9ab63a5d7463b8a6aa67bd76eb6c1d66b1fe,1,1,1,0,0,1,1,1,1,1,1,3,3,1,1,9,2,1,cycle-0164;cycle-0166;cycle-0169;cycle-0170;cycle-0171;cycle-0172;cycle-0174;cycle-0175;cycle-0177;cycle-0181;cycle-0184;cycle-0185;cycle-0188;cycle-0193;cycle-0194;cycle-0195;cycle-0196;cycle-0197;cycle-0198;cycle-0199;cycle-0203;cycle-0204;cycle-0208;cycle-0211;cycle-0213;cycle-0217;cycle-0218;cycle-0220;cycle-0223;cycle-0224;cycle-0225;cycle-0227;cycle-0232;cycle-0235;cycle-0238;cycle-0240;cycle-0241;cycle-0242,1,2212.369125,4779.218766
1,blocked,FLShield,none,0,0,0,1,-0.037423616763342105,-0.03868246131905,-0.03593900847478947,0,0,-0.038880525057433335,844,66,1,0,0,0,0,0,0,1,0,0.5164102564102564,0.4976923076923077,0.4976923076923077,0.0,0.0,4;18;6;45;92;80;109;87;86;23;89;82;57;81;95;19;17;5;52;32;44;42;21;62;38;10;56;61;28;31,112;113;114;115;116;117;118;119;120;121;122;123;124;125;126;127;128;150;151;152;153;154;155;156;157;158;159;160;161;162,201;243;234;230;178;180;200;228;214;212;168;189;190;183;229;191;179;221;226;202;182;216;215;239;206;205;236;231;207;165;173;210;163;233;219;192;209;237;224;227;193;171;242;177;185;208;213;235;188;174;240;198;184;225;169;217;164;196;232;218;166;175;211;220;199;181;195;194;170;203;241;197;238;204;172;223,245;246;247;248;249;250;251;252;253;254;255;256;257;258;259;260;261;262;263;264,commit,-0.037423616763342105,52becd42469b4451ba7623083b3b45739688c48a45bbf70641b4c13e4eaf9ced,1,1,1,1,1,1,1,1,1,1,1,3,3,1,1,9,2,1,cycle-0164;cycle-0166;cycle-0169;cycle-0170;cycle-0171;cycle-0172;cycle-0174;cycle-0175;cycle-0177;cycle-0181;cycle-0184;cycle-0185;cycle-0188;cycle-0193;cycle-0194;cycle-0195;cycle-0196;cycle-0197;cycle-0198;cycle-0199;cycle-0203;cycle-0204;cycle-0208;cycle-0211;cycle-0213;cycle-0217;cycle-0218;cycle-0220;cycle-0223;cycle-0224;cycle-0225;cycle-0227;cycle-0232;cycle-0235;cycle-0238;cycle-0240;cycle-0241;cycle-0242,1,2207.600001,4671.704664
1,blocked,FoundationFL,none,0,0,0,1,-0.0234715698135,-0.02383564084275,-0.02284290411393421,0,0,-0.02456085373,844,66,1,0,0,0,0,0,0,1,0,0.5164102564102564,0.49846153846153846,0.49846153846153846,0.0,0.0,4;18;6;45;92;80;109;87;86;23;89;82;57;81;95;19;17;5;52;32;44;42;21;62;38;10;56;61;28;31,112;113;114;115;116;117;118;119;120;121;122;123;124;125;126;127;128;150;151;152;153;154;155;156;157;158;159;160;161;162,201;243;234;230;178;180;200;228;214;212;168;189;190;183;229;191;179;221;226;202;182;216;215;239;206;205;236;231;207;165;173;210;163;233;219;192;209;237;224;227;193;171;242;177;185;208;213;235;188;174;240;198;184;225;169;217;164;196;232;218;166;175;211;220;199;181;195;194;170;203;241;197;238;204;172;223,245;246;247;248;249;250;251;252;253;254;255;256;257;258;259;260;261;262;263;264,commit,-0.0234715698135,6cb8488168390c7630a14f241146fb4abe1d13682b1f82cd23741af8b280e725,1,1,1,1,1,1,1,1,1,1,1,3,3,1,1,9,2,1,cycle-0164;cycle-0166;cycle-0169;cycle-0170;cycle-0171;cycle-0172;cycle-0174;cycle-0175;cycle-0177;cycle-0181;cycle-0184;cycle-0185;cycle-0188;cycle-0193;cycle-0194;cycle-0195;cycle-0196;cycle-0197;cycle-0198;cycle-0199;cycle-0203;cycle-0204;cycle-0208;cycle-0211;cycle-0213;cycle-0217;cycle-0218;cycle-0220;cycle-0223;cycle-0224;cycle-0225;cycle-0227;cycle-0232;cycle-0235;cycle-0238;cycle-0240;cycle-0241;cycle-0242,1,2257.530858,4645.095921
1,blocked,FedAvg,sign_flip,0,0,0,1,-0.0028844228548157895,-0.00304710064065,-0.0028685524964078947,0,0,-0.0029080073824666666,844,66,1,0,0,0,0,0,0,1,0,0.5164102564102564,0.517948717948718,0.517948717948718,0.0,0.0,4;18;6;45;92;80;109;87;86;23;89;82;57;81;95;19;17;5;52;32;44;42;21;62;38;10;56;61;28;31,112;113;114;115;116;117;118;119;120;121;122;123;124;125;126;127;128;150;151;152;153;154;155;156;157;158;159;160;161;162,201;243;234;230;178;180;200;228;214;212;168;189;190;183;229;191;179;221;226;202;182;216;215;239;206;205;236;231;207;165;173;210;163;233;219;192;209;237;224;227;193;171;242;177;185;208;213;235;188;174;240;198;184;225;169;217;164;196;232;218;166;175;211;220;199;181;195;194;170;203;241;197;238;204;172;223,245;246;247;248;249;250;251;252;253;254;255;256;257;258;259;260;261;262;263;264,commit,-0.0028844228548157895,0a64d2c2ce18eeea884d640323d69c2ac48309b280d712c0fa3c788d66c39e4d,1,1,1,1,1,1,1,1,1,1,1,3,3,1,1,9,2,0,cycle-0163;cycle-0165;cycle-0168;cycle-0173;cycle-0178;cycle-0179;cycle-0180;cycle-0182;cycle-0183;cycle-0189;cycle-0190;cycle-0191;cycle-0192;cycle-0200;cycle-0201;cycle-0202;cycle-0205;cycle-0206;cycle-0207;cycle-0209;cycle-0210;cycle-0212;cycle-0214;cycle-0215;cycle-0216;cycle-0219;cycle-0221;cycle-0226;cycle-0228;cycle-0229;cycle-0230;cycle-0231;cycle-0233;cycle-0234;cycle-0236;cycle-0237;cycle-0239;cycle-0243,1,2388.891531,4974.505844
1,blocked,CoordinateMedian,sign_flip,0,0,0,0,0.005733947675447369,0.0067231271808,0.00589131863356579,0,0,0.005993133086266667,844,66,0,0,0,0,0,0,0,0,0,0.5164102564102564,0.5252136752136752,0.5164102564102564,-0.008803418803418839,0.0067231271808,4;18;6;45;92;80;109;87;86;23;89;82;57;81;95;19;17;5;52;32;44;42;21;62;38;10;56;61;28;31,112;113;114;115;116;117;118;119;120;121;122;123;124;125;126;127;128;150;151;152;153;154;155;156;157;158;159;160;161;162,201;243;234;230;178;180;200;228;214;212;168;189;190;183;229;191;179;221;226;202;182;216;215;239;206;205;236;231;207;165;173;210;163;233;219;192;209;237;224;227;193;171;242;177;185;208;213;235;188;174;240;198;184;225;169;217;164;196;232;218;166;175;211;220;199;181;195;194;170;203;241;197;238;204;172;223,245;246;247;248;249;250;251;252;253;254;255;256;257;258;259;260;261;262;263;264,reject,0.005733947675447369,3c0634dbe371d1098ad31e3d8160112b940738b8ef03d3ef3f6bc20327b4498c,1,1,1,0,0,1,1,1,1,1,1,3,3,1,1,9,2,0,cycle-0163;cycle-0165;cycle-0168;cycle-0173;cycle-0178;cycle-0179;cycle-0180;cycle-0182;cycle-0183;cycle-0189;cycle-0190;cycle-0191;cycle-0192;cycle-0200;cycle-0201;cycle-0202;cycle-0205;cycle-0206;cycle-0207;cycle-0209;cycle-0210;cycle-0212;cycle-0214;cycle-0215;cycle-0216;cycle-0219;cycle-0221;cycle-0226;cycle-0228;cycle-0229;cycle-0230;cycle-0231;cycle-0233;cycle-0234;cycle-0236;cycle-0237;cycle-0239;cycle-0243,1,2431.472974,4928.954767
1,blocked,Krum,sign_flip,0,0,0,0,0.06718039271555264,0.07138911355605,0.06513554319467105,0,0,0.0666691321838,844,66,0,0,0,1,0,0,0,0,0,0.5164102564102564,0.49376068376068377,0.5164102564102564,0.022649572649572625,0.07138911355605,4;18;6;45;92;80;109;87;86;23;89;82;57;81;95;19;17;5;52;32;44;42;21;62;38;10;56;61;28;31,112;113;114;115;116;117;118;119;120;121;122;123;124;125;126;127;128;150;151;152;153;154;155;156;157;158;159;160;161;162,201;243;234;230;178;180;200;228;214;212;168;189;190;183;229;191;179;221;226;202;182;216;215;239;206;205;236;231;207;165;173;210;163;233;219;192;209;237;224;227;193;171;242;177;185;208;213;235;188;174;240;198;184;225;169;217;164;196;232;218;166;175;211;220;199;181;195;194;170;203;241;197;238;204;172;223,245;246;247;248;249;250;251;252;253;254;255;256;257;258;259;260;261;262;263;264,reject,0.06718039271555264,933600342c3d7fb576f9ca9e2f9d654a24988fcaff51e4136323f1fd352063a4,1,1,1,0,0,1,1,1,1,1,1,3,3,1,1,9,2,1,cycle-0164;cycle-0166;cycle-0169;cycle-0170;cycle-0171;cycle-0172;cycle-0174;cycle-0175;cycle-0177;cycle-0181;cycle-0184;cycle-0185;cycle-0188;cycle-0193;cycle-0194;cycle-0195;cycle-0196;cycle-0197;cycle-0198;cycle-0199;cycle-0203;cycle-0204;cycle-0208;cycle-0211;cycle-0213;cycle-0217;cycle-0218;cycle-0220;cycle-0223;cycle-0224;cycle-0225;cycle-0227;cycle-0232;cycle-0235;cycle-0238;cycle-0240;cycle-0241;cycle-0242,1,2177.479123,4526.25579
1,blocked,FLTrust,sign_flip,0,0,0,0,0.34009238567810524,0.37213068786255,0.3482839656314737,0,0,0.3575364088946,844,66,0,0,0,1,1,0,0,0,0,0.5164102564102564,0.5007692307692307,0.5164102564102564,0.015641025641025652,0.37213068786255,4;18;6;45;92;80;109;87;86;23;89;82;57;81;95;19;17;5;52;32;44;42;21;62;38;10;56;61;28;31,112;113;114;115;116;117;118;119;120;121;122;123;124;125;126;127;128;150;151;152;153;154;155;156;157;158;159;160;161;162,201;243;234;230;178;180;200;228;214;212;168;189;190;183;229;191;179;221;226;202;182;216;215;239;206;205;236;231;207;165;173;210;163;233;219;192;209;237;224;227;193;171;242;177;185;208;213;235;188;174;240;198;184;225;169;217;164;196;232;218;166;175;211;220;199;181;195;194;170;203;241;197;238;204;172;223,245;246;247;248;249;250;251;252;253;254;255;256;257;258;259;260;261;262;263;264,reject,0.34009238567810524,69e9147cf5e90c57fd935c9b1bb2648bf71322e5fa0df8ad799ba7b3d60bd916,1,1,1,0,0,1,1,1,1,1,1,3,3,1,1,9,2,0,cycle-0163;cycle-0165;cycle-0168;cycle-0173;cycle-0178;cycle-0179;cycle-0180;cycle-0182;cycle-0183;cycle-0189;cycle-0190;cycle-0191;cycle-0192;cycle-0200;cycle-0201;cycle-0202;cycle-0205;cycle-0206;cycle-0207;cycle-0209;cycle-0210;cycle-0212;cycle-0214;cycle-0215;cycle-0216;cycle-0219;cycle-0221;cycle-0226;cycle-0228;cycle-0229;cycle-0230;cycle-0231;cycle-0233;cycle-0234;cycle-0236;cycle-0237;cycle-0239;cycle-0243,1,2521.212196,5072.922309
1,blocked,FedVal,sign_flip,0,0,0,0,0.04263633022986842,0.04472455545945,0.04129778345231579,0,0,0.0427975225703,844,66,0,0,0,0,0,0,0,0,0,0.5164102564102564,0.5217094017094017,0.5164102564102564,-0.005299145299145325,0.04472455545945,4;18;6;45;92;80;109;87;86;23;89;82;57;81;95;19;17;5;52;32;44;42;21;62;38;10;56;61;28;31,112;113;114;115;116;117;118;119;120;121;122;123;124;125;126;127;128;150;151;152;153;154;155;156;157;158;159;160;161;162,201;243;234;230;178;180;200;228;214;212;168;189;190;183;229;191;179;221;226;202;182;216;215;239;206;205;236;231;207;165;173;210;163;233;219;192;209;237;224;227;193;171;242;177;185;208;213;235;188;174;240;198;184;225;169;217;164;196;232;218;166;175;211;220;199;181;195;194;170;203;241;197;238;204;172;223,245;246;247;248;249;250;251;252;253;254;255;256;257;258;259;260;261;262;263;264,reject,0.04263633022986842,0c261f52a9a70ef1bd595b4c653a639edfed97231b05098fdac13180bead120f,1,1,1,0,0,1,1,1,1,1,1,3,3,1,1,9,2,1,cycle-0164;cycle-0166;cycle-0169;cycle-0170;cycle-0171;cycle-0172;cycle-0174;cycle-0175;cycle-0177;cycle-0181;cycle-0184;cycle-0185;cycle-0188;cycle-0193;cycle-0194;cycle-0195;cycle-0196;cycle-0197;cycle-0198;cycle-0199;cycle-0203;cycle-0204;cycle-0208;cycle-0211;cycle-0213;cycle-0217;cycle-0218;cycle-0220;cycle-0223;cycle-0224;cycle-0225;cycle-0227;cycle-0232;cycle-0235;cycle-0238;cycle-0240;cycle-0241;cycle-0242,1,2191.688159,4571.699038
1,blocked,FLShield,sign_flip,0,0,0,1,-0.0020803915701052634,-0.0019622009423,-0.0019747847045921054,0,0,-0.002459420750966667,844,66,1,0,0,0,0,0,0,1,0,0.5164102564102564,0.517948717948718,0.517948717948718,0.0,0.0,4;18;6;45;92;80;109;87;86;23;89;82;57;81;95;19;17;5;52;32;44;42;21;62;38;10;56;61;28;31,112;113;114;115;116;117;118;119;120;121;122;123;124;125;126;127;128;150;151;152;153;154;155;156;157;158;159;160;161;162,201;243;234;230;178;180;200;228;214;212;168;189;190;183;229;191;179;221;226;202;182;216;215;239;206;205;236;231;207;165;173;210;163;233;219;192;209;237;224;227;193;171;242;177;185;208;213;235;188;174;240;198;184;225;169;217;164;196;232;218;166;175;211;220;199;181;195;194;170;203;241;197;238;204;172;223,245;246;247;248;249;250;251;252;253;254;255;256;257;258;259;260;261;262;263;264,commit,-0.0020803915701052634,5dfdecfdd711efa02720b6316818d61c0bcebd280666d79fdd16a8013f5fc019,1,1,1,1,1,1,1,1,1,1,1,3,3,1,1,9,2,1,cycle-0164;cycle-0166;cycle-0169;cycle-0170;cycle-0171;cycle-0172;cycle-0174;cycle-0175;cycle-0177;cycle-0181;cycle-0184;cycle-0185;cycle-0188;cycle-0193;cycle-0194;cycle-0195;cycle-0196;cycle-0197;cycle-0198;cycle-0199;cycle-0203;cycle-0204;cycle-0208;cycle-0211;cycle-0213;cycle-0217;cycle-0218;cycle-0220;cycle-0223;cycle-0224;cycle-0225;cycle-0227;cycle-0232;cycle-0235;cycle-0238;cycle-0240;cycle-0241;cycle-0242,1,2226.326131,4617.499422
1,blocked,FoundationFL,sign_flip,0,0,0,0,0.0499301586296579,0.04799108635135,0.04799750214085526,0,0,0.051778926795033334,844,66,0,0,0,0,0,0,0,0,0,0.5164102564102564,0.5845299145299145,0.5164102564102564,-0.06811965811965814,0.04799108635135,4;18;6;45;92;80;109;87;86;23;89;82;57;81;95;19;17;5;52;32;44;42;21;62;38;10;56;61;28;31,112;113;114;115;116;117;118;119;120;121;122;123;124;125;126;127;128;150;151;152;153;154;155;156;157;158;159;160;161;162,201;243;234;230;178;180;200;228;214;212;168;189;190;183;229;191;179;221;226;202;182;216;215;239;206;205;236;231;207;165;173;210;163;233;219;192;209;237;224;227;193;171;242;177;185;208;213;235;188;174;240;198;184;225;169;217;164;196;232;218;166;175;211;220;199;181;195;194;170;203;241;197;238;204;172;223,245;246;247;248;249;250;251;252;253;254;255;256;257;258;259;260;261;262;263;264,reject,0.0499301586296579,cf7df96a77011c130b12695f5a69c85231833e7fe623c9f72cbd273280c65e43,1,1,1,0,0,1,1,1,1,1,1,3,3,1,1,9,2,1,cycle-0164;cycle-0166;cycle-0169;cycle-0170;cycle-0171;cycle-0172;cycle-0174;cycle-0175;cycle-0177;cycle-0181;cycle-0184;cycle-0185;cycle-0188;cycle-0193;cycle-0194;cycle-0195;cycle-0196;cycle-0197;cycle-0198;cycle-0199;cycle-0203;cycle-0204;cycle-0208;cycle-0211;cycle-0213;cycle-0217;cycle-0218;cycle-0220;cycle-0223;cycle-0224;cycle-0225;cycle-0227;cycle-0232;cycle-0235;cycle-0238;cycle-0240;cycle-0241;cycle-0242,1,2116.930661,4569.033382
1,blocked,FedAvg,model_replacement,0,0,0,0,0.28214061594286843,0.31035056130415,0.2914152340872237,0,0,0.3314497545032,844,66,0,0,0,1,0,0,0,0,0,0.5164102564102564,0.5053846153846154,0.5164102564102564,0.011025641025640964,0.31035056130415,4;18;6;45;92;80;109;87;86;23;89;82;57;81;95;19;17;5;52;32;44;42;21;62;38;10;56;61;28;31,112;113;114;115;116;117;118;119;120;121;122;123;124;125;126;127;128;150;151;152;153;154;155;156;157;158;159;160;161;162,201;243;234;230;178;180;200;228;214;212;168;189;190;183;229;191;179;221;226;202;182;216;215;239;206;205;236;231;207;165;173;210;163;233;219;192;209;237;224;227;193;171;242;177;185;208;213;235;188;174;240;198;184;225;169;217;164;196;232;218;166;175;211;220;199;181;195;194;170;203;241;197;238;204;172;223,245;246;247;248;249;250;251;252;253;254;255;256;257;258;259;260;261;262;263;264,reject,0.28214061594286843,ffbd01b32fc454fc02ea5e312b32a6fd2f3b19f7d28f7d824717964b44c909eb,1,1,1,0,0,1,1,1,1,1,1,3,3,1,1,9,2,0,cycle-0163;cycle-0165;cycle-0168;cycle-0173;cycle-0178;cycle-0179;cycle-0180;cycle-0182;cycle-0183;cycle-0189;cycle-0190;cycle-0191;cycle-0192;cycle-0200;cycle-0201;cycle-0202;cycle-0205;cycle-0206;cycle-0207;cycle-0209;cycle-0210;cycle-0212;cycle-0214;cycle-0215;cycle-0216;cycle-0219;cycle-0221;cycle-0226;cycle-0228;cycle-0229;cycle-0230;cycle-0231;cycle-0233;cycle-0234;cycle-0236;cycle-0237;cycle-0239;cycle-0243,1,2454.839577,4927.086413
1,blocked,CoordinateMedian,model_replacement,0,0,0,0,0.06406648035626315,0.07245821933765,0.06596257184497369,0,0,0.0679783133426,844,66,0,0,0,1,0,0,0,0,0,0.5164102564102564,0.49452991452991457,0.5164102564102564,0.021880341880341825,0.07245821933765,4;18;6;45;92;80;109;87;86;23;89;82;57;81;95;19;17;5;52;32;44;42;21;62;38;10;56;61;28;31,112;113;114;115;116;117;118;119;120;121;122;123;124;125;126;127;128;150;151;152;153;154;155;156;157;158;159;160;161;162,201;243;234;230;178;180;200;228;214;212;168;189;190;183;229;191;179;221;226;202;182;216;215;239;206;205;236;231;207;165;173;210;163;233;219;192;209;237;224;227;193;171;242;177;185;208;213;235;188;174;240;198;184;225;169;217;164;196;232;218;166;175;211;220;199;181;195;194;170;203;241;197;238;204;172;223,245;246;247;248;249;250;251;252;253;254;255;256;257;258;259;260;261;262;263;264,reject,0.06406648035626315,24ad7917ae530f2d8de5dda1f90e293a7eccb98eea98fc61f2a331bc379f104b,1,1,1,0,0,1,1,1,1,1,1,3,3,1,1,9,2,0,cycle-0163;cycle-0165;cycle-0168;cycle-0173;cycle-0178;cycle-0179;cycle-0180;cycle-0182;cycle-0183;cycle-0189;cycle-0190;cycle-0191;cycle-0192;cycle-0200;cycle-0201;cycle-0202;cycle-0205;cycle-0206;cycle-0207;cycle-0209;cycle-0210;cycle-0212;cycle-0214;cycle-0215;cycle-0216;cycle-0219;cycle-0221;cycle-0226;cycle-0228;cycle-0229;cycle-0230;cycle-0231;cycle-0233;cycle-0234;cycle-0236;cycle-0237;cycle-0239;cycle-0243,1,2379.997341,4791.862944
1,blocked,Krum,model_replacement,0,0,0,0,0.017478898721315788,0.0197524802214,0.017951596289907893,0,0,0.017748958440033335,844,66,0,0,0,0,0,0,0,0,0,0.5164102564102564,0.5385470085470085,0.5164102564102564,-0.022136752136752147,0.0197524802214,4;18;6;45;92;80;109;87;86;23;89;82;57;81;95;19;17;5;52;32;44;42;21;62;38;10;56;61;28;31,112;113;114;115;116;117;118;119;120;121;122;123;124;125;126;127;128;150;151;152;153;154;155;156;157;158;159;160;161;162,201;243;234;230;178;180;200;228;214;212;168;189;190;183;229;191;179;221;226;202;182;216;215;239;206;205;236;231;207;165;173;210;163;233;219;192;209;237;224;227;193;171;242;177;185;208;213;235;188;174;240;198;184;225;169;217;164;196;232;218;166;175;211;220;199;181;195;194;170;203;241;197;238;204;172;223,245;246;247;248;249;250;251;252;253;254;255;256;257;258;259;260;261;262;263;264,reject,0.017478898721315788,06f55d9d664d5eb180c875000c8eac99d34166f696e9b6621e1466b1da339249,1,1,1,0,0,1,1,1,1,1,1,3,3,1,1,9,2,0,cycle-0163;cycle-0165;cycle-0168;cycle-0173;cycle-0178;cycle-0179;cycle-0180;cycle-0182;cycle-0183;cycle-0189;cycle-0190;cycle-0191;cycle-0192;cycle-0200;cycle-0201;cycle-0202;cycle-0205;cycle-0206;cycle-0207;cycle-0209;cycle-0210;cycle-0212;cycle-0214;cycle-0215;cycle-0216;cycle-0219;cycle-0221;cycle-0226;cycle-0228;cycle-0229;cycle-0230;cycle-0231;cycle-0233;cycle-0234;cycle-0236;cycle-0237;cycle-0239;cycle-0243,1,2429.584927,4934.376396
1,blocked,FLTrust,model_replacement,0,0,0,0,0.35325930295226315,0.36909789752975,0.34518207712889476,0,0,0.35467162192536666,844,66,0,0,0,1,1,0,0,0,0,0.5164102564102564,0.5007692307692307,0.5164102564102564,0.015641025641025652,0.36909789752975,4;18;6;45;92;80;109;87;86;23;89;82;57;81;95;19;17;5;52;32;44;42;21;62;38;10;56;61;28;31,112;113;114;115;116;117;118;119;120;121;122;123;124;125;126;127;128;150;151;152;153;154;155;156;157;158;159;160;161;162,201;243;234;230;178;180;200;228;214;212;168;189;190;183;229;191;179;221;226;202;182;216;215;239;206;205;236;231;207;165;173;210;163;233;219;192;209;237;224;227;193;171;242;177;185;208;213;235;188;174;240;198;184;225;169;217;164;196;232;218;166;175;211;220;199;181;195;194;170;203;241;197;238;204;172;223,245;246;247;248;249;250;251;252;253;254;255;256;257;258;259;260;261;262;263;264,reject,0.35325930295226315,bf3be4d806105ad9dfeec9846d270556c85b84bc626b2b769374fd65696d078a,1,1,1,0,0,1,1,1,1,1,1,3,3,1,1,9,2,1,cycle-0164;cycle-0166;cycle-0169;cycle-0170;cycle-0171;cycle-0172;cycle-0174;cycle-0175;cycle-0177;cycle-0181;cycle-0184;cycle-0185;cycle-0188;cycle-0193;cycle-0194;cycle-0195;cycle-0196;cycle-0197;cycle-0198;cycle-0199;cycle-0203;cycle-0204;cycle-0208;cycle-0211;cycle-0213;cycle-0217;cycle-0218;cycle-0220;cycle-0223;cycle-0224;cycle-0225;cycle-0227;cycle-0232;cycle-0235;cycle-0238;cycle-0240;cycle-0241;cycle-0242,1,2283.908355,4694.773272
1,blocked,FedVal,model_replacement,0,0,0,0,0.0774188359548421,0.0805227095848,0.07419497157767105,0,0,0.08844572925266667,844,66,0,0,0,1,0,0,0,0,0,0.5164102564102564,0.46153846153846156,0.5164102564102564,0.05487179487179483,0.0805227095848,4;18;6;45;92;80;109;87;86;23;89;82;57;81;95;19;17;5;52;32;44;42;21;62;38;10;56;61;28;31,112;113;114;115;116;117;118;119;120;121;122;123;124;125;126;127;128;150;151;152;153;154;155;156;157;158;159;160;161;162,201;243;234;230;178;180;200;228;214;212;168;189;190;183;229;191;179;221;226;202;182;216;215;239;206;205;236;231;207;165;173;210;163;233;219;192;209;237;224;227;193;171;242;177;185;208;213;235;188;174;240;198;184;225;169;217;164;196;232;218;166;175;211;220;199;181;195;194;170;203;241;197;238;204;172;223,245;246;247;248;249;250;251;252;253;254;255;256;257;258;259;260;261;262;263;264,reject,0.0774188359548421,e0519dc144731e6c91e81ffaa7143b8f0b9516e30023908eed9c5b5f7f8880b9,1,1,1,0,0,1,1,1,1,1,1,3,3,1,1,9,2,1,cycle-0164;cycle-0166;cycle-0169;cycle-0170;cycle-0171;cycle-0172;cycle-0174;cycle-0175;cycle-0177;cycle-0181;cycle-0184;cycle-0185;cycle-0188;cycle-0193;cycle-0194;cycle-0195;cycle-0196;cycle-0197;cycle-0198;cycle-0199;cycle-0203;cycle-0204;cycle-0208;cycle-0211;cycle-0213;cycle-0217;cycle-0218;cycle-0220;cycle-0223;cycle-0224;cycle-0225;cycle-0227;cycle-0232;cycle-0235;cycle-0238;cycle-0240;cycle-0241;cycle-0242,1,2119.736644,4466.898751
1,blocked,FLShield,model_replacement,0,0,0,0,0.03477581587694737,0.0370277522794,0.033804556966026314,0,0,0.034762631613833334,844,66,0,0,0,0,0,0,0,0,0,0.5164102564102564,0.5682905982905984,0.5164102564102564,-0.05188034188034196,0.0370277522794,4;18;6;45;92;80;109;87;86;23;89;82;57;81;95;19;17;5;52;32;44;42;21;62;38;10;56;61;28;31,112;113;114;115;116;117;118;119;120;121;122;123;124;125;126;127;128;150;151;152;153;154;155;156;157;158;159;160;161;162,201;243;234;230;178;180;200;228;214;212;168;189;190;183;229;191;179;221;226;202;182;216;215;239;206;205;236;231;207;165;173;210;163;233;219;192;209;237;224;227;193;171;242;177;185;208;213;235;188;174;240;198;184;225;169;217;164;196;232;218;166;175;211;220;199;181;195;194;170;203;241;197;238;204;172;223,245;246;247;248;249;250;251;252;253;254;255;256;257;258;259;260;261;262;263;264,reject,0.03477581587694737,00d58e7d40b8e92dfae70de0d9e00b5c0e987b49365a3baf19005f4f6ffc1197,1,1,1,0,0,1,1,1,1,1,1,3,3,1,1,9,2,1,cycle-0164;cycle-0166;cycle-0169;cycle-0170;cycle-0171;cycle-0172;cycle-0174;cycle-0175;cycle-0177;cycle-0181;cycle-0184;cycle-0185;cycle-0188;cycle-0193;cycle-0194;cycle-0195;cycle-0196;cycle-0197;cycle-0198;cycle-0199;cycle-0203;cycle-0204;cycle-0208;cycle-0211;cycle-0213;cycle-0217;cycle-0218;cycle-0220;cycle-0223;cycle-0224;cycle-0225;cycle-0227;cycle-0232;cycle-0235;cycle-0238;cycle-0240;cycle-0241;cycle-0242,1,2140.586968,4648.35038
1,blocked,FoundationFL,model_replacement,0,0,0,0,0.062226579988236844,0.07232641233335,0.0666664443935,0,0,0.1131738615362,844,66,0,0,0,1,0,0,0,0,0,0.5164102564102564,0.5032478632478632,0.5164102564102564,0.013162393162393204,0.07232641233335,4;18;6;45;92;80;109;87;86;23;89;82;57;81;95;19;17;5;52;32;44;42;21;62;38;10;56;61;28;31,112;113;114;115;116;117;118;119;120;121;122;123;124;125;126;127;128;150;151;152;153;154;155;156;157;158;159;160;161;162,201;243;234;230;178;180;200;228;214;212;168;189;190;183;229;191;179;221;226;202;182;216;215;239;206;205;236;231;207;165;173;210;163;233;219;192;209;237;224;227;193;171;242;177;185;208;213;235;188;174;240;198;184;225;169;217;164;196;232;218;166;175;211;220;199;181;195;194;170;203;241;197;238;204;172;223,245;246;247;248;249;250;251;252;253;254;255;256;257;258;259;260;261;262;263;264,reject,0.062226579988236844,6f62d2678dd5221f20c4effea794566ce9269d84c08772ebf6d3a3174e83d95b,1,1,1,0,0,1,1,1,1,1,1,3,3,1,1,9,2,0,cycle-0163;cycle-0165;cycle-0168;cycle-0173;cycle-0178;cycle-0179;cycle-0180;cycle-0182;cycle-0183;cycle-0189;cycle-0190;cycle-0191;cycle-0192;cycle-0200;cycle-0201;cycle-0202;cycle-0205;cycle-0206;cycle-0207;cycle-0209;cycle-0210;cycle-0212;cycle-0214;cycle-0215;cycle-0216;cycle-0219;cycle-0221;cycle-0226;cycle-0228;cycle-0229;cycle-0230;cycle-0231;cycle-0233;cycle-0234;cycle-0236;cycle-0237;cycle-0239;cycle-0243,1,2489.978443,4939.561876
1,blocked,FedAvg,score_aware,64,16,1,1,-0.1192019331131579,-0.12373115792435,-0.10871804608796053,0,0,-0.14118040462246667,844,66,1,0,0,0,0,0,0,1,0,0.5164102564102564,0.5,0.5,0.0,0.0,4;18;6;45;92;80;109;87;86;23;89;82;57;81;95;19;17;5;52;32;44;42;21;62;38;10;56;61;28;31,112;113;114;115;116;117;118;119;120;121;122;123;124;125;126;127;128;150;151;152;153;154;155;156;157;158;159;160;161;162,201;243;234;230;178;180;200;228;214;212;168;189;190;183;229;191;179;221;226;202;182;216;215;239;206;205;236;231;207;165;173;210;163;233;219;192;209;237;224;227;193;171;242;177;185;208;213;235;188;174;240;198;184;225;169;217;164;196;232;218;166;175;211;220;199;181;195;194;170;203;241;197;238;204;172;223,245;246;247;248;249;250;251;252;253;254;255;256;257;258;259;260;261;262;263;264,commit,-0.1192019331131579,9371dfbe76a71f5d3fc85c84989734f094fbcfe0f7e509fccbf9a544ffa92148,1,1,1,1,1,1,1,1,1,1,1,3,3,1,1,9,2,1,cycle-0164;cycle-0166;cycle-0169;cycle-0170;cycle-0171;cycle-0172;cycle-0174;cycle-0175;cycle-0177;cycle-0181;cycle-0184;cycle-0185;cycle-0188;cycle-0193;cycle-0194;cycle-0195;cycle-0196;cycle-0197;cycle-0198;cycle-0199;cycle-0203;cycle-0204;cycle-0208;cycle-0211;cycle-0213;cycle-0217;cycle-0218;cycle-0220;cycle-0223;cycle-0224;cycle-0225;cycle-0227;cycle-0232;cycle-0235;cycle-0238;cycle-0240;cycle-0241;cycle-0242,1,2273.877396,4652.205191
1,blocked,FLTrust,score_aware,64,33,0,0,0.3259899176238421,0.35744005378305,0.33402187678155265,0,0,0.34345405552636665,844,66,0,0,0,1,1,0,0,0,0,0.5164102564102564,0.5007692307692307,0.5164102564102564,0.015641025641025652,0.35744005378305,4;18;6;45;92;80;109;87;86;23;89;82;57;81;95;19;17;5;52;32;44;42;21;62;38;10;56;61;28;31,112;113;114;115;116;117;118;119;120;121;122;123;124;125;126;127;128;150;151;152;153;154;155;156;157;158;159;160;161;162,201;243;234;230;178;180;200;228;214;212;168;189;190;183;229;191;179;221;226;202;182;216;215;239;206;205;236;231;207;165;173;210;163;233;219;192;209;237;224;227;193;171;242;177;185;208;213;235;188;174;240;198;184;225;169;217;164;196;232;218;166;175;211;220;199;181;195;194;170;203;241;197;238;204;172;223,245;246;247;248;249;250;251;252;253;254;255;256;257;258;259;260;261;262;263;264,reject,0.3259899176238421,26ccc291b7f21cc2fa79fd54e2d6d31551b0f6f646d9aa1416e8f258a3737ac3,1,1,1,0,0,1,1,1,1,1,1,3,3,1,1,9,2,0,cycle-0163;cycle-0165;cycle-0168;cycle-0173;cycle-0178;cycle-0179;cycle-0180;cycle-0182;cycle-0183;cycle-0189;cycle-0190;cycle-0191;cycle-0192;cycle-0200;cycle-0201;cycle-0202;cycle-0205;cycle-0206;cycle-0207;cycle-0209;cycle-0210;cycle-0212;cycle-0214;cycle-0215;cycle-0216;cycle-0219;cycle-0221;cycle-0226;cycle-0228;cycle-0229;cycle-0230;cycle-0231;cycle-0233;cycle-0234;cycle-0236;cycle-0237;cycle-0239;cycle-0243,1,2481.991261,5105.718704
1,blocked,FoundationFL,score_aware,64,16,1,1,-0.11920137524231579,-0.1237304801729,-0.10871735751686842,0,0,-0.14117953470426667,844,66,1,0,0,0,0,0,0,1,0,0.5164102564102564,0.5,0.5,0.0,0.0,4;18;6;45;92;80;109;87;86;23;89;82;57;81;95;19;17;5;52;32;44;42;21;62;38;10;56;61;28;31,112;113;114;115;116;117;118;119;120;121;122;123;124;125;126;127;128;150;151;152;153;154;155;156;157;158;159;160;161;162,201;243;234;230;178;180;200;228;214;212;168;189;190;183;229;191;179;221;226;202;182;216;215;239;206;205;236;231;207;165;173;210;163;233;219;192;209;237;224;227;193;171;242;177;185;208;213;235;188;174;240;198;184;225;169;217;164;196;232;218;166;175;211;220;199;181;195;194;170;203;241;197;238;204;172;223,245;246;247;248;249;250;251;252;253;254;255;256;257;258;259;260;261;262;263;264,commit,-0.11920137524231579,5884bfbe8c548699184978fab3fcc40c6bcfc7b3175e6d116f45bea22d4bddc7,1,1,1,1,1,1,1,1,1,1,1,3,3,1,1,9,2,1,cycle-0164;cycle-0166;cycle-0169;cycle-0170;cycle-0171;cycle-0172;cycle-0174;cycle-0175;cycle-0177;cycle-0181;cycle-0184;cycle-0185;cycle-0188;cycle-0193;cycle-0194;cycle-0195;cycle-0196;cycle-0197;cycle-0198;cycle-0199;cycle-0203;cycle-0204;cycle-0208;cycle-0211;cycle-0213;cycle-0217;cycle-0218;cycle-0220;cycle-0223;cycle-0224;cycle-0225;cycle-0227;cycle-0232;cycle-0235;cycle-0238;cycle-0240;cycle-0241;cycle-0242,1,2294.09392,4707.272453
2,blocked,FedAvg,none,0,0,0,1,-0.05855655657526316,-0.0613121548113,-0.057871767360289476,0,0,-0.06090971394906667,844,66,1,0,0,0,0,0,0,1,0,0.6132478632478633,0.512991452991453,0.512991452991453,0.0,0.0,12;24;5;47;15;25;23;50;82;77;73;7;98;110;78;30;6;91;97;10;70;41;102;34;111;20;38;64;94;59,112;113;114;115;116;117;118;119;120;121;122;123;124;125;126;127;128;150;151;152;153;154;155;156;157;158;159;160;161;162,201;175;236;202;164;194;231;224;233;234;197;190;171;169;183;230;242;222;163;210;223;196;203;176;214;239;227;221;182;166;198;177;220;199;192;170;191;204;212;168;189;174;181;184;186;195;178;225;237;216;207;243;208;215;209;167;165;205;232;211;219;229;173;179;193;235;206;200;188;217;240;228;218;238;226;213,245;246;247;248;249;250;251;252;253;254;255;256;257;258;259;260;261;262;263;264,commit,-0.05855655657526316,101188523db4802c68a9f1c619f3dc63274a8dff8427746d435d37db0619848e,1,2,2,1,1,1,1,1,1,1,1,3,3,1,1,9,2,0,cycle-0163;cycle-0164;cycle-0166;cycle-0169;cycle-0170;cycle-0171;cycle-0175;cycle-0176;cycle-0177;cycle-0182;cycle-0183;cycle-0190;cycle-0191;cycle-0192;cycle-0194;cycle-0196;cycle-0197;cycle-0198;cycle-0199;cycle-0201;cycle-0202;cycle-0203;cycle-0204;cycle-0210;cycle-0214;cycle-0220;cycle-0221;cycle-0222;cycle-0223;cycle-0224;cycle-0227;cycle-0230;cycle-0231;cycle-0233;cycle-0234;cycle-0236;cycle-0239;cycle-0242,1,2457.685333,6026.955892
2,blocked,CoordinateMedian,none,0,0,0,1,-0.04982201475255263,-0.05311076863005,-0.05042699505317105,0,0,-0.0532193965011,844,66,1,0,0,0,0,0,0,1,0,0.6132478632478633,0.5099145299145299,0.5099145299145299,0.0,0.0,12;24;5;47;15;25;23;50;82;77;73;7;98;110;78;30;6;91;97;10;70;41;102;34;111;20;38;64;94;59,112;113;114;115;116;117;118;119;120;121;122;123;124;125;126;127;128;150;151;152;153;154;155;156;157;158;159;160;161;162,201;175;236;202;164;194;231;224;233;234;197;190;171;169;183;230;242;222;163;210;223;196;203;176;214;239;227;221;182;166;198;177;220;199;192;170;191;204;212;168;189;174;181;184;186;195;178;225;237;216;207;243;208;215;209;167;165;205;232;211;219;229;173;179;193;235;206;200;188;217;240;228;218;238;226;213,245;246;247;248;249;250;251;252;253;254;255;256;257;258;259;260;261;262;263;264,commit,-0.04982201475255263,c0e33c362545e32fc9aa257184bdd64a6fa37bbc9ceb34e1c6cf4d83549c1781,1,1,1,1,1,1,1,1,1,1,1,3,3,1,1,9,2,1,cycle-0165;cycle-0167;cycle-0168;cycle-0173;cycle-0174;cycle-0178;cycle-0179;cycle-0181;cycle-0184;cycle-0186;cycle-0188;cycle-0189;cycle-0193;cycle-0195;cycle-0200;cycle-0205;cycle-0206;cycle-0207;cycle-0208;cycle-0209;cycle-0211;cycle-0212;cycle-0213;cycle-0215;cycle-0216;cycle-0217;cycle-0218;cycle-0219;cycle-0225;cycle-0226;cycle-0228;cycle-0229;cycle-0232;cycle-0235;cycle-0237;cycle-0238;cycle-0240;cycle-0243,1,2068.319785,4392.456758
2,blocked,Krum,none,0,0,0,1,-0.009638783275078947,-0.0091696429595,-0.009764607273210527,0,0,-0.0112119195997,844,66,1,0,0,0,0,0,0,1,0,0.6132478632478633,0.5495726495726496,0.5495726495726496,0.0,0.0,12;24;5;47;15;25;23;50;82;77;73;7;98;110;78;30;6;91;97;10;70;41;102;34;111;20;38;64;94;59,112;113;114;115;116;117;118;119;120;121;122;123;124;125;126;127;128;150;151;152;153;154;155;156;157;158;159;160;161;162,201;175;236;202;164;194;231;224;233;234;197;190;171;169;183;230;242;222;163;210;223;196;203;176;214;239;227;221;182;166;198;177;220;199;192;170;191;204;212;168;189;174;181;184;186;195;178;225;237;216;207;243;208;215;209;167;165;205;232;211;219;229;173;179;193;235;206;200;188;217;240;228;218;238;226;213,245;246;247;248;249;250;251;252;253;254;255;256;257;258;259;260;261;262;263;264,commit,-0.009638783275078947,d48336daa7e4585c41578864e8145edb09aa6c8367798cfa70c7e81878376af5,1,1,1,1,1,1,1,1,1,1,1,3,3,1,1,9,2,1,cycle-0165;cycle-0167;cycle-0168;cycle-0173;cycle-0174;cycle-0178;cycle-0179;cycle-0181;cycle-0184;cycle-0186;cycle-0188;cycle-0189;cycle-0193;cycle-0195;cycle-0200;cycle-0205;cycle-0206;cycle-0207;cycle-0208;cycle-0209;cycle-0211;cycle-0212;cycle-0213;cycle-0215;cycle-0216;cycle-0217;cycle-0218;cycle-0219;cycle-0225;cycle-0226;cycle-0228;cycle-0229;cycle-0232;cycle-0235;cycle-0237;cycle-0238;cycle-0240;cycle-0243,1,2009.294548,4311.329205
2,blocked,FLTrust,none,0,0,0,0,0.3326845549839474,0.35105377335345,0.33046589741182897,0,0,0.33688688199253336,844,66,0,0,0,1,1,0,0,0,0,0.6132478632478633,0.5,0.6132478632478633,0.11324786324786329,0.35105377335345,12;24;5;47;15;25;23;50;82;77;73;7;98;110;78;30;6;91;97;10;70;41;102;34;111;20;38;64;94;59,112;113;114;115;116;117;118;119;120;121;122;123;124;125;126;127;128;150;151;152;153;154;155;156;157;158;159;160;161;162,201;175;236;202;164;194;231;224;233;234;197;190;171;169;183;230;242;222;163;210;223;196;203;176;214;239;227;221;182;166;198;177;220;199;192;170;191;204;212;168;189;174;181;184;186;195;178;225;237;216;207;243;208;215;209;167;165;205;232;211;219;229;173;179;193;235;206;200;188;217;240;228;218;238;226;213,245;246;247;248;249;250;251;252;253;254;255;256;257;258;259;260;261;262;263;264,reject,0.3326845549839474,d001211a947f9af25000427e4e86cd390b900639ced6bebe745398dc81f52a97,1,1,1,0,0,1,1,1,1,1,1,3,3,1,1,9,2,0,cycle-0163;cycle-0164;cycle-0166;cycle-0169;cycle-0170;cycle-0171;cycle-0175;cycle-0176;cycle-0177;cycle-0182;cycle-0183;cycle-0190;cycle-0191;cycle-0192;cycle-0194;cycle-0196;cycle-0197;cycle-0198;cycle-0199;cycle-0201;cycle-0202;cycle-0203;cycle-0204;cycle-0210;cycle-0214;cycle-0220;cycle-0221;cycle-0222;cycle-0223;cycle-0224;cycle-0227;cycle-0230;cycle-0231;cycle-0233;cycle-0234;cycle-0236;cycle-0239;cycle-0242,1,2426.410236,5006.970446
2,blocked,FedVal,none,0,0,0,1,-0.0020019916265789474,-0.0014946843865,-0.001957018939486842,0,0,-0.0027388017561666665,844,66,1,0,0,0,0,0,0,1,0,0.6132478632478633,0.5646153846153846,0.5646153846153846,0.0,0.0,12;24;5;47;15;25;23;50;82;77;73;7;98;110;78;30;6;91;97;10;70;41;102;34;111;20;38;64;94;59,112;113;114;115;116;117;118;119;120;121;122;123;124;125;126;127;128;150;151;152;153;154;155;156;157;158;159;160;161;162,201;175;236;202;164;194;231;224;233;234;197;190;171;169;183;230;242;222;163;210;223;196;203;176;214;239;227;221;182;166;198;177;220;199;192;170;191;204;212;168;189;174;181;184;186;195;178;225;237;216;207;243;208;215;209;167;165;205;232;211;219;229;173;179;193;235;206;200;188;217;240;228;218;238;226;213,245;246;247;248;249;250;251;252;253;254;255;256;257;258;259;260;261;262;263;264,commit,-0.0020019916265789474,75e5e499a38e31dc3eb5ad190bd4e9d509406c7f21a2594adcb3f00bc6a98b99,1,1,1,1,1,1,1,1,1,1,1,3,3,1,1,9,2,1,cycle-0165;cycle-0167;cycle-0168;cycle-0173;cycle-0174;cycle-0178;cycle-0179;cycle-0181;cycle-0184;cycle-0186;cycle-0188;cycle-0189;cycle-0193;cycle-0195;cycle-0200;cycle-0205;cycle-0206;cycle-0207;cycle-0208;cycle-0209;cycle-0211;cycle-0212;cycle-0213;cycle-0215;cycle-0216;cycle-0217;cycle-0218;cycle-0219;cycle-0225;cycle-0226;cycle-0228;cycle-0229;cycle-0232;cycle-0235;cycle-0237;cycle-0238;cycle-0240;cycle-0243,1,2022.701353,4288.954624
2,blocked,FLShield,none,0,0,0,1,-0.12824794794636843,-0.1343312163388,-0.12620157217407896,0,0,-0.1356345894826,844,66,1,0,0,0,0,0,0,1,0,0.6132478632478633,0.5,0.5,0.0,0.0,12;24;5;47;15;25;23;50;82;77;73;7;98;110;78;30;6;91;97;10;70;41;102;34;111;20;38;64;94;59,112;113;114;115;116;117;118;119;120;121;122;123;124;125;126;127;128;150;151;152;153;154;155;156;157;158;159;160;161;162,201;175;236;202;164;194;231;224;233;234;197;190;171;169;183;230;242;222;163;210;223;196;203;176;214;239;227;221;182;166;198;177;220;199;192;170;191;204;212;168;189;174;181;184;186;195;178;225;237;216;207;243;208;215;209;167;165;205;232;211;219;229;173;179;193;235;206;200;188;217;240;228;218;238;226;213,245;246;247;248;249;250;251;252;253;254;255;256;257;258;259;260;261;262;263;264,commit,-0.12824794794636843,199c33f3c28294a3fe17cc5b2dd2845df08d5d14742be4da07fbb4d0216229dd,1,1,1,1,1,1,1,1,1,1,1,3,3,1,1,9,2,0,cycle-0163;cycle-0164;cycle-0166;cycle-0169;cycle-0170;cycle-0171;cycle-0175;cycle-0176;cycle-0177;cycle-0182;cycle-0183;cycle-0190;cycle-0191;cycle-0192;cycle-0194;cycle-0196;cycle-0197;cycle-0198;cycle-0199;cycle-0201;cycle-0202;cycle-0203;cycle-0204;cycle-0210;cycle-0214;cycle-0220;cycle-0221;cycle-0222;cycle-0223;cycle-0224;cycle-0227;cycle-0230;cycle-0231;cycle-0233;cycle-0234;cycle-0236;cycle-0239;cycle-0242,1,2435.281183,4913.198923
2,blocked,FoundationFL,none,0,0,0,1,-0.06676665896178947,-0.07117422082475,-0.06758676345885527,0,0,-0.07131863482616667,844,66,1,0,0,0,0,0,0,1,0,0.6132478632478633,0.4976923076923077,0.4976923076923077,0.0,0.0,12;24;5;47;15;25;23;50;82;77;73;7;98;110;78;30;6;91;97;10;70;41;102;34;111;20;38;64;94;59,112;113;114;115;116;117;118;119;120;121;122;123;124;125;126;127;128;150;151;152;153;154;155;156;157;158;159;160;161;162,201;175;236;202;164;194;231;224;233;234;197;190;171;169;183;230;242;222;163;210;223;196;203;176;214;239;227;221;182;166;198;177;220;199;192;170;191;204;212;168;189;174;181;184;186;195;178;225;237;216;207;243;208;215;209;167;165;205;232;211;219;229;173;179;193;235;206;200;188;217;240;228;218;238;226;213,245;246;247;248;249;250;251;252;253;254;255;256;257;258;259;260;261;262;263;264,commit,-0.06676665896178947,9fe1372d80c46ab238c9f0a51a2f70d84123a9fd721e2f35773f0e66620b3b98,1,1,1,1,1,1,1,1,1,1,1,3,3,1,1,9,2,1,cycle-0165;cycle-0167;cycle-0168;cycle-0173;cycle-0174;cycle-0178;cycle-0179;cycle-0181;cycle-0184;cycle-0186;cycle-0188;cycle-0189;cycle-0193;cycle-0195;cycle-0200;cycle-0205;cycle-0206;cycle-0207;cycle-0208;cycle-0209;cycle-0211;cycle-0212;cycle-0213;cycle-0215;cycle-0216;cycle-0217;cycle-0218;cycle-0219;cycle-0225;cycle-0226;cycle-0228;cycle-0229;cycle-0232;cycle-0235;cycle-0237;cycle-0238;cycle-0240;cycle-0243,1,2027.590833,4417.547451
2,blocked,FedAvg,sign_flip,0,0,0,1,-0.09833687624907894,-0.10235308621405,-0.09680128831652632,0,0,-0.10183891214653333,844,66,1,0,0,0,0,0,0,1,0,0.6132478632478633,0.5,0.5,0.0,0.0,12;24;5;47;15;25;23;50;82;77;73;7;98;110;78;30;6;91;97;10;70;41;102;34;111;20;38;64;94;59,112;113;114;115;116;117;118;119;120;121;122;123;124;125;126;127;128;150;151;152;153;154;155;156;157;158;159;160;161;162,201;175;236;202;164;194;231;224;233;234;197;190;171;169;183;230;242;222;163;210;223;196;203;176;214;239;227;221;182;166;198;177;220;199;192;170;191;204;212;168;189;174;181;184;186;195;178;225;237;216;207;243;208;215;209;167;165;205;232;211;219;229;173;179;193;235;206;200;188;217;240;228;218;238;226;213,245;246;247;248;249;250;251;252;253;254;255;256;257;258;259;260;261;262;263;264,commit,-0.09833687624907894,1a0a720522d2ea4ef1a0c0ee0e2f9cbc6b0b5c36c181baaab918bc3990c1b5e0,1,1,1,1,1,1,1,1,1,1,1,3,3,1,1,9,2,0,cycle-0163;cycle-0164;cycle-0166;cycle-0169;cycle-0170;cycle-0171;cycle-0175;cycle-0176;cycle-0177;cycle-0182;cycle-0183;cycle-0190;cycle-0191;cycle-0192;cycle-0194;cycle-0196;cycle-0197;cycle-0198;cycle-0199;cycle-0201;cycle-0202;cycle-0203;cycle-0204;cycle-0210;cycle-0214;cycle-0220;cycle-0221;cycle-0222;cycle-0223;cycle-0224;cycle-0227;cycle-0230;cycle-0231;cycle-0233;cycle-0234;cycle-0236;cycle-0239;cycle-0242,1,2450.672443,4897.352572
2,blocked,CoordinateMedian,sign_flip,0,0,0,1,-0.08115082547144736,-0.08465440827395,-0.08006292627910526,0,0,-0.08433757264693334,844,66,1,0,0,0,0,0,0,1,0,0.6132478632478633,0.5,0.5,0.0,0.0,12;24;5;47;15;25;23;50;82;77;73;7;98;110;78;30;6;91;97;10;70;41;102;34;111;20;38;64;94;59,112;113;114;115;116;117;118;119;120;121;122;123;124;125;126;127;128;150;151;152;153;154;155;156;157;158;159;160;161;162,201;175;236;202;164;194;231;224;233;234;197;190;171;169;183;230;242;222;163;210;223;196;203;176;214;239;227;221;182;166;198;177;220;199;192;170;191;204;212;168;189;174;181;184;186;195;178;225;237;216;207;243;208;215;209;167;165;205;232;211;219;229;173;179;193;235;206;200;188;217;240;228;218;238;226;213,245;246;247;248;249;250;251;252;253;254;255;256;257;258;259;260;261;262;263;264,commit,-0.08115082547144736,59cba25d5356bb59bb1d234792c25f887765cde90b629830b59ba0439b527bbe,1,1,1,1,1,1,1,1,1,1,1,3,3,1,1,9,2,0,cycle-0163;cycle-0164;cycle-0166;cycle-0169;cycle-0170;cycle-0171;cycle-0175;cycle-0176;cycle-0177;cycle-0182;cycle-0183;cycle-0190;cycle-0191;cycle-0192;cycle-0194;cycle-0196;cycle-0197;cycle-0198;cycle-0199;cycle-0201;cycle-0202;cycle-0203;cycle-0204;cycle-0210;cycle-0214;cycle-0220;cycle-0221;cycle-0222;cycle-0223;cycle-0224;cycle-0227;cycle-0230;cycle-0231;cycle-0233;cycle-0234;cycle-0236;cycle-0239;cycle-0242,1,2434.460834,4885.554202
2,blocked,Krum,sign_flip,0,0,0,1,-0.06042371354747368,-0.0631754607433,-0.061266849085171056,0,0,-0.06450190180866666,844,66,1,0,0,0,0,0,0,1,0,0.6132478632478633,0.5,0.5,0.0,0.0,12;24;5;47;15;25;23;50;82;77;73;7;98;110;78;30;6;91;97;10;70;41;102;34;111;20;38;64;94;59,112;113;114;115;116;117;118;119;120;121;122;123;124;125;126;127;128;150;151;152;153;154;155;156;157;158;159;160;161;162,201;175;236;202;164;194;231;224;233;234;197;190;171;169;183;230;242;222;163;210;223;196;203;176;214;239;227;221;182;166;198;177;220;199;192;170;191;204;212;168;189;174;181;184;186;195;178;225;237;216;207;243;208;215;209;167;165;205;232;211;219;229;173;179;193;235;206;200;188;217;240;228;218;238;226;213,245;246;247;248;249;250;251;252;253;254;255;256;257;258;259;260;261;262;263;264,commit,-0.06042371354747368,6da80dcf1455921e65a8d715769e92f5cc1b62413dd4d2fe57ada287bf8d7290,1,1,1,1,1,1,1,1,1,1,1,3,3,1,1,9,2,1,cycle-0165;cycle-0167;cycle-0168;cycle-0173;cycle-0174;cycle-0178;cycle-0179;cycle-0181;cycle-0184;cycle-0186;cycle-0188;cycle-0189;cycle-0193;cycle-0195;cycle-0200;cycle-0205;cycle-0206;cycle-0207;cycle-0208;cycle-0209;cycle-0211;cycle-0212;cycle-0213;cycle-0215;cycle-0216;cycle-0217;cycle-0218;cycle-0219;cycle-0225;cycle-0226;cycle-0228;cycle-0229;cycle-0232;cycle-0235;cycle-0237;cycle-0238;cycle-0240;cycle-0243,1,2023.742485,4473.357484
2,blocked,FLTrust,sign_flip,0,0,0,0,0.3171875959337895,0.3397654032768,0.3192044329292763,0,0,0.326023596558,844,66,0,0,0,1,0,0,0,0,0,0.6132478632478633,0.5,0.6132478632478633,0.11324786324786329,0.3397654032768,12;24;5;47;15;25;23;50;82;77;73;7;98;110;78;30;6;91;97;10;70;41;102;34;111;20;38;64;94;59,112;113;114;115;116;117;118;119;120;121;122;123;124;125;126;127;128;150;151;152;153;154;155;156;157;158;159;160;161;162,201;175;236;202;164;194;231;224;233;234;197;190;171;169;183;230;242;222;163;210;223;196;203;176;214;239;227;221;182;166;198;177;220;199;192;170;191;204;212;168;189;174;181;184;186;195;178;225;237;216;207;243;208;215;209;167;165;205;232;211;219;229;173;179;193;235;206;200;188;217;240;228;218;238;226;213,245;246;247;248;249;250;251;252;253;254;255;256;257;258;259;260;261;262;263;264,reject,0.3171875959337895,902994959848d0c140df936c61e575bbac2464d4dc4c0689e8ba39c323e94aea,1,1,1,0,0,1,1,1,1,1,1,3,3,1,1,9,2,1,cycle-0165;cycle-0167;cycle-0168;cycle-0173;cycle-0174;cycle-0178;cycle-0179;cycle-0181;cycle-0184;cycle-0186;cycle-0188;cycle-0189;cycle-0193;cycle-0195;cycle-0200;cycle-0205;cycle-0206;cycle-0207;cycle-0208;cycle-0209;cycle-0211;cycle-0212;cycle-0213;cycle-0215;cycle-0216;cycle-0217;cycle-0218;cycle-0219;cycle-0225;cycle-0226;cycle-0228;cycle-0229;cycle-0232;cycle-0235;cycle-0237;cycle-0238;cycle-0240;cycle-0243,1,2088.942759,4381.19009
2,blocked,FedVal,sign_flip,0,0,0,1,-0.012250785794131578,-0.0117023245153,-0.0125462419435,0,0,-0.0124745273956,844,66,1,0,0,0,0,0,0,1,0,0.6132478632478633,0.5411965811965812,0.5411965811965812,0.0,0.0,12;24;5;47;15;25;23;50;82;77;73;7;98;110;78;30;6;91;97;10;70;41;102;34;111;20;38;64;94;59,112;113;114;115;116;117;118;119;120;121;122;123;124;125;126;127;128;150;151;152;153;154;155;156;157;158;159;160;161;162,201;175;236;202;164;194;231;224;233;234;197;190;171;169;183;230;242;222;163;210;223;196;203;176;214;239;227;221;182;166;198;177;220;199;192;170;191;204;212;168;189;174;181;184;186;195;178;225;237;216;207;243;208;215;209;167;165;205;232;211;219;229;173;179;193;235;206;200;188;217;240;228;218;238;226;213,245;246;247;248;249;250;251;252;253;254;255;256;257;258;259;260;261;262;263;264,commit,-0.012250785794131578,916ca2e845944c23b41e2925db74eb7bd2008aa9d7e56baed5fde46d61806bbe,1,1,1,1,1,1,1,1,1,1,1,3,3,1,1,9,2,1,cycle-0165;cycle-0167;cycle-0168;cycle-0173;cycle-0174;cycle-0178;cycle-0179;cycle-0181;cycle-0184;cycle-0186;cycle-0188;cycle-0189;cycle-0193;cycle-0195;cycle-0200;cycle-0205;cycle-0206;cycle-0207;cycle-0208;cycle-0209;cycle-0211;cycle-0212;cycle-0213;cycle-0215;cycle-0216;cycle-0217;cycle-0218;cycle-0219;cycle-0225;cycle-0226;cycle-0228;cycle-0229;cycle-0232;cycle-0235;cycle-0237;cycle-0238;cycle-0240;cycle-0243,1,2050.64254,4329.081847
2,blocked,FLShield,sign_flip,0,0,0,1,-0.15965198721505264,-0.1749125412486,-0.16332245979775,0,0,-0.18509722445786667,844,66,1,0,0,0,0,0,0,1,0,0.6132478632478633,0.5,0.5,0.0,0.0,12;24;5;47;15;25;23;50;82;77;73;7;98;110;78;30;6;91;97;10;70;41;102;34;111;20;38;64;94;59,112;113;114;115;116;117;118;119;120;121;122;123;124;125;126;127;128;150;151;152;153;154;155;156;157;158;159;160;161;162,201;175;236;202;164;194;231;224;233;234;197;190;171;169;183;230;242;222;163;210;223;196;203;176;214;239;227;221;182;166;198;177;220;199;192;170;191;204;212;168;189;174;181;184;186;195;178;225;237;216;207;243;208;215;209;167;165;205;232;211;219;229;173;179;193;235;206;200;188;217;240;228;218;238;226;213,245;246;247;248;249;250;251;252;253;254;255;256;257;258;259;260;261;262;263;264,commit,-0.15965198721505264,872d1b64f46e17e0d75dceb2f5243550d92805435c4b717516f8f8b81d02509c,1,1,1,1,1,1,1,1,1,1,1,3,3,1,1,9,2,1,cycle-0165;cycle-0167;cycle-0168;cycle-0173;cycle-0174;cycle-0178;cycle-0179;cycle-0181;cycle-0184;cycle-0186;cycle-0188;cycle-0189;cycle-0193;cycle-0195;cycle-0200;cycle-0205;cycle-0206;cycle-0207;cycle-0208;cycle-0209;cycle-0211;cycle-0212;cycle-0213;cycle-0215;cycle-0216;cycle-0217;cycle-0218;cycle-0219;cycle-0225;cycle-0226;cycle-0228;cycle-0229;cycle-0232;cycle-0235;cycle-0237;cycle-0238;cycle-0240;cycle-0243,1,2046.820323,4458.502426
2,blocked,FoundationFL,sign_flip,0,0,0,1,-0.058057939556263156,-0.0635594826176,-0.05874988677996053,0,0,-0.061798406353466666,844,66,1,0,0,0,0,0,0,1,0,0.6132478632478633,0.5187179487179487,0.5187179487179487,0.0,0.0,12;24;5;47;15;25;23;50;82;77;73;7;98;110;78;30;6;91;97;10;70;41;102;34;111;20;38;64;94;59,112;113;114;115;116;117;118;119;120;121;122;123;124;125;126;127;128;150;151;152;153;154;155;156;157;158;159;160;161;162,201;175;236;202;164;194;231;224;233;234;197;190;171;169;183;230;242;222;163;210;223;196;203;176;214;239;227;221;182;166;198;177;220;199;192;170;191;204;212;168;189;174;181;184;186;195;178;225;237;216;207;243;208;215;209;167;165;205;232;211;219;229;173;179;193;235;206;200;188;217;240;228;218;238;226;213,245;246;247;248;249;250;251;252;253;254;255;256;257;258;259;260;261;262;263;264,commit,-0.058057939556263156,dda592e680758f3cce3c52a7f5bd9b76fd77b5fd5354004a603e0ea5acc42764,1,1,1,1,1,1,1,1,1,1,1,3,3,1,1,9,2,1,cycle-0165;cycle-0167;cycle-0168;cycle-0173;cycle-0174;cycle-0178;cycle-0179;cycle-0181;cycle-0184;cycle-0186;cycle-0188;cycle-0189;cycle-0193;cycle-0195;cycle-0200;cycle-0205;cycle-0206;cycle-0207;cycle-0208;cycle-0209;cycle-0211;cycle-0212;cycle-0213;cycle-0215;cycle-0216;cycle-0217;cycle-0218;cycle-0219;cycle-0225;cycle-0226;cycle-0228;cycle-0229;cycle-0232;cycle-0235;cycle-0237;cycle-0238;cycle-0240;cycle-0243,1,2017.417315,4416.015485
2,blocked,FedAvg,model_replacement,0,0,0,0,0.10753808078126316,0.1172761445718,0.11022025552017105,0,0,0.13511454673653334,844,66,0,0,0,1,0,0,0,0,0,0.6132478632478633,0.48743589743589744,0.6132478632478633,0.12581196581196585,0.1172761445718,12;24;5;47;15;25;23;50;82;77;73;7;98;110;78;30;6;91;97;10;70;41;102;34;111;20;38;64;94;59,112;113;114;115;116;117;118;119;120;121;122;123;124;125;126;127;128;150;151;152;153;154;155;156;157;158;159;160;161;162,201;175;236;202;164;194;231;224;233;234;197;190;171;169;183;230;242;222;163;210;223;196;203;176;214;239;227;221;182;166;198;177;220;199;192;170;191;204;212;168;189;174;181;184;186;195;178;225;237;216;207;243;208;215;209;167;165;205;232;211;219;229;173;179;193;235;206;200;188;217;240;228;218;238;226;213,245;246;247;248;249;250;251;252;253;254;255;256;257;258;259;260;261;262;263;264,reject,0.10753808078126316,84ff33e5072d998c94f3a2dbb99c30264b99bf21df6a8fadd1fc02a73b427758,1,1,1,0,0,1,1,1,1,1,1,3,3,1,1,9,2,0,cycle-0163;cycle-0164;cycle-0166;cycle-0169;cycle-0170;cycle-0171;cycle-0175;cycle-0176;cycle-0177;cycle-0182;cycle-0183;cycle-0190;cycle-0191;cycle-0192;cycle-0194;cycle-0196;cycle-0197;cycle-0198;cycle-0199;cycle-0201;cycle-0202;cycle-0203;cycle-0204;cycle-0210;cycle-0214;cycle-0220;cycle-0221;cycle-0222;cycle-0223;cycle-0224;cycle-0227;cycle-0230;cycle-0231;cycle-0233;cycle-0234;cycle-0236;cycle-0239;cycle-0242,1,2487.681818,5017.037015
2,blocked,CoordinateMedian,model_replacement,0,0,0,1,-0.07767487116352631,-0.0811576897638,-0.07661746439075,0,0,-0.08075029674883333,844,66,1,0,0,0,0,0,0,1,0,0.6132478632478633,0.49846153846153846,0.49846153846153846,0.0,0.0,12;24;5;47;15;25;23;50;82;77;73;7;98;110;78;30;6;91;97;10;70;41;102;34;111;20;38;64;94;59,112;113;114;115;116;117;118;119;120;121;122;123;124;125;126;127;128;150;151;152;153;154;155;156;157;158;159;160;161;162,201;175;236;202;164;194;231;224;233;234;197;190;171;169;183;230;242;222;163;210;223;196;203;176;214;239;227;221;182;166;198;177;220;199;192;170;191;204;212;168;189;174;181;184;186;195;178;225;237;216;207;243;208;215;209;167;165;205;232;211;219;229;173;179;193;235;206;200;188;217;240;228;218;238;226;213,245;246;247;248;249;250;251;252;253;254;255;256;257;258;259;260;261;262;263;264,commit,-0.07767487116352631,843b01aae47b3f30aeaa1c2ef53fc6532d80daa3659adecd5d70145358481045,1,1,1,1,1,1,1,1,1,1,1,3,3,1,1,9,2,0,cycle-0163;cycle-0164;cycle-0166;cycle-0169;cycle-0170;cycle-0171;cycle-0175;cycle-0176;cycle-0177;cycle-0182;cycle-0183;cycle-0190;cycle-0191;cycle-0192;cycle-0194;cycle-0196;cycle-0197;cycle-0198;cycle-0199;cycle-0201;cycle-0202;cycle-0203;cycle-0204;cycle-0210;cycle-0214;cycle-0220;cycle-0221;cycle-0222;cycle-0223;cycle-0224;cycle-0227;cycle-0230;cycle-0231;cycle-0233;cycle-0234;cycle-0236;cycle-0239;cycle-0242,1,2378.26991,4981.620541
2,blocked,Krum,model_replacement,0,0,0,1,-0.009638783275078947,-0.0091696429595,-0.009764607273210527,0,0,-0.0112119195997,844,66,1,0,0,0,0,0,0,1,0,0.6132478632478633,0.5495726495726496,0.5495726495726496,0.0,0.0,12;24;5;47;15;25;23;50;82;77;73;7;98;110;78;30;6;91;97;10;70;41;102;34;111;20;38;64;94;59,112;113;114;115;116;117;118;119;120;121;122;123;124;125;126;127;128;150;151;152;153;154;155;156;157;158;159;160;161;162,201;175;236;202;164;194;231;224;233;234;197;190;171;169;183;230;242;222;163;210;223;196;203;176;214;239;227;221;182;166;198;177;220;199;192;170;191;204;212;168;189;174;181;184;186;195;178;225;237;216;207;243;208;215;209;167;165;205;232;211;219;229;173;179;193;235;206;200;188;217;240;228;218;238;226;213,245;246;247;248;249;250;251;252;253;254;255;256;257;258;259;260;261;262;263;264,commit,-0.009638783275078947,ba09756bcadffbec18536e9d578b21b368f8a0936e412f74a2ffb3e8d737890e,1,1,1,1,1,1,1,1,1,1,1,3,3,1,1,9,2,1,cycle-0165;cycle-0167;cycle-0168;cycle-0173;cycle-0174;cycle-0178;cycle-0179;cycle-0181;cycle-0184;cycle-0186;cycle-0188;cycle-0189;cycle-0193;cycle-0195;cycle-0200;cycle-0205;cycle-0206;cycle-0207;cycle-0208;cycle-0209;cycle-0211;cycle-0212;cycle-0213;cycle-0215;cycle-0216;cycle-0217;cycle-0218;cycle-0219;cycle-0225;cycle-0226;cycle-0228;cycle-0229;cycle-0232;cycle-0235;cycle-0237;cycle-0238;cycle-0240;cycle-0243,1,2013.190809,4317.238124
2,blocked,FLTrust,model_replacement,0,0,0,0,0.3057637596305,0.32733982952315,0.30790072815980263,0,0,0.3137072415757,844,66,0,0,0,1,0,0,0,0,0,0.6132478632478633,0.5,0.6132478632478633,0.11324786324786329,0.32733982952315,12;24;5;47;15;25;23;50;82;77;73;7;98;110;78;30;6;91;97;10;70;41;102;34;111;20;38;64;94;59,112;113;114;115;116;117;118;119;120;121;122;123;124;125;126;127;128;150;151;152;153;154;155;156;157;158;159;160;161;162,201;175;236;202;164;194;231;224;233;234;197;190;171;169;183;230;242;222;163;210;223;196;203;176;214;239;227;221;182;166;198;177;220;199;192;170;191;204;212;168;189;174;181;184;186;195;178;225;237;216;207;243;208;215;209;167;165;205;232;211;219;229;173;179;193;235;206;200;188;217;240;228;218;238;226;213,245;246;247;248;249;250;251;252;253;254;255;256;257;258;259;260;261;262;263;264,reject,0.3057637596305,9513f0a79d55d64f4f2a3d5e76170b0b3ce3072dde212c392c7bf220dad6fd77,1,1,1,0,0,1,1,1,1,1,1,3,3,1,1,9,2,1,cycle-0165;cycle-0167;cycle-0168;cycle-0173;cycle-0174;cycle-0178;cycle-0179;cycle-0181;cycle-0184;cycle-0186;cycle-0188;cycle-0189;cycle-0193;cycle-0195;cycle-0200;cycle-0205;cycle-0206;cycle-0207;cycle-0208;cycle-0209;cycle-0211;cycle-0212;cycle-0213;cycle-0215;cycle-0216;cycle-0217;cycle-0218;cycle-0219;cycle-0225;cycle-0226;cycle-0228;cycle-0229;cycle-0232;cycle-0235;cycle-0237;cycle-0238;cycle-0240;cycle-0243,1,2136.476146,4477.771273
2,blocked,FedVal,model_replacement,0,0,0,0,0.014083719788210526,0.0167887073679,0.015157500698894736,0,0,0.023523193035333335,844,66,0,0,0,0,0,0,0,0,0,0.6132478632478633,0.5232478632478632,0.6132478632478633,0.09000000000000008,0.0167887073679,12;24;5;47;15;25;23;50;82;77;73;7;98;110;78;30;6;91;97;10;70;41;102;34;111;20;38;64;94;59,112;113;114;115;116;117;118;119;120;121;122;123;124;125;126;127;128;150;151;152;153;154;155;156;157;158;159;160;161;162,201;175;236;202;164;194;231;224;233;234;197;190;171;169;183;230;242;222;163;210;223;196;203;176;214;239;227;221;182;166;198;177;220;199;192;170;191;204;212;168;189;174;181;184;186;195;178;225;237;216;207;243;208;215;209;167;165;205;232;211;219;229;173;179;193;235;206;200;188;217;240;228;218;238;226;213,245;246;247;248;249;250;251;252;253;254;255;256;257;258;259;260;261;262;263;264,reject,0.014083719788210526,47d5ee423a2bc09f20e2222e46b830510a4c37fa9a436c30c9686309a6a2b964,1,1,1,0,0,1,1,1,1,1,1,3,3,1,1,9,2,0,cycle-0163;cycle-0164;cycle-0166;cycle-0169;cycle-0170;cycle-0171;cycle-0175;cycle-0176;cycle-0177;cycle-0182;cycle-0183;cycle-0190;cycle-0191;cycle-0192;cycle-0194;cycle-0196;cycle-0197;cycle-0198;cycle-0199;cycle-0201;cycle-0202;cycle-0203;cycle-0204;cycle-0210;cycle-0214;cycle-0220;cycle-0221;cycle-0222;cycle-0223;cycle-0224;cycle-0227;cycle-0230;cycle-0231;cycle-0233;cycle-0234;cycle-0236;cycle-0239;cycle-0242,1,2178.218618,4631.162373
2,blocked,FLShield,model_replacement,0,0,0,1,-0.015522834022421052,-0.0159551423352,-0.01538857100956579,0,0,-0.016440472705266666,844,66,1,0,0,0,0,0,0,1,0,0.6132478632478633,0.5277777777777778,0.5277777777777778,0.0,0.0,12;24;5;47;15;25;23;50;82;77;73;7;98;110;78;30;6;91;97;10;70;41;102;34;111;20;38;64;94;59,112;113;114;115;116;117;118;119;120;121;122;123;124;125;126;127;128;150;151;152;153;154;155;156;157;158;159;160;161;162,201;175;236;202;164;194;231;224;233;234;197;190;171;169;183;230;242;222;163;210;223;196;203;176;214;239;227;221;182;166;198;177;220;199;192;170;191;204;212;168;189;174;181;184;186;195;178;225;237;216;207;243;208;215;209;167;165;205;232;211;219;229;173;179;193;235;206;200;188;217;240;228;218;238;226;213,245;246;247;248;249;250;251;252;253;254;255;256;257;258;259;260;261;262;263;264,commit,-0.015522834022421052,795f34ea6ed3420bde23135d735d520c4e86aea4cc1bc96f719c2dea9e4c0dc2,1,1,1,1,1,1,1,1,1,1,1,3,3,1,1,9,2,0,cycle-0163;cycle-0164;cycle-0166;cycle-0169;cycle-0170;cycle-0171;cycle-0175;cycle-0176;cycle-0177;cycle-0182;cycle-0183;cycle-0190;cycle-0191;cycle-0192;cycle-0194;cycle-0196;cycle-0197;cycle-0198;cycle-0199;cycle-0201;cycle-0202;cycle-0203;cycle-0204;cycle-0210;cycle-0214;cycle-0220;cycle-0221;cycle-0222;cycle-0223;cycle-0224;cycle-0227;cycle-0230;cycle-0231;cycle-0233;cycle-0234;cycle-0236;cycle-0239;cycle-0242,1,2387.332837,4953.290638
2,blocked,FoundationFL,model_replacement,0,0,0,1,-0.13233972934373683,-0.1320225081127,-0.12577068702886843,0,0,-0.13308500307483334,844,66,1,0,0,0,0,0,0,1,0,0.6132478632478633,0.49606837606837606,0.49606837606837606,0.0,0.0,12;24;5;47;15;25;23;50;82;77;73;7;98;110;78;30;6;91;97;10;70;41;102;34;111;20;38;64;94;59,112;113;114;115;116;117;118;119;120;121;122;123;124;125;126;127;128;150;151;152;153;154;155;156;157;158;159;160;161;162,201;175;236;202;164;194;231;224;233;234;197;190;171;169;183;230;242;222;163;210;223;196;203;176;214;239;227;221;182;166;198;177;220;199;192;170;191;204;212;168;189;174;181;184;186;195;178;225;237;216;207;243;208;215;209;167;165;205;232;211;219;229;173;179;193;235;206;200;188;217;240;228;218;238;226;213,245;246;247;248;249;250;251;252;253;254;255;256;257;258;259;260;261;262;263;264,commit,-0.13233972934373683,ac44868f8342d978e79ff908dcab4c485ad4689b99bf6372359613d64c6adff5,1,1,1,1,1,1,1,1,1,1,1,3,3,1,1,9,2,0,cycle-0163;cycle-0164;cycle-0166;cycle-0169;cycle-0170;cycle-0171;cycle-0175;cycle-0176;cycle-0177;cycle-0182;cycle-0183;cycle-0190;cycle-0191;cycle-0192;cycle-0194;cycle-0196;cycle-0197;cycle-0198;cycle-0199;cycle-0201;cycle-0202;cycle-0203;cycle-0204;cycle-0210;cycle-0214;cycle-0220;cycle-0221;cycle-0222;cycle-0223;cycle-0224;cycle-0227;cycle-0230;cycle-0231;cycle-0233;cycle-0234;cycle-0236;cycle-0239;cycle-0242,1,2448.185842,4896.117663
2,blocked,FedAvg,score_aware,64,17,0,1,-6.6959651842105265e-06,-2.073904245e-05,-4.750363618421053e-06,0,0,-3.4084203333333334e-07,844,66,1,0,0,0,0,0,0,1,0,0.6132478632478633,0.6132478632478633,0.6132478632478633,0.0,0.0,12;24;5;47;15;25;23;50;82;77;73;7;98;110;78;30;6;91;97;10;70;41;102;34;111;20;38;64;94;59,112;113;114;115;116;117;118;119;120;121;122;123;124;125;126;127;128;150;151;152;153;154;155;156;157;158;159;160;161;162,201;175;236;202;164;194;231;224;233;234;197;190;171;169;183;230;242;222;163;210;223;196;203;176;214;239;227;221;182;166;198;177;220;199;192;170;191;204;212;168;189;174;181;184;186;195;178;225;237;216;207;243;208;215;209;167;165;205;232;211;219;229;173;179;193;235;206;200;188;217;240;228;218;238;226;213,245;246;247;248;249;250;251;252;253;254;255;256;257;258;259;260;261;262;263;264,commit,-6.6959651842105265e-06,1f595ca8fcf705b0733579fc36545709063220e8a43149d3755680859f7d375f,1,1,1,1,1,1,1,1,1,1,1,3,3,1,1,9,2,1,cycle-0165;cycle-0167;cycle-0168;cycle-0173;cycle-0174;cycle-0178;cycle-0179;cycle-0181;cycle-0184;cycle-0186;cycle-0188;cycle-0189;cycle-0193;cycle-0195;cycle-0200;cycle-0205;cycle-0206;cycle-0207;cycle-0208;cycle-0209;cycle-0211;cycle-0212;cycle-0213;cycle-0215;cycle-0216;cycle-0217;cycle-0218;cycle-0219;cycle-0225;cycle-0226;cycle-0228;cycle-0229;cycle-0232;cycle-0235;cycle-0237;cycle-0238;cycle-0240;cycle-0243,1,1951.511181,4374.543129
2,blocked,FLTrust,score_aware,64,58,0,0,0.264223600349,0.28298530024035,0.2662003944714474,0,0,0.2731544148291667,844,66,0,0,0,1,0,0,0,0,0,0.6132478632478633,0.5007692307692307,0.6132478632478633,0.11247863247863255,0.28298530024035,12;24;5;47;15;25;23;50;82;77;73;7;98;110;78;30;6;91;97;10;70;41;102;34;111;20;38;64;94;59,112;113;114;115;116;117;118;119;120;121;122;123;124;125;126;127;128;150;151;152;153;154;155;156;157;158;159;160;161;162,201;175;236;202;164;194;231;224;233;234;197;190;171;169;183;230;242;222;163;210;223;196;203;176;214;239;227;221;182;166;198;177;220;199;192;170;191;204;212;168;189;174;181;184;186;195;178;225;237;216;207;243;208;215;209;167;165;205;232;211;219;229;173;179;193;235;206;200;188;217;240;228;218;238;226;213,245;246;247;248;249;250;251;252;253;254;255;256;257;258;259;260;261;262;263;264,reject,0.264223600349,8f74dde843bf58d1d5793ca1e6424730e4f05d4c14d4636979851020d4cf50fa,1,1,1,0,0,1,1,1,1,1,1,3,3,1,1,9,2,1,cycle-0165;cycle-0167;cycle-0168;cycle-0173;cycle-0174;cycle-0178;cycle-0179;cycle-0181;cycle-0184;cycle-0186;cycle-0188;cycle-0189;cycle-0193;cycle-0195;cycle-0200;cycle-0205;cycle-0206;cycle-0207;cycle-0208;cycle-0209;cycle-0211;cycle-0212;cycle-0213;cycle-0215;cycle-0216;cycle-0217;cycle-0218;cycle-0219;cycle-0225;cycle-0226;cycle-0228;cycle-0229;cycle-0232;cycle-0235;cycle-0237;cycle-0238;cycle-0240;cycle-0243,1,2134.499461,4405.081163
2,blocked,FoundationFL,score_aware,64,6,1,1,-0.002434813160763158,-0.00407116061185,-0.002209337755657895,0,0,-0.0033240494322,844,66,1,0,0,0,0,0,0,1,0,0.6132478632478633,0.563931623931624,0.563931623931624,0.0,0.0,12;24;5;47;15;25;23;50;82;77;73;7;98;110;78;30;6;91;97;10;70;41;102;34;111;20;38;64;94;59,112;113;114;115;116;117;118;119;120;121;122;123;124;125;126;127;128;150;151;152;153;154;155;156;157;158;159;160;161;162,201;175;236;202;164;194;231;224;233;234;197;190;171;169;183;230;242;222;163;210;223;196;203;176;214;239;227;221;182;166;198;177;220;199;192;170;191;204;212;168;189;174;181;184;186;195;178;225;237;216;207;243;208;215;209;167;165;205;232;211;219;229;173;179;193;235;206;200;188;217;240;228;218;238;226;213,245;246;247;248;249;250;251;252;253;254;255;256;257;258;259;260;261;262;263;264,commit,-0.002434813160763158,8954ae78b27fe4b7fb00744d2904c4f8466bf5cc95130b4e843a40deb9f5f47f,1,1,1,1,1,1,1,1,1,1,1,3,3,1,1,9,2,1,cycle-0165;cycle-0167;cycle-0168;cycle-0173;cycle-0174;cycle-0178;cycle-0179;cycle-0181;cycle-0184;cycle-0186;cycle-0188;cycle-0189;cycle-0193;cycle-0195;cycle-0200;cycle-0205;cycle-0206;cycle-0207;cycle-0208;cycle-0209;cycle-0211;cycle-0212;cycle-0213;cycle-0215;cycle-0216;cycle-0217;cycle-0218;cycle-0219;cycle-0225;cycle-0226;cycle-0228;cycle-0229;cycle-0232;cycle-0235;cycle-0237;cycle-0238;cycle-0240;cycle-0243,1,2028.639738,4348.192859
3,blocked,FedAvg,none,0,0,0,1,-0.02040591629586842,-0.02250158678785,-0.021047780379407896,0,0,-0.0212624707706,844,66,1,0,0,0,0,0,0,1,0,0.5412820512820513,0.5724786324786325,0.5724786324786325,0.0,0.0,76;88;51;84;59;67;65;4;35;93;107;42;68;79;48;57;44;104;66;7;32;2;108;22;99;95;86;54;9;72,112;113;114;115;116;117;118;119;120;121;122;123;124;125;126;127;128;150;151;152;153;154;155;156;157;158;159;160;161;162,172;220;185;183;184;208;166;240;238;207;169;163;243;210;231;230;203;202;186;209;194;176;171;241;190;195;165;217;233;200;226;224;170;211;181;216;204;205;237;223;201;193;215;222;178;174;192;196;167;168;182;232;173;234;218;213;179;219;225;214;242;229;188;197;180;191;164;177;206;239;235;236;198;199;212;227,245;246;247;248;249;250;251;252;253;254;255;256;257;258;259;260;261;262;263;264,commit,-0.02040591629586842,3a18c1c04c9d2eb9cc20c728a74060bc101a664ac8526a2946a5e73230b17276,1,2,2,1,1,1,1,1,1,1,1,3,3,1,1,9,2,1,cycle-0164;cycle-0167;cycle-0168;cycle-0173;cycle-0174;cycle-0177;cycle-0178;cycle-0179;cycle-0180;cycle-0182;cycle-0188;cycle-0191;cycle-0192;cycle-0193;cycle-0196;cycle-0197;cycle-0198;cycle-0199;cycle-0201;cycle-0206;cycle-0212;cycle-0213;cycle-0214;cycle-0215;cycle-0218;cycle-0219;cycle-0222;cycle-0223;cycle-0225;cycle-0227;cycle-0229;cycle-0232;cycle-0234;cycle-0235;cycle-0236;cycle-0237;cycle-0239;cycle-0242,1,2205.036376,5548.357978
3,blocked,CoordinateMedian,none,0,0,0,1,-0.03632270178557895,-0.036849869288,-0.035250922999539476,0,0,-0.036671534182333335,844,66,1,0,0,0,0,0,0,1,0,0.5412820512820513,0.5306837606837607,0.5306837606837607,0.0,0.0,76;88;51;84;59;67;65;4;35;93;107;42;68;79;48;57;44;104;66;7;32;2;108;22;99;95;86;54;9;72,112;113;114;115;116;117;118;119;120;121;122;123;124;125;126;127;128;150;151;152;153;154;155;156;157;158;159;160;161;162,172;220;185;183;184;208;166;240;238;207;169;163;243;210;231;230;203;202;186;209;194;176;171;241;190;195;165;217;233;200;226;224;170;211;181;216;204;205;237;223;201;193;215;222;178;174;192;196;167;168;182;232;173;234;218;213;179;219;225;214;242;229;188;197;180;191;164;177;206;239;235;236;198;199;212;227,245;246;247;248;249;250;251;252;253;254;255;256;257;258;259;260;261;262;263;264,commit,-0.03632270178557895,97f2e1cd6e18836bacdfade525fe5ad79cf46e7b6a9d06248a97dac19638e089,1,1,1,1,1,1,1,1,1,1,1,3,3,1,1,9,2,0,cycle-0163;cycle-0165;cycle-0166;cycle-0169;cycle-0170;cycle-0171;cycle-0172;cycle-0176;cycle-0181;cycle-0183;cycle-0184;cycle-0185;cycle-0186;cycle-0190;cycle-0194;cycle-0195;cycle-0200;cycle-0202;cycle-0203;cycle-0204;cycle-0205;cycle-0207;cycle-0208;cycle-0209;cycle-0210;cycle-0211;cycle-0216;cycle-0217;cycle-0220;cycle-0224;cycle-0226;cycle-0230;cycle-0231;cycle-0233;cycle-0238;cycle-0240;cycle-0241;cycle-0243,1,2248.050842,4639.307493
3,blocked,Krum,none,0,0,0,1,-0.056167699777526316,-0.060933351055,-0.05792253763134211,0,0,-0.060060005512866665,844,66,1,0,0,0,0,0,0,1,0,0.5412820512820513,0.5464957264957264,0.5464957264957264,0.0,0.0,76;88;51;84;59;67;65;4;35;93;107;42;68;79;48;57;44;104;66;7;32;2;108;22;99;95;86;54;9;72,112;113;114;115;116;117;118;119;120;121;122;123;124;125;126;127;128;150;151;152;153;154;155;156;157;158;159;160;161;162,172;220;185;183;184;208;166;240;238;207;169;163;243;210;231;230;203;202;186;209;194;176;171;241;190;195;165;217;233;200;226;224;170;211;181;216;204;205;237;223;201;193;215;222;178;174;192;196;167;168;182;232;173;234;218;213;179;219;225;214;242;229;188;197;180;191;164;177;206;239;235;236;198;199;212;227,245;246;247;248;249;250;251;252;253;254;255;256;257;258;259;260;261;262;263;264,commit,-0.056167699777526316,e7e118628a2d2c8ca6263e9fe2b30c7cc79ed551cfa43d5e1114a2728bbe0131,1,1,1,1,1,1,1,1,1,1,1,3,3,1,1,9,2,1,cycle-0164;cycle-0167;cycle-0168;cycle-0173;cycle-0174;cycle-0177;cycle-0178;cycle-0179;cycle-0180;cycle-0182;cycle-0188;cycle-0191;cycle-0192;cycle-0193;cycle-0196;cycle-0197;cycle-0198;cycle-0199;cycle-0201;cycle-0206;cycle-0212;cycle-0213;cycle-0214;cycle-0215;cycle-0218;cycle-0219;cycle-0222;cycle-0223;cycle-0225;cycle-0227;cycle-0229;cycle-0232;cycle-0234;cycle-0235;cycle-0236;cycle-0237;cycle-0239;cycle-0242,1,2202.864639,4660.206457
3,blocked,FLTrust,none,0,0,0,0,0.3072037028057105,0.313746902827,0.3004130933085395,0,0,0.3059594445832,844,66,0,0,0,1,0,0,0,0,0,0.5412820512820513,0.5,0.5412820512820513,0.04128205128205131,0.313746902827,76;88;51;84;59;67;65;4;35;93;107;42;68;79;48;57;44;104;66;7;32;2;108;22;99;95;86;54;9;72,112;113;114;115;116;117;118;119;120;121;122;123;124;125;126;127;128;150;151;152;153;154;155;156;157;158;159;160;161;162,172;220;185;183;184;208;166;240;238;207;169;163;243;210;231;230;203;202;186;209;194;176;171;241;190;195;165;217;233;200;226;224;170;211;181;216;204;205;237;223;201;193;215;222;178;174;192;196;167;168;182;232;173;234;218;213;179;219;225;214;242;229;188;197;180;191;164;177;206;239;235;236;198;199;212;227,245;246;247;248;249;250;251;252;253;254;255;256;257;258;259;260;261;262;263;264,reject,0.3072037028057105,0b959997fa384ed4665ccf654fee2c7d967f5809d2455f9fc22a393fb44d5186,1,1,1,0,0,1,1,1,1,1,1,3,3,1,1,9,2,0,cycle-0163;cycle-0165;cycle-0166;cycle-0169;cycle-0170;cycle-0171;cycle-0172;cycle-0176;cycle-0181;cycle-0183;cycle-0184;cycle-0185;cycle-0186;cycle-0190;cycle-0194;cycle-0195;cycle-0200;cycle-0202;cycle-0203;cycle-0204;cycle-0205;cycle-0207;cycle-0208;cycle-0209;cycle-0210;cycle-0211;cycle-0216;cycle-0217;cycle-0220;cycle-0224;cycle-0226;cycle-0230;cycle-0231;cycle-0233;cycle-0238;cycle-0240;cycle-0241;cycle-0243,1,2368.218133,4787.972188
3,blocked,FedVal,none,0,0,0,1,-0.013302237454026316,-0.01368937404225,-0.012861797144657895,0,0,-0.013201432636333334,844,66,1,0,0,0,0,0,0,1,0,0.5412820512820513,0.5628205128205128,0.5628205128205128,0.0,0.0,76;88;51;84;59;67;65;4;35;93;107;42;68;79;48;57;44;104;66;7;32;2;108;22;99;95;86;54;9;72,112;113;114;115;116;117;118;119;120;121;122;123;124;125;126;127;128;150;151;152;153;154;155;156;157;158;159;160;161;162,172;220;185;183;184;208;166;240;238;207;169;163;243;210;231;230;203;202;186;209;194;176;171;241;190;195;165;217;233;200;226;224;170;211;181;216;204;205;237;223;201;193;215;222;178;174;192;196;167;168;182;232;173;234;218;213;179;219;225;214;242;229;188;197;180;191;164;177;206;239;235;236;198;199;212;227,245;246;247;248;249;250;251;252;253;254;255;256;257;258;259;260;261;262;263;264,commit,-0.013302237454026316,7eabcb1d36c9d329c0bc7c1fbb19e10f1bf8c031a060a0276980e01512ca29f7,1,1,1,1,1,1,1,1,1,1,1,3,3,1,1,9,2,0,cycle-0163;cycle-0165;cycle-0166;cycle-0169;cycle-0170;cycle-0171;cycle-0172;cycle-0176;cycle-0181;cycle-0183;cycle-0184;cycle-0185;cycle-0186;cycle-0190;cycle-0194;cycle-0195;cycle-0200;cycle-0202;cycle-0203;cycle-0204;cycle-0205;cycle-0207;cycle-0208;cycle-0209;cycle-0210;cycle-0211;cycle-0216;cycle-0217;cycle-0220;cycle-0224;cycle-0226;cycle-0230;cycle-0231;cycle-0233;cycle-0238;cycle-0240;cycle-0241;cycle-0243,1,2242.744459,4593.404274
3,blocked,FLShield,none,0,0,0,1,-0.07269902683992105,-0.0788096283484,-0.07494363609631578,0,0,-0.07711512946163333,844,66,1,0,0,0,0,0,0,1,0,0.5412820512820513,0.5240170940170941,0.5240170940170941,0.0,0.0,76;88;51;84;59;67;65;4;35;93;107;42;68;79;48;57;44;104;66;7;32;2;108;22;99;95;86;54;9;72,112;113;114;115;116;117;118;119;120;121;122;123;124;125;126;127;128;150;151;152;153;154;155;156;157;158;159;160;161;162,172;220;185;183;184;208;166;240;238;207;169;163;243;210;231;230;203;202;186;209;194;176;171;241;190;195;165;217;233;200;226;224;170;211;181;216;204;205;237;223;201;193;215;222;178;174;192;196;167;168;182;232;173;234;218;213;179;219;225;214;242;229;188;197;180;191;164;177;206;239;235;236;198;199;212;227,245;246;247;248;249;250;251;252;253;254;255;256;257;258;259;260;261;262;263;264,commit,-0.07269902683992105,0bc0440da5f6ac01d939074ad1ae138bba1fc62bda48f45024397fc4d58092d6,1,1,1,1,1,1,1,1,1,1,1,3,3,1,1,9,2,1,cycle-0164;cycle-0167;cycle-0168;cycle-0173;cycle-0174;cycle-0177;cycle-0178;cycle-0179;cycle-0180;cycle-0182;cycle-0188;cycle-0191;cycle-0192;cycle-0193;cycle-0196;cycle-0197;cycle-0198;cycle-0199;cycle-0201;cycle-0206;cycle-0212;cycle-0213;cycle-0214;cycle-0215;cycle-0218;cycle-0219;cycle-0222;cycle-0223;cycle-0225;cycle-0227;cycle-0229;cycle-0232;cycle-0234;cycle-0235;cycle-0236;cycle-0237;cycle-0239;cycle-0242,1,2260.747942,4758.039702
3,blocked,FoundationFL,none,0,0,0,1,-0.04930718346218421,-0.05492105441225,-0.05090100110797369,0,0,-0.0506827976365,844,66,1,0,0,0,0,0,0,1,0,0.5412820512820513,0.6945299145299145,0.6945299145299145,0.0,0.0,76;88;51;84;59;67;65;4;35;93;107;42;68;79;48;57;44;104;66;7;32;2;108;22;99;95;86;54;9;72,112;113;114;115;116;117;118;119;120;121;122;123;124;125;126;127;128;150;151;152;153;154;155;156;157;158;159;160;161;162,172;220;185;183;184;208;166;240;238;207;169;163;243;210;231;230;203;202;186;209;194;176;171;241;190;195;165;217;233;200;226;224;170;211;181;216;204;205;237;223;201;193;215;222;178;174;192;196;167;168;182;232;173;234;218;213;179;219;225;214;242;229;188;197;180;191;164;177;206;239;235;236;198;199;212;227,245;246;247;248;249;250;251;252;253;254;255;256;257;258;259;260;261;262;263;264,commit,-0.04930718346218421,44bd4ed7694144592b0008487eb83c00d95eb53e758ab2b4fd04dae8fc344a8f,1,1,1,1,1,1,1,1,1,1,1,3,3,1,1,9,2,1,cycle-0164;cycle-0167;cycle-0168;cycle-0173;cycle-0174;cycle-0177;cycle-0178;cycle-0179;cycle-0180;cycle-0182;cycle-0188;cycle-0191;cycle-0192;cycle-0193;cycle-0196;cycle-0197;cycle-0198;cycle-0199;cycle-0201;cycle-0206;cycle-0212;cycle-0213;cycle-0214;cycle-0215;cycle-0218;cycle-0219;cycle-0222;cycle-0223;cycle-0225;cycle-0227;cycle-0229;cycle-0232;cycle-0234;cycle-0235;cycle-0236;cycle-0237;cycle-0239;cycle-0242,1,2357.856288,4952.505969
3,blocked,FedAvg,sign_flip,0,0,0,0,0.16735336103681578,0.17364346992965,0.16324623910075,0,0,0.1638073017552,844,66,0,0,0,1,0,0,0,0,0,0.5412820512820513,0.5015384615384615,0.5412820512820513,0.039743589743589824,0.17364346992965,76;88;51;84;59;67;65;4;35;93;107;42;68;79;48;57;44;104;66;7;32;2;108;22;99;95;86;54;9;72,112;113;114;115;116;117;118;119;120;121;122;123;124;125;126;127;128;150;151;152;153;154;155;156;157;158;159;160;161;162,172;220;185;183;184;208;166;240;238;207;169;163;243;210;231;230;203;202;186;209;194;176;171;241;190;195;165;217;233;200;226;224;170;211;181;216;204;205;237;223;201;193;215;222;178;174;192;196;167;168;182;232;173;234;218;213;179;219;225;214;242;229;188;197;180;191;164;177;206;239;235;236;198;199;212;227,245;246;247;248;249;250;251;252;253;254;255;256;257;258;259;260;261;262;263;264,reject,0.16735336103681578,ba530a7fc22e44612efae095544c30e116e1da5e52c43356402f4f478cbffe0b,1,1,1,0,0,1,1,1,1,1,1,3,3,1,1,9,2,0,cycle-0163;cycle-0165;cycle-0166;cycle-0169;cycle-0170;cycle-0171;cycle-0172;cycle-0176;cycle-0181;cycle-0183;cycle-0184;cycle-0185;cycle-0186;cycle-0190;cycle-0194;cycle-0195;cycle-0200;cycle-0202;cycle-0203;cycle-0204;cycle-0205;cycle-0207;cycle-0208;cycle-0209;cycle-0210;cycle-0211;cycle-0216;cycle-0217;cycle-0220;cycle-0224;cycle-0226;cycle-0230;cycle-0231;cycle-0233;cycle-0238;cycle-0240;cycle-0241;cycle-0243,1,2344.814456,4797.33048
3,blocked,CoordinateMedian,sign_flip,0,0,0,1,-0.06134770919781579,-0.06237861374255,-0.05962145743902632,0,0,-0.0617587885004,844,66,1,0,0,0,0,0,0,1,0,0.5412820512820513,0.5495726495726496,0.5495726495726496,0.0,0.0,76;88;51;84;59;67;65;4;35;93;107;42;68;79;48;57;44;104;66;7;32;2;108;22;99;95;86;54;9;72,112;113;114;115;116;117;118;119;120;121;122;123;124;125;126;127;128;150;151;152;153;154;155;156;157;158;159;160;161;162,172;220;185;183;184;208;166;240;238;207;169;163;243;210;231;230;203;202;186;209;194;176;171;241;190;195;165;217;233;200;226;224;170;211;181;216;204;205;237;223;201;193;215;222;178;174;192;196;167;168;182;232;173;234;218;213;179;219;225;214;242;229;188;197;180;191;164;177;206;239;235;236;198;199;212;227,245;246;247;248;249;250;251;252;253;254;255;256;257;258;259;260;261;262;263;264,commit,-0.06134770919781579,ff2a651f3a87577e9ad4ca27fd11b2ece86c98a439bdac180f015b249d022566,1,1,1,1,1,1,1,1,1,1,1,3,3,1,1,9,2,0,cycle-0163;cycle-0165;cycle-0166;cycle-0169;cycle-0170;cycle-0171;cycle-0172;cycle-0176;cycle-0181;cycle-0183;cycle-0184;cycle-0185;cycle-0186;cycle-0190;cycle-0194;cycle-0195;cycle-0200;cycle-0202;cycle-0203;cycle-0204;cycle-0205;cycle-0207;cycle-0208;cycle-0209;cycle-0210;cycle-0211;cycle-0216;cycle-0217;cycle-0220;cycle-0224;cycle-0226;cycle-0230;cycle-0231;cycle-0233;cycle-0238;cycle-0240;cycle-0241;cycle-0243,1,2189.58219,4643.625005
3,blocked,Krum,sign_flip,0,0,0,0,0.0009150567482105263,0.00251093923755,0.0010709301343289474,0,0,-0.0006899591210333333,844,66,1,0,0,0,0,0,0,0,0,0.5412820512820513,0.5382051282051282,0.5412820512820513,0.003076923076923088,0.00251093923755,76;88;51;84;59;67;65;4;35;93;107;42;68;79;48;57;44;104;66;7;32;2;108;22;99;95;86;54;9;72,112;113;114;115;116;117;118;119;120;121;122;123;124;125;126;127;128;150;151;152;153;154;155;156;157;158;159;160;161;162,172;220;185;183;184;208;166;240;238;207;169;163;243;210;231;230;203;202;186;209;194;176;171;241;190;195;165;217;233;200;226;224;170;211;181;216;204;205;237;223;201;193;215;222;178;174;192;196;167;168;182;232;173;234;218;213;179;219;225;214;242;229;188;197;180;191;164;177;206;239;235;236;198;199;212;227,245;246;247;248;249;250;251;252;253;254;255;256;257;258;259;260;261;262;263;264,reject,0.0009150567482105263,a221e6deaea4dffd095acba23da94583eb50a5b9d63a182553c3d1f3190d4941,1,1,1,0,0,1,1,1,1,1,1,3,3,1,1,9,2,1,cycle-0164;cycle-0167;cycle-0168;cycle-0173;cycle-0174;cycle-0177;cycle-0178;cycle-0179;cycle-0180;cycle-0182;cycle-0188;cycle-0191;cycle-0192;cycle-0193;cycle-0196;cycle-0197;cycle-0198;cycle-0199;cycle-0201;cycle-0206;cycle-0212;cycle-0213;cycle-0214;cycle-0215;cycle-0218;cycle-0219;cycle-0222;cycle-0223;cycle-0225;cycle-0227;cycle-0229;cycle-0232;cycle-0234;cycle-0235;cycle-0236;cycle-0237;cycle-0239;cycle-0242,1,2292.626255,4716.4675
3,blocked,FLTrust,sign_flip,0,0,0,0,0.3334591972224474,0.34065193953775,0.32612118288703945,0,0,0.3325374927643,844,66,0,0,0,1,0,0,0,0,0,0.5412820512820513,0.5,0.5412820512820513,0.04128205128205131,0.34065193953775,76;88;51;84;59;67;65;4;35;93;107;42;68;79;48;57;44;104;66;7;32;2;108;22;99;95;86;54;9;72,112;113;114;115;116;117;118;119;120;121;122;123;124;125;126;127;128;150;151;152;153;154;155;156;157;158;159;160;161;162,172;220;185;183;184;208;166;240;238;207;169;163;243;210;231;230;203;202;186;209;194;176;171;241;190;195;165;217;233;200;226;224;170;211;181;216;204;205;237;223;201;193;215;222;178;174;192;196;167;168;182;232;173;234;218;213;179;219;225;214;242;229;188;197;180;191;164;177;206;239;235;236;198;199;212;227,245;246;247;248;249;250;251;252;253;254;255;256;257;258;259;260;261;262;263;264,reject,0.3334591972224474,f75a4025e937c0e1056adb772fb43ffb24faace9bc0c5e1b39c260a427b4f983,1,1,1,0,0,1,1,1,1,1,1,3,3,1,1,9,2,0,cycle-0163;cycle-0165;cycle-0166;cycle-0169;cycle-0170;cycle-0171;cycle-0172;cycle-0176;cycle-0181;cycle-0183;cycle-0184;cycle-0185;cycle-0186;cycle-0190;cycle-0194;cycle-0195;cycle-0200;cycle-0202;cycle-0203;cycle-0204;cycle-0205;cycle-0207;cycle-0208;cycle-0209;cycle-0210;cycle-0211;cycle-0216;cycle-0217;cycle-0220;cycle-0224;cycle-0226;cycle-0230;cycle-0231;cycle-0233;cycle-0238;cycle-0240;cycle-0241;cycle-0243,1,2314.228544,4692.192199
3,blocked,FedVal,sign_flip,0,0,0,1,-0.02225128224623684,-0.0217167769914,-0.021779590280723685,0,0,-0.022809223236766665,844,66,1,0,0,0,0,0,0,1,0,0.5412820512820513,0.5288034188034187,0.5288034188034187,0.0,0.0,76;88;51;84;59;67;65;4;35;93;107;42;68;79;48;57;44;104;66;7;32;2;108;22;99;95;86;54;9;72,112;113;114;115;116;117;118;119;120;121;122;123;124;125;126;127;128;150;151;152;153;154;155;156;157;158;159;160;161;162,172;220;185;183;184;208;166;240;238;207;169;163;243;210;231;230;203;202;186;209;194;176;171;241;190;195;165;217;233;200;226;224;170;211;181;216;204;205;237;223;201;193;215;222;178;174;192;196;167;168;182;232;173;234;218;213;179;219;225;214;242;229;188;197;180;191;164;177;206;239;235;236;198;199;212;227,245;246;247;248;249;250;251;252;253;254;255;256;257;258;259;260;261;262;263;264,commit,-0.02225128224623684,374cb130be296abbf3e17f266a0a2e363a7493e9425685e68a6179648231fe13,1,1,1,1,1,1,1,1,1,1,1,3,3,1,1,9,2,0,cycle-0163;cycle-0165;cycle-0166;cycle-0169;cycle-0170;cycle-0171;cycle-0172;cycle-0176;cycle-0181;cycle-0183;cycle-0184;cycle-0185;cycle-0186;cycle-0190;cycle-0194;cycle-0195;cycle-0200;cycle-0202;cycle-0203;cycle-0204;cycle-0205;cycle-0207;cycle-0208;cycle-0209;cycle-0210;cycle-0211;cycle-0216;cycle-0217;cycle-0220;cycle-0224;cycle-0226;cycle-0230;cycle-0231;cycle-0233;cycle-0238;cycle-0240;cycle-0241;cycle-0243,1,2241.416878,4656.571266
3,blocked,FLShield,sign_flip,0,0,0,0,0.0064149105345,0.0068692134741,0.006269219558697368,0,0,0.006035915834966666,844,66,0,0,0,0,0,0,0,0,0,0.5412820512820513,0.5335897435897436,0.5412820512820513,0.007692307692307665,0.0068692134741,76;88;51;84;59;67;65;4;35;93;107;42;68;79;48;57;44;104;66;7;32;2;108;22;99;95;86;54;9;72,112;113;114;115;116;117;118;119;120;121;122;123;124;125;126;127;128;150;151;152;153;154;155;156;157;158;159;160;161;162,172;220;185;183;184;208;166;240;238;207;169;163;243;210;231;230;203;202;186;209;194;176;171;241;190;195;165;217;233;200;226;224;170;211;181;216;204;205;237;223;201;193;215;222;178;174;192;196;167;168;182;232;173;234;218;213;179;219;225;214;242;229;188;197;180;191;164;177;206;239;235;236;198;199;212;227,245;246;247;248;249;250;251;252;253;254;255;256;257;258;259;260;261;262;263;264,reject,0.0064149105345,e743fef9e97d0910497986ea4a1369e65550807066cae5ef9546bacde21c74dc,1,1,1,0,0,1,1,1,1,1,1,3,3,1,1,9,2,0,cycle-0163;cycle-0165;cycle-0166;cycle-0169;cycle-0170;cycle-0171;cycle-0172;cycle-0176;cycle-0181;cycle-0183;cycle-0184;cycle-0185;cycle-0186;cycle-0190;cycle-0194;cycle-0195;cycle-0200;cycle-0202;cycle-0203;cycle-0204;cycle-0205;cycle-0207;cycle-0208;cycle-0209;cycle-0210;cycle-0211;cycle-0216;cycle-0217;cycle-0220;cycle-0224;cycle-0226;cycle-0230;cycle-0231;cycle-0233;cycle-0238;cycle-0240;cycle-0241;cycle-0243,1,2230.160867,4737.84833
3,blocked,FoundationFL,sign_flip,0,0,0,0,0.6159056767169474,0.6425890737266,0.63047839247375,1,0,0.6705711240871334,844,66,0,0,0,1,1,0,0,0,0,0.5412820512820513,0.5,0.5412820512820513,0.04128205128205131,0.6425890737266,76;88;51;84;59;67;65;4;35;93;107;42;68;79;48;57;44;104;66;7;32;2;108;22;99;95;86;54;9;72,112;113;114;115;116;117;118;119;120;121;122;123;124;125;126;127;128;150;151;152;153;154;155;156;157;158;159;160;161;162,172;220;185;183;184;208;166;240;238;207;169;163;243;210;231;230;203;202;186;209;194;176;171;241;190;195;165;217;233;200;226;224;170;211;181;216;204;205;237;223;201;193;215;222;178;174;192;196;167;168;182;232;173;234;218;213;179;219;225;214;242;229;188;197;180;191;164;177;206;239;235;236;198;199;212;227,245;246;247;248;249;250;251;252;253;254;255;256;257;258;259;260;261;262;263;264,reject,0.6159056767169474,98e17d2bb9d30caacf0bac03df6f0a36bc66a65d5525639a50ef330b55228826,1,1,1,0,0,1,1,1,1,1,1,3,3,1,1,9,2,1,cycle-0164;cycle-0167;cycle-0168;cycle-0173;cycle-0174;cycle-0177;cycle-0178;cycle-0179;cycle-0180;cycle-0182;cycle-0188;cycle-0191;cycle-0192;cycle-0193;cycle-0196;cycle-0197;cycle-0198;cycle-0199;cycle-0201;cycle-0206;cycle-0212;cycle-0213;cycle-0214;cycle-0215;cycle-0218;cycle-0219;cycle-0222;cycle-0223;cycle-0225;cycle-0227;cycle-0229;cycle-0232;cycle-0234;cycle-0235;cycle-0236;cycle-0237;cycle-0239;cycle-0242,1,2355.105164,4750.827661
3,blocked,FedAvg,model_replacement,0,0,0,1,-0.05652797696221053,-0.0613958297895,-0.05696313611981579,0,0,-0.0418358254643,844,66,1,0,0,0,0,0,0,1,0,0.5412820512820513,0.46521367521367524,0.46521367521367524,0.0,0.0,76;88;51;84;59;67;65;4;35;93;107;42;68;79;48;57;44;104;66;7;32;2;108;22;99;95;86;54;9;72,112;113;114;115;116;117;118;119;120;121;122;123;124;125;126;127;128;150;151;152;153;154;155;156;157;158;159;160;161;162,172;220;185;183;184;208;166;240;238;207;169;163;243;210;231;230;203;202;186;209;194;176;171;241;190;195;165;217;233;200;226;224;170;211;181;216;204;205;237;223;201;193;215;222;178;174;192;196;167;168;182;232;173;234;218;213;179;219;225;214;242;229;188;197;180;191;164;177;206;239;235;236;198;199;212;227,245;246;247;248;249;250;251;252;253;254;255;256;257;258;259;260;261;262;263;264,commit,-0.05652797696221053,9252aa482f6414f09d3a716fb6bf13dcf5b3f593fac709eb091e818ecc12dc60,1,1,1,1,1,1,1,1,1,1,1,3,3,1,1,9,2,0,cycle-0163;cycle-0165;cycle-0166;cycle-0169;cycle-0170;cycle-0171;cycle-0172;cycle-0176;cycle-0181;cycle-0183;cycle-0184;cycle-0185;cycle-0186;cycle-0190;cycle-0194;cycle-0195;cycle-0200;cycle-0202;cycle-0203;cycle-0204;cycle-0205;cycle-0207;cycle-0208;cycle-0209;cycle-0210;cycle-0211;cycle-0216;cycle-0217;cycle-0220;cycle-0224;cycle-0226;cycle-0230;cycle-0231;cycle-0233;cycle-0238;cycle-0240;cycle-0241;cycle-0243,1,2234.114578,4682.639271
3,blocked,CoordinateMedian,model_replacement,0,0,0,1,-0.06727354450897369,-0.0689719420792,-0.06539442782063158,0,0,-0.0665807830417,844,66,1,0,0,0,0,0,0,1,0,0.5412820512820513,0.5101709401709401,0.5101709401709401,0.0,0.0,76;88;51;84;59;67;65;4;35;93;107;42;68;79;48;57;44;104;66;7;32;2;108;22;99;95;86;54;9;72,112;113;114;115;116;117;118;119;120;121;122;123;124;125;126;127;128;150;151;152;153;154;155;156;157;158;159;160;161;162,172;220;185;183;184;208;166;240;238;207;169;163;243;210;231;230;203;202;186;209;194;176;171;241;190;195;165;217;233;200;226;224;170;211;181;216;204;205;237;223;201;193;215;222;178;174;192;196;167;168;182;232;173;234;218;213;179;219;225;214;242;229;188;197;180;191;164;177;206;239;235;236;198;199;212;227,245;246;247;248;249;250;251;252;253;254;255;256;257;258;259;260;261;262;263;264,commit,-0.06727354450897369,24f54b9677b7a61bae73ef363d2639093d84feaee852952002561dd6001bf05e,1,1,1,1,1,1,1,1,1,1,1,3,3,1,1,9,2,0,cycle-0163;cycle-0165;cycle-0166;cycle-0169;cycle-0170;cycle-0171;cycle-0172;cycle-0176;cycle-0181;cycle-0183;cycle-0184;cycle-0185;cycle-0186;cycle-0190;cycle-0194;cycle-0195;cycle-0200;cycle-0202;cycle-0203;cycle-0204;cycle-0205;cycle-0207;cycle-0208;cycle-0209;cycle-0210;cycle-0211;cycle-0216;cycle-0217;cycle-0220;cycle-0224;cycle-0226;cycle-0230;cycle-0231;cycle-0233;cycle-0238;cycle-0240;cycle-0241;cycle-0243,1,2248.340758,4672.359592
3,blocked,Krum,model_replacement,0,0,0,1,-0.056167699777526316,-0.060933351055,-0.05792253763134211,0,0,-0.060060005512866665,844,66,1,0,0,0,0,0,0,1,0,0.5412820512820513,0.5464957264957264,0.5464957264957264,0.0,0.0,76;88;51;84;59;67;65;4;35;93;107;42;68;79;48;57;44;104;66;7;32;2;108;22;99;95;86;54;9;72,112;113;114;115;116;117;118;119;120;121;122;123;124;125;126;127;128;150;151;152;153;154;155;156;157;158;159;160;161;162,172;220;185;183;184;208;166;240;238;207;169;163;243;210;231;230;203;202;186;209;194;176;171;241;190;195;165;217;233;200;226;224;170;211;181;216;204;205;237;223;201;193;215;222;178;174;192;196;167;168;182;232;173;234;218;213;179;219;225;214;242;229;188;197;180;191;164;177;206;239;235;236;198;199;212;227,245;246;247;248;249;250;251;252;253;254;255;256;257;258;259;260;261;262;263;264,commit,-0.056167699777526316,ed3332966f8c5cd877d30b63523f750574abdcdbfb093526b01d422434fbad79,1,1,1,1,1,1,1,1,1,1,1,3,3,1,1,9,2,1,cycle-0164;cycle-0167;cycle-0168;cycle-0173;cycle-0174;cycle-0177;cycle-0178;cycle-0179;cycle-0180;cycle-0182;cycle-0188;cycle-0191;cycle-0192;cycle-0193;cycle-0196;cycle-0197;cycle-0198;cycle-0199;cycle-0201;cycle-0206;cycle-0212;cycle-0213;cycle-0214;cycle-0215;cycle-0218;cycle-0219;cycle-0222;cycle-0223;cycle-0225;cycle-0227;cycle-0229;cycle-0232;cycle-0234;cycle-0235;cycle-0236;cycle-0237;cycle-0239;cycle-0242,1,2260.799724,4662.543645
3,blocked,FLTrust,model_replacement,0,0,0,0,0.2835806335512895,0.30333616368745,0.2903015980666842,0,0,0.2961122133631333,844,66,0,0,0,1,0,0,0,0,0,0.5412820512820513,0.5,0.5412820512820513,0.04128205128205131,0.30333616368745,76;88;51;84;59;67;65;4;35;93;107;42;68;79;48;57;44;104;66;7;32;2;108;22;99;95;86;54;9;72,112;113;114;115;116;117;118;119;120;121;122;123;124;125;126;127;128;150;151;152;153;154;155;156;157;158;159;160;161;162,172;220;185;183;184;208;166;240;238;207;169;163;243;210;231;230;203;202;186;209;194;176;171;241;190;195;165;217;233;200;226;224;170;211;181;216;204;205;237;223;201;193;215;222;178;174;192;196;167;168;182;232;173;234;218;213;179;219;225;214;242;229;188;197;180;191;164;177;206;239;235;236;198;199;212;227,245;246;247;248;249;250;251;252;253;254;255;256;257;258;259;260;261;262;263;264,reject,0.2835806335512895,052e8dcbd9cb4990c4c32c737eea7c8926c8a7e2a742ce4170b15fbfb41b0d90,1,1,1,0,0,1,1,1,1,1,1,3,3,1,1,9,2,1,cycle-0164;cycle-0167;cycle-0168;cycle-0173;cycle-0174;cycle-0177;cycle-0178;cycle-0179;cycle-0180;cycle-0182;cycle-0188;cycle-0191;cycle-0192;cycle-0193;cycle-0196;cycle-0197;cycle-0198;cycle-0199;cycle-0201;cycle-0206;cycle-0212;cycle-0213;cycle-0214;cycle-0215;cycle-0218;cycle-0219;cycle-0222;cycle-0223;cycle-0225;cycle-0227;cycle-0229;cycle-0232;cycle-0234;cycle-0235;cycle-0236;cycle-0237;cycle-0239;cycle-0242,1,2290.397993,4771.615444
3,blocked,FedVal,model_replacement,0,0,0,1,-0.04862489454305263,-0.05285870190975,-0.048364504170105266,0,0,-0.040040712116633334,844,66,1,0,0,0,0,0,0,1,0,0.5412820512820513,0.5082905982905983,0.5082905982905983,0.0,0.0,76;88;51;84;59;67;65;4;35;93;107;42;68;79;48;57;44;104;66;7;32;2;108;22;99;95;86;54;9;72,112;113;114;115;116;117;118;119;120;121;122;123;124;125;126;127;128;150;151;152;153;154;155;156;157;158;159;160;161;162,172;220;185;183;184;208;166;240;238;207;169;163;243;210;231;230;203;202;186;209;194;176;171;241;190;195;165;217;233;200;226;224;170;211;181;216;204;205;237;223;201;193;215;222;178;174;192;196;167;168;182;232;173;234;218;213;179;219;225;214;242;229;188;197;180;191;164;177;206;239;235;236;198;199;212;227,245;246;247;248;249;250;251;252;253;254;255;256;257;258;259;260;261;262;263;264,commit,-0.04862489454305263,9e4788f4790b35c308db8407350d0f27b6513342d12bc267e28e410b0680030a,1,1,1,1,1,1,1,1,1,1,1,3,3,1,1,9,2,0,cycle-0163;cycle-0165;cycle-0166;cycle-0169;cycle-0170;cycle-0171;cycle-0172;cycle-0176;cycle-0181;cycle-0183;cycle-0184;cycle-0185;cycle-0186;cycle-0190;cycle-0194;cycle-0195;cycle-0200;cycle-0202;cycle-0203;cycle-0204;cycle-0205;cycle-0207;cycle-0208;cycle-0209;cycle-0210;cycle-0211;cycle-0216;cycle-0217;cycle-0220;cycle-0224;cycle-0226;cycle-0230;cycle-0231;cycle-0233;cycle-0238;cycle-0240;cycle-0241;cycle-0243,1,2194.919237,4595.035721
3,blocked,FLShield,model_replacement,0,0,0,1,-0.003476655718026316,-0.00386944338975,-0.0033342777821447366,0,0,-0.003195176208066667,844,66,1,0,0,0,0,0,0,1,0,0.5412820512820513,0.5428205128205128,0.5428205128205128,0.0,0.0,76;88;51;84;59;67;65;4;35;93;107;42;68;79;48;57;44;104;66;7;32;2;108;22;99;95;86;54;9;72,112;113;114;115;116;117;118;119;120;121;122;123;124;125;126;127;128;150;151;152;153;154;155;156;157;158;159;160;161;162,172;220;185;183;184;208;166;240;238;207;169;163;243;210;231;230;203;202;186;209;194;176;171;241;190;195;165;217;233;200;226;224;170;211;181;216;204;205;237;223;201;193;215;222;178;174;192;196;167;168;182;232;173;234;218;213;179;219;225;214;242;229;188;197;180;191;164;177;206;239;235;236;198;199;212;227,245;246;247;248;249;250;251;252;253;254;255;256;257;258;259;260;261;262;263;264,commit,-0.003476655718026316,846ef004134de4d152c44b3adb7cb62e32282b73bc056cc0bc95e9987400df3c,1,1,1,1,1,1,1,1,1,1,1,3,3,1,1,9,2,0,cycle-0163;cycle-0165;cycle-0166;cycle-0169;cycle-0170;cycle-0171;cycle-0172;cycle-0176;cycle-0181;cycle-0183;cycle-0184;cycle-0185;cycle-0186;cycle-0190;cycle-0194;cycle-0195;cycle-0200;cycle-0202;cycle-0203;cycle-0204;cycle-0205;cycle-0207;cycle-0208;cycle-0209;cycle-0210;cycle-0211;cycle-0216;cycle-0217;cycle-0220;cycle-0224;cycle-0226;cycle-0230;cycle-0231;cycle-0233;cycle-0238;cycle-0240;cycle-0241;cycle-0243,1,2291.701423,4639.643015
3,blocked,FoundationFL,model_replacement,0,0,0,1,-0.18824977734873685,-0.21144173707865,-0.1999756994171842,0,0,-0.21936968069496668,844,66,1,0,0,0,0,0,0,1,0,0.5412820512820513,0.5091452991452992,0.5091452991452992,0.0,0.0,76;88;51;84;59;67;65;4;35;93;107;42;68;79;48;57;44;104;66;7;32;2;108;22;99;95;86;54;9;72,112;113;114;115;116;117;118;119;120;121;122;123;124;125;126;127;128;150;151;152;153;154;155;156;157;158;159;160;161;162,172;220;185;183;184;208;166;240;238;207;169;163;243;210;231;230;203;202;186;209;194;176;171;241;190;195;165;217;233;200;226;224;170;211;181;216;204;205;237;223;201;193;215;222;178;174;192;196;167;168;182;232;173;234;218;213;179;219;225;214;242;229;188;197;180;191;164;177;206;239;235;236;198;199;212;227,245;246;247;248;249;250;251;252;253;254;255;256;257;258;259;260;261;262;263;264,commit,-0.18824977734873685,e3ac8b518d7115e2d7ea9d09467853782bbf3d5796a4467a5030408e2a7d82c0,1,1,1,1,1,1,1,1,1,1,1,3,3,1,1,9,2,1,cycle-0164;cycle-0167;cycle-0168;cycle-0173;cycle-0174;cycle-0177;cycle-0178;cycle-0179;cycle-0180;cycle-0182;cycle-0188;cycle-0191;cycle-0192;cycle-0193;cycle-0196;cycle-0197;cycle-0198;cycle-0199;cycle-0201;cycle-0206;cycle-0212;cycle-0213;cycle-0214;cycle-0215;cycle-0218;cycle-0219;cycle-0222;cycle-0223;cycle-0225;cycle-0227;cycle-0229;cycle-0232;cycle-0234;cycle-0235;cycle-0236;cycle-0237;cycle-0239;cycle-0242,1,2265.345071,4704.102392
3,blocked,FedAvg,score_aware,64,48,1,1,-0.10455597392428947,-0.10593708648735,-0.10282074035414474,0,0,-0.07160855288426667,844,66,1,0,0,0,0,0,0,1,0,0.5412820512820513,0.4587179487179487,0.4587179487179487,0.0,0.0,76;88;51;84;59;67;65;4;35;93;107;42;68;79;48;57;44;104;66;7;32;2;108;22;99;95;86;54;9;72,112;113;114;115;116;117;118;119;120;121;122;123;124;125;126;127;128;150;151;152;153;154;155;156;157;158;159;160;161;162,172;220;185;183;184;208;166;240;238;207;169;163;243;210;231;230;203;202;186;209;194;176;171;241;190;195;165;217;233;200;226;224;170;211;181;216;204;205;237;223;201;193;215;222;178;174;192;196;167;168;182;232;173;234;218;213;179;219;225;214;242;229;188;197;180;191;164;177;206;239;235;236;198;199;212;227,245;246;247;248;249;250;251;252;253;254;255;256;257;258;259;260;261;262;263;264,commit,-0.10455597392428947,ee34cf2e0428d0e0e992dc631a4fde20661499a7de4e7b0a4678c474f6ea1111,1,1,1,1,1,1,1,1,1,1,1,3,3,1,1,9,2,0,cycle-0163;cycle-0165;cycle-0166;cycle-0169;cycle-0170;cycle-0171;cycle-0172;cycle-0176;cycle-0181;cycle-0183;cycle-0184;cycle-0185;cycle-0186;cycle-0190;cycle-0194;cycle-0195;cycle-0200;cycle-0202;cycle-0203;cycle-0204;cycle-0205;cycle-0207;cycle-0208;cycle-0209;cycle-0210;cycle-0211;cycle-0216;cycle-0217;cycle-0220;cycle-0224;cycle-0226;cycle-0230;cycle-0231;cycle-0233;cycle-0238;cycle-0240;cycle-0241;cycle-0243,1,2368.265858,4878.221161
3,blocked,FLTrust,score_aware,64,41,0,0,0.2573272829501579,0.26365437210665,0.2513652418989342,0,0,0.25607473882436665,844,66,0,0,0,1,0,0,0,0,0,0.5412820512820513,0.5,0.5412820512820513,0.04128205128205131,0.26365437210665,76;88;51;84;59;67;65;4;35;93;107;42;68;79;48;57;44;104;66;7;32;2;108;22;99;95;86;54;9;72,112;113;114;115;116;117;118;119;120;121;122;123;124;125;126;127;128;150;151;152;153;154;155;156;157;158;159;160;161;162,172;220;185;183;184;208;166;240;238;207;169;163;243;210;231;230;203;202;186;209;194;176;171;241;190;195;165;217;233;200;226;224;170;211;181;216;204;205;237;223;201;193;215;222;178;174;192;196;167;168;182;232;173;234;218;213;179;219;225;214;242;229;188;197;180;191;164;177;206;239;235;236;198;199;212;227,245;246;247;248;249;250;251;252;253;254;255;256;257;258;259;260;261;262;263;264,reject,0.2573272829501579,8b7170ac87a0ad7a8ed9d0b54b6ba4bc3cb07801a49d82a9af34ddc30cd0bafc,1,1,1,0,0,1,1,1,1,1,1,3,3,1,1,9,2,0,cycle-0163;cycle-0165;cycle-0166;cycle-0169;cycle-0170;cycle-0171;cycle-0172;cycle-0176;cycle-0181;cycle-0183;cycle-0184;cycle-0185;cycle-0186;cycle-0190;cycle-0194;cycle-0195;cycle-0200;cycle-0202;cycle-0203;cycle-0204;cycle-0205;cycle-0207;cycle-0208;cycle-0209;cycle-0210;cycle-0211;cycle-0216;cycle-0217;cycle-0220;cycle-0224;cycle-0226;cycle-0230;cycle-0231;cycle-0233;cycle-0238;cycle-0240;cycle-0241;cycle-0243,1,2405.274467,4752.786638
3,blocked,FoundationFL,score_aware,64,48,1,1,-0.09809044236989474,-0.09651620318,-0.09523697735667105,0,0,-0.06069363698033333,844,66,1,0,0,0,0,0,0,1,0,0.5412820512820513,0.4587179487179487,0.4587179487179487,0.0,0.0,76;88;51;84;59;67;65;4;35;93;107;42;68;79;48;57;44;104;66;7;32;2;108;22;99;95;86;54;9;72,112;113;114;115;116;117;118;119;120;121;122;123;124;125;126;127;128;150;151;152;153;154;155;156;157;158;159;160;161;162,172;220;185;183;184;208;166;240;238;207;169;163;243;210;231;230;203;202;186;209;194;176;171;241;190;195;165;217;233;200;226;224;170;211;181;216;204;205;237;223;201;193;215;222;178;174;192;196;167;168;182;232;173;234;218;213;179;219;225;214;242;229;188;197;180;191;164;177;206;239;235;236;198;199;212;227,245;246;247;248;249;250;251;252;253;254;255;256;257;258;259;260;261;262;263;264,commit,-0.09809044236989474,c22aba2ea9b1c7c57ba8cecc9c7aea82cfbd65b0241af4413fe17389adf0cbd2,1,1,1,1,1,1,1,1,1,1,1,3,3,1,1,9,2,0,cycle-0163;cycle-0165;cycle-0166;cycle-0169;cycle-0170;cycle-0171;cycle-0172;cycle-0176;cycle-0181;cycle-0183;cycle-0184;cycle-0185;cycle-0186;cycle-0190;cycle-0194;cycle-0195;cycle-0200;cycle-0202;cycle-0203;cycle-0204;cycle-0205;cycle-0207;cycle-0208;cycle-0209;cycle-0210;cycle-0211;cycle-0216;cycle-0217;cycle-0220;cycle-0224;cycle-0226;cycle-0230;cycle-0231;cycle-0233;cycle-0238;cycle-0240;cycle-0241;cycle-0243,1,2270.782076,4706.202133
4,blocked,FedAvg,none,0,0,0,1,-0.02068136401473684,-0.0219606228173,-0.02042175977435526,0,0,-0.0231513377906,844,66,1,0,0,0,0,0,0,1,0,0.5,0.5,0.5,0.0,0.0,34;93;2;70;90;71;36;94;51;111;69;62;46;86;24;64;88;16;27;77;87;43;107;59;78;76;101;4;58;26,112;113;114;115;116;117;118;119;120;121;122;123;124;125;126;127;128;150;151;152;153;154;155;156;157;158;159;160;161;162,201;230;164;227;185;192;175;229;199;169;181;186;212;198;234;193;190;219;242;220;208;172;184;188;207;171;202;235;203;180;205;174;200;238;179;204;240;236;225;183;176;224;165;241;173;194;213;217;163;166;222;191;243;218;209;195;214;221;211;232;239;196;226;231;233;177;216;206;189;228;210;168;182;170;167;215,245;246;247;248;249;250;251;252;253;254;255;256;257;258;259;260;261;262;263;264,commit,-0.02068136401473684,5ffe273068744a712de629cdbc222882aa38eabd6eb00a3e5a573fbca338d1d9,1,2,2,1,1,1,1,1,1,1,1,3,3,1,1,9,2,1,cycle-0163;cycle-0165;cycle-0166;cycle-0167;cycle-0168;cycle-0170;cycle-0173;cycle-0176;cycle-0177;cycle-0182;cycle-0183;cycle-0189;cycle-0191;cycle-0194;cycle-0195;cycle-0196;cycle-0206;cycle-0209;cycle-0210;cycle-0211;cycle-0213;cycle-0214;cycle-0215;cycle-0216;cycle-0217;cycle-0218;cycle-0221;cycle-0222;cycle-0224;cycle-0225;cycle-0226;cycle-0228;cycle-0231;cycle-0232;cycle-0233;cycle-0239;cycle-0241;cycle-0243,1,2412.741051,5722.531893
4,blocked,CoordinateMedian,none,0,0,0,1,-0.028368220191947367,-0.03068412383945,-0.028769999805039474,0,0,-0.03299362161936667,844,66,1,0,0,0,0,0,0,1,0,0.5,0.5,0.5,0.0,0.0,34;93;2;70;90;71;36;94;51;111;69;62;46;86;24;64;88;16;27;77;87;43;107;59;78;76;101;4;58;26,112;113;114;115;116;117;118;119;120;121;122;123;124;125;126;127;128;150;151;152;153;154;155;156;157;158;159;160;161;162,201;230;164;227;185;192;175;229;199;169;181;186;212;198;234;193;190;219;242;220;208;172;184;188;207;171;202;235;203;180;205;174;200;238;179;204;240;236;225;183;176;224;165;241;173;194;213;217;163;166;222;191;243;218;209;195;214;221;211;232;239;196;226;231;233;177;216;206;189;228;210;168;182;170;167;215,245;246;247;248;249;250;251;252;253;254;255;256;257;258;259;260;261;262;263;264,commit,-0.028368220191947367,6c5ca17688a1eb63bce512641261e9fc285ae23b4ea7ad67b215f516ec98e087,1,1,1,1,1,1,1,1,1,1,1,3,3,1,1,9,2,0,cycle-0164;cycle-0169;cycle-0171;cycle-0172;cycle-0174;cycle-0175;cycle-0179;cycle-0180;cycle-0181;cycle-0184;cycle-0185;cycle-0186;cycle-0188;cycle-0190;cycle-0192;cycle-0193;cycle-0198;cycle-0199;cycle-0200;cycle-0201;cycle-0202;cycle-0203;cycle-0204;cycle-0205;cycle-0207;cycle-0208;cycle-0212;cycle-0219;cycle-0220;cycle-0227;cycle-0229;cycle-0230;cycle-0234;cycle-0235;cycle-0236;cycle-0238;cycle-0240;cycle-0242,1,2261.998607,4677.052648
4,blocked,Krum,none,0,0,0,1,-0.02892884840363158,-0.0302305407433,-0.028509756949513156,0,0,-0.032697747385533334,844,66,1,0,0,0,0,0,0,1,0,0.5,0.5,0.5,0.0,0.0,34;93;2;70;90;71;36;94;51;111;69;62;46;86;24;64;88;16;27;77;87;43;107;59;78;76;101;4;58;26,112;113;114;115;116;117;118;119;120;121;122;123;124;125;126;127;128;150;151;152;153;154;155;156;157;158;159;160;161;162,201;230;164;227;185;192;175;229;199;169;181;186;212;198;234;193;190;219;242;220;208;172;184;188;207;171;202;235;203;180;205;174;200;238;179;204;240;236;225;183;176;224;165;241;173;194;213;217;163;166;222;191;243;218;209;195;214;221;211;232;239;196;226;231;233;177;216;206;189;228;210;168;182;170;167;215,245;246;247;248;249;250;251;252;253;254;255;256;257;258;259;260;261;262;263;264,commit,-0.02892884840363158,3f77fa3e1dca60c10115ec403e1f7a390953cf4c55e9e94410dfe3a2d793a614,1,1,1,1,1,1,1,1,1,1,1,3,3,1,1,9,2,1,cycle-0163;cycle-0165;cycle-0166;cycle-0167;cycle-0168;cycle-0170;cycle-0173;cycle-0176;cycle-0177;cycle-0182;cycle-0183;cycle-0189;cycle-0191;cycle-0194;cycle-0195;cycle-0196;cycle-0206;cycle-0209;cycle-0210;cycle-0211;cycle-0213;cycle-0214;cycle-0215;cycle-0216;cycle-0217;cycle-0218;cycle-0221;cycle-0222;cycle-0224;cycle-0225;cycle-0226;cycle-0228;cycle-0231;cycle-0232;cycle-0233;cycle-0239;cycle-0241;cycle-0243,1,2392.96997,4830.440252
4,blocked,FLTrust,none,0,0,0,0,0.3425791517069737,0.36494063521085,0.34414674866280265,0,0,0.35322295948456667,844,66,0,0,0,1,1,0,0,0,0,0.5,0.5061538461538462,0.5,-0.006153846153846176,0.36494063521085,34;93;2;70;90;71;36;94;51;111;69;62;46;86;24;64;88;16;27;77;87;43;107;59;78;76;101;4;58;26,112;113;114;115;116;117;118;119;120;121;122;123;124;125;126;127;128;150;151;152;153;154;155;156;157;158;159;160;161;162,201;230;164;227;185;192;175;229;199;169;181;186;212;198;234;193;190;219;242;220;208;172;184;188;207;171;202;235;203;180;205;174;200;238;179;204;240;236;225;183;176;224;165;241;173;194;213;217;163;166;222;191;243;218;209;195;214;221;211;232;239;196;226;231;233;177;216;206;189;228;210;168;182;170;167;215,245;246;247;248;249;250;251;252;253;254;255;256;257;258;259;260;261;262;263;264,reject,0.3425791517069737,f35af554917fef1104cd6d868ff5094c097c236657504d8a0748fcb9b6b7193e,1,1,1,0,0,1,1,1,1,1,1,3,3,1,1,9,2,0,cycle-0164;cycle-0169;cycle-0171;cycle-0172;cycle-0174;cycle-0175;cycle-0179;cycle-0180;cycle-0181;cycle-0184;cycle-0185;cycle-0186;cycle-0188;cycle-0190;cycle-0192;cycle-0193;cycle-0198;cycle-0199;cycle-0200;cycle-0201;cycle-0202;cycle-0203;cycle-0204;cycle-0205;cycle-0207;cycle-0208;cycle-0212;cycle-0219;cycle-0220;cycle-0227;cycle-0229;cycle-0230;cycle-0234;cycle-0235;cycle-0236;cycle-0238;cycle-0240;cycle-0242,1,2319.084786,4722.679098
4,blocked,FedVal,none,0,0,0,0,0.013837071093394738,0.01495458239025,0.013934605425828948,0,0,0.014772878346233333,844,66,0,0,0,0,0,0,0,0,0,0.5,0.49923076923076926,0.5,0.0007692307692307443,0.01495458239025,34;93;2;70;90;71;36;94;51;111;69;62;46;86;24;64;88;16;27;77;87;43;107;59;78;76;101;4;58;26,112;113;114;115;116;117;118;119;120;121;122;123;124;125;126;127;128;150;151;152;153;154;155;156;157;158;159;160;161;162,201;230;164;227;185;192;175;229;199;169;181;186;212;198;234;193;190;219;242;220;208;172;184;188;207;171;202;235;203;180;205;174;200;238;179;204;240;236;225;183;176;224;165;241;173;194;213;217;163;166;222;191;243;218;209;195;214;221;211;232;239;196;226;231;233;177;216;206;189;228;210;168;182;170;167;215,245;246;247;248;249;250;251;252;253;254;255;256;257;258;259;260;261;262;263;264,reject,0.013837071093394738,b2833643fdc2e058da044803313443512c7e48f77fade1f6b43ac539a66e3e0a,1,1,1,0,0,1,1,1,1,1,1,3,3,1,1,9,2,0,cycle-0164;cycle-0169;cycle-0171;cycle-0172;cycle-0174;cycle-0175;cycle-0179;cycle-0180;cycle-0181;cycle-0184;cycle-0185;cycle-0186;cycle-0188;cycle-0190;cycle-0192;cycle-0193;cycle-0198;cycle-0199;cycle-0200;cycle-0201;cycle-0202;cycle-0203;cycle-0204;cycle-0205;cycle-0207;cycle-0208;cycle-0212;cycle-0219;cycle-0220;cycle-0227;cycle-0229;cycle-0230;cycle-0234;cycle-0235;cycle-0236;cycle-0238;cycle-0240;cycle-0242,1,2236.321981,4622.817021
4,blocked,FLShield,none,0,0,0,1,-0.04832625450363158,-0.05279323576375,-0.04909460366772368,0,0,-0.057531917285266666,844,66,1,0,0,0,0,0,0,1,0,0.5,0.5,0.5,0.0,0.0,34;93;2;70;90;71;36;94;51;111;69;62;46;86;24;64;88;16;27;77;87;43;107;59;78;76;101;4;58;26,112;113;114;115;116;117;118;119;120;121;122;123;124;125;126;127;128;150;151;152;153;154;155;156;157;158;159;160;161;162,201;230;164;227;185;192;175;229;199;169;181;186;212;198;234;193;190;219;242;220;208;172;184;188;207;171;202;235;203;180;205;174;200;238;179;204;240;236;225;183;176;224;165;241;173;194;213;217;163;166;222;191;243;218;209;195;214;221;211;232;239;196;226;231;233;177;216;206;189;228;210;168;182;170;167;215,245;246;247;248;249;250;251;252;253;254;255;256;257;258;259;260;261;262;263;264,commit,-0.04832625450363158,a6f3100428c109ad9e34dfa9c3fc8b3af3a4141cc791ab34cf5d5cc44a2b4e5a,1,1,1,1,1,1,1,1,1,1,1,3,3,1,1,9,2,0,cycle-0164;cycle-0169;cycle-0171;cycle-0172;cycle-0174;cycle-0175;cycle-0179;cycle-0180;cycle-0181;cycle-0184;cycle-0185;cycle-0186;cycle-0188;cycle-0190;cycle-0192;cycle-0193;cycle-0198;cycle-0199;cycle-0200;cycle-0201;cycle-0202;cycle-0203;cycle-0204;cycle-0205;cycle-0207;cycle-0208;cycle-0212;cycle-0219;cycle-0220;cycle-0227;cycle-0229;cycle-0230;cycle-0234;cycle-0235;cycle-0236;cycle-0238;cycle-0240;cycle-0242,1,2248.667328,4762.474078
4,blocked,FoundationFL,none,0,0,0,1,-0.02196068850036842,-0.02354726262605,-0.022286981977723684,0,0,-0.025352324685233334,844,66,1,0,0,0,0,0,0,1,0,0.5,0.5,0.5,0.0,0.0,34;93;2;70;90;71;36;94;51;111;69;62;46;86;24;64;88;16;27;77;87;43;107;59;78;76;101;4;58;26,112;113;114;115;116;117;118;119;120;121;122;123;124;125;126;127;128;150;151;152;153;154;155;156;157;158;159;160;161;162,201;230;164;227;185;192;175;229;199;169;181;186;212;198;234;193;190;219;242;220;208;172;184;188;207;171;202;235;203;180;205;174;200;238;179;204;240;236;225;183;176;224;165;241;173;194;213;217;163;166;222;191;243;218;209;195;214;221;211;232;239;196;226;231;233;177;216;206;189;228;210;168;182;170;167;215,245;246;247;248;249;250;251;252;253;254;255;256;257;258;259;260;261;262;263;264,commit,-0.02196068850036842,1d456f5c3a2e54e320e7dc48a3ca03a80d4aaf848dfd0543a8600763aedeaf94,1,1,1,1,1,1,1,1,1,1,1,3,3,1,1,9,2,0,cycle-0164;cycle-0169;cycle-0171;cycle-0172;cycle-0174;cycle-0175;cycle-0179;cycle-0180;cycle-0181;cycle-0184;cycle-0185;cycle-0186;cycle-0188;cycle-0190;cycle-0192;cycle-0193;cycle-0198;cycle-0199;cycle-0200;cycle-0201;cycle-0202;cycle-0203;cycle-0204;cycle-0205;cycle-0207;cycle-0208;cycle-0212;cycle-0219;cycle-0220;cycle-0227;cycle-0229;cycle-0230;cycle-0234;cycle-0235;cycle-0236;cycle-0238;cycle-0240;cycle-0242,1,2321.858066,4658.213981
4,blocked,FedAvg,sign_flip,0,0,0,0,0.022646522250605264,0.02387851032865,0.022415922930881578,0,0,0.0247711905233,844,66,0,0,0,0,0,0,0,0,0,0.5,0.5,0.5,0.0,0.02387851032865,34;93;2;70;90;71;36;94;51;111;69;62;46;86;24;64;88;16;27;77;87;43;107;59;78;76;101;4;58;26,112;113;114;115;116;117;118;119;120;121;122;123;124;125;126;127;128;150;151;152;153;154;155;156;157;158;159;160;161;162,201;230;164;227;185;192;175;229;199;169;181;186;212;198;234;193;190;219;242;220;208;172;184;188;207;171;202;235;203;180;205;174;200;238;179;204;240;236;225;183;176;224;165;241;173;194;213;217;163;166;222;191;243;218;209;195;214;221;211;232;239;196;226;231;233;177;216;206;189;228;210;168;182;170;167;215,245;246;247;248;249;250;251;252;253;254;255;256;257;258;259;260;261;262;263;264,reject,0.022646522250605264,0088ab06ef957a2b83ebce243aa7e8b0f5caab2d215c77fe88b3ee9f51fe8159,1,1,1,0,0,1,1,1,1,1,1,3,3,1,1,9,2,1,cycle-0163;cycle-0165;cycle-0166;cycle-0167;cycle-0168;cycle-0170;cycle-0173;cycle-0176;cycle-0177;cycle-0182;cycle-0183;cycle-0189;cycle-0191;cycle-0194;cycle-0195;cycle-0196;cycle-0206;cycle-0209;cycle-0210;cycle-0211;cycle-0213;cycle-0214;cycle-0215;cycle-0216;cycle-0217;cycle-0218;cycle-0221;cycle-0222;cycle-0224;cycle-0225;cycle-0226;cycle-0228;cycle-0231;cycle-0232;cycle-0233;cycle-0239;cycle-0241;cycle-0243,1,2331.707873,4763.952943
4,blocked,CoordinateMedian,sign_flip,0,0,0,1,-0.01798130025668421,-0.0188663543436,-0.017753634369513157,0,0,-0.020339967817133334,844,66,1,0,0,0,0,0,0,1,0,0.5,0.5,0.5,0.0,0.0,34;93;2;70;90;71;36;94;51;111;69;62;46;86;24;64;88;16;27;77;87;43;107;59;78;76;101;4;58;26,112;113;114;115;116;117;118;119;120;121;122;123;124;125;126;127;128;150;151;152;153;154;155;156;157;158;159;160;161;162,201;230;164;227;185;192;175;229;199;169;181;186;212;198;234;193;190;219;242;220;208;172;184;188;207;171;202;235;203;180;205;174;200;238;179;204;240;236;225;183;176;224;165;241;173;194;213;217;163;166;222;191;243;218;209;195;214;221;211;232;239;196;226;231;233;177;216;206;189;228;210;168;182;170;167;215,245;246;247;248;249;250;251;252;253;254;255;256;257;258;259;260;261;262;263;264,commit,-0.01798130025668421,98c1eb559ed580824a992ed69e0795e2ebd10a807017ce6ffdf252cda096422c,1,1,1,1,1,1,1,1,1,1,1,3,3,1,1,9,2,1,cycle-0163;cycle-0165;cycle-0166;cycle-0167;cycle-0168;cycle-0170;cycle-0173;cycle-0176;cycle-0177;cycle-0182;cycle-0183;cycle-0189;cycle-0191;cycle-0194;cycle-0195;cycle-0196;cycle-0206;cycle-0209;cycle-0210;cycle-0211;cycle-0213;cycle-0214;cycle-0215;cycle-0216;cycle-0217;cycle-0218;cycle-0221;cycle-0222;cycle-0224;cycle-0225;cycle-0226;cycle-0228;cycle-0231;cycle-0232;cycle-0233;cycle-0239;cycle-0241;cycle-0243,1,2361.775441,4844.230239
4,blocked,Krum,sign_flip,0,0,0,1,-0.028090665495394736,-0.0302305407433,-0.028509756949513156,0,0,-0.032697747385533334,844,66,1,0,0,0,0,0,0,1,0,0.5,0.5,0.5,0.0,0.0,34;93;2;70;90;71;36;94;51;111;69;62;46;86;24;64;88;16;27;77;87;43;107;59;78;76;101;4;58;26,112;113;114;115;116;117;118;119;120;121;122;123;124;125;126;127;128;150;151;152;153;154;155;156;157;158;159;160;161;162,201;230;164;227;185;192;175;229;199;169;181;186;212;198;234;193;190;219;242;220;208;172;184;188;207;171;202;235;203;180;205;174;200;238;179;204;240;236;225;183;176;224;165;241;173;194;213;217;163;166;222;191;243;218;209;195;214;221;211;232;239;196;226;231;233;177;216;206;189;228;210;168;182;170;167;215,245;246;247;248;249;250;251;252;253;254;255;256;257;258;259;260;261;262;263;264,commit,-0.028090665495394736,dbe0a772dfb0a309963f68d01ec3427199559f7e85d43831bd163a7b85b0c3e4,1,1,1,1,1,1,1,1,1,1,1,3,3,1,1,9,2,0,cycle-0164;cycle-0169;cycle-0171;cycle-0172;cycle-0174;cycle-0175;cycle-0179;cycle-0180;cycle-0181;cycle-0184;cycle-0185;cycle-0186;cycle-0188;cycle-0190;cycle-0192;cycle-0193;cycle-0198;cycle-0199;cycle-0200;cycle-0201;cycle-0202;cycle-0203;cycle-0204;cycle-0205;cycle-0207;cycle-0208;cycle-0212;cycle-0219;cycle-0220;cycle-0227;cycle-0229;cycle-0230;cycle-0234;cycle-0235;cycle-0236;cycle-0238;cycle-0240;cycle-0242,1,2312.950915,4672.119504
4,blocked,FLTrust,sign_flip,0,0,0,0,0.3663371130140263,0.38860434855195,0.36817550084825,1,0,0.37914859413653335,844,66,0,0,0,1,1,0,0,0,0,0.5,0.5023076923076923,0.5,-0.002307692307692344,0.38860434855195,34;93;2;70;90;71;36;94;51;111;69;62;46;86;24;64;88;16;27;77;87;43;107;59;78;76;101;4;58;26,112;113;114;115;116;117;118;119;120;121;122;123;124;125;126;127;128;150;151;152;153;154;155;156;157;158;159;160;161;162,201;230;164;227;185;192;175;229;199;169;181;186;212;198;234;193;190;219;242;220;208;172;184;188;207;171;202;235;203;180;205;174;200;238;179;204;240;236;225;183;176;224;165;241;173;194;213;217;163;166;222;191;243;218;209;195;214;221;211;232;239;196;226;231;233;177;216;206;189;228;210;168;182;170;167;215,245;246;247;248;249;250;251;252;253;254;255;256;257;258;259;260;261;262;263;264,reject,0.3663371130140263,4759f2122ae1d72188d48a2f11dee5537b6a12bb2cfb6f368dff849b2b1f497f,1,1,1,0,0,1,1,1,1,1,1,3,3,1,1,9,2,0,cycle-0164;cycle-0169;cycle-0171;cycle-0172;cycle-0174;cycle-0175;cycle-0179;cycle-0180;cycle-0181;cycle-0184;cycle-0185;cycle-0186;cycle-0188;cycle-0190;cycle-0192;cycle-0193;cycle-0198;cycle-0199;cycle-0200;cycle-0201;cycle-0202;cycle-0203;cycle-0204;cycle-0205;cycle-0207;cycle-0208;cycle-0212;cycle-0219;cycle-0220;cycle-0227;cycle-0229;cycle-0230;cycle-0234;cycle-0235;cycle-0236;cycle-0238;cycle-0240;cycle-0242,1,2248.464711,4622.675307
4,blocked,FedVal,sign_flip,0,0,0,0,0.05620986507636842,0.0609491774208,0.05663353935744737,0,0,0.060926550515066666,844,66,0,0,0,1,0,0,0,0,0,0.5,0.5076068376068376,0.5,-0.007606837606837558,0.0609491774208,34;93;2;70;90;71;36;94;51;111;69;62;46;86;24;64;88;16;27;77;87;43;107;59;78;76;101;4;58;26,112;113;114;115;116;117;118;119;120;121;122;123;124;125;126;127;128;150;151;152;153;154;155;156;157;158;159;160;161;162,201;230;164;227;185;192;175;229;199;169;181;186;212;198;234;193;190;219;242;220;208;172;184;188;207;171;202;235;203;180;205;174;200;238;179;204;240;236;225;183;176;224;165;241;173;194;213;217;163;166;222;191;243;218;209;195;214;221;211;232;239;196;226;231;233;177;216;206;189;228;210;168;182;170;167;215,245;246;247;248;249;250;251;252;253;254;255;256;257;258;259;260;261;262;263;264,reject,0.05620986507636842,632a36300ba7b483af9aa5201a604538fb4b63166498819d33f2f36ed0c999a3,1,1,1,0,0,1,1,1,1,1,1,3,3,1,1,9,2,0,cycle-0164;cycle-0169;cycle-0171;cycle-0172;cycle-0174;cycle-0175;cycle-0179;cycle-0180;cycle-0181;cycle-0184;cycle-0185;cycle-0186;cycle-0188;cycle-0190;cycle-0192;cycle-0193;cycle-0198;cycle-0199;cycle-0200;cycle-0201;cycle-0202;cycle-0203;cycle-0204;cycle-0205;cycle-0207;cycle-0208;cycle-0212;cycle-0219;cycle-0220;cycle-0227;cycle-0229;cycle-0230;cycle-0234;cycle-0235;cycle-0236;cycle-0238;cycle-0240;cycle-0242,1,2287.554042,4788.004692
4,blocked,FLShield,sign_flip,0,0,0,1,-0.012794599863763158,-0.0139021781921,-0.012958358663894737,0,0,-0.014515842778966666,844,66,1,0,0,0,0,0,0,1,0,0.5,0.5,0.5,0.0,0.0,34;93;2;70;90;71;36;94;51;111;69;62;46;86;24;64;88;16;27;77;87;43;107;59;78;76;101;4;58;26,112;113;114;115;116;117;118;119;120;121;122;123;124;125;126;127;128;150;151;152;153;154;155;156;157;158;159;160;161;162,201;230;164;227;185;192;175;229;199;169;181;186;212;198;234;193;190;219;242;220;208;172;184;188;207;171;202;235;203;180;205;174;200;238;179;204;240;236;225;183;176;224;165;241;173;194;213;217;163;166;222;191;243;218;209;195;214;221;211;232;239;196;226;231;233;177;216;206;189;228;210;168;182;170;167;215,245;246;247;248;249;250;251;252;253;254;255;256;257;258;259;260;261;262;263;264,commit,-0.012794599863763158,7c48affa348f246a3d6234f2e54d9b03ba2921b570b465a9f129a7f7b6f6da6f,1,1,1,1,1,1,1,1,1,1,1,3,3,1,1,9,2,0,cycle-0164;cycle-0169;cycle-0171;cycle-0172;cycle-0174;cycle-0175;cycle-0179;cycle-0180;cycle-0181;cycle-0184;cycle-0185;cycle-0186;cycle-0188;cycle-0190;cycle-0192;cycle-0193;cycle-0198;cycle-0199;cycle-0200;cycle-0201;cycle-0202;cycle-0203;cycle-0204;cycle-0205;cycle-0207;cycle-0208;cycle-0212;cycle-0219;cycle-0220;cycle-0227;cycle-0229;cycle-0230;cycle-0234;cycle-0235;cycle-0236;cycle-0238;cycle-0240;cycle-0242,1,2301.833598,4629.560855
4,blocked,FoundationFL,sign_flip,0,0,0,0,0.13431224982307896,0.1391376475747,0.13561824548138157,0,0,0.14441589893713333,844,66,0,0,0,1,0,0,0,0,0,0.5,0.5694017094017094,0.5,-0.06940170940170942,0.1391376475747,34;93;2;70;90;71;36;94;51;111;69;62;46;86;24;64;88;16;27;77;87;43;107;59;78;76;101;4;58;26,112;113;114;115;116;117;118;119;120;121;122;123;124;125;126;127;128;150;151;152;153;154;155;156;157;158;159;160;161;162,201;230;164;227;185;192;175;229;199;169;181;186;212;198;234;193;190;219;242;220;208;172;184;188;207;171;202;235;203;180;205;174;200;238;179;204;240;236;225;183;176;224;165;241;173;194;213;217;163;166;222;191;243;218;209;195;214;221;211;232;239;196;226;231;233;177;216;206;189;228;210;168;182;170;167;215,245;246;247;248;249;250;251;252;253;254;255;256;257;258;259;260;261;262;263;264,reject,0.13431224982307896,fd20181964e7da056a21d3b2d584da4d7cbf127930dcc4adc39ad5df87f03f78,1,1,1,0,0,1,1,1,1,1,1,3,3,1,1,9,2,0,cycle-0164;cycle-0169;cycle-0171;cycle-0172;cycle-0174;cycle-0175;cycle-0179;cycle-0180;cycle-0181;cycle-0184;cycle-0185;cycle-0186;cycle-0188;cycle-0190;cycle-0192;cycle-0193;cycle-0198;cycle-0199;cycle-0200;cycle-0201;cycle-0202;cycle-0203;cycle-0204;cycle-0205;cycle-0207;cycle-0208;cycle-0212;cycle-0219;cycle-0220;cycle-0227;cycle-0229;cycle-0230;cycle-0234;cycle-0235;cycle-0236;cycle-0238;cycle-0240;cycle-0242,1,2201.722735,4589.370754
4,blocked,FedAvg,model_replacement,0,0,0,0,0.2739429807063158,0.2879953133197,0.27152164696132897,0,0,0.30555889581246665,844,66,0,0,0,1,0,0,0,0,0,0.5,0.49504273504273505,0.5,0.004957264957264951,0.2879953133197,34;93;2;70;90;71;36;94;51;111;69;62;46;86;24;64;88;16;27;77;87;43;107;59;78;76;101;4;58;26,112;113;114;115;116;117;118;119;120;121;122;123;124;125;126;127;128;150;151;152;153;154;155;156;157;158;159;160;161;162,201;230;164;227;185;192;175;229;199;169;181;186;212;198;234;193;190;219;242;220;208;172;184;188;207;171;202;235;203;180;205;174;200;238;179;204;240;236;225;183;176;224;165;241;173;194;213;217;163;166;222;191;243;218;209;195;214;221;211;232;239;196;226;231;233;177;216;206;189;228;210;168;182;170;167;215,245;246;247;248;249;250;251;252;253;254;255;256;257;258;259;260;261;262;263;264,reject,0.2739429807063158,c0d82ab095b544bcd8692d037029530a2486f598653b3e2c250ec5ac6b88ad60,1,1,1,0,0,1,1,1,1,1,1,3,3,1,1,9,2,1,cycle-0163;cycle-0165;cycle-0166;cycle-0167;cycle-0168;cycle-0170;cycle-0173;cycle-0176;cycle-0177;cycle-0182;cycle-0183;cycle-0189;cycle-0191;cycle-0194;cycle-0195;cycle-0196;cycle-0206;cycle-0209;cycle-0210;cycle-0211;cycle-0213;cycle-0214;cycle-0215;cycle-0216;cycle-0217;cycle-0218;cycle-0221;cycle-0222;cycle-0224;cycle-0225;cycle-0226;cycle-0228;cycle-0231;cycle-0232;cycle-0233;cycle-0239;cycle-0241;cycle-0243,1,2358.991642,4901.007734
4,blocked,CoordinateMedian,model_replacement,0,0,0,1,-0.035290425735236844,-0.03724426015565,-0.03480286177922368,0,0,-0.03980452073943333,844,66,1,0,0,0,0,0,0,1,0,0.5,0.5,0.5,0.0,0.0,34;93;2;70;90;71;36;94;51;111;69;62;46;86;24;64;88;16;27;77;87;43;107;59;78;76;101;4;58;26,112;113;114;115;116;117;118;119;120;121;122;123;124;125;126;127;128;150;151;152;153;154;155;156;157;158;159;160;161;162,201;230;164;227;185;192;175;229;199;169;181;186;212;198;234;193;190;219;242;220;208;172;184;188;207;171;202;235;203;180;205;174;200;238;179;204;240;236;225;183;176;224;165;241;173;194;213;217;163;166;222;191;243;218;209;195;214;221;211;232;239;196;226;231;233;177;216;206;189;228;210;168;182;170;167;215,245;246;247;248;249;250;251;252;253;254;255;256;257;258;259;260;261;262;263;264,commit,-0.035290425735236844,1a39c867d2f25ca6e445d76656cd4b0644cae4c38b6cefaf0bcc8185de165000,1,1,1,1,1,1,1,1,1,1,1,3,3,1,1,9,2,1,cycle-0163;cycle-0165;cycle-0166;cycle-0167;cycle-0168;cycle-0170;cycle-0173;cycle-0176;cycle-0177;cycle-0182;cycle-0183;cycle-0189;cycle-0191;cycle-0194;cycle-0195;cycle-0196;cycle-0206;cycle-0209;cycle-0210;cycle-0211;cycle-0213;cycle-0214;cycle-0215;cycle-0216;cycle-0217;cycle-0218;cycle-0221;cycle-0222;cycle-0224;cycle-0225;cycle-0226;cycle-0228;cycle-0231;cycle-0232;cycle-0233;cycle-0239;cycle-0241;cycle-0243,1,2399.535279,4809.226222
4,blocked,Krum,model_replacement,0,0,0,1,-0.02892884840363158,-0.0302305407433,-0.028509756949513156,0,0,-0.032697747385533334,844,66,1,0,0,0,0,0,0,1,0,0.5,0.5,0.5,0.0,0.0,34;93;2;70;90;71;36;94;51;111;69;62;46;86;24;64;88;16;27;77;87;43;107;59;78;76;101;4;58;26,112;113;114;115;116;117;118;119;120;121;122;123;124;125;126;127;128;150;151;152;153;154;155;156;157;158;159;160;161;162,201;230;164;227;185;192;175;229;199;169;181;186;212;198;234;193;190;219;242;220;208;172;184;188;207;171;202;235;203;180;205;174;200;238;179;204;240;236;225;183;176;224;165;241;173;194;213;217;163;166;222;191;243;218;209;195;214;221;211;232;239;196;226;231;233;177;216;206;189;228;210;168;182;170;167;215,245;246;247;248;249;250;251;252;253;254;255;256;257;258;259;260;261;262;263;264,commit,-0.02892884840363158,3b735c941b8a69d6db97247a215cf291a8d563260a65340259e520d44e424639,1,1,1,1,1,1,1,1,1,1,1,3,3,1,1,9,2,1,cycle-0163;cycle-0165;cycle-0166;cycle-0167;cycle-0168;cycle-0170;cycle-0173;cycle-0176;cycle-0177;cycle-0182;cycle-0183;cycle-0189;cycle-0191;cycle-0194;cycle-0195;cycle-0196;cycle-0206;cycle-0209;cycle-0210;cycle-0211;cycle-0213;cycle-0214;cycle-0215;cycle-0216;cycle-0217;cycle-0218;cycle-0221;cycle-0222;cycle-0224;cycle-0225;cycle-0226;cycle-0228;cycle-0231;cycle-0232;cycle-0233;cycle-0239;cycle-0241;cycle-0243,1,2355.894087,4862.290184
4,blocked,FLTrust,model_replacement,0,0,0,0,0.29960976911105264,0.3167363836639,0.29825907433901316,0,0,0.30763974185863335,844,66,0,0,0,1,0,0,0,0,0,0.5,0.5115384615384615,0.5,-0.011538461538461497,0.3167363836639,34;93;2;70;90;71;36;94;51;111;69;62;46;86;24;64;88;16;27;77;87;43;107;59;78;76;101;4;58;26,112;113;114;115;116;117;118;119;120;121;122;123;124;125;126;127;128;150;151;152;153;154;155;156;157;158;159;160;161;162,201;230;164;227;185;192;175;229;199;169;181;186;212;198;234;193;190;219;242;220;208;172;184;188;207;171;202;235;203;180;205;174;200;238;179;204;240;236;225;183;176;224;165;241;173;194;213;217;163;166;222;191;243;218;209;195;214;221;211;232;239;196;226;231;233;177;216;206;189;228;210;168;182;170;167;215,245;246;247;248;249;250;251;252;253;254;255;256;257;258;259;260;261;262;263;264,reject,0.29960976911105264,2932a10d52670e984229cd84da084117aef2a6f6807d37442b48df07884878bb,1,1,1,0,0,1,1,1,1,1,1,3,3,1,1,9,2,1,cycle-0163;cycle-0165;cycle-0166;cycle-0167;cycle-0168;cycle-0170;cycle-0173;cycle-0176;cycle-0177;cycle-0182;cycle-0183;cycle-0189;cycle-0191;cycle-0194;cycle-0195;cycle-0196;cycle-0206;cycle-0209;cycle-0210;cycle-0211;cycle-0213;cycle-0214;cycle-0215;cycle-0216;cycle-0217;cycle-0218;cycle-0221;cycle-0222;cycle-0224;cycle-0225;cycle-0226;cycle-0228;cycle-0231;cycle-0232;cycle-0233;cycle-0239;cycle-0241;cycle-0243,1,2426.278091,4776.050826
4,blocked,FedVal,model_replacement,0,0,0,0,0.0858703249951579,0.09200070655885,0.08663135089923685,0,0,0.1044694979598,844,66,0,0,0,1,0,0,0,0,0,0.5,0.4664102564102564,0.5,0.03358974358974359,0.09200070655885,34;93;2;70;90;71;36;94;51;111;69;62;46;86;24;64;88;16;27;77;87;43;107;59;78;76;101;4;58;26,112;113;114;115;116;117;118;119;120;121;122;123;124;125;126;127;128;150;151;152;153;154;155;156;157;158;159;160;161;162,201;230;164;227;185;192;175;229;199;169;181;186;212;198;234;193;190;219;242;220;208;172;184;188;207;171;202;235;203;180;205;174;200;238;179;204;240;236;225;183;176;224;165;241;173;194;213;217;163;166;222;191;243;218;209;195;214;221;211;232;239;196;226;231;233;177;216;206;189;228;210;168;182;170;167;215,245;246;247;248;249;250;251;252;253;254;255;256;257;258;259;260;261;262;263;264,reject,0.0858703249951579,54ea056147eeb540333d07fb0d27339c9d43215354356583301137909faf3d98,1,1,1,0,0,1,1,1,1,1,1,3,3,1,1,9,2,0,cycle-0164;cycle-0169;cycle-0171;cycle-0172;cycle-0174;cycle-0175;cycle-0179;cycle-0180;cycle-0181;cycle-0184;cycle-0185;cycle-0186;cycle-0188;cycle-0190;cycle-0192;cycle-0193;cycle-0198;cycle-0199;cycle-0200;cycle-0201;cycle-0202;cycle-0203;cycle-0204;cycle-0205;cycle-0207;cycle-0208;cycle-0212;cycle-0219;cycle-0220;cycle-0227;cycle-0229;cycle-0230;cycle-0234;cycle-0235;cycle-0236;cycle-0238;cycle-0240;cycle-0242,1,2254.086549,4586.077446
4,blocked,FLShield,model_replacement,0,0,0,1,-0.018762525244210525,-0.02039820773945,-0.019013306365539474,0,0,-0.021535476487366666,844,66,1,0,0,0,0,0,0,1,0,0.5,0.5,0.5,0.0,0.0,34;93;2;70;90;71;36;94;51;111;69;62;46;86;24;64;88;16;27;77;87;43;107;59;78;76;101;4;58;26,112;113;114;115;116;117;118;119;120;121;122;123;124;125;126;127;128;150;151;152;153;154;155;156;157;158;159;160;161;162,201;230;164;227;185;192;175;229;199;169;181;186;212;198;234;193;190;219;242;220;208;172;184;188;207;171;202;235;203;180;205;174;200;238;179;204;240;236;225;183;176;224;165;241;173;194;213;217;163;166;222;191;243;218;209;195;214;221;211;232;239;196;226;231;233;177;216;206;189;228;210;168;182;170;167;215,245;246;247;248;249;250;251;252;253;254;255;256;257;258;259;260;261;262;263;264,commit,-0.018762525244210525,3861f1e897c7aeaa60f7fa412b7192e8d986b682cd2c650716382d50c9ede0bb,1,1,1,1,1,1,1,1,1,1,1,3,3,1,1,9,2,0,cycle-0164;cycle-0169;cycle-0171;cycle-0172;cycle-0174;cycle-0175;cycle-0179;cycle-0180;cycle-0181;cycle-0184;cycle-0185;cycle-0186;cycle-0188;cycle-0190;cycle-0192;cycle-0193;cycle-0198;cycle-0199;cycle-0200;cycle-0201;cycle-0202;cycle-0203;cycle-0204;cycle-0205;cycle-0207;cycle-0208;cycle-0212;cycle-0219;cycle-0220;cycle-0227;cycle-0229;cycle-0230;cycle-0234;cycle-0235;cycle-0236;cycle-0238;cycle-0240;cycle-0242,1,2261.405418,4698.349895
4,blocked,FoundationFL,model_replacement,0,0,0,0,0.17143545135652632,0.1763676896633,0.17319635485972368,0,0,0.22666958728226666,844,66,0,0,0,1,0,0,0,0,0,0.5,0.46735042735042737,0.5,0.032649572649572633,0.1763676896633,34;93;2;70;90;71;36;94;51;111;69;62;46;86;24;64;88;16;27;77;87;43;107;59;78;76;101;4;58;26,112;113;114;115;116;117;118;119;120;121;122;123;124;125;126;127;128;150;151;152;153;154;155;156;157;158;159;160;161;162,201;230;164;227;185;192;175;229;199;169;181;186;212;198;234;193;190;219;242;220;208;172;184;188;207;171;202;235;203;180;205;174;200;238;179;204;240;236;225;183;176;224;165;241;173;194;213;217;163;166;222;191;243;218;209;195;214;221;211;232;239;196;226;231;233;177;216;206;189;228;210;168;182;170;167;215,245;246;247;248;249;250;251;252;253;254;255;256;257;258;259;260;261;262;263;264,reject,0.17143545135652632,65027e7b40630950130375caf2266d9f4f2c0b6ca874e1350d7b5b2164512841,1,1,1,0,0,1,1,1,1,1,1,3,3,1,1,9,2,0,cycle-0164;cycle-0169;cycle-0171;cycle-0172;cycle-0174;cycle-0175;cycle-0179;cycle-0180;cycle-0181;cycle-0184;cycle-0185;cycle-0186;cycle-0188;cycle-0190;cycle-0192;cycle-0193;cycle-0198;cycle-0199;cycle-0200;cycle-0201;cycle-0202;cycle-0203;cycle-0204;cycle-0205;cycle-0207;cycle-0208;cycle-0212;cycle-0219;cycle-0220;cycle-0227;cycle-0229;cycle-0230;cycle-0234;cycle-0235;cycle-0236;cycle-0238;cycle-0240;cycle-0242,1,2262.104065,4665.068381
4,blocked,FedAvg,score_aware,64,17,0,1,-5.362600078947368e-06,-1.168573885e-05,-5.2693491447368425e-06,0,0,1.8955906e-06,844,66,0,0,0,0,0,0,0,1,0,0.5,0.5,0.5,0.0,0.0,34;93;2;70;90;71;36;94;51;111;69;62;46;86;24;64;88;16;27;77;87;43;107;59;78;76;101;4;58;26,112;113;114;115;116;117;118;119;120;121;122;123;124;125;126;127;128;150;151;152;153;154;155;156;157;158;159;160;161;162,201;230;164;227;185;192;175;229;199;169;181;186;212;198;234;193;190;219;242;220;208;172;184;188;207;171;202;235;203;180;205;174;200;238;179;204;240;236;225;183;176;224;165;241;173;194;213;217;163;166;222;191;243;218;209;195;214;221;211;232;239;196;226;231;233;177;216;206;189;228;210;168;182;170;167;215,245;246;247;248;249;250;251;252;253;254;255;256;257;258;259;260;261;262;263;264,commit,-5.362600078947368e-06,817552b2c12cab28ee54f8b8331563c9244492ce2b805410a6abd146d86c17ef,1,1,1,1,1,1,1,1,1,1,1,3,3,1,1,9,2,0,cycle-0164;cycle-0169;cycle-0171;cycle-0172;cycle-0174;cycle-0175;cycle-0179;cycle-0180;cycle-0181;cycle-0184;cycle-0185;cycle-0186;cycle-0188;cycle-0190;cycle-0192;cycle-0193;cycle-0198;cycle-0199;cycle-0200;cycle-0201;cycle-0202;cycle-0203;cycle-0204;cycle-0205;cycle-0207;cycle-0208;cycle-0212;cycle-0219;cycle-0220;cycle-0227;cycle-0229;cycle-0230;cycle-0234;cycle-0235;cycle-0236;cycle-0238;cycle-0240;cycle-0242,1,2317.746954,4679.370953
4,blocked,FLTrust,score_aware,64,56,0,0,0.2895709809105789,0.3057258709023,0.28795344235093423,0,0,0.29818367464903334,844,66,0,0,0,1,0,0,0,0,0,0.5,0.5069230769230769,0.5,-0.006923076923076921,0.3057258709023,34;93;2;70;90;71;36;94;51;111;69;62;46;86;24;64;88;16;27;77;87;43;107;59;78;76;101;4;58;26,112;113;114;115;116;117;118;119;120;121;122;123;124;125;126;127;128;150;151;152;153;154;155;156;157;158;159;160;161;162,201;230;164;227;185;192;175;229;199;169;181;186;212;198;234;193;190;219;242;220;208;172;184;188;207;171;202;235;203;180;205;174;200;238;179;204;240;236;225;183;176;224;165;241;173;194;213;217;163;166;222;191;243;218;209;195;214;221;211;232;239;196;226;231;233;177;216;206;189;228;210;168;182;170;167;215,245;246;247;248;249;250;251;252;253;254;255;256;257;258;259;260;261;262;263;264,reject,0.2895709809105789,893c23823e3a05f6f440df56ff9b995c4f5673cc7fb18ed86f011931d2d1b035,1,1,1,0,0,1,1,1,1,1,1,3,3,1,1,9,2,1,cycle-0163;cycle-0165;cycle-0166;cycle-0167;cycle-0168;cycle-0170;cycle-0173;cycle-0176;cycle-0177;cycle-0182;cycle-0183;cycle-0189;cycle-0191;cycle-0194;cycle-0195;cycle-0196;cycle-0206;cycle-0209;cycle-0210;cycle-0211;cycle-0213;cycle-0214;cycle-0215;cycle-0216;cycle-0217;cycle-0218;cycle-0221;cycle-0222;cycle-0224;cycle-0225;cycle-0226;cycle-0228;cycle-0231;cycle-0232;cycle-0233;cycle-0239;cycle-0241;cycle-0243,1,2373.492626,4857.129462
4,blocked,FoundationFL,score_aware,64,22,1,1,-0.0001421072155263158,-0.0003196044361,-0.0002598942197105263,0,0,-0.0009230163727666666,844,66,1,0,0,0,0,0,0,1,0,0.5,0.5,0.5,0.0,0.0,34;93;2;70;90;71;36;94;51;111;69;62;46;86;24;64;88;16;27;77;87;43;107;59;78;76;101;4;58;26,112;113;114;115;116;117;118;119;120;121;122;123;124;125;126;127;128;150;151;152;153;154;155;156;157;158;159;160;161;162,201;230;164;227;185;192;175;229;199;169;181;186;212;198;234;193;190;219;242;220;208;172;184;188;207;171;202;235;203;180;205;174;200;238;179;204;240;236;225;183;176;224;165;241;173;194;213;217;163;166;222;191;243;218;209;195;214;221;211;232;239;196;226;231;233;177;216;206;189;228;210;168;182;170;167;215,245;246;247;248;249;250;251;252;253;254;255;256;257;258;259;260;261;262;263;264,commit,-0.0001421072155263158,6e1cd72e893222048464217d0c0d89a8180dd3cd2d177e7be1157ec0e20498a2,1,1,1,1,1,1,1,1,1,1,1,3,3,1,1,9,2,0,cycle-0164;cycle-0169;cycle-0171;cycle-0172;cycle-0174;cycle-0175;cycle-0179;cycle-0180;cycle-0181;cycle-0184;cycle-0185;cycle-0186;cycle-0188;cycle-0190;cycle-0192;cycle-0193;cycle-0198;cycle-0199;cycle-0200;cycle-0201;cycle-0202;cycle-0203;cycle-0204;cycle-0205;cycle-0207;cycle-0208;cycle-0212;cycle-0219;cycle-0220;cycle-0227;cycle-0229;cycle-0230;cycle-0234;cycle-0235;cycle-0236;cycle-0238;cycle-0240;cycle-0242,1,2313.481894,4752.408446
5,blocked,FedAvg,none,0,0,0,1,-0.019081007377368422,-0.0217693752653,-0.020222746937526317,0,0,-0.021042370148833332,844,66,1,0,0,0,0,0,0,1,0,0.6767521367521367,0.5572649572649573,0.5572649572649573,0.0,0.0,16;2;14;53;54;25;19;8;79;111;81;73;23;38;105;22;101;58;94;27;55;26;75;31;12;44;24;10;89;92,112;113;114;115;116;117;118;119;120;121;122;123;124;125;126;127;128;150;151;152;153;154;155;156;157;158;159;160;161;162,166;198;220;218;174;219;195;165;170;172;204;175;223;185;231;227;197;188;226;212;243;182;177;207;202;164;193;200;194;173;199;224;163;201;229;215;221;225;242;239;168;237;186;183;213;181;217;178;196;205;190;236;203;191;180;211;209;192;184;179;210;222;169;232;230;171;233;241;216;176;240;214;208;235;167;189,245;246;247;248;249;250;251;252;253;254;255;256;257;258;259;260;261;262;263;264,commit,-0.019081007377368422,7db6a910f10a4b456a26152a306aa8066f721d7bdd2e8597e35338627220ed14,1,2,2,1,1,1,1,1,1,1,1,3,3,1,1,9,2,0,cycle-0163;cycle-0164;cycle-0165;cycle-0166;cycle-0170;cycle-0172;cycle-0173;cycle-0174;cycle-0175;cycle-0177;cycle-0182;cycle-0185;cycle-0188;cycle-0193;cycle-0194;cycle-0195;cycle-0197;cycle-0198;cycle-0199;cycle-0200;cycle-0201;cycle-0202;cycle-0204;cycle-0207;cycle-0212;cycle-0215;cycle-0218;cycle-0219;cycle-0220;cycle-0221;cycle-0223;cycle-0224;cycle-0225;cycle-0226;cycle-0227;cycle-0229;cycle-0231;cycle-0243,1,2412.700281,5790.572314
5,blocked,CoordinateMedian,none,0,0,0,0,0.019854850834657895,0.02314771216625,0.021068546820473683,0,0,0.020901587039166666,844,66,0,0,0,0,0,0,0,0,0,0.6767521367521367,0.5341880341880342,0.6767521367521367,0.14256410256410257,0.02314771216625,16;2;14;53;54;25;19;8;79;111;81;73;23;38;105;22;101;58;94;27;55;26;75;31;12;44;24;10;89;92,112;113;114;115;116;117;118;119;120;121;122;123;124;125;126;127;128;150;151;152;153;154;155;156;157;158;159;160;161;162,166;198;220;218;174;219;195;165;170;172;204;175;223;185;231;227;197;188;226;212;243;182;177;207;202;164;193;200;194;173;199;224;163;201;229;215;221;225;242;239;168;237;186;183;213;181;217;178;196;205;190;236;203;191;180;211;209;192;184;179;210;222;169;232;230;171;233;241;216;176;240;214;208;235;167;189,245;246;247;248;249;250;251;252;253;254;255;256;257;258;259;260;261;262;263;264,reject,0.019854850834657895,1e7a16ad27b75d468e517d62839b40969506244ad19e2f35cb27a0383cdc0ce0,1,1,1,0,0,1,1,1,1,1,1,3,3,1,1,9,2,0,cycle-0163;cycle-0164;cycle-0165;cycle-0166;cycle-0170;cycle-0172;cycle-0173;cycle-0174;cycle-0175;cycle-0177;cycle-0182;cycle-0185;cycle-0188;cycle-0193;cycle-0194;cycle-0195;cycle-0197;cycle-0198;cycle-0199;cycle-0200;cycle-0201;cycle-0202;cycle-0204;cycle-0207;cycle-0212;cycle-0215;cycle-0218;cycle-0219;cycle-0220;cycle-0221;cycle-0223;cycle-0224;cycle-0225;cycle-0226;cycle-0227;cycle-0229;cycle-0231;cycle-0243,1,2346.148021,4783.538836
5,blocked,Krum,none,0,0,0,0,0.023031248178421053,0.0236438159252,0.021666765280078947,0,0,0.020874330874433335,844,66,0,0,0,0,0,0,0,0,0,0.6767521367521367,0.5479487179487179,0.6767521367521367,0.12880341880341883,0.0236438159252,16;2;14;53;54;25;19;8;79;111;81;73;23;38;105;22;101;58;94;27;55;26;75;31;12;44;24;10;89;92,112;113;114;115;116;117;118;119;120;121;122;123;124;125;126;127;128;150;151;152;153;154;155;156;157;158;159;160;161;162,166;198;220;218;174;219;195;165;170;172;204;175;223;185;231;227;197;188;226;212;243;182;177;207;202;164;193;200;194;173;199;224;163;201;229;215;221;225;242;239;168;237;186;183;213;181;217;178;196;205;190;236;203;191;180;211;209;192;184;179;210;222;169;232;230;171;233;241;216;176;240;214;208;235;167;189,245;246;247;248;249;250;251;252;253;254;255;256;257;258;259;260;261;262;263;264,reject,0.023031248178421053,0d8050685067108ce3e46eb86d29917c8b190cee508b63d731bf5dc7e707e287,1,1,1,0,0,1,1,1,1,1,1,3,3,1,1,9,2,1,cycle-0167;cycle-0168;cycle-0169;cycle-0171;cycle-0176;cycle-0178;cycle-0179;cycle-0180;cycle-0181;cycle-0183;cycle-0184;cycle-0186;cycle-0189;cycle-0190;cycle-0191;cycle-0192;cycle-0196;cycle-0203;cycle-0205;cycle-0208;cycle-0209;cycle-0210;cycle-0211;cycle-0213;cycle-0214;cycle-0216;cycle-0217;cycle-0222;cycle-0230;cycle-0232;cycle-0233;cycle-0235;cycle-0236;cycle-0237;cycle-0239;cycle-0240;cycle-0241;cycle-0242,1,1997.392423,4250.271456
5,blocked,FLTrust,none,0,0,0,0,0.31071372035344735,0.3450547662114,0.3243607443408816,0,0,0.3326096788180667,844,66,0,0,0,1,0,0,0,0,0,0.6767521367521367,0.5,0.6767521367521367,0.17675213675213675,0.3450547662114,16;2;14;53;54;25;19;8;79;111;81;73;23;38;105;22;101;58;94;27;55;26;75;31;12;44;24;10;89;92,112;113;114;115;116;117;118;119;120;121;122;123;124;125;126;127;128;150;151;152;153;154;155;156;157;158;159;160;161;162,166;198;220;218;174;219;195;165;170;172;204;175;223;185;231;227;197;188;226;212;243;182;177;207;202;164;193;200;194;173;199;224;163;201;229;215;221;225;242;239;168;237;186;183;213;181;217;178;196;205;190;236;203;191;180;211;209;192;184;179;210;222;169;232;230;171;233;241;216;176;240;214;208;235;167;189,245;246;247;248;249;250;251;252;253;254;255;256;257;258;259;260;261;262;263;264,reject,0.31071372035344735,b52c645eb55fd432d7e5c4c96751d068b7e784d142fa12ed0045cd7f7cd75995,1,1,1,0,0,1,1,1,1,1,1,3,3,1,1,9,2,0,cycle-0163;cycle-0164;cycle-0165;cycle-0166;cycle-0170;cycle-0172;cycle-0173;cycle-0174;cycle-0175;cycle-0177;cycle-0182;cycle-0185;cycle-0188;cycle-0193;cycle-0194;cycle-0195;cycle-0197;cycle-0198;cycle-0199;cycle-0200;cycle-0201;cycle-0202;cycle-0204;cycle-0207;cycle-0212;cycle-0215;cycle-0218;cycle-0219;cycle-0220;cycle-0221;cycle-0223;cycle-0224;cycle-0225;cycle-0226;cycle-0227;cycle-0229;cycle-0231;cycle-0243,1,2352.803628,4887.603274
5,blocked,FedVal,none,0,0,0,0,0.02471254781786842,0.02816736463915,0.02611667583111842,0,0,0.026753729301033334,844,66,0,0,0,0,0,0,0,0,0,0.6767521367521367,0.5195726495726496,0.6767521367521367,0.15717948717948715,0.02816736463915,16;2;14;53;54;25;19;8;79;111;81;73;23;38;105;22;101;58;94;27;55;26;75;31;12;44;24;10;89;92,112;113;114;115;116;117;118;119;120;121;122;123;124;125;126;127;128;150;151;152;153;154;155;156;157;158;159;160;161;162,166;198;220;218;174;219;195;165;170;172;204;175;223;185;231;227;197;188;226;212;243;182;177;207;202;164;193;200;194;173;199;224;163;201;229;215;221;225;242;239;168;237;186;183;213;181;217;178;196;205;190;236;203;191;180;211;209;192;184;179;210;222;169;232;230;171;233;241;216;176;240;214;208;235;167;189,245;246;247;248;249;250;251;252;253;254;255;256;257;258;259;260;261;262;263;264,reject,0.02471254781786842,92c37ad0fd87f04e4995e9c4ca6db009367878519819cad2a9b3f968d64c937f,1,1,1,0,0,1,1,1,1,1,1,3,3,1,1,9,2,0,cycle-0163;cycle-0164;cycle-0165;cycle-0166;cycle-0170;cycle-0172;cycle-0173;cycle-0174;cycle-0175;cycle-0177;cycle-0182;cycle-0185;cycle-0188;cycle-0193;cycle-0194;cycle-0195;cycle-0197;cycle-0198;cycle-0199;cycle-0200;cycle-0201;cycle-0202;cycle-0204;cycle-0207;cycle-0212;cycle-0215;cycle-0218;cycle-0219;cycle-0220;cycle-0221;cycle-0223;cycle-0224;cycle-0225;cycle-0226;cycle-0227;cycle-0229;cycle-0231;cycle-0243,1,2288.916076,4734.263951
5,blocked,FLShield,none,0,0,0,1,-0.10971295039707894,-0.1106039383785,-0.10278277406636842,0,0,-0.10970370048753333,844,66,1,0,0,0,0,0,0,1,0,0.6767521367521367,0.5,0.5,0.0,0.0,16;2;14;53;54;25;19;8;79;111;81;73;23;38;105;22;101;58;94;27;55;26;75;31;12;44;24;10;89;92,112;113;114;115;116;117;118;119;120;121;122;123;124;125;126;127;128;150;151;152;153;154;155;156;157;158;159;160;161;162,166;198;220;218;174;219;195;165;170;172;204;175;223;185;231;227;197;188;226;212;243;182;177;207;202;164;193;200;194;173;199;224;163;201;229;215;221;225;242;239;168;237;186;183;213;181;217;178;196;205;190;236;203;191;180;211;209;192;184;179;210;222;169;232;230;171;233;241;216;176;240;214;208;235;167;189,245;246;247;248;249;250;251;252;253;254;255;256;257;258;259;260;261;262;263;264,commit,-0.10971295039707894,811a2e42b14418d855d6d9459d284d3b0a078c819fc0bd0739d3eedb6112b9f8,1,1,1,1,1,1,1,1,1,1,1,3,3,1,1,9,2,1,cycle-0167;cycle-0168;cycle-0169;cycle-0171;cycle-0176;cycle-0178;cycle-0179;cycle-0180;cycle-0181;cycle-0183;cycle-0184;cycle-0186;cycle-0189;cycle-0190;cycle-0191;cycle-0192;cycle-0196;cycle-0203;cycle-0205;cycle-0208;cycle-0209;cycle-0210;cycle-0211;cycle-0213;cycle-0214;cycle-0216;cycle-0217;cycle-0222;cycle-0230;cycle-0232;cycle-0233;cycle-0235;cycle-0236;cycle-0237;cycle-0239;cycle-0240;cycle-0241;cycle-0242,1,2051.115568,4382.929645
5,blocked,FoundationFL,none,0,0,0,1,-0.04191753387118421,-0.047845365921,-0.04455877444785526,0,0,-0.0466403866399,844,66,1,0,0,0,0,0,0,1,0,0.6767521367521367,0.525982905982906,0.525982905982906,0.0,0.0,16;2;14;53;54;25;19;8;79;111;81;73;23;38;105;22;101;58;94;27;55;26;75;31;12;44;24;10;89;92,112;113;114;115;116;117;118;119;120;121;122;123;124;125;126;127;128;150;151;152;153;154;155;156;157;158;159;160;161;162,166;198;220;218;174;219;195;165;170;172;204;175;223;185;231;227;197;188;226;212;243;182;177;207;202;164;193;200;194;173;199;224;163;201;229;215;221;225;242;239;168;237;186;183;213;181;217;178;196;205;190;236;203;191;180;211;209;192;184;179;210;222;169;232;230;171;233;241;216;176;240;214;208;235;167;189,245;246;247;248;249;250;251;252;253;254;255;256;257;258;259;260;261;262;263;264,commit,-0.04191753387118421,8c810d52703ea3006c54241eda2d7b7c08c2d4fba6329bdf9f66bdbd0d01c06f,1,1,1,1,1,1,1,1,1,1,1,3,3,1,1,9,2,0,cycle-0163;cycle-0164;cycle-0165;cycle-0166;cycle-0170;cycle-0172;cycle-0173;cycle-0174;cycle-0175;cycle-0177;cycle-0182;cycle-0185;cycle-0188;cycle-0193;cycle-0194;cycle-0195;cycle-0197;cycle-0198;cycle-0199;cycle-0200;cycle-0201;cycle-0202;cycle-0204;cycle-0207;cycle-0212;cycle-0215;cycle-0218;cycle-0219;cycle-0220;cycle-0221;cycle-0223;cycle-0224;cycle-0225;cycle-0226;cycle-0227;cycle-0229;cycle-0231;cycle-0243,1,2351.340891,4917.14661
5,blocked,FedAvg,sign_flip,0,0,0,1,-0.08748802393576316,-0.10007535718965,-0.09351294779063157,0,0,-0.09828358984926666,844,66,1,0,0,0,0,0,0,1,0,0.6767521367521367,0.5,0.5,0.0,0.0,16;2;14;53;54;25;19;8;79;111;81;73;23;38;105;22;101;58;94;27;55;26;75;31;12;44;24;10;89;92,112;113;114;115;116;117;118;119;120;121;122;123;124;125;126;127;128;150;151;152;153;154;155;156;157;158;159;160;161;162,166;198;220;218;174;219;195;165;170;172;204;175;223;185;231;227;197;188;226;212;243;182;177;207;202;164;193;200;194;173;199;224;163;201;229;215;221;225;242;239;168;237;186;183;213;181;217;178;196;205;190;236;203;191;180;211;209;192;184;179;210;222;169;232;230;171;233;241;216;176;240;214;208;235;167;189,245;246;247;248;249;250;251;252;253;254;255;256;257;258;259;260;261;262;263;264,commit,-0.08748802393576316,8091be23cb189141f1f698c7e6422bb5755871cafa70e66fe9ad73680552ba7e,1,1,1,1,1,1,1,1,1,1,1,3,3,1,1,9,2,0,cycle-0163;cycle-0164;cycle-0165;cycle-0166;cycle-0170;cycle-0172;cycle-0173;cycle-0174;cycle-0175;cycle-0177;cycle-0182;cycle-0185;cycle-0188;cycle-0193;cycle-0194;cycle-0195;cycle-0197;cycle-0198;cycle-0199;cycle-0200;cycle-0201;cycle-0202;cycle-0204;cycle-0207;cycle-0212;cycle-0215;cycle-0218;cycle-0219;cycle-0220;cycle-0221;cycle-0223;cycle-0224;cycle-0225;cycle-0226;cycle-0227;cycle-0229;cycle-0231;cycle-0243,1,2404.672874,4988.573873
5,blocked,CoordinateMedian,sign_flip,0,0,0,1,-0.017063709984026315,-0.01900974328095,-0.01803454506231579,0,0,-0.0192483379393,844,66,1,0,0,0,0,0,0,1,0,0.6767521367521367,0.5706837606837607,0.5706837606837607,0.0,0.0,16;2;14;53;54;25;19;8;79;111;81;73;23;38;105;22;101;58;94;27;55;26;75;31;12;44;24;10;89;92,112;113;114;115;116;117;118;119;120;121;122;123;124;125;126;127;128;150;151;152;153;154;155;156;157;158;159;160;161;162,166;198;220;218;174;219;195;165;170;172;204;175;223;185;231;227;197;188;226;212;243;182;177;207;202;164;193;200;194;173;199;224;163;201;229;215;221;225;242;239;168;237;186;183;213;181;217;178;196;205;190;236;203;191;180;211;209;192;184;179;210;222;169;232;230;171;233;241;216;176;240;214;208;235;167;189,245;246;247;248;249;250;251;252;253;254;255;256;257;258;259;260;261;262;263;264,commit,-0.017063709984026315,107fad606876ddc52d126e220f8f3603c087c288e18078a7d749bb95f6a751a8,1,1,1,1,1,1,1,1,1,1,1,3,3,1,1,9,2,0,cycle-0163;cycle-0164;cycle-0165;cycle-0166;cycle-0170;cycle-0172;cycle-0173;cycle-0174;cycle-0175;cycle-0177;cycle-0182;cycle-0185;cycle-0188;cycle-0193;cycle-0194;cycle-0195;cycle-0197;cycle-0198;cycle-0199;cycle-0200;cycle-0201;cycle-0202;cycle-0204;cycle-0207;cycle-0212;cycle-0215;cycle-0218;cycle-0219;cycle-0220;cycle-0221;cycle-0223;cycle-0224;cycle-0225;cycle-0226;cycle-0227;cycle-0229;cycle-0231;cycle-0243,1,2288.042902,4974.801619
5,blocked,Krum,sign_flip,0,0,0,1,-0.04175348454202631,-0.041068944432,-0.03968216369796053,0,0,-0.04206455323496667,844,66,1,0,0,0,0,0,0,1,0,0.6767521367521367,0.5083760683760684,0.5083760683760684,0.0,0.0,16;2;14;53;54;25;19;8;79;111;81;73;23;38;105;22;101;58;94;27;55;26;75;31;12;44;24;10;89;92,112;113;114;115;116;117;118;119;120;121;122;123;124;125;126;127;128;150;151;152;153;154;155;156;157;158;159;160;161;162,166;198;220;218;174;219;195;165;170;172;204;175;223;185;231;227;197;188;226;212;243;182;177;207;202;164;193;200;194;173;199;224;163;201;229;215;221;225;242;239;168;237;186;183;213;181;217;178;196;205;190;236;203;191;180;211;209;192;184;179;210;222;169;232;230;171;233;241;216;176;240;214;208;235;167;189,245;246;247;248;249;250;251;252;253;254;255;256;257;258;259;260;261;262;263;264,commit,-0.04175348454202631,a218f63df0081b3fda23d77bb75d2919765b7dfaf4003cf669fb46e068865bd0,1,1,1,1,1,1,1,1,1,1,1,3,3,1,1,9,2,1,cycle-0167;cycle-0168;cycle-0169;cycle-0171;cycle-0176;cycle-0178;cycle-0179;cycle-0180;cycle-0181;cycle-0183;cycle-0184;cycle-0186;cycle-0189;cycle-0190;cycle-0191;cycle-0192;cycle-0196;cycle-0203;cycle-0205;cycle-0208;cycle-0209;cycle-0210;cycle-0211;cycle-0213;cycle-0214;cycle-0216;cycle-0217;cycle-0222;cycle-0230;cycle-0232;cycle-0233;cycle-0235;cycle-0236;cycle-0237;cycle-0239;cycle-0240;cycle-0241;cycle-0242,1,2099.926788,4407.201684
5,blocked,FLTrust,sign_flip,0,0,0,0,0.32459454231876317,0.33140684491715,0.3113907202014605,0,0,0.3198620658043,844,66,0,0,0,1,0,0,0,0,0,0.6767521367521367,0.5,0.6767521367521367,0.17675213675213675,0.33140684491715,16;2;14;53;54;25;19;8;79;111;81;73;23;38;105;22;101;58;94;27;55;26;75;31;12;44;24;10;89;92,112;113;114;115;116;117;118;119;120;121;122;123;124;125;126;127;128;150;151;152;153;154;155;156;157;158;159;160;161;162,166;198;220;218;174;219;195;165;170;172;204;175;223;185;231;227;197;188;226;212;243;182;177;207;202;164;193;200;194;173;199;224;163;201;229;215;221;225;242;239;168;237;186;183;213;181;217;178;196;205;190;236;203;191;180;211;209;192;184;179;210;222;169;232;230;171;233;241;216;176;240;214;208;235;167;189,245;246;247;248;249;250;251;252;253;254;255;256;257;258;259;260;261;262;263;264,reject,0.32459454231876317,b1ca1f46c9dce0801309a5aa6be1b3613ad4cf1232368150215237dcde44c149,1,1,1,0,0,1,1,1,1,1,1,3,3,1,1,9,2,1,cycle-0167;cycle-0168;cycle-0169;cycle-0171;cycle-0176;cycle-0178;cycle-0179;cycle-0180;cycle-0181;cycle-0183;cycle-0184;cycle-0186;cycle-0189;cycle-0190;cycle-0191;cycle-0192;cycle-0196;cycle-0203;cycle-0205;cycle-0208;cycle-0209;cycle-0210;cycle-0211;cycle-0213;cycle-0214;cycle-0216;cycle-0217;cycle-0222;cycle-0230;cycle-0232;cycle-0233;cycle-0235;cycle-0236;cycle-0237;cycle-0239;cycle-0240;cycle-0241;cycle-0242,1,2102.473413,4375.235032
5,blocked,FedVal,sign_flip,0,0,0,0,0.008454299251657894,0.009480298738,0.007786530614644737,0,0,0.0089017463971,844,66,0,0,0,0,0,0,0,0,0,0.6767521367521367,0.5786324786324787,0.6767521367521367,0.09811965811965806,0.009480298738,16;2;14;53;54;25;19;8;79;111;81;73;23;38;105;22;101;58;94;27;55;26;75;31;12;44;24;10;89;92,112;113;114;115;116;117;118;119;120;121;122;123;124;125;126;127;128;150;151;152;153;154;155;156;157;158;159;160;161;162,166;198;220;218;174;219;195;165;170;172;204;175;223;185;231;227;197;188;226;212;243;182;177;207;202;164;193;200;194;173;199;224;163;201;229;215;221;225;242;239;168;237;186;183;213;181;217;178;196;205;190;236;203;191;180;211;209;192;184;179;210;222;169;232;230;171;233;241;216;176;240;214;208;235;167;189,245;246;247;248;249;250;251;252;253;254;255;256;257;258;259;260;261;262;263;264,reject,0.008454299251657894,2a73e5773c694e62fcaaa34849d3f0d40aace04a21bda54da6c5d34a41434841,1,1,1,0,0,1,1,1,1,1,1,3,3,1,1,9,2,1,cycle-0167;cycle-0168;cycle-0169;cycle-0171;cycle-0176;cycle-0178;cycle-0179;cycle-0180;cycle-0181;cycle-0183;cycle-0184;cycle-0186;cycle-0189;cycle-0190;cycle-0191;cycle-0192;cycle-0196;cycle-0203;cycle-0205;cycle-0208;cycle-0209;cycle-0210;cycle-0211;cycle-0213;cycle-0214;cycle-0216;cycle-0217;cycle-0222;cycle-0230;cycle-0232;cycle-0233;cycle-0235;cycle-0236;cycle-0237;cycle-0239;cycle-0240;cycle-0241;cycle-0242,1,1922.767468,4316.292458
5,blocked,FLShield,sign_flip,0,0,0,1,-0.14600363437423683,-0.18130724582915,-0.16573269873339475,0,0,-0.19665375841793334,844,66,1,0,0,0,0,0,0,1,0,0.6767521367521367,0.5,0.5,0.0,0.0,16;2;14;53;54;25;19;8;79;111;81;73;23;38;105;22;101;58;94;27;55;26;75;31;12;44;24;10;89;92,112;113;114;115;116;117;118;119;120;121;122;123;124;125;126;127;128;150;151;152;153;154;155;156;157;158;159;160;161;162,166;198;220;218;174;219;195;165;170;172;204;175;223;185;231;227;197;188;226;212;243;182;177;207;202;164;193;200;194;173;199;224;163;201;229;215;221;225;242;239;168;237;186;183;213;181;217;178;196;205;190;236;203;191;180;211;209;192;184;179;210;222;169;232;230;171;233;241;216;176;240;214;208;235;167;189,245;246;247;248;249;250;251;252;253;254;255;256;257;258;259;260;261;262;263;264,commit,-0.14600363437423683,fb77b0f31ded0f8e46260b838da0425730e48ba885119577a39fecd8ba05ea90,1,1,1,1,1,1,1,1,1,1,1,3,3,1,1,9,2,0,cycle-0163;cycle-0164;cycle-0165;cycle-0166;cycle-0170;cycle-0172;cycle-0173;cycle-0174;cycle-0175;cycle-0177;cycle-0182;cycle-0185;cycle-0188;cycle-0193;cycle-0194;cycle-0195;cycle-0197;cycle-0198;cycle-0199;cycle-0200;cycle-0201;cycle-0202;cycle-0204;cycle-0207;cycle-0212;cycle-0215;cycle-0218;cycle-0219;cycle-0220;cycle-0221;cycle-0223;cycle-0224;cycle-0225;cycle-0226;cycle-0227;cycle-0229;cycle-0231;cycle-0243,1,2355.646169,4872.91643
5,blocked,FoundationFL,sign_flip,0,0,0,1,-0.038471446216763155,-0.0444388696352,-0.04083393192361842,0,0,-0.041608887033866664,844,66,1,0,0,0,0,0,0,1,0,0.6767521367521367,0.5121367521367521,0.5121367521367521,0.0,0.0,16;2;14;53;54;25;19;8;79;111;81;73;23;38;105;22;101;58;94;27;55;26;75;31;12;44;24;10;89;92,112;113;114;115;116;117;118;119;120;121;122;123;124;125;126;127;128;150;151;152;153;154;155;156;157;158;159;160;161;162,166;198;220;218;174;219;195;165;170;172;204;175;223;185;231;227;197;188;226;212;243;182;177;207;202;164;193;200;194;173;199;224;163;201;229;215;221;225;242;239;168;237;186;183;213;181;217;178;196;205;190;236;203;191;180;211;209;192;184;179;210;222;169;232;230;171;233;241;216;176;240;214;208;235;167;189,245;246;247;248;249;250;251;252;253;254;255;256;257;258;259;260;261;262;263;264,commit,-0.038471446216763155,41e5bb377d605c9af6fb74c25c79cc6e56acffac586c0b54ff47a31317aacb72,1,1,1,1,1,1,1,1,1,1,1,3,3,1,1,9,2,0,cycle-0163;cycle-0164;cycle-0165;cycle-0166;cycle-0170;cycle-0172;cycle-0173;cycle-0174;cycle-0175;cycle-0177;cycle-0182;cycle-0185;cycle-0188;cycle-0193;cycle-0194;cycle-0195;cycle-0197;cycle-0198;cycle-0199;cycle-0200;cycle-0201;cycle-0202;cycle-0204;cycle-0207;cycle-0212;cycle-0215;cycle-0218;cycle-0219;cycle-0220;cycle-0221;cycle-0223;cycle-0224;cycle-0225;cycle-0226;cycle-0227;cycle-0229;cycle-0231;cycle-0243,1,2349.187856,4743.124919
5,blocked,FedAvg,model_replacement,0,0,0,1,-0.12347534044139474,-0.1230754413098,-0.11298868778457895,0,0,-0.11517561596353333,844,66,1,0,0,0,0,0,0,1,0,0.6767521367521367,0.4918803418803419,0.4918803418803419,0.0,0.0,16;2;14;53;54;25;19;8;79;111;81;73;23;38;105;22;101;58;94;27;55;26;75;31;12;44;24;10;89;92,112;113;114;115;116;117;118;119;120;121;122;123;124;125;126;127;128;150;151;152;153;154;155;156;157;158;159;160;161;162,166;198;220;218;174;219;195;165;170;172;204;175;223;185;231;227;197;188;226;212;243;182;177;207;202;164;193;200;194;173;199;224;163;201;229;215;221;225;242;239;168;237;186;183;213;181;217;178;196;205;190;236;203;191;180;211;209;192;184;179;210;222;169;232;230;171;233;241;216;176;240;214;208;235;167;189,245;246;247;248;249;250;251;252;253;254;255;256;257;258;259;260;261;262;263;264,commit,-0.12347534044139474,0583126475cc91ca66651be9729a5feebabe18a8e14bc347d96062b005295c68,1,1,1,1,1,1,1,1,1,1,1,3,3,1,1,9,2,1,cycle-0167;cycle-0168;cycle-0169;cycle-0171;cycle-0176;cycle-0178;cycle-0179;cycle-0180;cycle-0181;cycle-0183;cycle-0184;cycle-0186;cycle-0189;cycle-0190;cycle-0191;cycle-0192;cycle-0196;cycle-0203;cycle-0205;cycle-0208;cycle-0209;cycle-0210;cycle-0211;cycle-0213;cycle-0214;cycle-0216;cycle-0217;cycle-0222;cycle-0230;cycle-0232;cycle-0233;cycle-0235;cycle-0236;cycle-0237;cycle-0239;cycle-0240;cycle-0241;cycle-0242,1,2058.547218,4397.991695
5,blocked,CoordinateMedian,model_replacement,0,0,0,1,-0.04783461425002632,-0.05417460597005,-0.050841185062210525,0,0,-0.053832087952166666,844,66,1,0,0,0,0,0,0,1,0,0.6767521367521367,0.5099145299145299,0.5099145299145299,0.0,0.0,16;2;14;53;54;25;19;8;79;111;81;73;23;38;105;22;101;58;94;27;55;26;75;31;12;44;24;10;89;92,112;113;114;115;116;117;118;119;120;121;122;123;124;125;126;127;128;150;151;152;153;154;155;156;157;158;159;160;161;162,166;198;220;218;174;219;195;165;170;172;204;175;223;185;231;227;197;188;226;212;243;182;177;207;202;164;193;200;194;173;199;224;163;201;229;215;221;225;242;239;168;237;186;183;213;181;217;178;196;205;190;236;203;191;180;211;209;192;184;179;210;222;169;232;230;171;233;241;216;176;240;214;208;235;167;189,245;246;247;248;249;250;251;252;253;254;255;256;257;258;259;260;261;262;263;264,commit,-0.04783461425002632,a3c9f6a13694834853a1189b60b6db3226ed554bfe1a481d0c6ab60e6254904e,1,1,1,1,1,1,1,1,1,1,1,3,3,1,1,9,2,0,cycle-0163;cycle-0164;cycle-0165;cycle-0166;cycle-0170;cycle-0172;cycle-0173;cycle-0174;cycle-0175;cycle-0177;cycle-0182;cycle-0185;cycle-0188;cycle-0193;cycle-0194;cycle-0195;cycle-0197;cycle-0198;cycle-0199;cycle-0200;cycle-0201;cycle-0202;cycle-0204;cycle-0207;cycle-0212;cycle-0215;cycle-0218;cycle-0219;cycle-0220;cycle-0221;cycle-0223;cycle-0224;cycle-0225;cycle-0226;cycle-0227;cycle-0229;cycle-0231;cycle-0243,1,2360.176091,4836.161061
5,blocked,Krum,model_replacement,0,0,0,1,-0.03761084285389474,-0.041068944432,-0.03968216369796053,0,0,-0.04206455323496667,844,66,1,0,0,0,0,0,0,1,0,0.6767521367521367,0.5083760683760684,0.5083760683760684,0.0,0.0,16;2;14;53;54;25;19;8;79;111;81;73;23;38;105;22;101;58;94;27;55;26;75;31;12;44;24;10;89;92,112;113;114;115;116;117;118;119;120;121;122;123;124;125;126;127;128;150;151;152;153;154;155;156;157;158;159;160;161;162,166;198;220;218;174;219;195;165;170;172;204;175;223;185;231;227;197;188;226;212;243;182;177;207;202;164;193;200;194;173;199;224;163;201;229;215;221;225;242;239;168;237;186;183;213;181;217;178;196;205;190;236;203;191;180;211;209;192;184;179;210;222;169;232;230;171;233;241;216;176;240;214;208;235;167;189,245;246;247;248;249;250;251;252;253;254;255;256;257;258;259;260;261;262;263;264,commit,-0.03761084285389474,0455a2140de643e15b1c0737a69e959efb31f61598dd7cf65e1a714ed0892c64,1,1,1,1,1,1,1,1,1,1,1,3,3,1,1,9,2,0,cycle-0163;cycle-0164;cycle-0165;cycle-0166;cycle-0170;cycle-0172;cycle-0173;cycle-0174;cycle-0175;cycle-0177;cycle-0182;cycle-0185;cycle-0188;cycle-0193;cycle-0194;cycle-0195;cycle-0197;cycle-0198;cycle-0199;cycle-0200;cycle-0201;cycle-0202;cycle-0204;cycle-0207;cycle-0212;cycle-0215;cycle-0218;cycle-0219;cycle-0220;cycle-0221;cycle-0223;cycle-0224;cycle-0225;cycle-0226;cycle-0227;cycle-0229;cycle-0231;cycle-0243,1,2372.471967,4813.838584
5,blocked,FLTrust,model_replacement,0,0,0,0,0.3021482859844474,0.33667077958515,0.3155976015452632,0,0,0.3229574672748667,844,66,0,0,0,1,0,0,0,0,0,0.6767521367521367,0.5,0.6767521367521367,0.17675213675213675,0.33667077958515,16;2;14;53;54;25;19;8;79;111;81;73;23;38;105;22;101;58;94;27;55;26;75;31;12;44;24;10;89;92,112;113;114;115;116;117;118;119;120;121;122;123;124;125;126;127;128;150;151;152;153;154;155;156;157;158;159;160;161;162,166;198;220;218;174;219;195;165;170;172;204;175;223;185;231;227;197;188;226;212;243;182;177;207;202;164;193;200;194;173;199;224;163;201;229;215;221;225;242;239;168;237;186;183;213;181;217;178;196;205;190;236;203;191;180;211;209;192;184;179;210;222;169;232;230;171;233;241;216;176;240;214;208;235;167;189,245;246;247;248;249;250;251;252;253;254;255;256;257;258;259;260;261;262;263;264,reject,0.3021482859844474,ea1c3b5a10faabbe3eb34d1c5f57348f3427b9f1ff23d9280c95e892e780ac66,1,1,1,0,0,1,1,1,1,1,1,3,3,1,1,9,2,0,cycle-0163;cycle-0164;cycle-0165;cycle-0166;cycle-0170;cycle-0172;cycle-0173;cycle-0174;cycle-0175;cycle-0177;cycle-0182;cycle-0185;cycle-0188;cycle-0193;cycle-0194;cycle-0195;cycle-0197;cycle-0198;cycle-0199;cycle-0200;cycle-0201;cycle-0202;cycle-0204;cycle-0207;cycle-0212;cycle-0215;cycle-0218;cycle-0219;cycle-0220;cycle-0221;cycle-0223;cycle-0224;cycle-0225;cycle-0226;cycle-0227;cycle-0229;cycle-0231;cycle-0243,1,2356.998531,4926.7007
5,blocked,FedVal,model_replacement,0,0,0,1,-0.005336601520947368,-0.00496363330725,-0.004725378072171053,0,0,-0.0013339781048,844,66,1,0,0,0,0,0,0,1,0,0.6767521367521367,0.57,0.57,0.0,0.0,16;2;14;53;54;25;19;8;79;111;81;73;23;38;105;22;101;58;94;27;55;26;75;31;12;44;24;10;89;92,112;113;114;115;116;117;118;119;120;121;122;123;124;125;126;127;128;150;151;152;153;154;155;156;157;158;159;160;161;162,166;198;220;218;174;219;195;165;170;172;204;175;223;185;231;227;197;188;226;212;243;182;177;207;202;164;193;200;194;173;199;224;163;201;229;215;221;225;242;239;168;237;186;183;213;181;217;178;196;205;190;236;203;191;180;211;209;192;184;179;210;222;169;232;230;171;233;241;216;176;240;214;208;235;167;189,245;246;247;248;249;250;251;252;253;254;255;256;257;258;259;260;261;262;263;264,commit,-0.005336601520947368,e4d84af248587f27dd221ac0f924e1d217a3f4321bd668addfc929cb9a538d5b,1,1,1,1,1,1,1,1,1,1,1,3,3,1,1,9,2,1,cycle-0167;cycle-0168;cycle-0169;cycle-0171;cycle-0176;cycle-0178;cycle-0179;cycle-0180;cycle-0181;cycle-0183;cycle-0184;cycle-0186;cycle-0189;cycle-0190;cycle-0191;cycle-0192;cycle-0196;cycle-0203;cycle-0205;cycle-0208;cycle-0209;cycle-0210;cycle-0211;cycle-0213;cycle-0214;cycle-0216;cycle-0217;cycle-0222;cycle-0230;cycle-0232;cycle-0233;cycle-0235;cycle-0236;cycle-0237;cycle-0239;cycle-0240;cycle-0241;cycle-0242,1,1981.31445,4241.334989
5,blocked,FLShield,model_replacement,0,0,0,1,-0.08882254018928948,-0.11257130381315,-0.10791251547763157,0,0,-0.12368972209156667,844,66,1,0,0,0,0,0,0,1,0,0.6767521367521367,0.5243589743589744,0.5243589743589744,0.0,0.0,16;2;14;53;54;25;19;8;79;111;81;73;23;38;105;22;101;58;94;27;55;26;75;31;12;44;24;10;89;92,112;113;114;115;116;117;118;119;120;121;122;123;124;125;126;127;128;150;151;152;153;154;155;156;157;158;159;160;161;162,166;198;220;218;174;219;195;165;170;172;204;175;223;185;231;227;197;188;226;212;243;182;177;207;202;164;193;200;194;173;199;224;163;201;229;215;221;225;242;239;168;237;186;183;213;181;217;178;196;205;190;236;203;191;180;211;209;192;184;179;210;222;169;232;230;171;233;241;216;176;240;214;208;235;167;189,245;246;247;248;249;250;251;252;253;254;255;256;257;258;259;260;261;262;263;264,commit,-0.08882254018928948,574baaeb19ff4a851874e4221452815b432d896f3d90471c859a4bfd3d11a2e4,1,1,1,1,1,1,1,1,1,1,1,3,3,1,1,9,2,0,cycle-0163;cycle-0164;cycle-0165;cycle-0166;cycle-0170;cycle-0172;cycle-0173;cycle-0174;cycle-0175;cycle-0177;cycle-0182;cycle-0185;cycle-0188;cycle-0193;cycle-0194;cycle-0195;cycle-0197;cycle-0198;cycle-0199;cycle-0200;cycle-0201;cycle-0202;cycle-0204;cycle-0207;cycle-0212;cycle-0215;cycle-0218;cycle-0219;cycle-0220;cycle-0221;cycle-0223;cycle-0224;cycle-0225;cycle-0226;cycle-0227;cycle-0229;cycle-0231;cycle-0243,1,2441.184035,4834.019957
5,blocked,FoundationFL,model_replacement,0,0,0,1,-0.13586983151410525,-0.1724628059857,-0.15611945935348684,0,0,-0.18487064945553333,844,66,1,0,0,0,0,0,0,1,0,0.6767521367521367,0.4976923076923077,0.4976923076923077,0.0,0.0,16;2;14;53;54;25;19;8;79;111;81;73;23;38;105;22;101;58;94;27;55;26;75;31;12;44;24;10;89;92,112;113;114;115;116;117;118;119;120;121;122;123;124;125;126;127;128;150;151;152;153;154;155;156;157;158;159;160;161;162,166;198;220;218;174;219;195;165;170;172;204;175;223;185;231;227;197;188;226;212;243;182;177;207;202;164;193;200;194;173;199;224;163;201;229;215;221;225;242;239;168;237;186;183;213;181;217;178;196;205;190;236;203;191;180;211;209;192;184;179;210;222;169;232;230;171;233;241;216;176;240;214;208;235;167;189,245;246;247;248;249;250;251;252;253;254;255;256;257;258;259;260;261;262;263;264,commit,-0.13586983151410525,50a215a5a199c10d11c1aa710f3ff71718b5ff666566669b280925c22aef1829,1,1,1,1,1,1,1,1,1,1,1,3,3,1,1,9,2,0,cycle-0163;cycle-0164;cycle-0165;cycle-0166;cycle-0170;cycle-0172;cycle-0173;cycle-0174;cycle-0175;cycle-0177;cycle-0182;cycle-0185;cycle-0188;cycle-0193;cycle-0194;cycle-0195;cycle-0197;cycle-0198;cycle-0199;cycle-0200;cycle-0201;cycle-0202;cycle-0204;cycle-0207;cycle-0212;cycle-0215;cycle-0218;cycle-0219;cycle-0220;cycle-0221;cycle-0223;cycle-0224;cycle-0225;cycle-0226;cycle-0227;cycle-0229;cycle-0231;cycle-0243,1,2343.872652,4892.485435
5,blocked,FedAvg,score_aware,64,16,1,1,-0.1825828967684737,-0.17800412889565,-0.16072975743157894,0,0,-0.19555555466513333,844,66,1,0,0,0,0,0,0,1,0,0.6767521367521367,0.5,0.5,0.0,0.0,16;2;14;53;54;25;19;8;79;111;81;73;23;38;105;22;101;58;94;27;55;26;75;31;12;44;24;10;89;92,112;113;114;115;116;117;118;119;120;121;122;123;124;125;126;127;128;150;151;152;153;154;155;156;157;158;159;160;161;162,166;198;220;218;174;219;195;165;170;172;204;175;223;185;231;227;197;188;226;212;243;182;177;207;202;164;193;200;194;173;199;224;163;201;229;215;221;225;242;239;168;237;186;183;213;181;217;178;196;205;190;236;203;191;180;211;209;192;184;179;210;222;169;232;230;171;233;241;216;176;240;214;208;235;167;189,245;246;247;248;249;250;251;252;253;254;255;256;257;258;259;260;261;262;263;264,commit,-0.1825828967684737,fa62485ebce3c76491ec31aa1e4fc13c45b2fe28e8bb085c8fd5efabc995e339,1,1,1,1,1,1,1,1,1,1,1,3,3,1,1,9,2,1,cycle-0167;cycle-0168;cycle-0169;cycle-0171;cycle-0176;cycle-0178;cycle-0179;cycle-0180;cycle-0181;cycle-0183;cycle-0184;cycle-0186;cycle-0189;cycle-0190;cycle-0191;cycle-0192;cycle-0196;cycle-0203;cycle-0205;cycle-0208;cycle-0209;cycle-0210;cycle-0211;cycle-0213;cycle-0214;cycle-0216;cycle-0217;cycle-0222;cycle-0230;cycle-0232;cycle-0233;cycle-0235;cycle-0236;cycle-0237;cycle-0239;cycle-0240;cycle-0241;cycle-0242,1,2140.367895,4439.965747
5,blocked,FLTrust,score_aware,64,57,0,0,0.25999386077894737,0.2886526463985,0.27151967771563157,0,0,0.2786240414719667,844,66,0,0,0,1,0,0,0,0,0,0.6767521367521367,0.5,0.6767521367521367,0.17675213675213675,0.2886526463985,16;2;14;53;54;25;19;8;79;111;81;73;23;38;105;22;101;58;94;27;55;26;75;31;12;44;24;10;89;92,112;113;114;115;116;117;118;119;120;121;122;123;124;125;126;127;128;150;151;152;153;154;155;156;157;158;159;160;161;162,166;198;220;218;174;219;195;165;170;172;204;175;223;185;231;227;197;188;226;212;243;182;177;207;202;164;193;200;194;173;199;224;163;201;229;215;221;225;242;239;168;237;186;183;213;181;217;178;196;205;190;236;203;191;180;211;209;192;184;179;210;222;169;232;230;171;233;241;216;176;240;214;208;235;167;189,245;246;247;248;249;250;251;252;253;254;255;256;257;258;259;260;261;262;263;264,reject,0.25999386077894737,d44dd5ea2a389e62118019f35c31f592d1bac73ea2fce66996a804212626ae91,1,1,1,0,0,1,1,1,1,1,1,3,3,1,1,9,2,0,cycle-0163;cycle-0164;cycle-0165;cycle-0166;cycle-0170;cycle-0172;cycle-0173;cycle-0174;cycle-0175;cycle-0177;cycle-0182;cycle-0185;cycle-0188;cycle-0193;cycle-0194;cycle-0195;cycle-0197;cycle-0198;cycle-0199;cycle-0200;cycle-0201;cycle-0202;cycle-0204;cycle-0207;cycle-0212;cycle-0215;cycle-0218;cycle-0219;cycle-0220;cycle-0221;cycle-0223;cycle-0224;cycle-0225;cycle-0226;cycle-0227;cycle-0229;cycle-0231;cycle-0243,1,2399.088561,4875.469347
5,blocked,FoundationFL,score_aware,64,10,1,1,-0.17730474780897368,-0.17576148106975,-0.16220146083705264,0,0,-0.18263030560423332,844,66,1,0,0,0,0,0,0,1,0,0.6767521367521367,0.5,0.5,0.0,0.0,16;2;14;53;54;25;19;8;79;111;81;73;23;38;105;22;101;58;94;27;55;26;75;31;12;44;24;10;89;92,112;113;114;115;116;117;118;119;120;121;122;123;124;125;126;127;128;150;151;152;153;154;155;156;157;158;159;160;161;162,166;198;220;218;174;219;195;165;170;172;204;175;223;185;231;227;197;188;226;212;243;182;177;207;202;164;193;200;194;173;199;224;163;201;229;215;221;225;242;239;168;237;186;183;213;181;217;178;196;205;190;236;203;191;180;211;209;192;184;179;210;222;169;232;230;171;233;241;216;176;240;214;208;235;167;189,245;246;247;248;249;250;251;252;253;254;255;256;257;258;259;260;261;262;263;264,commit,-0.17730474780897368,34cf7a44803494ff31949d625fc0e17a7731b2d5b72674c64a9696f8feeec3cc,1,1,1,1,1,1,1,1,1,1,1,3,3,1,1,9,2,1,cycle-0167;cycle-0168;cycle-0169;cycle-0171;cycle-0176;cycle-0178;cycle-0179;cycle-0180;cycle-0181;cycle-0183;cycle-0184;cycle-0186;cycle-0189;cycle-0190;cycle-0191;cycle-0192;cycle-0196;cycle-0203;cycle-0205;cycle-0208;cycle-0209;cycle-0210;cycle-0211;cycle-0213;cycle-0214;cycle-0216;cycle-0217;cycle-0222;cycle-0230;cycle-0232;cycle-0233;cycle-0235;cycle-0236;cycle-0237;cycle-0239;cycle-0240;cycle-0241;cycle-0242,1,2048.528113,4453.760314
6,blocked,FedAvg,none,0,0,0,1,-0.046266550844605264,-0.0510917127639,-0.047196181923092106,0,0,-0.0487293951774,844,66,1,0,0,0,0,0,0,1,0,0.5732478632478633,0.5404273504273505,0.5404273504273505,0.0,0.0,110;105;72;109;42;15;70;19;62;49;65;27;93;22;97;43;94;99;6;7;53;80;54;69;76;36;96;100;90;26,112;113;114;115;116;117;118;119;120;121;122;123;124;125;126;127;128;150;151;152;153;154;155;156;157;158;159;160;161;162,213;226;241;217;167;212;186;189;184;166;214;210;193;228;236;207;176;219;194;172;168;196;180;227;177;175;206;164;216;191;229;203;237;224;240;174;230;243;205;192;204;179;163;170;188;232;202;165;218;173;201;238;182;208;200;223;178;183;215;185;199;234;169;239;197;211;233;190;222;242;225;221;235;198;209;195,245;246;247;248;249;250;251;252;253;254;255;256;257;258;259;260;261;262;263;264,commit,-0.046266550844605264,24929758b06f330002f152ad9f280b8ffe92f93b7796ac55ac81df36df0b9744,1,2,2,1,1,1,1,1,1,1,1,3,3,1,1,9,2,1,cycle-0163;cycle-0165;cycle-0169;cycle-0170;cycle-0173;cycle-0178;cycle-0179;cycle-0182;cycle-0183;cycle-0185;cycle-0188;cycle-0190;cycle-0192;cycle-0195;cycle-0197;cycle-0198;cycle-0199;cycle-0200;cycle-0201;cycle-0202;cycle-0204;cycle-0205;cycle-0208;cycle-0209;cycle-0211;cycle-0215;cycle-0218;cycle-0221;cycle-0222;cycle-0223;cycle-0225;cycle-0232;cycle-0233;cycle-0234;cycle-0235;cycle-0238;cycle-0239;cycle-0242,1,2254.555941,5451.205316
6,blocked,CoordinateMedian,none,0,0,0,1,-0.05657650818671053,-0.06176947145325,-0.057914558705921056,0,0,-0.060563687511466666,844,66,1,0,0,0,0,0,0,1,0,0.5732478632478633,0.515982905982906,0.515982905982906,0.0,0.0,110;105;72;109;42;15;70;19;62;49;65;27;93;22;97;43;94;99;6;7;53;80;54;69;76;36;96;100;90;26,112;113;114;115;116;117;118;119;120;121;122;123;124;125;126;127;128;150;151;152;153;154;155;156;157;158;159;160;161;162,213;226;241;217;167;212;186;189;184;166;214;210;193;228;236;207;176;219;194;172;168;196;180;227;177;175;206;164;216;191;229;203;237;224;240;174;230;243;205;192;204;179;163;170;188;232;202;165;218;173;201;238;182;208;200;223;178;183;215;185;199;234;169;239;197;211;233;190;222;242;225;221;235;198;209;195,245;246;247;248;249;250;251;252;253;254;255;256;257;258;259;260;261;262;263;264,commit,-0.05657650818671053,c47bf2a8afe5e3912ce9c936a5be20abf25664fe2382287930e95fdcb0591ee2,1,1,1,1,1,1,1,1,1,1,1,3,3,1,1,9,2,1,cycle-0163;cycle-0165;cycle-0169;cycle-0170;cycle-0173;cycle-0178;cycle-0179;cycle-0182;cycle-0183;cycle-0185;cycle-0188;cycle-0190;cycle-0192;cycle-0195;cycle-0197;cycle-0198;cycle-0199;cycle-0200;cycle-0201;cycle-0202;cycle-0204;cycle-0205;cycle-0208;cycle-0209;cycle-0211;cycle-0215;cycle-0218;cycle-0221;cycle-0222;cycle-0223;cycle-0225;cycle-0232;cycle-0233;cycle-0234;cycle-0235;cycle-0238;cycle-0239;cycle-0242,1,2194.656005,4683.734266
6,blocked,Krum,none,0,0,0,1,-0.08171755058742106,-0.0845151730017,-0.07987520776864473,0,0,-0.083813145178,844,66,1,0,0,0,0,0,0,1,0,0.5732478632478633,0.512991452991453,0.512991452991453,0.0,0.0,110;105;72;109;42;15;70;19;62;49;65;27;93;22;97;43;94;99;6;7;53;80;54;69;76;36;96;100;90;26,112;113;114;115;116;117;118;119;120;121;122;123;124;125;126;127;128;150;151;152;153;154;155;156;157;158;159;160;161;162,213;226;241;217;167;212;186;189;184;166;214;210;193;228;236;207;176;219;194;172;168;196;180;227;177;175;206;164;216;191;229;203;237;224;240;174;230;243;205;192;204;179;163;170;188;232;202;165;218;173;201;238;182;208;200;223;178;183;215;185;199;234;169;239;197;211;233;190;222;242;225;221;235;198;209;195,245;246;247;248;249;250;251;252;253;254;255;256;257;258;259;260;261;262;263;264,commit,-0.08171755058742106,db168549e671ae3bfd09508826911935b61ecbfddaf93c26fafc48e0a2bc15e6,1,1,1,1,1,1,1,1,1,1,1,3,3,1,1,9,2,0,cycle-0164;cycle-0166;cycle-0167;cycle-0168;cycle-0172;cycle-0174;cycle-0175;cycle-0176;cycle-0177;cycle-0180;cycle-0184;cycle-0186;cycle-0189;cycle-0191;cycle-0193;cycle-0194;cycle-0196;cycle-0203;cycle-0206;cycle-0207;cycle-0210;cycle-0212;cycle-0213;cycle-0214;cycle-0216;cycle-0217;cycle-0219;cycle-0224;cycle-0226;cycle-0227;cycle-0228;cycle-0229;cycle-0230;cycle-0236;cycle-0237;cycle-0240;cycle-0241;cycle-0243,1,2191.45022,4527.22635
6,blocked,FLTrust,none,0,0,0,0,0.3041602053321842,0.31631350515515,0.2993079751529079,0,0,0.30793002271366665,844,66,0,0,0,1,0,0,0,0,0,0.5732478632478633,0.5007692307692307,0.5732478632478633,0.07247863247863251,0.31631350515515,110;105;72;109;42;15;70;19;62;49;65;27;93;22;97;43;94;99;6;7;53;80;54;69;76;36;96;100;90;26,112;113;114;115;116;117;118;119;120;121;122;123;124;125;126;127;128;150;151;152;153;154;155;156;157;158;159;160;161;162,213;226;241;217;167;212;186;189;184;166;214;210;193;228;236;207;176;219;194;172;168;196;180;227;177;175;206;164;216;191;229;203;237;224;240;174;230;243;205;192;204;179;163;170;188;232;202;165;218;173;201;238;182;208;200;223;178;183;215;185;199;234;169;239;197;211;233;190;222;242;225;221;235;198;209;195,245;246;247;248;249;250;251;252;253;254;255;256;257;258;259;260;261;262;263;264,reject,0.3041602053321842,0df179757af94d2ed2cb51537fa47e6c0eaf8960af427e943851db88a3e7ecbe,1,1,1,0,0,1,1,1,1,1,1,3,3,1,1,9,2,0,cycle-0164;cycle-0166;cycle-0167;cycle-0168;cycle-0172;cycle-0174;cycle-0175;cycle-0176;cycle-0177;cycle-0180;cycle-0184;cycle-0186;cycle-0189;cycle-0191;cycle-0193;cycle-0194;cycle-0196;cycle-0203;cycle-0206;cycle-0207;cycle-0210;cycle-0212;cycle-0213;cycle-0214;cycle-0216;cycle-0217;cycle-0219;cycle-0224;cycle-0226;cycle-0227;cycle-0228;cycle-0229;cycle-0230;cycle-0236;cycle-0237;cycle-0240;cycle-0241;cycle-0243,1,2214.58972,4646.636534
6,blocked,FedVal,none,0,0,0,1,-0.012771701001289474,-0.0143743108804,-0.013038817283736842,0,0,-0.013609783184633333,844,66,1,0,0,0,0,0,0,1,0,0.5732478632478633,0.5317948717948717,0.5317948717948717,0.0,0.0,110;105;72;109;42;15;70;19;62;49;65;27;93;22;97;43;94;99;6;7;53;80;54;69;76;36;96;100;90;26,112;113;114;115;116;117;118;119;120;121;122;123;124;125;126;127;128;150;151;152;153;154;155;156;157;158;159;160;161;162,213;226;241;217;167;212;186;189;184;166;214;210;193;228;236;207;176;219;194;172;168;196;180;227;177;175;206;164;216;191;229;203;237;224;240;174;230;243;205;192;204;179;163;170;188;232;202;165;218;173;201;238;182;208;200;223;178;183;215;185;199;234;169;239;197;211;233;190;222;242;225;221;235;198;209;195,245;246;247;248;249;250;251;252;253;254;255;256;257;258;259;260;261;262;263;264,commit,-0.012771701001289474,97d67dde1eb71054a43a8e3b2d50077a8cc6833c70ae5923cbcaf3c55c8e7ebd,1,1,1,1,1,1,1,1,1,1,1,3,3,1,1,9,2,1,cycle-0163;cycle-0165;cycle-0169;cycle-0170;cycle-0173;cycle-0178;cycle-0179;cycle-0182;cycle-0183;cycle-0185;cycle-0188;cycle-0190;cycle-0192;cycle-0195;cycle-0197;cycle-0198;cycle-0199;cycle-0200;cycle-0201;cycle-0202;cycle-0204;cycle-0205;cycle-0208;cycle-0209;cycle-0211;cycle-0215;cycle-0218;cycle-0221;cycle-0222;cycle-0223;cycle-0225;cycle-0232;cycle-0233;cycle-0234;cycle-0235;cycle-0238;cycle-0239;cycle-0242,1,2132.124234,4596.077187
6,blocked,FLShield,none,0,0,0,1,-0.16398350274294737,-0.18202521875935,-0.1688958240679079,0,0,-0.18334221179126667,844,66,1,0,0,0,0,0,0,1,0,0.5732478632478633,0.5,0.5,0.0,0.0,110;105;72;109;42;15;70;19;62;49;65;27;93;22;97;43;94;99;6;7;53;80;54;69;76;36;96;100;90;26,112;113;114;115;116;117;118;119;120;121;122;123;124;125;126;127;128;150;151;152;153;154;155;156;157;158;159;160;161;162,213;226;241;217;167;212;186;189;184;166;214;210;193;228;236;207;176;219;194;172;168;196;180;227;177;175;206;164;216;191;229;203;237;224;240;174;230;243;205;192;204;179;163;170;188;232;202;165;218;173;201;238;182;208;200;223;178;183;215;185;199;234;169;239;197;211;233;190;222;242;225;221;235;198;209;195,245;246;247;248;249;250;251;252;253;254;255;256;257;258;259;260;261;262;263;264,commit,-0.16398350274294737,c7aeac7f260116bddeac6d6b79e24cda344a786de5988e329a14aaa036bbdb2f,1,1,1,1,1,1,1,1,1,1,1,3,3,1,1,9,2,1,cycle-0163;cycle-0165;cycle-0169;cycle-0170;cycle-0173;cycle-0178;cycle-0179;cycle-0182;cycle-0183;cycle-0185;cycle-0188;cycle-0190;cycle-0192;cycle-0195;cycle-0197;cycle-0198;cycle-0199;cycle-0200;cycle-0201;cycle-0202;cycle-0204;cycle-0205;cycle-0208;cycle-0209;cycle-0211;cycle-0215;cycle-0218;cycle-0221;cycle-0222;cycle-0223;cycle-0225;cycle-0232;cycle-0233;cycle-0234;cycle-0235;cycle-0238;cycle-0239;cycle-0242,1,2322.472886,4758.088612
6,blocked,FoundationFL,none,0,0,0,1,-0.08084175462455263,-0.084672357238,-0.07905466896719737,0,0,-0.08278180688103333,844,66,1,0,0,0,0,0,0,1,0,0.5732478632478633,0.517948717948718,0.517948717948718,0.0,0.0,110;105;72;109;42;15;70;19;62;49;65;27;93;22;97;43;94;99;6;7;53;80;54;69;76;36;96;100;90;26,112;113;114;115;116;117;118;119;120;121;122;123;124;125;126;127;128;150;151;152;153;154;155;156;157;158;159;160;161;162,213;226;241;217;167;212;186;189;184;166;214;210;193;228;236;207;176;219;194;172;168;196;180;227;177;175;206;164;216;191;229;203;237;224;240;174;230;243;205;192;204;179;163;170;188;232;202;165;218;173;201;238;182;208;200;223;178;183;215;185;199;234;169;239;197;211;233;190;222;242;225;221;235;198;209;195,245;246;247;248;249;250;251;252;253;254;255;256;257;258;259;260;261;262;263;264,commit,-0.08084175462455263,6ae31edc71c93fcec483e6ab767175b2dd2568b37d09c2a868c9d67d51867f56,1,1,1,1,1,1,1,1,1,1,1,3,3,1,1,9,2,0,cycle-0164;cycle-0166;cycle-0167;cycle-0168;cycle-0172;cycle-0174;cycle-0175;cycle-0176;cycle-0177;cycle-0180;cycle-0184;cycle-0186;cycle-0189;cycle-0191;cycle-0193;cycle-0194;cycle-0196;cycle-0203;cycle-0206;cycle-0207;cycle-0210;cycle-0212;cycle-0213;cycle-0214;cycle-0216;cycle-0217;cycle-0219;cycle-0224;cycle-0226;cycle-0227;cycle-0228;cycle-0229;cycle-0230;cycle-0236;cycle-0237;cycle-0240;cycle-0241;cycle-0243,1,2206.766792,4592.841568
6,blocked,FedAvg,sign_flip,0,0,0,1,-0.02798979778023684,-0.0295774031019,-0.02780288240819737,0,0,-0.027084254360166666,844,66,1,0,0,0,0,0,0,1,0,0.5732478632478633,0.7002564102564102,0.7002564102564102,0.0,0.0,110;105;72;109;42;15;70;19;62;49;65;27;93;22;97;43;94;99;6;7;53;80;54;69;76;36;96;100;90;26,112;113;114;115;116;117;118;119;120;121;122;123;124;125;126;127;128;150;151;152;153;154;155;156;157;158;159;160;161;162,213;226;241;217;167;212;186;189;184;166;214;210;193;228;236;207;176;219;194;172;168;196;180;227;177;175;206;164;216;191;229;203;237;224;240;174;230;243;205;192;204;179;163;170;188;232;202;165;218;173;201;238;182;208;200;223;178;183;215;185;199;234;169;239;197;211;233;190;222;242;225;221;235;198;209;195,245;246;247;248;249;250;251;252;253;254;255;256;257;258;259;260;261;262;263;264,commit,-0.02798979778023684,ed17dc5e7b5791ac2a773b2a01aea36ba01a77777d80f60e5116e7b2d900a2c7,1,1,1,1,1,1,1,1,1,1,1,3,3,1,1,9,2,0,cycle-0164;cycle-0166;cycle-0167;cycle-0168;cycle-0172;cycle-0174;cycle-0175;cycle-0176;cycle-0177;cycle-0180;cycle-0184;cycle-0186;cycle-0189;cycle-0191;cycle-0193;cycle-0194;cycle-0196;cycle-0203;cycle-0206;cycle-0207;cycle-0210;cycle-0212;cycle-0213;cycle-0214;cycle-0216;cycle-0217;cycle-0219;cycle-0224;cycle-0226;cycle-0227;cycle-0228;cycle-0229;cycle-0230;cycle-0236;cycle-0237;cycle-0240;cycle-0241;cycle-0243,1,2096.428764,4604.688922
6,blocked,CoordinateMedian,sign_flip,0,0,0,1,-0.06932411867421052,-0.07232667781055,-0.067709095002,0,0,-0.0707913418164,844,66,1,0,0,0,0,0,0,1,0,0.5732478632478633,0.5133333333333333,0.5133333333333333,0.0,0.0,110;105;72;109;42;15;70;19;62;49;65;27;93;22;97;43;94;99;6;7;53;80;54;69;76;36;96;100;90;26,112;113;114;115;116;117;118;119;120;121;122;123;124;125;126;127;128;150;151;152;153;154;155;156;157;158;159;160;161;162,213;226;241;217;167;212;186;189;184;166;214;210;193;228;236;207;176;219;194;172;168;196;180;227;177;175;206;164;216;191;229;203;237;224;240;174;230;243;205;192;204;179;163;170;188;232;202;165;218;173;201;238;182;208;200;223;178;183;215;185;199;234;169;239;197;211;233;190;222;242;225;221;235;198;209;195,245;246;247;248;249;250;251;252;253;254;255;256;257;258;259;260;261;262;263;264,commit,-0.06932411867421052,f1c50fdcb6a87beec7440e396721d80bc9702ed9979d396d43bd55e5d4833f13,1,1,1,1,1,1,1,1,1,1,1,3,3,1,1,9,2,0,cycle-0164;cycle-0166;cycle-0167;cycle-0168;cycle-0172;cycle-0174;cycle-0175;cycle-0176;cycle-0177;cycle-0180;cycle-0184;cycle-0186;cycle-0189;cycle-0191;cycle-0193;cycle-0194;cycle-0196;cycle-0203;cycle-0206;cycle-0207;cycle-0210;cycle-0212;cycle-0213;cycle-0214;cycle-0216;cycle-0217;cycle-0219;cycle-0224;cycle-0226;cycle-0227;cycle-0228;cycle-0229;cycle-0230;cycle-0236;cycle-0237;cycle-0240;cycle-0241;cycle-0243,1,2271.053323,4627.901745
6,blocked,Krum,sign_flip,0,0,0,1,-0.07803286494986843,-0.0845151730017,-0.07987520776864473,0,0,-0.083813145178,844,66,1,0,0,0,0,0,0,1,0,0.5732478632478633,0.512991452991453,0.512991452991453,0.0,0.0,110;105;72;109;42;15;70;19;62;49;65;27;93;22;97;43;94;99;6;7;53;80;54;69;76;36;96;100;90;26,112;113;114;115;116;117;118;119;120;121;122;123;124;125;126;127;128;150;151;152;153;154;155;156;157;158;159;160;161;162,213;226;241;217;167;212;186;189;184;166;214;210;193;228;236;207;176;219;194;172;168;196;180;227;177;175;206;164;216;191;229;203;237;224;240;174;230;243;205;192;204;179;163;170;188;232;202;165;218;173;201;238;182;208;200;223;178;183;215;185;199;234;169;239;197;211;233;190;222;242;225;221;235;198;209;195,245;246;247;248;249;250;251;252;253;254;255;256;257;258;259;260;261;262;263;264,commit,-0.07803286494986843,db108dd78dd66000bd115590ac888ee45a2b0a183a868a74b9af28efe1d4f734,1,1,1,1,1,1,1,1,1,1,1,3,3,1,1,9,2,1,cycle-0163;cycle-0165;cycle-0169;cycle-0170;cycle-0173;cycle-0178;cycle-0179;cycle-0182;cycle-0183;cycle-0185;cycle-0188;cycle-0190;cycle-0192;cycle-0195;cycle-0197;cycle-0198;cycle-0199;cycle-0200;cycle-0201;cycle-0202;cycle-0204;cycle-0205;cycle-0208;cycle-0209;cycle-0211;cycle-0215;cycle-0218;cycle-0221;cycle-0222;cycle-0223;cycle-0225;cycle-0232;cycle-0233;cycle-0234;cycle-0235;cycle-0238;cycle-0239;cycle-0242,1,2254.864756,4627.953775
6,blocked,FLTrust,sign_flip,0,0,0,0,0.2843332580440263,0.30623535934635,0.2891735761799737,0,0,0.2982875826486333,844,66,0,0,0,1,0,0,0,0,0,0.5732478632478633,0.5,0.5732478632478633,0.07324786324786325,0.30623535934635,110;105;72;109;42;15;70;19;62;49;65;27;93;22;97;43;94;99;6;7;53;80;54;69;76;36;96;100;90;26,112;113;114;115;116;117;118;119;120;121;122;123;124;125;126;127;128;150;151;152;153;154;155;156;157;158;159;160;161;162,213;226;241;217;167;212;186;189;184;166;214;210;193;228;236;207;176;219;194;172;168;196;180;227;177;175;206;164;216;191;229;203;237;224;240;174;230;243;205;192;204;179;163;170;188;232;202;165;218;173;201;238;182;208;200;223;178;183;215;185;199;234;169;239;197;211;233;190;222;242;225;221;235;198;209;195,245;246;247;248;249;250;251;252;253;254;255;256;257;258;259;260;261;262;263;264,reject,0.2843332580440263,acdd93dc14f043862f9ba106fbdf8fd2f85a008ce0d6cf47a45729fb05c17614,1,1,1,0,0,1,1,1,1,1,1,3,3,1,1,9,2,1,cycle-0163;cycle-0165;cycle-0169;cycle-0170;cycle-0173;cycle-0178;cycle-0179;cycle-0182;cycle-0183;cycle-0185;cycle-0188;cycle-0190;cycle-0192;cycle-0195;cycle-0197;cycle-0198;cycle-0199;cycle-0200;cycle-0201;cycle-0202;cycle-0204;cycle-0205;cycle-0208;cycle-0209;cycle-0211;cycle-0215;cycle-0218;cycle-0221;cycle-0222;cycle-0223;cycle-0225;cycle-0232;cycle-0233;cycle-0234;cycle-0235;cycle-0238;cycle-0239;cycle-0242,1,2250.470164,4654.42715
6,blocked,FedVal,sign_flip,0,0,0,1,-0.058737699950578946,-0.0611921730747,-0.05757891853538158,0,0,-0.059228672602233336,844,66,1,0,0,0,0,0,0,1,0,0.5732478632478633,0.5255555555555556,0.5255555555555556,0.0,0.0,110;105;72;109;42;15;70;19;62;49;65;27;93;22;97;43;94;99;6;7;53;80;54;69;76;36;96;100;90;26,112;113;114;115;116;117;118;119;120;121;122;123;124;125;126;127;128;150;151;152;153;154;155;156;157;158;159;160;161;162,213;226;241;217;167;212;186;189;184;166;214;210;193;228;236;207;176;219;194;172;168;196;180;227;177;175;206;164;216;191;229;203;237;224;240;174;230;243;205;192;204;179;163;170;188;232;202;165;218;173;201;238;182;208;200;223;178;183;215;185;199;234;169;239;197;211;233;190;222;242;225;221;235;198;209;195,245;246;247;248;249;250;251;252;253;254;255;256;257;258;259;260;261;262;263;264,commit,-0.058737699950578946,39a1009bd025b754da1cd77db610306b5dc27aabb8424405fbd29483ad4f8748,1,1,1,1,1,1,1,1,1,1,1,3,3,1,1,9,2,0,cycle-0164;cycle-0166;cycle-0167;cycle-0168;cycle-0172;cycle-0174;cycle-0175;cycle-0176;cycle-0177;cycle-0180;cycle-0184;cycle-0186;cycle-0189;cycle-0191;cycle-0193;cycle-0194;cycle-0196;cycle-0203;cycle-0206;cycle-0207;cycle-0210;cycle-0212;cycle-0213;cycle-0214;cycle-0216;cycle-0217;cycle-0219;cycle-0224;cycle-0226;cycle-0227;cycle-0228;cycle-0229;cycle-0230;cycle-0236;cycle-0237;cycle-0240;cycle-0241;cycle-0243,1,2189.668712,4543.996627
6,blocked,FLShield,sign_flip,0,0,0,1,-0.029247567951631578,-0.03196106922795,-0.02963215528676316,0,0,-0.029923123675766668,844,66,1,0,0,0,0,0,0,1,0,0.5732478632478633,0.6067521367521368,0.6067521367521368,0.0,0.0,110;105;72;109;42;15;70;19;62;49;65;27;93;22;97;43;94;99;6;7;53;80;54;69;76;36;96;100;90;26,112;113;114;115;116;117;118;119;120;121;122;123;124;125;126;127;128;150;151;152;153;154;155;156;157;158;159;160;161;162,213;226;241;217;167;212;186;189;184;166;214;210;193;228;236;207;176;219;194;172;168;196;180;227;177;175;206;164;216;191;229;203;237;224;240;174;230;243;205;192;204;179;163;170;188;232;202;165;218;173;201;238;182;208;200;223;178;183;215;185;199;234;169;239;197;211;233;190;222;242;225;221;235;198;209;195,245;246;247;248;249;250;251;252;253;254;255;256;257;258;259;260;261;262;263;264,commit,-0.029247567951631578,4a564ad491e60ed4ac59e3c0120b128b563a6830a72b498d8622ec803966f901,1,1,1,1,1,1,1,1,1,1,1,3,3,1,1,9,2,1,cycle-0163;cycle-0165;cycle-0169;cycle-0170;cycle-0173;cycle-0178;cycle-0179;cycle-0182;cycle-0183;cycle-0185;cycle-0188;cycle-0190;cycle-0192;cycle-0195;cycle-0197;cycle-0198;cycle-0199;cycle-0200;cycle-0201;cycle-0202;cycle-0204;cycle-0205;cycle-0208;cycle-0209;cycle-0211;cycle-0215;cycle-0218;cycle-0221;cycle-0222;cycle-0223;cycle-0225;cycle-0232;cycle-0233;cycle-0234;cycle-0235;cycle-0238;cycle-0239;cycle-0242,1,2167.482185,4518.85505
6,blocked,FoundationFL,sign_flip,0,0,0,0,0.15234235865071052,0.1681763159024,0.14993478414492106,0,0,0.15696931773013334,844,66,0,0,0,1,0,0,0,0,0,0.5732478632478633,0.4958119658119658,0.5732478632478633,0.07743589743589746,0.1681763159024,110;105;72;109;42;15;70;19;62;49;65;27;93;22;97;43;94;99;6;7;53;80;54;69;76;36;96;100;90;26,112;113;114;115;116;117;118;119;120;121;122;123;124;125;126;127;128;150;151;152;153;154;155;156;157;158;159;160;161;162,213;226;241;217;167;212;186;189;184;166;214;210;193;228;236;207;176;219;194;172;168;196;180;227;177;175;206;164;216;191;229;203;237;224;240;174;230;243;205;192;204;179;163;170;188;232;202;165;218;173;201;238;182;208;200;223;178;183;215;185;199;234;169;239;197;211;233;190;222;242;225;221;235;198;209;195,245;246;247;248;249;250;251;252;253;254;255;256;257;258;259;260;261;262;263;264,reject,0.15234235865071052,c7498a32b82b40a08f6267db134f390e82b31ee39f43b92c987f07f38464bba8,1,1,1,0,0,1,1,1,1,1,1,3,3,1,1,9,2,0,cycle-0164;cycle-0166;cycle-0167;cycle-0168;cycle-0172;cycle-0174;cycle-0175;cycle-0176;cycle-0177;cycle-0180;cycle-0184;cycle-0186;cycle-0189;cycle-0191;cycle-0193;cycle-0194;cycle-0196;cycle-0203;cycle-0206;cycle-0207;cycle-0210;cycle-0212;cycle-0213;cycle-0214;cycle-0216;cycle-0217;cycle-0219;cycle-0224;cycle-0226;cycle-0227;cycle-0228;cycle-0229;cycle-0230;cycle-0236;cycle-0237;cycle-0240;cycle-0241;cycle-0243,1,2179.726775,4493.445757
6,blocked,FedAvg,model_replacement,0,0,0,0,0.21041317870902632,0.23104999725295,0.21598595080376315,0,0,0.24169136493536666,844,66,0,0,0,1,0,0,0,0,0,0.5732478632478633,0.5007692307692307,0.5732478632478633,0.07247863247863251,0.23104999725295,110;105;72;109;42;15;70;19;62;49;65;27;93;22;97;43;94;99;6;7;53;80;54;69;76;36;96;100;90;26,112;113;114;115;116;117;118;119;120;121;122;123;124;125;126;127;128;150;151;152;153;154;155;156;157;158;159;160;161;162,213;226;241;217;167;212;186;189;184;166;214;210;193;228;236;207;176;219;194;172;168;196;180;227;177;175;206;164;216;191;229;203;237;224;240;174;230;243;205;192;204;179;163;170;188;232;202;165;218;173;201;238;182;208;200;223;178;183;215;185;199;234;169;239;197;211;233;190;222;242;225;221;235;198;209;195,245;246;247;248;249;250;251;252;253;254;255;256;257;258;259;260;261;262;263;264,reject,0.21041317870902632,9b7265eac1386170737fd35118c01156b7e75d4d44fc9cb23a601635aeac398b,1,1,1,0,0,1,1,1,1,1,1,3,3,1,1,9,2,1,cycle-0163;cycle-0165;cycle-0169;cycle-0170;cycle-0173;cycle-0178;cycle-0179;cycle-0182;cycle-0183;cycle-0185;cycle-0188;cycle-0190;cycle-0192;cycle-0195;cycle-0197;cycle-0198;cycle-0199;cycle-0200;cycle-0201;cycle-0202;cycle-0204;cycle-0205;cycle-0208;cycle-0209;cycle-0211;cycle-0215;cycle-0218;cycle-0221;cycle-0222;cycle-0223;cycle-0225;cycle-0232;cycle-0233;cycle-0234;cycle-0235;cycle-0238;cycle-0239;cycle-0242,1,2292.293135,4703.443728
6,blocked,CoordinateMedian,model_replacement,0,0,0,1,-0.03847482243397368,-0.03972673147005,-0.03763911125407895,0,0,-0.038856237181633335,844,66,1,0,0,0,0,0,0,1,0,0.5732478632478633,0.5736752136752137,0.5736752136752137,0.0,0.0,110;105;72;109;42;15;70;19;62;49;65;27;93;22;97;43;94;99;6;7;53;80;54;69;76;36;96;100;90;26,112;113;114;115;116;117;118;119;120;121;122;123;124;125;126;127;128;150;151;152;153;154;155;156;157;158;159;160;161;162,213;226;241;217;167;212;186;189;184;166;214;210;193;228;236;207;176;219;194;172;168;196;180;227;177;175;206;164;216;191;229;203;237;224;240;174;230;243;205;192;204;179;163;170;188;232;202;165;218;173;201;238;182;208;200;223;178;183;215;185;199;234;169;239;197;211;233;190;222;242;225;221;235;198;209;195,245;246;247;248;249;250;251;252;253;254;255;256;257;258;259;260;261;262;263;264,commit,-0.03847482243397368,2860038face09a1999ad52296261c9aedc9d06a8405a9371c717576e4a0f7aed,1,1,1,1,1,1,1,1,1,1,1,3,3,1,1,9,2,0,cycle-0164;cycle-0166;cycle-0167;cycle-0168;cycle-0172;cycle-0174;cycle-0175;cycle-0176;cycle-0177;cycle-0180;cycle-0184;cycle-0186;cycle-0189;cycle-0191;cycle-0193;cycle-0194;cycle-0196;cycle-0203;cycle-0206;cycle-0207;cycle-0210;cycle-0212;cycle-0213;cycle-0214;cycle-0216;cycle-0217;cycle-0219;cycle-0224;cycle-0226;cycle-0227;cycle-0228;cycle-0229;cycle-0230;cycle-0236;cycle-0237;cycle-0240;cycle-0241;cycle-0243,1,2142.920228,4416.80367
6,blocked,Krum,model_replacement,0,0,0,1,-0.005734375056921053,-0.00339393304175,-0.0053676459178026315,0,0,-0.0064119210294,844,66,1,0,0,0,0,0,0,1,0,0.5732478632478633,0.5682905982905982,0.5682905982905982,0.0,0.0,110;105;72;109;42;15;70;19;62;49;65;27;93;22;97;43;94;99;6;7;53;80;54;69;76;36;96;100;90;26,112;113;114;115;116;117;118;119;120;121;122;123;124;125;126;127;128;150;151;152;153;154;155;156;157;158;159;160;161;162,213;226;241;217;167;212;186;189;184;166;214;210;193;228;236;207;176;219;194;172;168;196;180;227;177;175;206;164;216;191;229;203;237;224;240;174;230;243;205;192;204;179;163;170;188;232;202;165;218;173;201;238;182;208;200;223;178;183;215;185;199;234;169;239;197;211;233;190;222;242;225;221;235;198;209;195,245;246;247;248;249;250;251;252;253;254;255;256;257;258;259;260;261;262;263;264,commit,-0.005734375056921053,74d74fe9362ac31a86cb437fed28a62f023f516286fbc34663a4a44d87628c20,1,1,1,1,1,1,1,1,1,1,1,3,3,1,1,9,2,0,cycle-0164;cycle-0166;cycle-0167;cycle-0168;cycle-0172;cycle-0174;cycle-0175;cycle-0176;cycle-0177;cycle-0180;cycle-0184;cycle-0186;cycle-0189;cycle-0191;cycle-0193;cycle-0194;cycle-0196;cycle-0203;cycle-0206;cycle-0207;cycle-0210;cycle-0212;cycle-0213;cycle-0214;cycle-0216;cycle-0217;cycle-0219;cycle-0224;cycle-0226;cycle-0227;cycle-0228;cycle-0229;cycle-0230;cycle-0236;cycle-0237;cycle-0240;cycle-0241;cycle-0243,1,2067.680593,4445.980115
6,blocked,FLTrust,model_replacement,0,0,0,0,0.2890890385328158,0.3006363245078,0.2842637810099079,0,0,0.2927838036342,844,66,0,0,0,1,0,0,0,0,0,0.5732478632478633,0.5,0.5732478632478633,0.07324786324786325,0.3006363245078,110;105;72;109;42;15;70;19;62;49;65;27;93;22;97;43;94;99;6;7;53;80;54;69;76;36;96;100;90;26,112;113;114;115;116;117;118;119;120;121;122;123;124;125;126;127;128;150;151;152;153;154;155;156;157;158;159;160;161;162,213;226;241;217;167;212;186;189;184;166;214;210;193;228;236;207;176;219;194;172;168;196;180;227;177;175;206;164;216;191;229;203;237;224;240;174;230;243;205;192;204;179;163;170;188;232;202;165;218;173;201;238;182;208;200;223;178;183;215;185;199;234;169;239;197;211;233;190;222;242;225;221;235;198;209;195,245;246;247;248;249;250;251;252;253;254;255;256;257;258;259;260;261;262;263;264,reject,0.2890890385328158,4f04da10b452a25d7029f59cfc42014425673720cc20d51ba589040c90f91968,1,1,1,0,0,1,1,1,1,1,1,3,3,1,1,9,2,0,cycle-0164;cycle-0166;cycle-0167;cycle-0168;cycle-0172;cycle-0174;cycle-0175;cycle-0176;cycle-0177;cycle-0180;cycle-0184;cycle-0186;cycle-0189;cycle-0191;cycle-0193;cycle-0194;cycle-0196;cycle-0203;cycle-0206;cycle-0207;cycle-0210;cycle-0212;cycle-0213;cycle-0214;cycle-0216;cycle-0217;cycle-0219;cycle-0224;cycle-0226;cycle-0227;cycle-0228;cycle-0229;cycle-0230;cycle-0236;cycle-0237;cycle-0240;cycle-0241;cycle-0243,1,2186.868258,4661.259592
6,blocked,FedVal,model_replacement,0,0,0,1,-0.010566030891789474,-0.00930396796025,-0.009912885500486843,0,0,-0.00013302652913333332,844,66,1,0,0,0,0,0,0,1,0,0.5732478632478633,0.49948717948717947,0.49948717948717947,0.0,0.0,110;105;72;109;42;15;70;19;62;49;65;27;93;22;97;43;94;99;6;7;53;80;54;69;76;36;96;100;90;26,112;113;114;115;116;117;118;119;120;121;122;123;124;125;126;127;128;150;151;152;153;154;155;156;157;158;159;160;161;162,213;226;241;217;167;212;186;189;184;166;214;210;193;228;236;207;176;219;194;172;168;196;180;227;177;175;206;164;216;191;229;203;237;224;240;174;230;243;205;192;204;179;163;170;188;232;202;165;218;173;201;238;182;208;200;223;178;183;215;185;199;234;169;239;197;211;233;190;222;242;225;221;235;198;209;195,245;246;247;248;249;250;251;252;253;254;255;256;257;258;259;260;261;262;263;264,commit,-0.010566030891789474,0878d5a008c151de6b9076079d1f6ea31f311d910558eefb651c9c6baa12ac3a,1,1,1,1,1,1,1,1,1,1,1,3,3,1,1,9,2,1,cycle-0163;cycle-0165;cycle-0169;cycle-0170;cycle-0173;cycle-0178;cycle-0179;cycle-0182;cycle-0183;cycle-0185;cycle-0188;cycle-0190;cycle-0192;cycle-0195;cycle-0197;cycle-0198;cycle-0199;cycle-0200;cycle-0201;cycle-0202;cycle-0204;cycle-0205;cycle-0208;cycle-0209;cycle-0211;cycle-0215;cycle-0218;cycle-0221;cycle-0222;cycle-0223;cycle-0225;cycle-0232;cycle-0233;cycle-0234;cycle-0235;cycle-0238;cycle-0239;cycle-0242,1,2168.944928,4477.277374
6,blocked,FLShield,model_replacement,0,0,0,1,-0.0049484541475263155,-0.0055186131352,-0.004944145206460526,0,0,-0.004892070678066666,844,66,1,0,0,0,0,0,0,1,0,0.5732478632478633,0.594017094017094,0.594017094017094,0.0,0.0,110;105;72;109;42;15;70;19;62;49;65;27;93;22;97;43;94;99;6;7;53;80;54;69;76;36;96;100;90;26,112;113;114;115;116;117;118;119;120;121;122;123;124;125;126;127;128;150;151;152;153;154;155;156;157;158;159;160;161;162,213;226;241;217;167;212;186;189;184;166;214;210;193;228;236;207;176;219;194;172;168;196;180;227;177;175;206;164;216;191;229;203;237;224;240;174;230;243;205;192;204;179;163;170;188;232;202;165;218;173;201;238;182;208;200;223;178;183;215;185;199;234;169;239;197;211;233;190;222;242;225;221;235;198;209;195,245;246;247;248;249;250;251;252;253;254;255;256;257;258;259;260;261;262;263;264,commit,-0.0049484541475263155,ae9ecf4f055112e950c16bd9c02eb974e67ad6436f0e1ad86908a7e7aacbd92d,1,1,1,1,1,1,1,1,1,1,1,3,3,1,1,9,2,0,cycle-0164;cycle-0166;cycle-0167;cycle-0168;cycle-0172;cycle-0174;cycle-0175;cycle-0176;cycle-0177;cycle-0180;cycle-0184;cycle-0186;cycle-0189;cycle-0191;cycle-0193;cycle-0194;cycle-0196;cycle-0203;cycle-0206;cycle-0207;cycle-0210;cycle-0212;cycle-0213;cycle-0214;cycle-0216;cycle-0217;cycle-0219;cycle-0224;cycle-0226;cycle-0227;cycle-0228;cycle-0229;cycle-0230;cycle-0236;cycle-0237;cycle-0240;cycle-0241;cycle-0243,1,2119.406702,4451.061641
6,blocked,FoundationFL,model_replacement,0,0,0,1,-0.08993951545428948,-0.09814649243965,-0.08758019660775,0,0,-0.07545123744003333,844,66,1,0,0,0,0,0,0,1,0,0.5732478632478633,0.45487179487179485,0.45487179487179485,0.0,0.0,110;105;72;109;42;15;70;19;62;49;65;27;93;22;97;43;94;99;6;7;53;80;54;69;76;36;96;100;90;26,112;113;114;115;116;117;118;119;120;121;122;123;124;125;126;127;128;150;151;152;153;154;155;156;157;158;159;160;161;162,213;226;241;217;167;212;186;189;184;166;214;210;193;228;236;207;176;219;194;172;168;196;180;227;177;175;206;164;216;191;229;203;237;224;240;174;230;243;205;192;204;179;163;170;188;232;202;165;218;173;201;238;182;208;200;223;178;183;215;185;199;234;169;239;197;211;233;190;222;242;225;221;235;198;209;195,245;246;247;248;249;250;251;252;253;254;255;256;257;258;259;260;261;262;263;264,commit,-0.08993951545428948,192c0d288b8d1377226bd81103c70b0c67f2c7445a94525688d0518eccf6dd90,1,1,1,1,1,1,1,1,1,1,1,3,3,1,1,9,2,1,cycle-0163;cycle-0165;cycle-0169;cycle-0170;cycle-0173;cycle-0178;cycle-0179;cycle-0182;cycle-0183;cycle-0185;cycle-0188;cycle-0190;cycle-0192;cycle-0195;cycle-0197;cycle-0198;cycle-0199;cycle-0200;cycle-0201;cycle-0202;cycle-0204;cycle-0205;cycle-0208;cycle-0209;cycle-0211;cycle-0215;cycle-0218;cycle-0221;cycle-0222;cycle-0223;cycle-0225;cycle-0232;cycle-0233;cycle-0234;cycle-0235;cycle-0238;cycle-0239;cycle-0242,1,2247.530004,4670.778926
6,blocked,FedAvg,score_aware,64,45,1,1,-0.016433507729342104,-0.0174470003135,-0.0154237228935,0,0,-0.00046140439626666667,844,66,1,0,0,0,0,0,0,1,0,0.5732478632478633,0.42675213675213675,0.42675213675213675,0.0,0.0,110;105;72;109;42;15;70;19;62;49;65;27;93;22;97;43;94;99;6;7;53;80;54;69;76;36;96;100;90;26,112;113;114;115;116;117;118;119;120;121;122;123;124;125;126;127;128;150;151;152;153;154;155;156;157;158;159;160;161;162,213;226;241;217;167;212;186;189;184;166;214;210;193;228;236;207;176;219;194;172;168;196;180;227;177;175;206;164;216;191;229;203;237;224;240;174;230;243;205;192;204;179;163;170;188;232;202;165;218;173;201;238;182;208;200;223;178;183;215;185;199;234;169;239;197;211;233;190;222;242;225;221;235;198;209;195,245;246;247;248;249;250;251;252;253;254;255;256;257;258;259;260;261;262;263;264,commit,-0.016433507729342104,1373664b249f79afaa2a94e916b3a92c46d4e937625a56e03948b7187e4c3ea4,1,1,1,1,1,1,1,1,1,1,1,3,3,1,1,9,2,1,cycle-0163;cycle-0165;cycle-0169;cycle-0170;cycle-0173;cycle-0178;cycle-0179;cycle-0182;cycle-0183;cycle-0185;cycle-0188;cycle-0190;cycle-0192;cycle-0195;cycle-0197;cycle-0198;cycle-0199;cycle-0200;cycle-0201;cycle-0202;cycle-0204;cycle-0205;cycle-0208;cycle-0209;cycle-0211;cycle-0215;cycle-0218;cycle-0221;cycle-0222;cycle-0223;cycle-0225;cycle-0232;cycle-0233;cycle-0234;cycle-0235;cycle-0238;cycle-0239;cycle-0242,1,2181.211068,4599.926091
6,blocked,FLTrust,score_aware,64,55,0,0,0.26136981454421054,0.2813914023302,0.26579675676480263,0,0,0.27480178434906666,844,66,0,0,0,1,0,0,0,0,0,0.5732478632478633,0.5007692307692307,0.5732478632478633,0.07247863247863251,0.2813914023302,110;105;72;109;42;15;70;19;62;49;65;27;93;22;97;43;94;99;6;7;53;80;54;69;76;36;96;100;90;26,112;113;114;115;116;117;118;119;120;121;122;123;124;125;126;127;128;150;151;152;153;154;155;156;157;158;159;160;161;162,213;226;241;217;167;212;186;189;184;166;214;210;193;228;236;207;176;219;194;172;168;196;180;227;177;175;206;164;216;191;229;203;237;224;240;174;230;243;205;192;204;179;163;170;188;232;202;165;218;173;201;238;182;208;200;223;178;183;215;185;199;234;169;239;197;211;233;190;222;242;225;221;235;198;209;195,245;246;247;248;249;250;251;252;253;254;255;256;257;258;259;260;261;262;263;264,reject,0.26136981454421054,1d506558f9fa713f1a94ca0d221dcf4333ad7fa1cebb908f864bc7b892b479a4,1,1,1,0,0,1,1,1,1,1,1,3,3,1,1,9,2,1,cycle-0163;cycle-0165;cycle-0169;cycle-0170;cycle-0173;cycle-0178;cycle-0179;cycle-0182;cycle-0183;cycle-0185;cycle-0188;cycle-0190;cycle-0192;cycle-0195;cycle-0197;cycle-0198;cycle-0199;cycle-0200;cycle-0201;cycle-0202;cycle-0204;cycle-0205;cycle-0208;cycle-0209;cycle-0211;cycle-0215;cycle-0218;cycle-0221;cycle-0222;cycle-0223;cycle-0225;cycle-0232;cycle-0233;cycle-0234;cycle-0235;cycle-0238;cycle-0239;cycle-0242,1,2291.06971,4685.917092
6,blocked,FoundationFL,score_aware,64,45,1,1,-0.02434883270694737,-0.0314323092461,-0.02653598689275,0,0,0.0027157644469,844,66,0,0,0,0,0,0,0,1,0,0.5732478632478633,0.43256410256410255,0.43256410256410255,0.0,0.0,110;105;72;109;42;15;70;19;62;49;65;27;93;22;97;43;94;99;6;7;53;80;54;69;76;36;96;100;90;26,112;113;114;115;116;117;118;119;120;121;122;123;124;125;126;127;128;150;151;152;153;154;155;156;157;158;159;160;161;162,213;226;241;217;167;212;186;189;184;166;214;210;193;228;236;207;176;219;194;172;168;196;180;227;177;175;206;164;216;191;229;203;237;224;240;174;230;243;205;192;204;179;163;170;188;232;202;165;218;173;201;238;182;208;200;223;178;183;215;185;199;234;169;239;197;211;233;190;222;242;225;221;235;198;209;195,245;246;247;248;249;250;251;252;253;254;255;256;257;258;259;260;261;262;263;264,commit,-0.02434883270694737,0edd3353e321b63d22d430c84407c31c8350f809014e165c350a1722fe7762e6,1,1,1,1,1,1,1,1,1,1,1,3,3,1,1,9,2,0,cycle-0164;cycle-0166;cycle-0167;cycle-0168;cycle-0172;cycle-0174;cycle-0175;cycle-0176;cycle-0177;cycle-0180;cycle-0184;cycle-0186;cycle-0189;cycle-0191;cycle-0193;cycle-0194;cycle-0196;cycle-0203;cycle-0206;cycle-0207;cycle-0210;cycle-0212;cycle-0213;cycle-0214;cycle-0216;cycle-0217;cycle-0219;cycle-0224;cycle-0226;cycle-0227;cycle-0228;cycle-0229;cycle-0230;cycle-0236;cycle-0237;cycle-0240;cycle-0241;cycle-0243,1,2160.75047,4526.254673
7,blocked,FedAvg,none,0,0,0,1,-0.006658215407394737,-0.00729558465775,-0.006346502115394737,0,0,-0.006950513631366667,844,66,1,0,0,0,0,0,0,1,0,0.5041880341880342,0.5041880341880342,0.5041880341880342,0.0,0.0,35;61;64;26;28;6;86;36;81;92;4;54;7;66;68;39;77;97;90;43;24;14;53;106;63;33;95;60;78;18,112;113;114;115;116;117;118;119;120;121;122;123;124;125;126;127;128;150;151;152;153;154;155;156;157;158;159;160;161;162,166;165;235;233;237;178;167;243;214;212;224;238;195;185;177;220;239;168;201;240;230;173;226;211;183;207;186;205;236;231;223;227;171;190;234;216;209;184;169;241;217;175;189;174;196;208;172;215;203;170;192;221;199;232;210;213;229;180;191;194;219;164;242;206;182;179;222;198;204;202;218;176;188;225;197;163,245;246;247;248;249;250;251;252;253;254;255;256;257;258;259;260;261;262;263;264,commit,-0.006658215407394737,18fc28c9dfebdacfa312c21d5c9321b8639b9cbb9ccd477ba6b2c740fe594a52,1,2,2,1,1,1,1,1,1,1,1,3,3,1,1,9,2,0,cycle-0165;cycle-0166;cycle-0167;cycle-0168;cycle-0171;cycle-0173;cycle-0177;cycle-0178;cycle-0183;cycle-0184;cycle-0185;cycle-0186;cycle-0190;cycle-0195;cycle-0201;cycle-0205;cycle-0207;cycle-0209;cycle-0211;cycle-0212;cycle-0214;cycle-0216;cycle-0220;cycle-0223;cycle-0224;cycle-0226;cycle-0227;cycle-0230;cycle-0231;cycle-0233;cycle-0234;cycle-0235;cycle-0236;cycle-0237;cycle-0238;cycle-0239;cycle-0240;cycle-0243,1,2440.779409,5908.988014
7,blocked,CoordinateMedian,none,0,0,0,1,-0.027777969557026317,-0.0275516670957,-0.02580114389394737,0,0,-0.028272328871666665,844,66,1,0,0,0,0,0,0,1,0,0.5041880341880342,0.4976923076923077,0.4976923076923077,0.0,0.0,35;61;64;26;28;6;86;36;81;92;4;54;7;66;68;39;77;97;90;43;24;14;53;106;63;33;95;60;78;18,112;113;114;115;116;117;118;119;120;121;122;123;124;125;126;127;128;150;151;152;153;154;155;156;157;158;159;160;161;162,166;165;235;233;237;178;167;243;214;212;224;238;195;185;177;220;239;168;201;240;230;173;226;211;183;207;186;205;236;231;223;227;171;190;234;216;209;184;169;241;217;175;189;174;196;208;172;215;203;170;192;221;199;232;210;213;229;180;191;194;219;164;242;206;182;179;222;198;204;202;218;176;188;225;197;163,245;246;247;248;249;250;251;252;253;254;255;256;257;258;259;260;261;262;263;264,commit,-0.027777969557026317,ec9dd97a3efdcb026a89514245656c6b7b0e69e9b4bd3b391b81bc390d7691b9,1,1,1,1,1,1,1,1,1,1,1,3,3,1,1,9,2,0,cycle-0165;cycle-0166;cycle-0167;cycle-0168;cycle-0171;cycle-0173;cycle-0177;cycle-0178;cycle-0183;cycle-0184;cycle-0185;cycle-0186;cycle-0190;cycle-0195;cycle-0201;cycle-0205;cycle-0207;cycle-0209;cycle-0211;cycle-0212;cycle-0214;cycle-0216;cycle-0220;cycle-0223;cycle-0224;cycle-0226;cycle-0227;cycle-0230;cycle-0231;cycle-0233;cycle-0234;cycle-0235;cycle-0236;cycle-0237;cycle-0238;cycle-0239;cycle-0240;cycle-0243,1,2358.93492,4837.865336
7,blocked,Krum,none,0,0,0,0,0.019551727434289474,0.0221523675809,0.021371803342763156,0,0,0.021190455312266668,844,66,0,0,0,0,0,0,0,0,0,0.5041880341880342,0.5133333333333333,0.5041880341880342,-0.009145299145299157,0.0221523675809,35;61;64;26;28;6;86;36;81;92;4;54;7;66;68;39;77;97;90;43;24;14;53;106;63;33;95;60;78;18,112;113;114;115;116;117;118;119;120;121;122;123;124;125;126;127;128;150;151;152;153;154;155;156;157;158;159;160;161;162,166;165;235;233;237;178;167;243;214;212;224;238;195;185;177;220;239;168;201;240;230;173;226;211;183;207;186;205;236;231;223;227;171;190;234;216;209;184;169;241;217;175;189;174;196;208;172;215;203;170;192;221;199;232;210;213;229;180;191;194;219;164;242;206;182;179;222;198;204;202;218;176;188;225;197;163,245;246;247;248;249;250;251;252;253;254;255;256;257;258;259;260;261;262;263;264,reject,0.019551727434289474,0c3317430a84de2bf41b44cceadd131940166ba385609239b63f3d98807c10ad,1,1,1,0,0,1,1,1,1,1,1,3,3,1,1,9,2,1,cycle-0163;cycle-0164;cycle-0169;cycle-0170;cycle-0172;cycle-0174;cycle-0175;cycle-0176;cycle-0179;cycle-0180;cycle-0182;cycle-0188;cycle-0189;cycle-0191;cycle-0192;cycle-0194;cycle-0196;cycle-0197;cycle-0198;cycle-0199;cycle-0202;cycle-0203;cycle-0204;cycle-0206;cycle-0208;cycle-0210;cycle-0213;cycle-0215;cycle-0217;cycle-0218;cycle-0219;cycle-0221;cycle-0222;cycle-0225;cycle-0229;cycle-0232;cycle-0241;cycle-0242,1,2330.354036,4692.072686
7,blocked,FLTrust,none,0,0,0,0,0.3809851903428158,0.3831357245963,0.3632347048516842,1,0,0.370307065477,844,66,0,0,0,1,1,0,0,0,0,0.5041880341880342,0.5007692307692307,0.5041880341880342,0.0034188034188034067,0.3831357245963,35;61;64;26;28;6;86;36;81;92;4;54;7;66;68;39;77;97;90;43;24;14;53;106;63;33;95;60;78;18,112;113;114;115;116;117;118;119;120;121;122;123;124;125;126;127;128;150;151;152;153;154;155;156;157;158;159;160;161;162,166;165;235;233;237;178;167;243;214;212;224;238;195;185;177;220;239;168;201;240;230;173;226;211;183;207;186;205;236;231;223;227;171;190;234;216;209;184;169;241;217;175;189;174;196;208;172;215;203;170;192;221;199;232;210;213;229;180;191;194;219;164;242;206;182;179;222;198;204;202;218;176;188;225;197;163,245;246;247;248;249;250;251;252;253;254;255;256;257;258;259;260;261;262;263;264,reject,0.3809851903428158,6f21f95d6cd6bb2c5996447bd782e8683d2d3f3def89acffe55a98bfb1b0dc57,1,1,1,0,0,1,1,1,1,1,1,3,3,1,1,9,2,0,cycle-0165;cycle-0166;cycle-0167;cycle-0168;cycle-0171;cycle-0173;cycle-0177;cycle-0178;cycle-0183;cycle-0184;cycle-0185;cycle-0186;cycle-0190;cycle-0195;cycle-0201;cycle-0205;cycle-0207;cycle-0209;cycle-0211;cycle-0212;cycle-0214;cycle-0216;cycle-0220;cycle-0223;cycle-0224;cycle-0226;cycle-0227;cycle-0230;cycle-0231;cycle-0233;cycle-0234;cycle-0235;cycle-0236;cycle-0237;cycle-0238;cycle-0239;cycle-0240;cycle-0243,1,2456.510634,4877.525588
7,blocked,FedVal,none,0,0,0,0,0.046416133475026315,0.04528505937715,0.04317333860507895,0,0,0.04468086279063333,844,66,0,0,0,0,0,0,0,0,0,0.5041880341880342,0.53008547008547,0.5041880341880342,-0.025897435897435872,0.04528505937715,35;61;64;26;28;6;86;36;81;92;4;54;7;66;68;39;77;97;90;43;24;14;53;106;63;33;95;60;78;18,112;113;114;115;116;117;118;119;120;121;122;123;124;125;126;127;128;150;151;152;153;154;155;156;157;158;159;160;161;162,166;165;235;233;237;178;167;243;214;212;224;238;195;185;177;220;239;168;201;240;230;173;226;211;183;207;186;205;236;231;223;227;171;190;234;216;209;184;169;241;217;175;189;174;196;208;172;215;203;170;192;221;199;232;210;213;229;180;191;194;219;164;242;206;182;179;222;198;204;202;218;176;188;225;197;163,245;246;247;248;249;250;251;252;253;254;255;256;257;258;259;260;261;262;263;264,reject,0.046416133475026315,65f7dadae9da9e1facaa7e3d497c76971d34a8820bb3021abae99c2b8e795d8b,1,1,1,0,0,1,1,1,1,1,1,3,3,1,1,9,2,0,cycle-0165;cycle-0166;cycle-0167;cycle-0168;cycle-0171;cycle-0173;cycle-0177;cycle-0178;cycle-0183;cycle-0184;cycle-0185;cycle-0186;cycle-0190;cycle-0195;cycle-0201;cycle-0205;cycle-0207;cycle-0209;cycle-0211;cycle-0212;cycle-0214;cycle-0216;cycle-0220;cycle-0223;cycle-0224;cycle-0226;cycle-0227;cycle-0230;cycle-0231;cycle-0233;cycle-0234;cycle-0235;cycle-0236;cycle-0237;cycle-0238;cycle-0239;cycle-0240;cycle-0243,1,2328.697209,4842.641312
7,blocked,FLShield,none,0,0,0,1,-0.047617860967894735,-0.0557215905225,-0.05211373672769737,0,0,-0.0570423989436,844,66,1,0,0,0,0,0,0,1,0,0.5041880341880342,0.5,0.5,0.0,0.0,35;61;64;26;28;6;86;36;81;92;4;54;7;66;68;39;77;97;90;43;24;14;53;106;63;33;95;60;78;18,112;113;114;115;116;117;118;119;120;121;122;123;124;125;126;127;128;150;151;152;153;154;155;156;157;158;159;160;161;162,166;165;235;233;237;178;167;243;214;212;224;238;195;185;177;220;239;168;201;240;230;173;226;211;183;207;186;205;236;231;223;227;171;190;234;216;209;184;169;241;217;175;189;174;196;208;172;215;203;170;192;221;199;232;210;213;229;180;191;194;219;164;242;206;182;179;222;198;204;202;218;176;188;225;197;163,245;246;247;248;249;250;251;252;253;254;255;256;257;258;259;260;261;262;263;264,commit,-0.047617860967894735,4d24117ea8d2e15971047743e31c2dea084ae2ffb492457ca679a82581f00c5b,1,1,1,1,1,1,1,1,1,1,1,3,3,1,1,9,2,1,cycle-0163;cycle-0164;cycle-0169;cycle-0170;cycle-0172;cycle-0174;cycle-0175;cycle-0176;cycle-0179;cycle-0180;cycle-0182;cycle-0188;cycle-0189;cycle-0191;cycle-0192;cycle-0194;cycle-0196;cycle-0197;cycle-0198;cycle-0199;cycle-0202;cycle-0203;cycle-0204;cycle-0206;cycle-0208;cycle-0210;cycle-0213;cycle-0215;cycle-0217;cycle-0218;cycle-0219;cycle-0221;cycle-0222;cycle-0225;cycle-0229;cycle-0232;cycle-0241;cycle-0242,1,2323.292633,4692.505359
7,blocked,FoundationFL,none,0,0,0,1,-0.022583286283078947,-0.02635765664015,-0.024413510072842107,0,0,-0.0265769189477,844,66,1,0,0,0,0,0,0,1,0,0.5041880341880342,0.4976923076923077,0.4976923076923077,0.0,0.0,35;61;64;26;28;6;86;36;81;92;4;54;7;66;68;39;77;97;90;43;24;14;53;106;63;33;95;60;78;18,112;113;114;115;116;117;118;119;120;121;122;123;124;125;126;127;128;150;151;152;153;154;155;156;157;158;159;160;161;162,166;165;235;233;237;178;167;243;214;212;224;238;195;185;177;220;239;168;201;240;230;173;226;211;183;207;186;205;236;231;223;227;171;190;234;216;209;184;169;241;217;175;189;174;196;208;172;215;203;170;192;221;199;232;210;213;229;180;191;194;219;164;242;206;182;179;222;198;204;202;218;176;188;225;197;163,245;246;247;248;249;250;251;252;253;254;255;256;257;258;259;260;261;262;263;264,commit,-0.022583286283078947,1c64e9e1439ccd40805c447d6c050040b6a97b94daf4ed84abc74d392c57e539,1,1,1,1,1,1,1,1,1,1,1,3,3,1,1,9,2,1,cycle-0163;cycle-0164;cycle-0169;cycle-0170;cycle-0172;cycle-0174;cycle-0175;cycle-0176;cycle-0179;cycle-0180;cycle-0182;cycle-0188;cycle-0189;cycle-0191;cycle-0192;cycle-0194;cycle-0196;cycle-0197;cycle-0198;cycle-0199;cycle-0202;cycle-0203;cycle-0204;cycle-0206;cycle-0208;cycle-0210;cycle-0213;cycle-0215;cycle-0217;cycle-0218;cycle-0219;cycle-0221;cycle-0222;cycle-0225;cycle-0229;cycle-0232;cycle-0241;cycle-0242,1,2283.267646,4667.495142
7,blocked,FedAvg,sign_flip,0,0,0,0,0.014929170370736843,0.0167373066147,0.016020973536605265,0,0,0.0166581100132,844,66,0,0,0,0,0,0,0,0,0,0.5041880341880342,0.5148717948717949,0.5041880341880342,-0.010683760683760757,0.0167373066147,35;61;64;26;28;6;86;36;81;92;4;54;7;66;68;39;77;97;90;43;24;14;53;106;63;33;95;60;78;18,112;113;114;115;116;117;118;119;120;121;122;123;124;125;126;127;128;150;151;152;153;154;155;156;157;158;159;160;161;162,166;165;235;233;237;178;167;243;214;212;224;238;195;185;177;220;239;168;201;240;230;173;226;211;183;207;186;205;236;231;223;227;171;190;234;216;209;184;169;241;217;175;189;174;196;208;172;215;203;170;192;221;199;232;210;213;229;180;191;194;219;164;242;206;182;179;222;198;204;202;218;176;188;225;197;163,245;246;247;248;249;250;251;252;253;254;255;256;257;258;259;260;261;262;263;264,reject,0.014929170370736843,5a06e3cc16b6e44f6751037415292c2a53ee3eb38a9df23a483d6e3c2a94aba6,1,1,1,0,0,1,1,1,1,1,1,3,3,1,1,9,2,1,cycle-0163;cycle-0164;cycle-0169;cycle-0170;cycle-0172;cycle-0174;cycle-0175;cycle-0176;cycle-0179;cycle-0180;cycle-0182;cycle-0188;cycle-0189;cycle-0191;cycle-0192;cycle-0194;cycle-0196;cycle-0197;cycle-0198;cycle-0199;cycle-0202;cycle-0203;cycle-0204;cycle-0206;cycle-0208;cycle-0210;cycle-0213;cycle-0215;cycle-0217;cycle-0218;cycle-0219;cycle-0221;cycle-0222;cycle-0225;cycle-0229;cycle-0232;cycle-0241;cycle-0242,1,2216.776613,4681.742216
7,blocked,CoordinateMedian,sign_flip,0,0,0,0,0.01488690202736842,0.0145177147607,0.013797403357842105,0,0,0.013948799590733333,844,66,0,0,0,0,0,0,0,0,0,0.5041880341880342,0.5164102564102564,0.5041880341880342,-0.012222222222222245,0.0145177147607,35;61;64;26;28;6;86;36;81;92;4;54;7;66;68;39;77;97;90;43;24;14;53;106;63;33;95;60;78;18,112;113;114;115;116;117;118;119;120;121;122;123;124;125;126;127;128;150;151;152;153;154;155;156;157;158;159;160;161;162,166;165;235;233;237;178;167;243;214;212;224;238;195;185;177;220;239;168;201;240;230;173;226;211;183;207;186;205;236;231;223;227;171;190;234;216;209;184;169;241;217;175;189;174;196;208;172;215;203;170;192;221;199;232;210;213;229;180;191;194;219;164;242;206;182;179;222;198;204;202;218;176;188;225;197;163,245;246;247;248;249;250;251;252;253;254;255;256;257;258;259;260;261;262;263;264,reject,0.01488690202736842,1215489347dacee12296f6f8c66563231bd2c64b16a618ad8100abf031a33558,1,1,1,0,0,1,1,1,1,1,1,3,3,1,1,9,2,0,cycle-0165;cycle-0166;cycle-0167;cycle-0168;cycle-0171;cycle-0173;cycle-0177;cycle-0178;cycle-0183;cycle-0184;cycle-0185;cycle-0186;cycle-0190;cycle-0195;cycle-0201;cycle-0205;cycle-0207;cycle-0209;cycle-0211;cycle-0212;cycle-0214;cycle-0216;cycle-0220;cycle-0223;cycle-0224;cycle-0226;cycle-0227;cycle-0230;cycle-0231;cycle-0233;cycle-0234;cycle-0235;cycle-0236;cycle-0237;cycle-0238;cycle-0239;cycle-0240;cycle-0243,1,2396.488393,4843.581406
7,blocked,Krum,sign_flip,0,0,0,0,0.023191879251236842,0.0221523675809,0.021371803342763156,0,0,0.021190455312266668,844,66,0,0,0,0,0,0,0,0,0,0.5041880341880342,0.5133333333333333,0.5041880341880342,-0.009145299145299157,0.0221523675809,35;61;64;26;28;6;86;36;81;92;4;54;7;66;68;39;77;97;90;43;24;14;53;106;63;33;95;60;78;18,112;113;114;115;116;117;118;119;120;121;122;123;124;125;126;127;128;150;151;152;153;154;155;156;157;158;159;160;161;162,166;165;235;233;237;178;167;243;214;212;224;238;195;185;177;220;239;168;201;240;230;173;226;211;183;207;186;205;236;231;223;227;171;190;234;216;209;184;169;241;217;175;189;174;196;208;172;215;203;170;192;221;199;232;210;213;229;180;191;194;219;164;242;206;182;179;222;198;204;202;218;176;188;225;197;163,245;246;247;248;249;250;251;252;253;254;255;256;257;258;259;260;261;262;263;264,reject,0.023191879251236842,427e935bee02bac3dcd9292152622aeac6330dbe0d03062c4bf4410643d00eba,1,1,1,0,0,1,1,1,1,1,1,3,3,1,1,9,2,0,cycle-0165;cycle-0166;cycle-0167;cycle-0168;cycle-0171;cycle-0173;cycle-0177;cycle-0178;cycle-0183;cycle-0184;cycle-0185;cycle-0186;cycle-0190;cycle-0195;cycle-0201;cycle-0205;cycle-0207;cycle-0209;cycle-0211;cycle-0212;cycle-0214;cycle-0216;cycle-0220;cycle-0223;cycle-0224;cycle-0226;cycle-0227;cycle-0230;cycle-0231;cycle-0233;cycle-0234;cycle-0235;cycle-0236;cycle-0237;cycle-0238;cycle-0239;cycle-0240;cycle-0243,1,2438.220452,4962.244227
7,blocked,FLTrust,sign_flip,0,0,0,0,0.3574257963608158,0.35868473502185,0.34034852235906576,0,0,0.34744941687743336,844,66,0,0,0,1,1,0,0,0,0,0.5041880341880342,0.5007692307692307,0.5041880341880342,0.0034188034188034067,0.35868473502185,35;61;64;26;28;6;86;36;81;92;4;54;7;66;68;39;77;97;90;43;24;14;53;106;63;33;95;60;78;18,112;113;114;115;116;117;118;119;120;121;122;123;124;125;126;127;128;150;151;152;153;154;155;156;157;158;159;160;161;162,166;165;235;233;237;178;167;243;214;212;224;238;195;185;177;220;239;168;201;240;230;173;226;211;183;207;186;205;236;231;223;227;171;190;234;216;209;184;169;241;217;175;189;174;196;208;172;215;203;170;192;221;199;232;210;213;229;180;191;194;219;164;242;206;182;179;222;198;204;202;218;176;188;225;197;163,245;246;247;248;249;250;251;252;253;254;255;256;257;258;259;260;261;262;263;264,reject,0.3574257963608158,123ca5db0440f5b77edfcaebd24075a4d64e2d3ca4f8dc29113dfdad0b229480,1,1,1,0,0,1,1,1,1,1,1,3,3,1,1,9,2,0,cycle-0165;cycle-0166;cycle-0167;cycle-0168;cycle-0171;cycle-0173;cycle-0177;cycle-0178;cycle-0183;cycle-0184;cycle-0185;cycle-0186;cycle-0190;cycle-0195;cycle-0201;cycle-0205;cycle-0207;cycle-0209;cycle-0211;cycle-0212;cycle-0214;cycle-0216;cycle-0220;cycle-0223;cycle-0224;cycle-0226;cycle-0227;cycle-0230;cycle-0231;cycle-0233;cycle-0234;cycle-0235;cycle-0236;cycle-0237;cycle-0238;cycle-0239;cycle-0240;cycle-0243,1,2516.81499,5171.817247
7,blocked,FedVal,sign_flip,0,0,0,0,0.05228549197639474,0.05891350053315,0.056109731780144737,0,0,0.0580669687927,844,66,0,0,0,1,0,0,0,0,0,0.5041880341880342,0.559059829059829,0.5041880341880342,-0.05487179487179483,0.05891350053315,35;61;64;26;28;6;86;36;81;92;4;54;7;66;68;39;77;97;90;43;24;14;53;106;63;33;95;60;78;18,112;113;114;115;116;117;118;119;120;121;122;123;124;125;126;127;128;150;151;152;153;154;155;156;157;158;159;160;161;162,166;165;235;233;237;178;167;243;214;212;224;238;195;185;177;220;239;168;201;240;230;173;226;211;183;207;186;205;236;231;223;227;171;190;234;216;209;184;169;241;217;175;189;174;196;208;172;215;203;170;192;221;199;232;210;213;229;180;191;194;219;164;242;206;182;179;222;198;204;202;218;176;188;225;197;163,245;246;247;248;249;250;251;252;253;254;255;256;257;258;259;260;261;262;263;264,reject,0.05228549197639474,901e62338bd0e8cee9edd52cbfc9c8a6f706c808cf51bd9859d3f24bfba084b0,1,1,1,0,0,1,1,1,1,1,1,3,3,1,1,9,2,1,cycle-0163;cycle-0164;cycle-0169;cycle-0170;cycle-0172;cycle-0174;cycle-0175;cycle-0176;cycle-0179;cycle-0180;cycle-0182;cycle-0188;cycle-0189;cycle-0191;cycle-0192;cycle-0194;cycle-0196;cycle-0197;cycle-0198;cycle-0199;cycle-0202;cycle-0203;cycle-0204;cycle-0206;cycle-0208;cycle-0210;cycle-0213;cycle-0215;cycle-0217;cycle-0218;cycle-0219;cycle-0221;cycle-0222;cycle-0225;cycle-0229;cycle-0232;cycle-0241;cycle-0242,1,2278.52509,4705.745099
7,blocked,FLShield,sign_flip,0,0,0,0,0.001422043851236842,0.00063677691265,0.0011766841075921053,0,0,0.0010947892492,844,66,0,0,0,0,0,0,0,0,0,0.5041880341880342,0.512991452991453,0.5041880341880342,-0.008803418803418839,0.00063677691265,35;61;64;26;28;6;86;36;81;92;4;54;7;66;68;39;77;97;90;43;24;14;53;106;63;33;95;60;78;18,112;113;114;115;116;117;118;119;120;121;122;123;124;125;126;127;128;150;151;152;153;154;155;156;157;158;159;160;161;162,166;165;235;233;237;178;167;243;214;212;224;238;195;185;177;220;239;168;201;240;230;173;226;211;183;207;186;205;236;231;223;227;171;190;234;216;209;184;169;241;217;175;189;174;196;208;172;215;203;170;192;221;199;232;210;213;229;180;191;194;219;164;242;206;182;179;222;198;204;202;218;176;188;225;197;163,245;246;247;248;249;250;251;252;253;254;255;256;257;258;259;260;261;262;263;264,reject,0.001422043851236842,7ec951674ac10f193ff44a2664b4421dd67d07891a3964156692014100a61553,1,1,1,0,0,1,1,1,1,1,1,3,3,1,1,9,2,0,cycle-0165;cycle-0166;cycle-0167;cycle-0168;cycle-0171;cycle-0173;cycle-0177;cycle-0178;cycle-0183;cycle-0184;cycle-0185;cycle-0186;cycle-0190;cycle-0195;cycle-0201;cycle-0205;cycle-0207;cycle-0209;cycle-0211;cycle-0212;cycle-0214;cycle-0216;cycle-0220;cycle-0223;cycle-0224;cycle-0226;cycle-0227;cycle-0230;cycle-0231;cycle-0233;cycle-0234;cycle-0235;cycle-0236;cycle-0237;cycle-0238;cycle-0239;cycle-0240;cycle-0243,1,2368.827222,4885.62144
7,blocked,FoundationFL,sign_flip,0,0,0,0,0.21637507727134211,0.2133948490999,0.20455291685428947,0,0,0.21252405813246666,844,66,0,0,0,1,0,0,0,0,0,0.5041880341880342,0.5082051282051282,0.5041880341880342,-0.004017094017094047,0.2133948490999,35;61;64;26;28;6;86;36;81;92;4;54;7;66;68;39;77;97;90;43;24;14;53;106;63;33;95;60;78;18,112;113;114;115;116;117;118;119;120;121;122;123;124;125;126;127;128;150;151;152;153;154;155;156;157;158;159;160;161;162,166;165;235;233;237;178;167;243;214;212;224;238;195;185;177;220;239;168;201;240;230;173;226;211;183;207;186;205;236;231;223;227;171;190;234;216;209;184;169;241;217;175;189;174;196;208;172;215;203;170;192;221;199;232;210;213;229;180;191;194;219;164;242;206;182;179;222;198;204;202;218;176;188;225;197;163,245;246;247;248;249;250;251;252;253;254;255;256;257;258;259;260;261;262;263;264,reject,0.21637507727134211,da2fd95b12a94f79cbd760b006a070d25649479a8edc2d959d5ce62d12996e6d,1,1,1,0,0,1,1,1,1,1,1,3,3,1,1,9,2,0,cycle-0165;cycle-0166;cycle-0167;cycle-0168;cycle-0171;cycle-0173;cycle-0177;cycle-0178;cycle-0183;cycle-0184;cycle-0185;cycle-0186;cycle-0190;cycle-0195;cycle-0201;cycle-0205;cycle-0207;cycle-0209;cycle-0211;cycle-0212;cycle-0214;cycle-0216;cycle-0220;cycle-0223;cycle-0224;cycle-0226;cycle-0227;cycle-0230;cycle-0231;cycle-0233;cycle-0234;cycle-0235;cycle-0236;cycle-0237;cycle-0238;cycle-0239;cycle-0240;cycle-0243,1,2447.079099,4872.795509
7,blocked,FedAvg,model_replacement,0,0,0,0,0.18752935136002633,0.20575043711035,0.1929804750640921,0,0,0.2227366744231,844,66,0,0,0,1,0,0,0,0,0,0.5041880341880342,0.4866666666666667,0.5041880341880342,0.01752136752136746,0.20575043711035,35;61;64;26;28;6;86;36;81;92;4;54;7;66;68;39;77;97;90;43;24;14;53;106;63;33;95;60;78;18,112;113;114;115;116;117;118;119;120;121;122;123;124;125;126;127;128;150;151;152;153;154;155;156;157;158;159;160;161;162,166;165;235;233;237;178;167;243;214;212;224;238;195;185;177;220;239;168;201;240;230;173;226;211;183;207;186;205;236;231;223;227;171;190;234;216;209;184;169;241;217;175;189;174;196;208;172;215;203;170;192;221;199;232;210;213;229;180;191;194;219;164;242;206;182;179;222;198;204;202;218;176;188;225;197;163,245;246;247;248;249;250;251;252;253;254;255;256;257;258;259;260;261;262;263;264,reject,0.18752935136002633,1891c5b259db2ae79f2283285b740063683c87c6a5de3289a52eb23e1b20691e,1,1,1,0,0,1,1,1,1,1,1,3,3,1,1,9,2,1,cycle-0163;cycle-0164;cycle-0169;cycle-0170;cycle-0172;cycle-0174;cycle-0175;cycle-0176;cycle-0179;cycle-0180;cycle-0182;cycle-0188;cycle-0189;cycle-0191;cycle-0192;cycle-0194;cycle-0196;cycle-0197;cycle-0198;cycle-0199;cycle-0202;cycle-0203;cycle-0204;cycle-0206;cycle-0208;cycle-0210;cycle-0213;cycle-0215;cycle-0217;cycle-0218;cycle-0219;cycle-0221;cycle-0222;cycle-0225;cycle-0229;cycle-0232;cycle-0241;cycle-0242,1,2278.26192,4652.092417
7,blocked,CoordinateMedian,model_replacement,0,0,0,1,-0.02035391029536842,-0.0205850614646,-0.018831988390210528,0,0,-0.019649540583933332,844,66,1,0,0,0,0,0,0,1,0,0.5041880341880342,0.4976923076923077,0.4976923076923077,0.0,0.0,35;61;64;26;28;6;86;36;81;92;4;54;7;66;68;39;77;97;90;43;24;14;53;106;63;33;95;60;78;18,112;113;114;115;116;117;118;119;120;121;122;123;124;125;126;127;128;150;151;152;153;154;155;156;157;158;159;160;161;162,166;165;235;233;237;178;167;243;214;212;224;238;195;185;177;220;239;168;201;240;230;173;226;211;183;207;186;205;236;231;223;227;171;190;234;216;209;184;169;241;217;175;189;174;196;208;172;215;203;170;192;221;199;232;210;213;229;180;191;194;219;164;242;206;182;179;222;198;204;202;218;176;188;225;197;163,245;246;247;248;249;250;251;252;253;254;255;256;257;258;259;260;261;262;263;264,commit,-0.02035391029536842,a25c7787d45c32ff7538805d581911830ed8f0416f68f8845ca35e878cff9e87,1,1,1,1,1,1,1,1,1,1,1,3,3,1,1,9,2,0,cycle-0165;cycle-0166;cycle-0167;cycle-0168;cycle-0171;cycle-0173;cycle-0177;cycle-0178;cycle-0183;cycle-0184;cycle-0185;cycle-0186;cycle-0190;cycle-0195;cycle-0201;cycle-0205;cycle-0207;cycle-0209;cycle-0211;cycle-0212;cycle-0214;cycle-0216;cycle-0220;cycle-0223;cycle-0224;cycle-0226;cycle-0227;cycle-0230;cycle-0231;cycle-0233;cycle-0234;cycle-0235;cycle-0236;cycle-0237;cycle-0238;cycle-0239;cycle-0240;cycle-0243,1,2366.789848,4899.70646
7,blocked,Krum,model_replacement,0,0,0,0,0.023191879251236842,0.0221523675809,0.021371803342763156,0,0,0.021190455312266668,844,66,0,0,0,0,0,0,0,0,0,0.5041880341880342,0.5133333333333333,0.5041880341880342,-0.009145299145299157,0.0221523675809,35;61;64;26;28;6;86;36;81;92;4;54;7;66;68;39;77;97;90;43;24;14;53;106;63;33;95;60;78;18,112;113;114;115;116;117;118;119;120;121;122;123;124;125;126;127;128;150;151;152;153;154;155;156;157;158;159;160;161;162,166;165;235;233;237;178;167;243;214;212;224;238;195;185;177;220;239;168;201;240;230;173;226;211;183;207;186;205;236;231;223;227;171;190;234;216;209;184;169;241;217;175;189;174;196;208;172;215;203;170;192;221;199;232;210;213;229;180;191;194;219;164;242;206;182;179;222;198;204;202;218;176;188;225;197;163,245;246;247;248;249;250;251;252;253;254;255;256;257;258;259;260;261;262;263;264,reject,0.023191879251236842,f33c41bb073472557ac297af5bfd63cf47ba305443d6cc792c41ca62222e144b,1,1,1,0,0,1,1,1,1,1,1,3,3,1,1,9,2,0,cycle-0165;cycle-0166;cycle-0167;cycle-0168;cycle-0171;cycle-0173;cycle-0177;cycle-0178;cycle-0183;cycle-0184;cycle-0185;cycle-0186;cycle-0190;cycle-0195;cycle-0201;cycle-0205;cycle-0207;cycle-0209;cycle-0211;cycle-0212;cycle-0214;cycle-0216;cycle-0220;cycle-0223;cycle-0224;cycle-0226;cycle-0227;cycle-0230;cycle-0231;cycle-0233;cycle-0234;cycle-0235;cycle-0236;cycle-0237;cycle-0238;cycle-0239;cycle-0240;cycle-0243,1,2481.34031,4879.62981
7,blocked,FLTrust,model_replacement,0,0,0,0,0.3603912752346842,0.36225418125785,0.3432927383697237,0,0,0.3504439803707333,844,66,0,0,0,1,1,0,0,0,0,0.5041880341880342,0.5007692307692307,0.5041880341880342,0.0034188034188034067,0.36225418125785,35;61;64;26;28;6;86;36;81;92;4;54;7;66;68;39;77;97;90;43;24;14;53;106;63;33;95;60;78;18,112;113;114;115;116;117;118;119;120;121;122;123;124;125;126;127;128;150;151;152;153;154;155;156;157;158;159;160;161;162,166;165;235;233;237;178;167;243;214;212;224;238;195;185;177;220;239;168;201;240;230;173;226;211;183;207;186;205;236;231;223;227;171;190;234;216;209;184;169;241;217;175;189;174;196;208;172;215;203;170;192;221;199;232;210;213;229;180;191;194;219;164;242;206;182;179;222;198;204;202;218;176;188;225;197;163,245;246;247;248;249;250;251;252;253;254;255;256;257;258;259;260;261;262;263;264,reject,0.3603912752346842,823452450c26fcff9bc6f1e9c4da5d865b06812860c7046b4f7288efd2ce1784,1,1,1,0,0,1,1,1,1,1,1,3,3,1,1,9,2,0,cycle-0165;cycle-0166;cycle-0167;cycle-0168;cycle-0171;cycle-0173;cycle-0177;cycle-0178;cycle-0183;cycle-0184;cycle-0185;cycle-0186;cycle-0190;cycle-0195;cycle-0201;cycle-0205;cycle-0207;cycle-0209;cycle-0211;cycle-0212;cycle-0214;cycle-0216;cycle-0220;cycle-0223;cycle-0224;cycle-0226;cycle-0227;cycle-0230;cycle-0231;cycle-0233;cycle-0234;cycle-0235;cycle-0236;cycle-0237;cycle-0238;cycle-0239;cycle-0240;cycle-0243,1,2379.255239,4854.582269
7,blocked,FedVal,model_replacement,0,0,0,0,0.06486171766797369,0.0704894552472,0.0658386189591842,0,0,0.08117841338743334,844,66,0,0,0,1,0,0,0,0,0,0.5041880341880342,0.4617948717948718,0.5041880341880342,0.042393162393162376,0.0704894552472,35;61;64;26;28;6;86;36;81;92;4;54;7;66;68;39;77;97;90;43;24;14;53;106;63;33;95;60;78;18,112;113;114;115;116;117;118;119;120;121;122;123;124;125;126;127;128;150;151;152;153;154;155;156;157;158;159;160;161;162,166;165;235;233;237;178;167;243;214;212;224;238;195;185;177;220;239;168;201;240;230;173;226;211;183;207;186;205;236;231;223;227;171;190;234;216;209;184;169;241;217;175;189;174;196;208;172;215;203;170;192;221;199;232;210;213;229;180;191;194;219;164;242;206;182;179;222;198;204;202;218;176;188;225;197;163,245;246;247;248;249;250;251;252;253;254;255;256;257;258;259;260;261;262;263;264,reject,0.06486171766797369,9f11e6fbade0ff7c56e7c998d98c46a12ad73d13a4bc187b179e84d2f9532667,1,1,1,0,0,1,1,1,1,1,1,3,3,1,1,9,2,1,cycle-0163;cycle-0164;cycle-0169;cycle-0170;cycle-0172;cycle-0174;cycle-0175;cycle-0176;cycle-0179;cycle-0180;cycle-0182;cycle-0188;cycle-0189;cycle-0191;cycle-0192;cycle-0194;cycle-0196;cycle-0197;cycle-0198;cycle-0199;cycle-0202;cycle-0203;cycle-0204;cycle-0206;cycle-0208;cycle-0210;cycle-0213;cycle-0215;cycle-0217;cycle-0218;cycle-0219;cycle-0221;cycle-0222;cycle-0225;cycle-0229;cycle-0232;cycle-0241;cycle-0242,1,2219.985826,4596.536413
7,blocked,FLShield,model_replacement,0,0,0,1,-0.00036100776910526314,-0.0006978416498,-0.00020073504984210525,0,0,-0.0003602070647333333,844,66,1,0,0,0,0,0,0,1,0,0.5041880341880342,0.512991452991453,0.512991452991453,0.0,0.0,35;61;64;26;28;6;86;36;81;92;4;54;7;66;68;39;77;97;90;43;24;14;53;106;63;33;95;60;78;18,112;113;114;115;116;117;118;119;120;121;122;123;124;125;126;127;128;150;151;152;153;154;155;156;157;158;159;160;161;162,166;165;235;233;237;178;167;243;214;212;224;238;195;185;177;220;239;168;201;240;230;173;226;211;183;207;186;205;236;231;223;227;171;190;234;216;209;184;169;241;217;175;189;174;196;208;172;215;203;170;192;221;199;232;210;213;229;180;191;194;219;164;242;206;182;179;222;198;204;202;218;176;188;225;197;163,245;246;247;248;249;250;251;252;253;254;255;256;257;258;259;260;261;262;263;264,commit,-0.00036100776910526314,73a33ce0a458d25c2d22a3e382a2f616783a18d721eddbd11a771f41a92ca769,1,1,1,1,1,1,1,1,1,1,1,3,3,1,1,9,2,1,cycle-0163;cycle-0164;cycle-0169;cycle-0170;cycle-0172;cycle-0174;cycle-0175;cycle-0176;cycle-0179;cycle-0180;cycle-0182;cycle-0188;cycle-0189;cycle-0191;cycle-0192;cycle-0194;cycle-0196;cycle-0197;cycle-0198;cycle-0199;cycle-0202;cycle-0203;cycle-0204;cycle-0206;cycle-0208;cycle-0210;cycle-0213;cycle-0215;cycle-0217;cycle-0218;cycle-0219;cycle-0221;cycle-0222;cycle-0225;cycle-0229;cycle-0232;cycle-0241;cycle-0242,1,2313.755458,4678.975313
7,blocked,FoundationFL,model_replacement,0,0,0,0,0.13147272494810527,0.1300694601873,0.12780508891069736,0,0,0.1770836205188,844,66,0,0,0,1,0,0,0,0,0,0.5041880341880342,0.42871794871794877,0.5041880341880342,0.07547008547008538,0.1300694601873,35;61;64;26;28;6;86;36;81;92;4;54;7;66;68;39;77;97;90;43;24;14;53;106;63;33;95;60;78;18,112;113;114;115;116;117;118;119;120;121;122;123;124;125;126;127;128;150;151;152;153;154;155;156;157;158;159;160;161;162,166;165;235;233;237;178;167;243;214;212;224;238;195;185;177;220;239;168;201;240;230;173;226;211;183;207;186;205;236;231;223;227;171;190;234;216;209;184;169;241;217;175;189;174;196;208;172;215;203;170;192;221;199;232;210;213;229;180;191;194;219;164;242;206;182;179;222;198;204;202;218;176;188;225;197;163,245;246;247;248;249;250;251;252;253;254;255;256;257;258;259;260;261;262;263;264,reject,0.13147272494810527,3548bce0a0a707e4874f089fcfcf0b4ec29cf9bd1b67302c5920b20ba478f8dd,1,1,1,0,0,1,1,1,1,1,1,3,3,1,1,9,2,1,cycle-0163;cycle-0164;cycle-0169;cycle-0170;cycle-0172;cycle-0174;cycle-0175;cycle-0176;cycle-0179;cycle-0180;cycle-0182;cycle-0188;cycle-0189;cycle-0191;cycle-0192;cycle-0194;cycle-0196;cycle-0197;cycle-0198;cycle-0199;cycle-0202;cycle-0203;cycle-0204;cycle-0206;cycle-0208;cycle-0210;cycle-0213;cycle-0215;cycle-0217;cycle-0218;cycle-0219;cycle-0221;cycle-0222;cycle-0225;cycle-0229;cycle-0232;cycle-0241;cycle-0242,1,2205.149728,4434.628422
7,blocked,FedAvg,score_aware,64,16,1,1,-0.11272132337181578,-0.1038667057227,-0.09455019986460526,0,0,-0.12322830062433333,844,66,1,0,0,0,0,0,0,1,0,0.5041880341880342,0.5,0.5,0.0,0.0,35;61;64;26;28;6;86;36;81;92;4;54;7;66;68;39;77;97;90;43;24;14;53;106;63;33;95;60;78;18,112;113;114;115;116;117;118;119;120;121;122;123;124;125;126;127;128;150;151;152;153;154;155;156;157;158;159;160;161;162,166;165;235;233;237;178;167;243;214;212;224;238;195;185;177;220;239;168;201;240;230;173;226;211;183;207;186;205;236;231;223;227;171;190;234;216;209;184;169;241;217;175;189;174;196;208;172;215;203;170;192;221;199;232;210;213;229;180;191;194;219;164;242;206;182;179;222;198;204;202;218;176;188;225;197;163,245;246;247;248;249;250;251;252;253;254;255;256;257;258;259;260;261;262;263;264,commit,-0.11272132337181578,9d0d7cc6c0454ccc91a3e10718b63749227f466e03b6cadab5eaed4b3efa8459,1,1,1,1,1,1,1,1,1,1,1,3,3,1,1,9,2,0,cycle-0165;cycle-0166;cycle-0167;cycle-0168;cycle-0171;cycle-0173;cycle-0177;cycle-0178;cycle-0183;cycle-0184;cycle-0185;cycle-0186;cycle-0190;cycle-0195;cycle-0201;cycle-0205;cycle-0207;cycle-0209;cycle-0211;cycle-0212;cycle-0214;cycle-0216;cycle-0220;cycle-0223;cycle-0224;cycle-0226;cycle-0227;cycle-0230;cycle-0231;cycle-0233;cycle-0234;cycle-0235;cycle-0236;cycle-0237;cycle-0238;cycle-0239;cycle-0240;cycle-0243,1,2508.258407,4841.758582
7,blocked,FLTrust,score_aware,64,24,0,0,0.30035411284726315,0.33402901136655,0.3160369498517895,0,0,0.32417131334186666,844,66,0,0,0,1,0,0,0,0,0,0.5041880341880342,0.5007692307692307,0.5041880341880342,0.0034188034188034067,0.33402901136655,35;61;64;26;28;6;86;36;81;92;4;54;7;66;68;39;77;97;90;43;24;14;53;106;63;33;95;60;78;18,112;113;114;115;116;117;118;119;120;121;122;123;124;125;126;127;128;150;151;152;153;154;155;156;157;158;159;160;161;162,166;165;235;233;237;178;167;243;214;212;224;238;195;185;177;220;239;168;201;240;230;173;226;211;183;207;186;205;236;231;223;227;171;190;234;216;209;184;169;241;217;175;189;174;196;208;172;215;203;170;192;221;199;232;210;213;229;180;191;194;219;164;242;206;182;179;222;198;204;202;218;176;188;225;197;163,245;246;247;248;249;250;251;252;253;254;255;256;257;258;259;260;261;262;263;264,reject,0.30035411284726315,54c1545bbaabc98451b7baf83bd084f1f8e1cc5706bcb3537ee2afd73142df33,1,1,1,0,0,1,1,1,1,1,1,3,3,1,1,9,2,1,cycle-0163;cycle-0164;cycle-0169;cycle-0170;cycle-0172;cycle-0174;cycle-0175;cycle-0176;cycle-0179;cycle-0180;cycle-0182;cycle-0188;cycle-0189;cycle-0191;cycle-0192;cycle-0194;cycle-0196;cycle-0197;cycle-0198;cycle-0199;cycle-0202;cycle-0203;cycle-0204;cycle-0206;cycle-0208;cycle-0210;cycle-0213;cycle-0215;cycle-0217;cycle-0218;cycle-0219;cycle-0221;cycle-0222;cycle-0225;cycle-0229;cycle-0232;cycle-0241;cycle-0242,1,2304.28974,4523.471475
7,blocked,FoundationFL,score_aware,64,16,1,1,-0.11272132334244737,-0.10386670571505,-0.09455019977428947,0,0,-0.1232283006011,844,66,1,0,0,0,0,0,0,1,0,0.5041880341880342,0.5,0.5,0.0,0.0,35;61;64;26;28;6;86;36;81;92;4;54;7;66;68;39;77;97;90;43;24;14;53;106;63;33;95;60;78;18,112;113;114;115;116;117;118;119;120;121;122;123;124;125;126;127;128;150;151;152;153;154;155;156;157;158;159;160;161;162,166;165;235;233;237;178;167;243;214;212;224;238;195;185;177;220;239;168;201;240;230;173;226;211;183;207;186;205;236;231;223;227;171;190;234;216;209;184;169;241;217;175;189;174;196;208;172;215;203;170;192;221;199;232;210;213;229;180;191;194;219;164;242;206;182;179;222;198;204;202;218;176;188;225;197;163,245;246;247;248;249;250;251;252;253;254;255;256;257;258;259;260;261;262;263;264,commit,-0.11272132334244737,ca3386b67f6797ce4faad5a9d6b8db36a6718cc66a05d1315aac507542d98633,1,1,1,1,1,1,1,1,1,1,1,3,3,1,1,9,2,0,cycle-0165;cycle-0166;cycle-0167;cycle-0168;cycle-0171;cycle-0173;cycle-0177;cycle-0178;cycle-0183;cycle-0184;cycle-0185;cycle-0186;cycle-0190;cycle-0195;cycle-0201;cycle-0205;cycle-0207;cycle-0209;cycle-0211;cycle-0212;cycle-0214;cycle-0216;cycle-0220;cycle-0223;cycle-0224;cycle-0226;cycle-0227;cycle-0230;cycle-0231;cycle-0233;cycle-0234;cycle-0235;cycle-0236;cycle-0237;cycle-0238;cycle-0239;cycle-0240;cycle-0243,1,2418.806046,4811.866113
8,blocked,FedAvg,none,0,0,0,0,0.019638839256263158,0.02348451347805,0.021474297999210527,0,0,0.023808932760833332,844,66,0,0,0,0,0,0,0,0,0,0.5,0.5,0.5,0.0,0.02348451347805,77;17;34;25;86;1;12;85;45;106;37;87;59;33;29;43;108;40;100;98;92;105;5;13;56;54;38;107;41;8,112;113;114;115;116;117;118;119;120;121;122;123;124;125;126;127;128;150;151;152;153;154;155;156;157;158;159;160;161;162,233;190;227;213;174;169;181;186;217;196;189;197;211;228;216;219;173;200;201;221;194;168;237;210;177;163;175;215;231;238;182;242;172;220;212;164;232;198;183;166;230;236;214;185;203;202;209;229;226;206;239;179;208;192;167;180;234;224;176;165;199;184;243;188;195;178;222;191;235;241;171;207;204;223;193;240,245;246;247;248;249;250;251;252;253;254;255;256;257;258;259;260;261;262;263;264,reject,0.019638839256263158,bd95a4bb2be52a65b1ac87945f95916cd71bb30c6900c52978c33e0da0ed170a,1,2,2,0,0,1,1,1,1,1,1,3,3,1,1,9,2,0,cycle-0163;cycle-0164;cycle-0168;cycle-0169;cycle-0172;cycle-0173;cycle-0174;cycle-0175;cycle-0177;cycle-0181;cycle-0182;cycle-0186;cycle-0189;cycle-0190;cycle-0194;cycle-0196;cycle-0197;cycle-0198;cycle-0200;cycle-0201;cycle-0210;cycle-0211;cycle-0212;cycle-0213;cycle-0215;cycle-0216;cycle-0217;cycle-0219;cycle-0220;cycle-0221;cycle-0227;cycle-0228;cycle-0231;cycle-0232;cycle-0233;cycle-0237;cycle-0238;cycle-0242,1,2344.676,5474.186943
8,blocked,CoordinateMedian,none,0,0,0,0,0.022083680051026316,0.0224123620153,0.020304166684539472,0,0,0.0221391140984,844,66,0,0,0,0,0,0,0,0,0,0.5,0.5,0.5,0.0,0.0224123620153,77;17;34;25;86;1;12;85;45;106;37;87;59;33;29;43;108;40;100;98;92;105;5;13;56;54;38;107;41;8,112;113;114;115;116;117;118;119;120;121;122;123;124;125;126;127;128;150;151;152;153;154;155;156;157;158;159;160;161;162,233;190;227;213;174;169;181;186;217;196;189;197;211;228;216;219;173;200;201;221;194;168;237;210;177;163;175;215;231;238;182;242;172;220;212;164;232;198;183;166;230;236;214;185;203;202;209;229;226;206;239;179;208;192;167;180;234;224;176;165;199;184;243;188;195;178;222;191;235;241;171;207;204;223;193;240,245;246;247;248;249;250;251;252;253;254;255;256;257;258;259;260;261;262;263;264,reject,0.022083680051026316,2a526096cb24542f47998163cd5261f49963ec922526c076b9db8422e4742a10,1,1,1,0,0,1,1,1,1,1,1,3,3,1,1,9,2,1,cycle-0165;cycle-0166;cycle-0167;cycle-0171;cycle-0176;cycle-0178;cycle-0179;cycle-0180;cycle-0183;cycle-0184;cycle-0185;cycle-0188;cycle-0191;cycle-0192;cycle-0193;cycle-0195;cycle-0199;cycle-0202;cycle-0203;cycle-0204;cycle-0206;cycle-0207;cycle-0208;cycle-0209;cycle-0214;cycle-0222;cycle-0223;cycle-0224;cycle-0226;cycle-0229;cycle-0230;cycle-0234;cycle-0235;cycle-0236;cycle-0239;cycle-0240;cycle-0241;cycle-0243,1,2243.576561,4529.93681
8,blocked,Krum,none,0,0,0,0,0.03466936781863158,0.0416245965077,0.03769134145652631,0,0,0.040906317247433335,844,66,0,0,0,0,0,0,0,0,0,0.5,0.5,0.5,0.0,0.0416245965077,77;17;34;25;86;1;12;85;45;106;37;87;59;33;29;43;108;40;100;98;92;105;5;13;56;54;38;107;41;8,112;113;114;115;116;117;118;119;120;121;122;123;124;125;126;127;128;150;151;152;153;154;155;156;157;158;159;160;161;162,233;190;227;213;174;169;181;186;217;196;189;197;211;228;216;219;173;200;201;221;194;168;237;210;177;163;175;215;231;238;182;242;172;220;212;164;232;198;183;166;230;236;214;185;203;202;209;229;226;206;239;179;208;192;167;180;234;224;176;165;199;184;243;188;195;178;222;191;235;241;171;207;204;223;193;240,245;246;247;248;249;250;251;252;253;254;255;256;257;258;259;260;261;262;263;264,reject,0.03466936781863158,00b532902fc9050a962a0e00a154ec187b139afc183e8ea9debe6aa7de9c7bb4,1,1,1,0,0,1,1,1,1,1,1,3,3,1,1,9,2,0,cycle-0163;cycle-0164;cycle-0168;cycle-0169;cycle-0172;cycle-0173;cycle-0174;cycle-0175;cycle-0177;cycle-0181;cycle-0182;cycle-0186;cycle-0189;cycle-0190;cycle-0194;cycle-0196;cycle-0197;cycle-0198;cycle-0200;cycle-0201;cycle-0210;cycle-0211;cycle-0212;cycle-0213;cycle-0215;cycle-0216;cycle-0217;cycle-0219;cycle-0220;cycle-0221;cycle-0227;cycle-0228;cycle-0231;cycle-0232;cycle-0233;cycle-0237;cycle-0238;cycle-0242,1,2307.75633,4482.53999
8,blocked,FLTrust,none,0,0,0,0,0.38054724382457894,0.38953059899495,0.3637768547622237,1,0,0.374918181675,844,66,0,0,0,1,1,0,0,0,0,0.5,0.5007692307692307,0.5,-0.0007692307692307443,0.38953059899495,77;17;34;25;86;1;12;85;45;106;37;87;59;33;29;43;108;40;100;98;92;105;5;13;56;54;38;107;41;8,112;113;114;115;116;117;118;119;120;121;122;123;124;125;126;127;128;150;151;152;153;154;155;156;157;158;159;160;161;162,233;190;227;213;174;169;181;186;217;196;189;197;211;228;216;219;173;200;201;221;194;168;237;210;177;163;175;215;231;238;182;242;172;220;212;164;232;198;183;166;230;236;214;185;203;202;209;229;226;206;239;179;208;192;167;180;234;224;176;165;199;184;243;188;195;178;222;191;235;241;171;207;204;223;193;240,245;246;247;248;249;250;251;252;253;254;255;256;257;258;259;260;261;262;263;264,reject,0.38054724382457894,c1a16f20431d3e54c0d99617671235bdce3dd46b977bed2085d2d0a285066463,1,1,1,0,0,1,1,1,1,1,1,3,3,1,1,9,2,1,cycle-0165;cycle-0166;cycle-0167;cycle-0171;cycle-0176;cycle-0178;cycle-0179;cycle-0180;cycle-0183;cycle-0184;cycle-0185;cycle-0188;cycle-0191;cycle-0192;cycle-0193;cycle-0195;cycle-0199;cycle-0202;cycle-0203;cycle-0204;cycle-0206;cycle-0207;cycle-0208;cycle-0209;cycle-0214;cycle-0222;cycle-0223;cycle-0224;cycle-0226;cycle-0229;cycle-0230;cycle-0234;cycle-0235;cycle-0236;cycle-0239;cycle-0240;cycle-0241;cycle-0243,1,2443.112709,4627.966435
8,blocked,FedVal,none,0,0,0,0,0.060376316716447366,0.06092107797755,0.05614954307710526,0,0,0.0609061204759,844,66,0,0,0,1,0,0,0,0,0,0.5,0.5145299145299146,0.5,-0.01452991452991459,0.06092107797755,77;17;34;25;86;1;12;85;45;106;37;87;59;33;29;43;108;40;100;98;92;105;5;13;56;54;38;107;41;8,112;113;114;115;116;117;118;119;120;121;122;123;124;125;126;127;128;150;151;152;153;154;155;156;157;158;159;160;161;162,233;190;227;213;174;169;181;186;217;196;189;197;211;228;216;219;173;200;201;221;194;168;237;210;177;163;175;215;231;238;182;242;172;220;212;164;232;198;183;166;230;236;214;185;203;202;209;229;226;206;239;179;208;192;167;180;234;224;176;165;199;184;243;188;195;178;222;191;235;241;171;207;204;223;193;240,245;246;247;248;249;250;251;252;253;254;255;256;257;258;259;260;261;262;263;264,reject,0.060376316716447366,f126a5ca361cf130e858903d144ef05db793c61e62d85afcdabb22e2be4dacc7,1,1,1,0,0,1,1,1,1,1,1,3,3,1,1,9,2,1,cycle-0165;cycle-0166;cycle-0167;cycle-0171;cycle-0176;cycle-0178;cycle-0179;cycle-0180;cycle-0183;cycle-0184;cycle-0185;cycle-0188;cycle-0191;cycle-0192;cycle-0193;cycle-0195;cycle-0199;cycle-0202;cycle-0203;cycle-0204;cycle-0206;cycle-0207;cycle-0208;cycle-0209;cycle-0214;cycle-0222;cycle-0223;cycle-0224;cycle-0226;cycle-0229;cycle-0230;cycle-0234;cycle-0235;cycle-0236;cycle-0239;cycle-0240;cycle-0241;cycle-0243,1,2246.766291,4565.538876
8,blocked,FLShield,none,0,0,0,1,-0.028319493217447367,-0.03525065241725,-0.032409242843302634,0,0,-0.039790876145633335,844,66,1,0,0,0,0,0,0,1,0,0.5,0.5,0.5,0.0,0.0,77;17;34;25;86;1;12;85;45;106;37;87;59;33;29;43;108;40;100;98;92;105;5;13;56;54;38;107;41;8,112;113;114;115;116;117;118;119;120;121;122;123;124;125;126;127;128;150;151;152;153;154;155;156;157;158;159;160;161;162,233;190;227;213;174;169;181;186;217;196;189;197;211;228;216;219;173;200;201;221;194;168;237;210;177;163;175;215;231;238;182;242;172;220;212;164;232;198;183;166;230;236;214;185;203;202;209;229;226;206;239;179;208;192;167;180;234;224;176;165;199;184;243;188;195;178;222;191;235;241;171;207;204;223;193;240,245;246;247;248;249;250;251;252;253;254;255;256;257;258;259;260;261;262;263;264,commit,-0.028319493217447367,d9f9f3458ea12be17ecd2c5805a8808f052e7e4f4ab1bef2dea31d2b7aa031ae,1,1,1,1,1,1,1,1,1,1,1,3,3,1,1,9,2,0,cycle-0163;cycle-0164;cycle-0168;cycle-0169;cycle-0172;cycle-0173;cycle-0174;cycle-0175;cycle-0177;cycle-0181;cycle-0182;cycle-0186;cycle-0189;cycle-0190;cycle-0194;cycle-0196;cycle-0197;cycle-0198;cycle-0200;cycle-0201;cycle-0210;cycle-0211;cycle-0212;cycle-0213;cycle-0215;cycle-0216;cycle-0217;cycle-0219;cycle-0220;cycle-0221;cycle-0227;cycle-0228;cycle-0231;cycle-0232;cycle-0233;cycle-0237;cycle-0238;cycle-0242,1,2368.999593,4596.714908
8,blocked,FoundationFL,none,0,0,0,0,0.014871962794157895,0.01536818591665,0.013622351938302631,0,0,0.0149520261017,844,66,0,0,0,0,0,0,0,0,0,0.5,0.5,0.5,0.0,0.01536818591665,77;17;34;25;86;1;12;85;45;106;37;87;59;33;29;43;108;40;100;98;92;105;5;13;56;54;38;107;41;8,112;113;114;115;116;117;118;119;120;121;122;123;124;125;126;127;128;150;151;152;153;154;155;156;157;158;159;160;161;162,233;190;227;213;174;169;181;186;217;196;189;197;211;228;216;219;173;200;201;221;194;168;237;210;177;163;175;215;231;238;182;242;172;220;212;164;232;198;183;166;230;236;214;185;203;202;209;229;226;206;239;179;208;192;167;180;234;224;176;165;199;184;243;188;195;178;222;191;235;241;171;207;204;223;193;240,245;246;247;248;249;250;251;252;253;254;255;256;257;258;259;260;261;262;263;264,reject,0.014871962794157895,718383e817d80313b1ef5b151d4b2feaf40ac9b9f32a4fb13cca222262489511,1,1,1,0,0,1,1,1,1,1,1,3,3,1,1,9,2,1,cycle-0165;cycle-0166;cycle-0167;cycle-0171;cycle-0176;cycle-0178;cycle-0179;cycle-0180;cycle-0183;cycle-0184;cycle-0185;cycle-0188;cycle-0191;cycle-0192;cycle-0193;cycle-0195;cycle-0199;cycle-0202;cycle-0203;cycle-0204;cycle-0206;cycle-0207;cycle-0208;cycle-0209;cycle-0214;cycle-0222;cycle-0223;cycle-0224;cycle-0226;cycle-0229;cycle-0230;cycle-0234;cycle-0235;cycle-0236;cycle-0239;cycle-0240;cycle-0241;cycle-0243,1,2302.633893,4490.212097
8,blocked,FedAvg,sign_flip,0,0,0,0,0.13248916036686842,0.13263209353725,0.12457599314747368,0,0,0.1324123671584,844,66,0,0,0,1,0,0,0,0,0,0.5,0.5214529914529915,0.5,-0.02145299145299151,0.13263209353725,77;17;34;25;86;1;12;85;45;106;37;87;59;33;29;43;108;40;100;98;92;105;5;13;56;54;38;107;41;8,112;113;114;115;116;117;118;119;120;121;122;123;124;125;126;127;128;150;151;152;153;154;155;156;157;158;159;160;161;162,233;190;227;213;174;169;181;186;217;196;189;197;211;228;216;219;173;200;201;221;194;168;237;210;177;163;175;215;231;238;182;242;172;220;212;164;232;198;183;166;230;236;214;185;203;202;209;229;226;206;239;179;208;192;167;180;234;224;176;165;199;184;243;188;195;178;222;191;235;241;171;207;204;223;193;240,245;246;247;248;249;250;251;252;253;254;255;256;257;258;259;260;261;262;263;264,reject,0.13248916036686842,561a9204348c4c37f151fb737da67559f157103fbdfdd40ae5529dc5e215ecd2,1,1,1,0,0,1,1,1,1,1,1,3,3,1,1,9,2,1,cycle-0165;cycle-0166;cycle-0167;cycle-0171;cycle-0176;cycle-0178;cycle-0179;cycle-0180;cycle-0183;cycle-0184;cycle-0185;cycle-0188;cycle-0191;cycle-0192;cycle-0193;cycle-0195;cycle-0199;cycle-0202;cycle-0203;cycle-0204;cycle-0206;cycle-0207;cycle-0208;cycle-0209;cycle-0214;cycle-0222;cycle-0223;cycle-0224;cycle-0226;cycle-0229;cycle-0230;cycle-0234;cycle-0235;cycle-0236;cycle-0239;cycle-0240;cycle-0241;cycle-0243,1,2187.367968,4482.777801
8,blocked,CoordinateMedian,sign_flip,0,0,0,0,0.05184932606168421,0.05236701997915,0.048095644236684214,0,0,0.052026377683633336,844,66,0,0,0,1,0,0,0,0,0,0.5,0.4946153846153846,0.5,0.005384615384615377,0.05236701997915,77;17;34;25;86;1;12;85;45;106;37;87;59;33;29;43;108;40;100;98;92;105;5;13;56;54;38;107;41;8,112;113;114;115;116;117;118;119;120;121;122;123;124;125;126;127;128;150;151;152;153;154;155;156;157;158;159;160;161;162,233;190;227;213;174;169;181;186;217;196;189;197;211;228;216;219;173;200;201;221;194;168;237;210;177;163;175;215;231;238;182;242;172;220;212;164;232;198;183;166;230;236;214;185;203;202;209;229;226;206;239;179;208;192;167;180;234;224;176;165;199;184;243;188;195;178;222;191;235;241;171;207;204;223;193;240,245;246;247;248;249;250;251;252;253;254;255;256;257;258;259;260;261;262;263;264,reject,0.05184932606168421,f1507765329afa97b016bddd956e8280d00d741936ed98bec3b6f880a95fbc1d,1,1,1,0,0,1,1,1,1,1,1,3,3,1,1,9,2,1,cycle-0165;cycle-0166;cycle-0167;cycle-0171;cycle-0176;cycle-0178;cycle-0179;cycle-0180;cycle-0183;cycle-0184;cycle-0185;cycle-0188;cycle-0191;cycle-0192;cycle-0193;cycle-0195;cycle-0199;cycle-0202;cycle-0203;cycle-0204;cycle-0206;cycle-0207;cycle-0208;cycle-0209;cycle-0214;cycle-0222;cycle-0223;cycle-0224;cycle-0226;cycle-0229;cycle-0230;cycle-0234;cycle-0235;cycle-0236;cycle-0239;cycle-0240;cycle-0241;cycle-0243,1,2419.584891,4647.517913
8,blocked,Krum,sign_flip,0,0,0,0,0.040713315094421054,0.0416245965077,0.03769134145652631,0,0,0.040906317247433335,844,66,0,0,0,0,0,0,0,0,0,0.5,0.5,0.5,0.0,0.0416245965077,77;17;34;25;86;1;12;85;45;106;37;87;59;33;29;43;108;40;100;98;92;105;5;13;56;54;38;107;41;8,112;113;114;115;116;117;118;119;120;121;122;123;124;125;126;127;128;150;151;152;153;154;155;156;157;158;159;160;161;162,233;190;227;213;174;169;181;186;217;196;189;197;211;228;216;219;173;200;201;221;194;168;237;210;177;163;175;215;231;238;182;242;172;220;212;164;232;198;183;166;230;236;214;185;203;202;209;229;226;206;239;179;208;192;167;180;234;224;176;165;199;184;243;188;195;178;222;191;235;241;171;207;204;223;193;240,245;246;247;248;249;250;251;252;253;254;255;256;257;258;259;260;261;262;263;264,reject,0.040713315094421054,0069e2227538805eb11b134a304bc95c5c0b95bfc1ab4184ab493100cb72fa3b,1,1,1,0,0,1,1,1,1,1,1,3,3,1,1,9,2,1,cycle-0165;cycle-0166;cycle-0167;cycle-0171;cycle-0176;cycle-0178;cycle-0179;cycle-0180;cycle-0183;cycle-0184;cycle-0185;cycle-0188;cycle-0191;cycle-0192;cycle-0193;cycle-0195;cycle-0199;cycle-0202;cycle-0203;cycle-0204;cycle-0206;cycle-0207;cycle-0208;cycle-0209;cycle-0214;cycle-0222;cycle-0223;cycle-0224;cycle-0226;cycle-0229;cycle-0230;cycle-0234;cycle-0235;cycle-0236;cycle-0239;cycle-0240;cycle-0241;cycle-0243,1,2285.336514,4514.833274
8,blocked,FLTrust,sign_flip,0,0,0,0,0.39234350907739474,0.4001604942294,0.3752695920916316,1,0,0.38724198502223334,844,66,0,0,0,1,1,0,0,0,0,0.5,0.5007692307692307,0.5,-0.0007692307692307443,0.4001604942294,77;17;34;25;86;1;12;85;45;106;37;87;59;33;29;43;108;40;100;98;92;105;5;13;56;54;38;107;41;8,112;113;114;115;116;117;118;119;120;121;122;123;124;125;126;127;128;150;151;152;153;154;155;156;157;158;159;160;161;162,233;190;227;213;174;169;181;186;217;196;189;197;211;228;216;219;173;200;201;221;194;168;237;210;177;163;175;215;231;238;182;242;172;220;212;164;232;198;183;166;230;236;214;185;203;202;209;229;226;206;239;179;208;192;167;180;234;224;176;165;199;184;243;188;195;178;222;191;235;241;171;207;204;223;193;240,245;246;247;248;249;250;251;252;253;254;255;256;257;258;259;260;261;262;263;264,reject,0.39234350907739474,15f3cf5ef4fbd97c7ddcb47d001d881440e25734e73c87e9c0ded594ad92f3db,1,1,1,0,0,1,1,1,1,1,1,3,3,1,1,9,2,1,cycle-0165;cycle-0166;cycle-0167;cycle-0171;cycle-0176;cycle-0178;cycle-0179;cycle-0180;cycle-0183;cycle-0184;cycle-0185;cycle-0188;cycle-0191;cycle-0192;cycle-0193;cycle-0195;cycle-0199;cycle-0202;cycle-0203;cycle-0204;cycle-0206;cycle-0207;cycle-0208;cycle-0209;cycle-0214;cycle-0222;cycle-0223;cycle-0224;cycle-0226;cycle-0229;cycle-0230;cycle-0234;cycle-0235;cycle-0236;cycle-0239;cycle-0240;cycle-0241;cycle-0243,1,2268.365202,4589.881837
8,blocked,FedVal,sign_flip,0,0,0,0,0.1066241048763158,0.10668654560505,0.09990009502572368,0,0,0.106582088406,844,66,0,0,0,1,0,0,0,0,0,0.5,0.5683760683760684,0.5,-0.06837606837606836,0.10668654560505,77;17;34;25;86;1;12;85;45;106;37;87;59;33;29;43;108;40;100;98;92;105;5;13;56;54;38;107;41;8,112;113;114;115;116;117;118;119;120;121;122;123;124;125;126;127;128;150;151;152;153;154;155;156;157;158;159;160;161;162,233;190;227;213;174;169;181;186;217;196;189;197;211;228;216;219;173;200;201;221;194;168;237;210;177;163;175;215;231;238;182;242;172;220;212;164;232;198;183;166;230;236;214;185;203;202;209;229;226;206;239;179;208;192;167;180;234;224;176;165;199;184;243;188;195;178;222;191;235;241;171;207;204;223;193;240,245;246;247;248;249;250;251;252;253;254;255;256;257;258;259;260;261;262;263;264,reject,0.1066241048763158,9bac0db3b3a9ce3347144ccd709109d5a7a8c66b2effb8a97db92fdc1037cc94,1,1,1,0,0,1,1,1,1,1,1,3,3,1,1,9,2,1,cycle-0165;cycle-0166;cycle-0167;cycle-0171;cycle-0176;cycle-0178;cycle-0179;cycle-0180;cycle-0183;cycle-0184;cycle-0185;cycle-0188;cycle-0191;cycle-0192;cycle-0193;cycle-0195;cycle-0199;cycle-0202;cycle-0203;cycle-0204;cycle-0206;cycle-0207;cycle-0208;cycle-0209;cycle-0214;cycle-0222;cycle-0223;cycle-0224;cycle-0226;cycle-0229;cycle-0230;cycle-0234;cycle-0235;cycle-0236;cycle-0239;cycle-0240;cycle-0241;cycle-0243,1,2279.854959,4494.922469
8,blocked,FLShield,sign_flip,0,0,0,0,0.024485300315789472,0.0242957310479,0.02257789564436842,0,0,0.025047900758433335,844,66,0,0,0,0,0,0,0,0,0,0.5,0.5,0.5,0.0,0.0242957310479,77;17;34;25;86;1;12;85;45;106;37;87;59;33;29;43;108;40;100;98;92;105;5;13;56;54;38;107;41;8,112;113;114;115;116;117;118;119;120;121;122;123;124;125;126;127;128;150;151;152;153;154;155;156;157;158;159;160;161;162,233;190;227;213;174;169;181;186;217;196;189;197;211;228;216;219;173;200;201;221;194;168;237;210;177;163;175;215;231;238;182;242;172;220;212;164;232;198;183;166;230;236;214;185;203;202;209;229;226;206;239;179;208;192;167;180;234;224;176;165;199;184;243;188;195;178;222;191;235;241;171;207;204;223;193;240,245;246;247;248;249;250;251;252;253;254;255;256;257;258;259;260;261;262;263;264,reject,0.024485300315789472,be671cd9665d3f011c82b696a9dc426d80e457202ab5021958a7dad9a95c62a8,1,1,1,0,0,1,1,1,1,1,1,3,3,1,1,9,2,1,cycle-0165;cycle-0166;cycle-0167;cycle-0171;cycle-0176;cycle-0178;cycle-0179;cycle-0180;cycle-0183;cycle-0184;cycle-0185;cycle-0188;cycle-0191;cycle-0192;cycle-0193;cycle-0195;cycle-0199;cycle-0202;cycle-0203;cycle-0204;cycle-0206;cycle-0207;cycle-0208;cycle-0209;cycle-0214;cycle-0222;cycle-0223;cycle-0224;cycle-0226;cycle-0229;cycle-0230;cycle-0234;cycle-0235;cycle-0236;cycle-0239;cycle-0240;cycle-0241;cycle-0243,1,2298.658868,4488.246564
8,blocked,FoundationFL,sign_flip,0,0,0,0,0.08429225738531579,0.0848606524005,0.07874506035475,0,0,0.08427903456486667,844,66,0,0,0,1,0,0,0,0,0,0.5,0.537094017094017,0.5,-0.03709401709401705,0.0848606524005,77;17;34;25;86;1;12;85;45;106;37;87;59;33;29;43;108;40;100;98;92;105;5;13;56;54;38;107;41;8,112;113;114;115;116;117;118;119;120;121;122;123;124;125;126;127;128;150;151;152;153;154;155;156;157;158;159;160;161;162,233;190;227;213;174;169;181;186;217;196;189;197;211;228;216;219;173;200;201;221;194;168;237;210;177;163;175;215;231;238;182;242;172;220;212;164;232;198;183;166;230;236;214;185;203;202;209;229;226;206;239;179;208;192;167;180;234;224;176;165;199;184;243;188;195;178;222;191;235;241;171;207;204;223;193;240,245;246;247;248;249;250;251;252;253;254;255;256;257;258;259;260;261;262;263;264,reject,0.08429225738531579,cc8d2ffe82721aa6afecc04624b420fe5768b5dec1d13bb327861f5bfa1b56e0,1,1,1,0,0,1,1,1,1,1,1,3,3,1,1,9,2,1,cycle-0165;cycle-0166;cycle-0167;cycle-0171;cycle-0176;cycle-0178;cycle-0179;cycle-0180;cycle-0183;cycle-0184;cycle-0185;cycle-0188;cycle-0191;cycle-0192;cycle-0193;cycle-0195;cycle-0199;cycle-0202;cycle-0203;cycle-0204;cycle-0206;cycle-0207;cycle-0208;cycle-0209;cycle-0214;cycle-0222;cycle-0223;cycle-0224;cycle-0226;cycle-0229;cycle-0230;cycle-0234;cycle-0235;cycle-0236;cycle-0239;cycle-0240;cycle-0241;cycle-0243,1,2275.207759,4562.294649
8,blocked,FedAvg,model_replacement,0,0,0,0,0.5468869218959473,0.5551792664099,0.525615139438579,1,0,0.5697767777771,844,66,0,0,0,1,1,0,0,0,0,0.5,0.5,0.5,0.0,0.5551792664099,77;17;34;25;86;1;12;85;45;106;37;87;59;33;29;43;108;40;100;98;92;105;5;13;56;54;38;107;41;8,112;113;114;115;116;117;118;119;120;121;122;123;124;125;126;127;128;150;151;152;153;154;155;156;157;158;159;160;161;162,233;190;227;213;174;169;181;186;217;196;189;197;211;228;216;219;173;200;201;221;194;168;237;210;177;163;175;215;231;238;182;242;172;220;212;164;232;198;183;166;230;236;214;185;203;202;209;229;226;206;239;179;208;192;167;180;234;224;176;165;199;184;243;188;195;178;222;191;235;241;171;207;204;223;193;240,245;246;247;248;249;250;251;252;253;254;255;256;257;258;259;260;261;262;263;264,reject,0.5468869218959473,af59a9910ead8dca5776de932c729963371cfe2b5c07a55ba97a336aaac4b96a,1,1,1,0,0,1,1,1,1,1,1,3,3,1,1,9,2,1,cycle-0165;cycle-0166;cycle-0167;cycle-0171;cycle-0176;cycle-0178;cycle-0179;cycle-0180;cycle-0183;cycle-0184;cycle-0185;cycle-0188;cycle-0191;cycle-0192;cycle-0193;cycle-0195;cycle-0199;cycle-0202;cycle-0203;cycle-0204;cycle-0206;cycle-0207;cycle-0208;cycle-0209;cycle-0214;cycle-0222;cycle-0223;cycle-0224;cycle-0226;cycle-0229;cycle-0230;cycle-0234;cycle-0235;cycle-0236;cycle-0239;cycle-0240;cycle-0241;cycle-0243,1,2338.618622,4616.287897
8,blocked,CoordinateMedian,model_replacement,0,0,0,0,0.047398471183105265,0.04812880291455,0.043941776644868424,0,0,0.047765797910533335,844,66,0,0,0,0,0,0,0,0,0,0.5,0.4976923076923077,0.5,0.0023076923076922884,0.04812880291455,77;17;34;25;86;1;12;85;45;106;37;87;59;33;29;43;108;40;100;98;92;105;5;13;56;54;38;107;41;8,112;113;114;115;116;117;118;119;120;121;122;123;124;125;126;127;128;150;151;152;153;154;155;156;157;158;159;160;161;162,233;190;227;213;174;169;181;186;217;196;189;197;211;228;216;219;173;200;201;221;194;168;237;210;177;163;175;215;231;238;182;242;172;220;212;164;232;198;183;166;230;236;214;185;203;202;209;229;226;206;239;179;208;192;167;180;234;224;176;165;199;184;243;188;195;178;222;191;235;241;171;207;204;223;193;240,245;246;247;248;249;250;251;252;253;254;255;256;257;258;259;260;261;262;263;264,reject,0.047398471183105265,5c3677179494c905965662e322b6b0da94e611f4347723850977dec7ef3bb7bc,1,1,1,0,0,1,1,1,1,1,1,3,3,1,1,9,2,1,cycle-0165;cycle-0166;cycle-0167;cycle-0171;cycle-0176;cycle-0178;cycle-0179;cycle-0180;cycle-0183;cycle-0184;cycle-0185;cycle-0188;cycle-0191;cycle-0192;cycle-0193;cycle-0195;cycle-0199;cycle-0202;cycle-0203;cycle-0204;cycle-0206;cycle-0207;cycle-0208;cycle-0209;cycle-0214;cycle-0222;cycle-0223;cycle-0224;cycle-0226;cycle-0229;cycle-0230;cycle-0234;cycle-0235;cycle-0236;cycle-0239;cycle-0240;cycle-0241;cycle-0243,1,2310.644761,4544.169926
8,blocked,Krum,model_replacement,0,0,0,0,0.040713315094421054,0.0416245965077,0.03769134145652631,0,0,0.040906317247433335,844,66,0,0,0,0,0,0,0,0,0,0.5,0.5,0.5,0.0,0.0416245965077,77;17;34;25;86;1;12;85;45;106;37;87;59;33;29;43;108;40;100;98;92;105;5;13;56;54;38;107;41;8,112;113;114;115;116;117;118;119;120;121;122;123;124;125;126;127;128;150;151;152;153;154;155;156;157;158;159;160;161;162,233;190;227;213;174;169;181;186;217;196;189;197;211;228;216;219;173;200;201;221;194;168;237;210;177;163;175;215;231;238;182;242;172;220;212;164;232;198;183;166;230;236;214;185;203;202;209;229;226;206;239;179;208;192;167;180;234;224;176;165;199;184;243;188;195;178;222;191;235;241;171;207;204;223;193;240,245;246;247;248;249;250;251;252;253;254;255;256;257;258;259;260;261;262;263;264,reject,0.040713315094421054,5a27aa2960bcc1534feb25c8c8750b50d6dd5695bb79ae2c5f2e2331fc776353,1,1,1,0,0,1,1,1,1,1,1,3,3,1,1,9,2,1,cycle-0165;cycle-0166;cycle-0167;cycle-0171;cycle-0176;cycle-0178;cycle-0179;cycle-0180;cycle-0183;cycle-0184;cycle-0185;cycle-0188;cycle-0191;cycle-0192;cycle-0193;cycle-0195;cycle-0199;cycle-0202;cycle-0203;cycle-0204;cycle-0206;cycle-0207;cycle-0208;cycle-0209;cycle-0214;cycle-0222;cycle-0223;cycle-0224;cycle-0226;cycle-0229;cycle-0230;cycle-0234;cycle-0235;cycle-0236;cycle-0239;cycle-0240;cycle-0241;cycle-0243,1,2257.400239,4569.63943
8,blocked,FLTrust,model_replacement,0,0,0,0,0.3564179034200263,0.36516634824405,0.34029223216357896,0,0,0.35149540419843334,844,66,0,0,0,1,1,0,0,0,0,0.5,0.5030769230769231,0.5,-0.003076923076923088,0.36516634824405,77;17;34;25;86;1;12;85;45;106;37;87;59;33;29;43;108;40;100;98;92;105;5;13;56;54;38;107;41;8,112;113;114;115;116;117;118;119;120;121;122;123;124;125;126;127;128;150;151;152;153;154;155;156;157;158;159;160;161;162,233;190;227;213;174;169;181;186;217;196;189;197;211;228;216;219;173;200;201;221;194;168;237;210;177;163;175;215;231;238;182;242;172;220;212;164;232;198;183;166;230;236;214;185;203;202;209;229;226;206;239;179;208;192;167;180;234;224;176;165;199;184;243;188;195;178;222;191;235;241;171;207;204;223;193;240,245;246;247;248;249;250;251;252;253;254;255;256;257;258;259;260;261;262;263;264,reject,0.3564179034200263,ee02c322f345a58bb09137ec33f850697c84f46cda5ae981a07088bed81ae076,1,1,1,0,0,1,1,1,1,1,1,3,3,1,1,9,2,1,cycle-0165;cycle-0166;cycle-0167;cycle-0171;cycle-0176;cycle-0178;cycle-0179;cycle-0180;cycle-0183;cycle-0184;cycle-0185;cycle-0188;cycle-0191;cycle-0192;cycle-0193;cycle-0195;cycle-0199;cycle-0202;cycle-0203;cycle-0204;cycle-0206;cycle-0207;cycle-0208;cycle-0209;cycle-0214;cycle-0222;cycle-0223;cycle-0224;cycle-0226;cycle-0229;cycle-0230;cycle-0234;cycle-0235;cycle-0236;cycle-0239;cycle-0240;cycle-0241;cycle-0243,1,2316.044931,4572.804201
8,blocked,FedVal,model_replacement,0,0,0,0,0.16643897986107895,0.1692993998732,0.15735555474927632,0,0,0.17567265800136667,844,66,0,0,0,1,0,0,0,0,0,0.5,0.5004273504273504,0.5,-0.00042735042735042583,0.1692993998732,77;17;34;25;86;1;12;85;45;106;37;87;59;33;29;43;108;40;100;98;92;105;5;13;56;54;38;107;41;8,112;113;114;115;116;117;118;119;120;121;122;123;124;125;126;127;128;150;151;152;153;154;155;156;157;158;159;160;161;162,233;190;227;213;174;169;181;186;217;196;189;197;211;228;216;219;173;200;201;221;194;168;237;210;177;163;175;215;231;238;182;242;172;220;212;164;232;198;183;166;230;236;214;185;203;202;209;229;226;206;239;179;208;192;167;180;234;224;176;165;199;184;243;188;195;178;222;191;235;241;171;207;204;223;193;240,245;246;247;248;249;250;251;252;253;254;255;256;257;258;259;260;261;262;263;264,reject,0.16643897986107895,2bc88026dddf6a20e76b7978b97b2c20e7d1318a6af242e86097678bbbf1e1f1,1,1,1,0,0,1,1,1,1,1,1,3,3,1,1,9,2,1,cycle-0165;cycle-0166;cycle-0167;cycle-0171;cycle-0176;cycle-0178;cycle-0179;cycle-0180;cycle-0183;cycle-0184;cycle-0185;cycle-0188;cycle-0191;cycle-0192;cycle-0193;cycle-0195;cycle-0199;cycle-0202;cycle-0203;cycle-0204;cycle-0206;cycle-0207;cycle-0208;cycle-0209;cycle-0214;cycle-0222;cycle-0223;cycle-0224;cycle-0226;cycle-0229;cycle-0230;cycle-0234;cycle-0235;cycle-0236;cycle-0239;cycle-0240;cycle-0241;cycle-0243,1,2317.724704,4538.906684
8,blocked,FLShield,model_replacement,0,0,0,0,0.014645953567421053,0.01766672042045,0.016044594747342104,0,0,0.0178393662923,844,66,0,0,0,0,0,0,0,0,0,0.5,0.5,0.5,0.0,0.01766672042045,77;17;34;25;86;1;12;85;45;106;37;87;59;33;29;43;108;40;100;98;92;105;5;13;56;54;38;107;41;8,112;113;114;115;116;117;118;119;120;121;122;123;124;125;126;127;128;150;151;152;153;154;155;156;157;158;159;160;161;162,233;190;227;213;174;169;181;186;217;196;189;197;211;228;216;219;173;200;201;221;194;168;237;210;177;163;175;215;231;238;182;242;172;220;212;164;232;198;183;166;230;236;214;185;203;202;209;229;226;206;239;179;208;192;167;180;234;224;176;165;199;184;243;188;195;178;222;191;235;241;171;207;204;223;193;240,245;246;247;248;249;250;251;252;253;254;255;256;257;258;259;260;261;262;263;264,reject,0.014645953567421053,fc04ab3014e4963edc01137c3eb7b7ebce25687965b1b41b428c6db9c73a0bb3,1,1,1,0,0,1,1,1,1,1,1,3,3,1,1,9,2,0,cycle-0163;cycle-0164;cycle-0168;cycle-0169;cycle-0172;cycle-0173;cycle-0174;cycle-0175;cycle-0177;cycle-0181;cycle-0182;cycle-0186;cycle-0189;cycle-0190;cycle-0194;cycle-0196;cycle-0197;cycle-0198;cycle-0200;cycle-0201;cycle-0210;cycle-0211;cycle-0212;cycle-0213;cycle-0215;cycle-0216;cycle-0217;cycle-0219;cycle-0220;cycle-0221;cycle-0227;cycle-0228;cycle-0231;cycle-0232;cycle-0233;cycle-0237;cycle-0238;cycle-0242,1,2262.687433,4535.486583
8,blocked,FoundationFL,model_replacement,0,0,0,0,0.6639051427803947,0.7167479346784,0.6880945314853026,1,0,0.7518039721137667,844,66,0,0,0,1,1,0,0,0,0,0.5,0.5015384615384615,0.5,-0.0015384615384614886,0.7167479346784,77;17;34;25;86;1;12;85;45;106;37;87;59;33;29;43;108;40;100;98;92;105;5;13;56;54;38;107;41;8,112;113;114;115;116;117;118;119;120;121;122;123;124;125;126;127;128;150;151;152;153;154;155;156;157;158;159;160;161;162,233;190;227;213;174;169;181;186;217;196;189;197;211;228;216;219;173;200;201;221;194;168;237;210;177;163;175;215;231;238;182;242;172;220;212;164;232;198;183;166;230;236;214;185;203;202;209;229;226;206;239;179;208;192;167;180;234;224;176;165;199;184;243;188;195;178;222;191;235;241;171;207;204;223;193;240,245;246;247;248;249;250;251;252;253;254;255;256;257;258;259;260;261;262;263;264,reject,0.6639051427803947,05dc196685c8da0be14e5a24e43f3d3cc41dd8abe9e23330177404bd24f8052c,1,1,1,0,0,1,1,1,1,1,1,3,3,1,1,9,2,0,cycle-0163;cycle-0164;cycle-0168;cycle-0169;cycle-0172;cycle-0173;cycle-0174;cycle-0175;cycle-0177;cycle-0181;cycle-0182;cycle-0186;cycle-0189;cycle-0190;cycle-0194;cycle-0196;cycle-0197;cycle-0198;cycle-0200;cycle-0201;cycle-0210;cycle-0211;cycle-0212;cycle-0213;cycle-0215;cycle-0216;cycle-0217;cycle-0219;cycle-0220;cycle-0221;cycle-0227;cycle-0228;cycle-0231;cycle-0232;cycle-0233;cycle-0237;cycle-0238;cycle-0242,1,2309.723963,4632.414198
8,blocked,FedAvg,score_aware,64,16,1,1,-0.03624556851497369,-0.04095556590055,-0.02341958262161842,0,0,-0.04822091478563333,844,66,1,0,0,0,0,0,0,1,0,0.5,0.4976923076923077,0.4976923076923077,0.0,0.0,77;17;34;25;86;1;12;85;45;106;37;87;59;33;29;43;108;40;100;98;92;105;5;13;56;54;38;107;41;8,112;113;114;115;116;117;118;119;120;121;122;123;124;125;126;127;128;150;151;152;153;154;155;156;157;158;159;160;161;162,233;190;227;213;174;169;181;186;217;196;189;197;211;228;216;219;173;200;201;221;194;168;237;210;177;163;175;215;231;238;182;242;172;220;212;164;232;198;183;166;230;236;214;185;203;202;209;229;226;206;239;179;208;192;167;180;234;224;176;165;199;184;243;188;195;178;222;191;235;241;171;207;204;223;193;240,245;246;247;248;249;250;251;252;253;254;255;256;257;258;259;260;261;262;263;264,commit,-0.03624556851497369,044f109883482166d923d3b283dd55150a8f46f67af3f858c5cc99f7be162f47,1,1,1,1,1,1,1,1,1,1,1,3,3,1,1,9,2,1,cycle-0165;cycle-0166;cycle-0167;cycle-0171;cycle-0176;cycle-0178;cycle-0179;cycle-0180;cycle-0183;cycle-0184;cycle-0185;cycle-0188;cycle-0191;cycle-0192;cycle-0193;cycle-0195;cycle-0199;cycle-0202;cycle-0203;cycle-0204;cycle-0206;cycle-0207;cycle-0208;cycle-0209;cycle-0214;cycle-0222;cycle-0223;cycle-0224;cycle-0226;cycle-0229;cycle-0230;cycle-0234;cycle-0235;cycle-0236;cycle-0239;cycle-0240;cycle-0241;cycle-0243,1,2358.030259,4595.099917
8,blocked,FLTrust,score_aware,64,48,0,0,0.3368816965702632,0.3444084734196,0.32150771059265787,0,0,0.3324680859616,844,66,0,0,0,1,0,0,0,0,0,0.5,0.5038461538461538,0.5,-0.0038461538461538325,0.3444084734196,77;17;34;25;86;1;12;85;45;106;37;87;59;33;29;43;108;40;100;98;92;105;5;13;56;54;38;107;41;8,112;113;114;115;116;117;118;119;120;121;122;123;124;125;126;127;128;150;151;152;153;154;155;156;157;158;159;160;161;162,233;190;227;213;174;169;181;186;217;196;189;197;211;228;216;219;173;200;201;221;194;168;237;210;177;163;175;215;231;238;182;242;172;220;212;164;232;198;183;166;230;236;214;185;203;202;209;229;226;206;239;179;208;192;167;180;234;224;176;165;199;184;243;188;195;178;222;191;235;241;171;207;204;223;193;240,245;246;247;248;249;250;251;252;253;254;255;256;257;258;259;260;261;262;263;264,reject,0.3368816965702632,c6f81715ae8366dd4ccd5520b520fb1399bfaa7d618a66f7d48454c7dba8fdcd,1,1,1,0,0,1,1,1,1,1,1,3,3,1,1,9,2,1,cycle-0165;cycle-0166;cycle-0167;cycle-0171;cycle-0176;cycle-0178;cycle-0179;cycle-0180;cycle-0183;cycle-0184;cycle-0185;cycle-0188;cycle-0191;cycle-0192;cycle-0193;cycle-0195;cycle-0199;cycle-0202;cycle-0203;cycle-0204;cycle-0206;cycle-0207;cycle-0208;cycle-0209;cycle-0214;cycle-0222;cycle-0223;cycle-0224;cycle-0226;cycle-0229;cycle-0230;cycle-0234;cycle-0235;cycle-0236;cycle-0239;cycle-0240;cycle-0241;cycle-0243,1,2269.441273,4518.16412
8,blocked,FoundationFL,score_aware,64,16,1,1,-0.03579339913486842,-0.0409049473044,-0.022893216737236842,0,0,-0.046083037750966664,844,66,1,0,0,0,0,0,0,1,0,0.5,0.4976923076923077,0.4976923076923077,0.0,0.0,77;17;34;25;86;1;12;85;45;106;37;87;59;33;29;43;108;40;100;98;92;105;5;13;56;54;38;107;41;8,112;113;114;115;116;117;118;119;120;121;122;123;124;125;126;127;128;150;151;152;153;154;155;156;157;158;159;160;161;162,233;190;227;213;174;169;181;186;217;196;189;197;211;228;216;219;173;200;201;221;194;168;237;210;177;163;175;215;231;238;182;242;172;220;212;164;232;198;183;166;230;236;214;185;203;202;209;229;226;206;239;179;208;192;167;180;234;224;176;165;199;184;243;188;195;178;222;191;235;241;171;207;204;223;193;240,245;246;247;248;249;250;251;252;253;254;255;256;257;258;259;260;261;262;263;264,commit,-0.03579339913486842,4462c2e946e5d1a9bd50b339ed82ce7c499592d468dd9874bd3fc599cede117e,1,1,1,1,1,1,1,1,1,1,1,3,3,1,1,9,2,1,cycle-0165;cycle-0166;cycle-0167;cycle-0171;cycle-0176;cycle-0178;cycle-0179;cycle-0180;cycle-0183;cycle-0184;cycle-0185;cycle-0188;cycle-0191;cycle-0192;cycle-0193;cycle-0195;cycle-0199;cycle-0202;cycle-0203;cycle-0204;cycle-0206;cycle-0207;cycle-0208;cycle-0209;cycle-0214;cycle-0222;cycle-0223;cycle-0224;cycle-0226;cycle-0229;cycle-0230;cycle-0234;cycle-0235;cycle-0236;cycle-0239;cycle-0240;cycle-0241;cycle-0243,1,2323.909276,4657.30943
9,blocked,FedAvg,none,0,0,0,0,0.012159310973394738,0.0138663991123,0.012699020751973685,0,0,0.012927267066633333,844,66,0,0,0,0,0,0,0,0,0,0.5114529914529915,0.5141025641025642,0.5114529914529915,-0.0026495726495726624,0.0138663991123,19;79;25;33;75;50;101;23;78;58;104;16;80;8;95;93;52;81;18;88;7;82;29;107;57;62;47;21;89;37,112;113;114;115;116;117;118;119;120;121;122;123;124;125;126;127;128;150;151;152;153;154;155;156;157;158;159;160;161;162,206;213;166;181;232;216;219;225;174;173;242;175;195;231;170;220;193;180;217;212;184;188;182;207;199;200;227;229;172;240;221;228;183;205;243;238;169;179;196;215;237;233;235;203;194;177;197;192;164;202;176;189;191;167;222;209;226;201;210;230;218;163;241;208;211;171;204;185;165;178;214;168;186;239;198;236,245;246;247;248;249;250;251;252;253;254;255;256;257;258;259;260;261;262;263;264,reject,0.012159310973394738,659d6fde72fe8b663615df9732eb40b55f7cac7feccf8601f6c038da2ae97ef8,1,2,2,0,0,1,1,1,1,1,1,3,3,1,1,9,2,0,cycle-0166;cycle-0169;cycle-0170;cycle-0172;cycle-0173;cycle-0174;cycle-0175;cycle-0179;cycle-0180;cycle-0181;cycle-0182;cycle-0183;cycle-0184;cycle-0188;cycle-0193;cycle-0195;cycle-0199;cycle-0200;cycle-0205;cycle-0206;cycle-0207;cycle-0212;cycle-0213;cycle-0216;cycle-0217;cycle-0219;cycle-0220;cycle-0221;cycle-0225;cycle-0227;cycle-0228;cycle-0229;cycle-0231;cycle-0232;cycle-0238;cycle-0240;cycle-0242;cycle-0243,1,2392.454538,5520.535204
9,blocked,CoordinateMedian,none,0,0,0,0,0.013523581042631579,0.01553568441505,0.01418893526968421,0,0,0.014016810355266666,844,66,0,0,0,0,0,0,0,0,0,0.5114529914529915,0.5125641025641026,0.5114529914529915,-0.0011111111111110628,0.01553568441505,19;79;25;33;75;50;101;23;78;58;104;16;80;8;95;93;52;81;18;88;7;82;29;107;57;62;47;21;89;37,112;113;114;115;116;117;118;119;120;121;122;123;124;125;126;127;128;150;151;152;153;154;155;156;157;158;159;160;161;162,206;213;166;181;232;216;219;225;174;173;242;175;195;231;170;220;193;180;217;212;184;188;182;207;199;200;227;229;172;240;221;228;183;205;243;238;169;179;196;215;237;233;235;203;194;177;197;192;164;202;176;189;191;167;222;209;226;201;210;230;218;163;241;208;211;171;204;185;165;178;214;168;186;239;198;236,245;246;247;248;249;250;251;252;253;254;255;256;257;258;259;260;261;262;263;264,reject,0.013523581042631579,72482be3ca3435e5a89274a58d4b3d143b324e1cd02ef4e8d0513bde27dcd5e7,1,1,1,0,0,1,1,1,1,1,1,3,3,1,1,9,2,0,cycle-0166;cycle-0169;cycle-0170;cycle-0172;cycle-0173;cycle-0174;cycle-0175;cycle-0179;cycle-0180;cycle-0181;cycle-0182;cycle-0183;cycle-0184;cycle-0188;cycle-0193;cycle-0195;cycle-0199;cycle-0200;cycle-0205;cycle-0206;cycle-0207;cycle-0212;cycle-0213;cycle-0216;cycle-0217;cycle-0219;cycle-0220;cycle-0221;cycle-0225;cycle-0227;cycle-0228;cycle-0229;cycle-0231;cycle-0232;cycle-0238;cycle-0240;cycle-0242;cycle-0243,1,2362.468689,4629.509347
9,blocked,Krum,none,0,0,0,1,-0.007732619998710526,-0.00709852582235,-0.0074283189065263155,0,0,-0.008794331191733333,844,66,1,0,0,0,0,0,0,1,0,0.5114529914529915,0.4946153846153846,0.4946153846153846,0.0,0.0,19;79;25;33;75;50;101;23;78;58;104;16;80;8;95;93;52;81;18;88;7;82;29;107;57;62;47;21;89;37,112;113;114;115;116;117;118;119;120;121;122;123;124;125;126;127;128;150;151;152;153;154;155;156;157;158;159;160;161;162,206;213;166;181;232;216;219;225;174;173;242;175;195;231;170;220;193;180;217;212;184;188;182;207;199;200;227;229;172;240;221;228;183;205;243;238;169;179;196;215;237;233;235;203;194;177;197;192;164;202;176;189;191;167;222;209;226;201;210;230;218;163;241;208;211;171;204;185;165;178;214;168;186;239;198;236,245;246;247;248;249;250;251;252;253;254;255;256;257;258;259;260;261;262;263;264,commit,-0.007732619998710526,fda58659a783c0bb9075543aa1b141b26ce606f1ed77a5a28515ca7c44adf986,1,1,1,1,1,1,1,1,1,1,1,3,3,1,1,9,2,1,cycle-0163;cycle-0164;cycle-0165;cycle-0167;cycle-0168;cycle-0171;cycle-0176;cycle-0177;cycle-0178;cycle-0185;cycle-0186;cycle-0189;cycle-0191;cycle-0192;cycle-0194;cycle-0196;cycle-0197;cycle-0198;cycle-0201;cycle-0202;cycle-0203;cycle-0204;cycle-0208;cycle-0209;cycle-0210;cycle-0211;cycle-0214;cycle-0215;cycle-0218;cycle-0222;cycle-0226;cycle-0230;cycle-0233;cycle-0235;cycle-0236;cycle-0237;cycle-0239;cycle-0241,1,2285.761653,4467.032144
9,blocked,FLTrust,none,0,0,0,0,0.3580745943688421,0.39020085007175,0.3681566743069737,1,0,0.37601916890746667,844,66,0,0,0,1,1,0,0,0,0,0.5114529914529915,0.5,0.5114529914529915,0.011452991452991501,0.39020085007175,19;79;25;33;75;50;101;23;78;58;104;16;80;8;95;93;52;81;18;88;7;82;29;107;57;62;47;21;89;37,112;113;114;115;116;117;118;119;120;121;122;123;124;125;126;127;128;150;151;152;153;154;155;156;157;158;159;160;161;162,206;213;166;181;232;216;219;225;174;173;242;175;195;231;170;220;193;180;217;212;184;188;182;207;199;200;227;229;172;240;221;228;183;205;243;238;169;179;196;215;237;233;235;203;194;177;197;192;164;202;176;189;191;167;222;209;226;201;210;230;218;163;241;208;211;171;204;185;165;178;214;168;186;239;198;236,245;246;247;248;249;250;251;252;253;254;255;256;257;258;259;260;261;262;263;264,reject,0.3580745943688421,a10a2491104f065e4b12154ce683a28f672916433c7a87d293a4b8f86d89984a,1,1,1,0,0,1,1,1,1,1,1,3,3,1,1,9,2,0,cycle-0166;cycle-0169;cycle-0170;cycle-0172;cycle-0173;cycle-0174;cycle-0175;cycle-0179;cycle-0180;cycle-0181;cycle-0182;cycle-0183;cycle-0184;cycle-0188;cycle-0193;cycle-0195;cycle-0199;cycle-0200;cycle-0205;cycle-0206;cycle-0207;cycle-0212;cycle-0213;cycle-0216;cycle-0217;cycle-0219;cycle-0220;cycle-0221;cycle-0225;cycle-0227;cycle-0228;cycle-0229;cycle-0231;cycle-0232;cycle-0238;cycle-0240;cycle-0242;cycle-0243,1,2331.34686,4652.175241
9,blocked,FedVal,none,0,0,0,0,0.04636501184842105,0.0519867719313,0.048330706229276314,0,0,0.04971160412023334,844,66,0,0,0,1,0,0,0,0,0,0.5114529914529915,0.5564957264957265,0.5114529914529915,-0.04504273504273504,0.0519867719313,19;79;25;33;75;50;101;23;78;58;104;16;80;8;95;93;52;81;18;88;7;82;29;107;57;62;47;21;89;37,112;113;114;115;116;117;118;119;120;121;122;123;124;125;126;127;128;150;151;152;153;154;155;156;157;158;159;160;161;162,206;213;166;181;232;216;219;225;174;173;242;175;195;231;170;220;193;180;217;212;184;188;182;207;199;200;227;229;172;240;221;228;183;205;243;238;169;179;196;215;237;233;235;203;194;177;197;192;164;202;176;189;191;167;222;209;226;201;210;230;218;163;241;208;211;171;204;185;165;178;214;168;186;239;198;236,245;246;247;248;249;250;251;252;253;254;255;256;257;258;259;260;261;262;263;264,reject,0.04636501184842105,0795a9e2deb8b9791a022a24fa638cc69de1695a5c704cd74a2e80e4b2bc4579,1,1,1,0,0,1,1,1,1,1,1,3,3,1,1,9,2,0,cycle-0166;cycle-0169;cycle-0170;cycle-0172;cycle-0173;cycle-0174;cycle-0175;cycle-0179;cycle-0180;cycle-0181;cycle-0182;cycle-0183;cycle-0184;cycle-0188;cycle-0193;cycle-0195;cycle-0199;cycle-0200;cycle-0205;cycle-0206;cycle-0207;cycle-0212;cycle-0213;cycle-0216;cycle-0217;cycle-0219;cycle-0220;cycle-0221;cycle-0225;cycle-0227;cycle-0228;cycle-0229;cycle-0231;cycle-0232;cycle-0238;cycle-0240;cycle-0242;cycle-0243,1,2264.112037,4427.983301
9,blocked,FLShield,none,0,0,0,1,-0.05802275068728947,-0.0653301154627,-0.06126810063564474,0,0,-0.0663036943721,844,66,1,0,0,0,0,0,0,1,0,0.5114529914529915,0.5,0.5,0.0,0.0,19;79;25;33;75;50;101;23;78;58;104;16;80;8;95;93;52;81;18;88;7;82;29;107;57;62;47;21;89;37,112;113;114;115;116;117;118;119;120;121;122;123;124;125;126;127;128;150;151;152;153;154;155;156;157;158;159;160;161;162,206;213;166;181;232;216;219;225;174;173;242;175;195;231;170;220;193;180;217;212;184;188;182;207;199;200;227;229;172;240;221;228;183;205;243;238;169;179;196;215;237;233;235;203;194;177;197;192;164;202;176;189;191;167;222;209;226;201;210;230;218;163;241;208;211;171;204;185;165;178;214;168;186;239;198;236,245;246;247;248;249;250;251;252;253;254;255;256;257;258;259;260;261;262;263;264,commit,-0.05802275068728947,c02fff26e2adec89f2825b4af272687bb39207ae6f4dd85d5e59b91cea7f4edd,1,1,1,1,1,1,1,1,1,1,1,3,3,1,1,9,2,0,cycle-0166;cycle-0169;cycle-0170;cycle-0172;cycle-0173;cycle-0174;cycle-0175;cycle-0179;cycle-0180;cycle-0181;cycle-0182;cycle-0183;cycle-0184;cycle-0188;cycle-0193;cycle-0195;cycle-0199;cycle-0200;cycle-0205;cycle-0206;cycle-0207;cycle-0212;cycle-0213;cycle-0216;cycle-0217;cycle-0219;cycle-0220;cycle-0221;cycle-0225;cycle-0227;cycle-0228;cycle-0229;cycle-0231;cycle-0232;cycle-0238;cycle-0240;cycle-0242;cycle-0243,1,2360.585172,4627.037198
9,blocked,FoundationFL,none,0,0,0,1,-0.00813475219763158,-0.00812052845305,-0.007797706144118421,0,0,-0.0088008682948,844,66,1,0,0,0,0,0,0,1,0,0.5114529914529915,0.5137606837606837,0.5137606837606837,0.0,0.0,19;79;25;33;75;50;101;23;78;58;104;16;80;8;95;93;52;81;18;88;7;82;29;107;57;62;47;21;89;37,112;113;114;115;116;117;118;119;120;121;122;123;124;125;126;127;128;150;151;152;153;154;155;156;157;158;159;160;161;162,206;213;166;181;232;216;219;225;174;173;242;175;195;231;170;220;193;180;217;212;184;188;182;207;199;200;227;229;172;240;221;228;183;205;243;238;169;179;196;215;237;233;235;203;194;177;197;192;164;202;176;189;191;167;222;209;226;201;210;230;218;163;241;208;211;171;204;185;165;178;214;168;186;239;198;236,245;246;247;248;249;250;251;252;253;254;255;256;257;258;259;260;261;262;263;264,commit,-0.00813475219763158,59be09e4e889d4bf0c65147cfe09e370ad50506a55cdcb08756eccd9c0ffa6f3,1,1,1,1,1,1,1,1,1,1,1,3,3,1,1,9,2,1,cycle-0163;cycle-0164;cycle-0165;cycle-0167;cycle-0168;cycle-0171;cycle-0176;cycle-0177;cycle-0178;cycle-0185;cycle-0186;cycle-0189;cycle-0191;cycle-0192;cycle-0194;cycle-0196;cycle-0197;cycle-0198;cycle-0201;cycle-0202;cycle-0203;cycle-0204;cycle-0208;cycle-0209;cycle-0210;cycle-0211;cycle-0214;cycle-0215;cycle-0218;cycle-0222;cycle-0226;cycle-0230;cycle-0233;cycle-0235;cycle-0236;cycle-0237;cycle-0239;cycle-0241,1,2194.313716,4447.0768
9,blocked,FedAvg,sign_flip,0,0,0,1,-0.006961200945657895,-0.00829360034885,-0.007467575032157895,0,0,-0.007296576727166667,844,66,1,0,0,0,0,0,0,1,0,0.5114529914529915,0.5011111111111111,0.5011111111111111,0.0,0.0,19;79;25;33;75;50;101;23;78;58;104;16;80;8;95;93;52;81;18;88;7;82;29;107;57;62;47;21;89;37,112;113;114;115;116;117;118;119;120;121;122;123;124;125;126;127;128;150;151;152;153;154;155;156;157;158;159;160;161;162,206;213;166;181;232;216;219;225;174;173;242;175;195;231;170;220;193;180;217;212;184;188;182;207;199;200;227;229;172;240;221;228;183;205;243;238;169;179;196;215;237;233;235;203;194;177;197;192;164;202;176;189;191;167;222;209;226;201;210;230;218;163;241;208;211;171;204;185;165;178;214;168;186;239;198;236,245;246;247;248;249;250;251;252;253;254;255;256;257;258;259;260;261;262;263;264,commit,-0.006961200945657895,8172dc86f3241bc9111d2772a86ccbd686747c0e24e53daebb9eaa9abd5254d9,1,1,1,1,1,1,1,1,1,1,1,3,3,1,1,9,2,0,cycle-0166;cycle-0169;cycle-0170;cycle-0172;cycle-0173;cycle-0174;cycle-0175;cycle-0179;cycle-0180;cycle-0181;cycle-0182;cycle-0183;cycle-0184;cycle-0188;cycle-0193;cycle-0195;cycle-0199;cycle-0200;cycle-0205;cycle-0206;cycle-0207;cycle-0212;cycle-0213;cycle-0216;cycle-0217;cycle-0219;cycle-0220;cycle-0221;cycle-0225;cycle-0227;cycle-0228;cycle-0229;cycle-0231;cycle-0232;cycle-0238;cycle-0240;cycle-0242;cycle-0243,1,2390.426153,4609.443931
9,blocked,CoordinateMedian,sign_flip,0,0,0,0,0.019587855720710527,0.02209570051315,0.020507796227894736,0,0,0.021174353239566665,844,66,0,0,0,0,0,0,0,0,0,0.5114529914529915,0.5094871794871795,0.5114529914529915,0.0019658119658120254,0.02209570051315,19;79;25;33;75;50;101;23;78;58;104;16;80;8;95;93;52;81;18;88;7;82;29;107;57;62;47;21;89;37,112;113;114;115;116;117;118;119;120;121;122;123;124;125;126;127;128;150;151;152;153;154;155;156;157;158;159;160;161;162,206;213;166;181;232;216;219;225;174;173;242;175;195;231;170;220;193;180;217;212;184;188;182;207;199;200;227;229;172;240;221;228;183;205;243;238;169;179;196;215;237;233;235;203;194;177;197;192;164;202;176;189;191;167;222;209;226;201;210;230;218;163;241;208;211;171;204;185;165;178;214;168;186;239;198;236,245;246;247;248;249;250;251;252;253;254;255;256;257;258;259;260;261;262;263;264,reject,0.019587855720710527,aa0d76cc619f7752e0ff06ee4216944a45d914c2c847ad9a00f7f5ddb56d3a36,1,1,1,0,0,1,1,1,1,1,1,3,3,1,1,9,2,0,cycle-0166;cycle-0169;cycle-0170;cycle-0172;cycle-0173;cycle-0174;cycle-0175;cycle-0179;cycle-0180;cycle-0181;cycle-0182;cycle-0183;cycle-0184;cycle-0188;cycle-0193;cycle-0195;cycle-0199;cycle-0200;cycle-0205;cycle-0206;cycle-0207;cycle-0212;cycle-0213;cycle-0216;cycle-0217;cycle-0219;cycle-0220;cycle-0221;cycle-0225;cycle-0227;cycle-0228;cycle-0229;cycle-0231;cycle-0232;cycle-0238;cycle-0240;cycle-0242;cycle-0243,1,2342.684928,4546.888361
9,blocked,Krum,sign_flip,0,0,0,1,-0.007124017814342105,-0.00709852582235,-0.0074283189065263155,0,0,-0.008794331191733333,844,66,1,0,0,0,0,0,0,1,0,0.5114529914529915,0.4946153846153846,0.4946153846153846,0.0,0.0,19;79;25;33;75;50;101;23;78;58;104;16;80;8;95;93;52;81;18;88;7;82;29;107;57;62;47;21;89;37,112;113;114;115;116;117;118;119;120;121;122;123;124;125;126;127;128;150;151;152;153;154;155;156;157;158;159;160;161;162,206;213;166;181;232;216;219;225;174;173;242;175;195;231;170;220;193;180;217;212;184;188;182;207;199;200;227;229;172;240;221;228;183;205;243;238;169;179;196;215;237;233;235;203;194;177;197;192;164;202;176;189;191;167;222;209;226;201;210;230;218;163;241;208;211;171;204;185;165;178;214;168;186;239;198;236,245;246;247;248;249;250;251;252;253;254;255;256;257;258;259;260;261;262;263;264,commit,-0.007124017814342105,68bc87430f706c401b44fce878ff0db786a53f460be317ac59d357f968ed22f3,1,1,1,1,1,1,1,1,1,1,1,3,3,1,1,9,2,0,cycle-0166;cycle-0169;cycle-0170;cycle-0172;cycle-0173;cycle-0174;cycle-0175;cycle-0179;cycle-0180;cycle-0181;cycle-0182;cycle-0183;cycle-0184;cycle-0188;cycle-0193;cycle-0195;cycle-0199;cycle-0200;cycle-0205;cycle-0206;cycle-0207;cycle-0212;cycle-0213;cycle-0216;cycle-0217;cycle-0219;cycle-0220;cycle-0221;cycle-0225;cycle-0227;cycle-0228;cycle-0229;cycle-0231;cycle-0232;cycle-0238;cycle-0240;cycle-0242;cycle-0243,1,2294.388629,4698.084939
9,blocked,FLTrust,sign_flip,0,0,0,0,0.35141574517376317,0.38251765187515,0.3614019458858158,1,0,0.3696919080800333,844,66,0,0,0,1,1,0,0,0,0,0.5114529914529915,0.5,0.5114529914529915,0.011452991452991501,0.38251765187515,19;79;25;33;75;50;101;23;78;58;104;16;80;8;95;93;52;81;18;88;7;82;29;107;57;62;47;21;89;37,112;113;114;115;116;117;118;119;120;121;122;123;124;125;126;127;128;150;151;152;153;154;155;156;157;158;159;160;161;162,206;213;166;181;232;216;219;225;174;173;242;175;195;231;170;220;193;180;217;212;184;188;182;207;199;200;227;229;172;240;221;228;183;205;243;238;169;179;196;215;237;233;235;203;194;177;197;192;164;202;176;189;191;167;222;209;226;201;210;230;218;163;241;208;211;171;204;185;165;178;214;168;186;239;198;236,245;246;247;248;249;250;251;252;253;254;255;256;257;258;259;260;261;262;263;264,reject,0.35141574517376317,e401100a32ba33f72c7d2787e7c78f7f7b4b5408f0d164199e237a823f48d188,1,1,1,0,0,1,1,1,1,1,1,3,3,1,1,9,2,0,cycle-0166;cycle-0169;cycle-0170;cycle-0172;cycle-0173;cycle-0174;cycle-0175;cycle-0179;cycle-0180;cycle-0181;cycle-0182;cycle-0183;cycle-0184;cycle-0188;cycle-0193;cycle-0195;cycle-0199;cycle-0200;cycle-0205;cycle-0206;cycle-0207;cycle-0212;cycle-0213;cycle-0216;cycle-0217;cycle-0219;cycle-0220;cycle-0221;cycle-0225;cycle-0227;cycle-0228;cycle-0229;cycle-0231;cycle-0232;cycle-0238;cycle-0240;cycle-0242;cycle-0243,1,2431.359264,4674.00446
9,blocked,FedVal,sign_flip,0,0,0,0,0.05435195352773684,0.06006677999555,0.05652670074880263,0,0,0.0590921168946,844,66,0,0,0,1,0,0,0,0,0,0.5114529914529915,0.6133333333333333,0.5114529914529915,-0.10188034188034178,0.06006677999555,19;79;25;33;75;50;101;23;78;58;104;16;80;8;95;93;52;81;18;88;7;82;29;107;57;62;47;21;89;37,112;113;114;115;116;117;118;119;120;121;122;123;124;125;126;127;128;150;151;152;153;154;155;156;157;158;159;160;161;162,206;213;166;181;232;216;219;225;174;173;242;175;195;231;170;220;193;180;217;212;184;188;182;207;199;200;227;229;172;240;221;228;183;205;243;238;169;179;196;215;237;233;235;203;194;177;197;192;164;202;176;189;191;167;222;209;226;201;210;230;218;163;241;208;211;171;204;185;165;178;214;168;186;239;198;236,245;246;247;248;249;250;251;252;253;254;255;256;257;258;259;260;261;262;263;264,reject,0.05435195352773684,3b959d9d38a361d681eeab922e6e5829adec8c214d82e176915636f9509393e4,1,1,1,0,0,1,1,1,1,1,1,3,3,1,1,9,2,0,cycle-0166;cycle-0169;cycle-0170;cycle-0172;cycle-0173;cycle-0174;cycle-0175;cycle-0179;cycle-0180;cycle-0181;cycle-0182;cycle-0183;cycle-0184;cycle-0188;cycle-0193;cycle-0195;cycle-0199;cycle-0200;cycle-0205;cycle-0206;cycle-0207;cycle-0212;cycle-0213;cycle-0216;cycle-0217;cycle-0219;cycle-0220;cycle-0221;cycle-0225;cycle-0227;cycle-0228;cycle-0229;cycle-0231;cycle-0232;cycle-0238;cycle-0240;cycle-0242;cycle-0243,1,2320.308514,4611.388069
9,blocked,FLShield,sign_flip,0,0,0,1,-0.12424968637823684,-0.12337458195045,-0.11155625564306579,0,0,-0.1414806678008,844,66,1,0,0,0,0,0,0,1,0,0.5114529914529915,0.5,0.5,0.0,0.0,19;79;25;33;75;50;101;23;78;58;104;16;80;8;95;93;52;81;18;88;7;82;29;107;57;62;47;21;89;37,112;113;114;115;116;117;118;119;120;121;122;123;124;125;126;127;128;150;151;152;153;154;155;156;157;158;159;160;161;162,206;213;166;181;232;216;219;225;174;173;242;175;195;231;170;220;193;180;217;212;184;188;182;207;199;200;227;229;172;240;221;228;183;205;243;238;169;179;196;215;237;233;235;203;194;177;197;192;164;202;176;189;191;167;222;209;226;201;210;230;218;163;241;208;211;171;204;185;165;178;214;168;186;239;198;236,245;246;247;248;249;250;251;252;253;254;255;256;257;258;259;260;261;262;263;264,commit,-0.12424968637823684,4b33df56a6c6cc5a05ff67badce83684e9a03a5991ccddb702b89c3f9eb30e46,1,1,1,1,1,1,1,1,1,1,1,3,3,1,1,9,2,1,cycle-0163;cycle-0164;cycle-0165;cycle-0167;cycle-0168;cycle-0171;cycle-0176;cycle-0177;cycle-0178;cycle-0185;cycle-0186;cycle-0189;cycle-0191;cycle-0192;cycle-0194;cycle-0196;cycle-0197;cycle-0198;cycle-0201;cycle-0202;cycle-0203;cycle-0204;cycle-0208;cycle-0209;cycle-0210;cycle-0211;cycle-0214;cycle-0215;cycle-0218;cycle-0222;cycle-0226;cycle-0230;cycle-0233;cycle-0235;cycle-0236;cycle-0237;cycle-0239;cycle-0241,1,2276.270487,4781.541182
9,blocked,FoundationFL,sign_flip,0,0,0,1,-0.043357020904789476,-0.0440404680336,-0.04134046858730263,0,0,-0.044329248828533334,844,66,1,0,0,0,0,0,0,1,0,0.5114529914529915,0.5,0.5,0.0,0.0,19;79;25;33;75;50;101;23;78;58;104;16;80;8;95;93;52;81;18;88;7;82;29;107;57;62;47;21;89;37,112;113;114;115;116;117;118;119;120;121;122;123;124;125;126;127;128;150;151;152;153;154;155;156;157;158;159;160;161;162,206;213;166;181;232;216;219;225;174;173;242;175;195;231;170;220;193;180;217;212;184;188;182;207;199;200;227;229;172;240;221;228;183;205;243;238;169;179;196;215;237;233;235;203;194;177;197;192;164;202;176;189;191;167;222;209;226;201;210;230;218;163;241;208;211;171;204;185;165;178;214;168;186;239;198;236,245;246;247;248;249;250;251;252;253;254;255;256;257;258;259;260;261;262;263;264,commit,-0.043357020904789476,55535ee88eea5b2efa80163a8b3647190e20dea824f0ef167ea29557c5afa720,1,1,1,1,1,1,1,1,1,1,1,3,3,1,1,9,2,1,cycle-0163;cycle-0164;cycle-0165;cycle-0167;cycle-0168;cycle-0171;cycle-0176;cycle-0177;cycle-0178;cycle-0185;cycle-0186;cycle-0189;cycle-0191;cycle-0192;cycle-0194;cycle-0196;cycle-0197;cycle-0198;cycle-0201;cycle-0202;cycle-0203;cycle-0204;cycle-0208;cycle-0209;cycle-0210;cycle-0211;cycle-0214;cycle-0215;cycle-0218;cycle-0222;cycle-0226;cycle-0230;cycle-0233;cycle-0235;cycle-0236;cycle-0237;cycle-0239;cycle-0241,1,2308.219433,4595.242792
9,blocked,FedAvg,model_replacement,0,0,0,0,0.07823392326739474,0.07995593031225,0.07790319794614474,0,0,0.09972915738863333,844,66,0,0,0,1,0,0,0,0,0,0.5114529914529915,0.43179487179487175,0.5114529914529915,0.07965811965811975,0.07995593031225,19;79;25;33;75;50;101;23;78;58;104;16;80;8;95;93;52;81;18;88;7;82;29;107;57;62;47;21;89;37,112;113;114;115;116;117;118;119;120;121;122;123;124;125;126;127;128;150;151;152;153;154;155;156;157;158;159;160;161;162,206;213;166;181;232;216;219;225;174;173;242;175;195;231;170;220;193;180;217;212;184;188;182;207;199;200;227;229;172;240;221;228;183;205;243;238;169;179;196;215;237;233;235;203;194;177;197;192;164;202;176;189;191;167;222;209;226;201;210;230;218;163;241;208;211;171;204;185;165;178;214;168;186;239;198;236,245;246;247;248;249;250;251;252;253;254;255;256;257;258;259;260;261;262;263;264,reject,0.07823392326739474,fcb8b81fbb24b6e94b7b4dcd5524b7ff125a59159c65745dd5b9e30482618d4e,1,1,1,0,0,1,1,1,1,1,1,3,3,1,1,9,2,1,cycle-0163;cycle-0164;cycle-0165;cycle-0167;cycle-0168;cycle-0171;cycle-0176;cycle-0177;cycle-0178;cycle-0185;cycle-0186;cycle-0189;cycle-0191;cycle-0192;cycle-0194;cycle-0196;cycle-0197;cycle-0198;cycle-0201;cycle-0202;cycle-0203;cycle-0204;cycle-0208;cycle-0209;cycle-0210;cycle-0211;cycle-0214;cycle-0215;cycle-0218;cycle-0222;cycle-0226;cycle-0230;cycle-0233;cycle-0235;cycle-0236;cycle-0237;cycle-0239;cycle-0241,1,2128.160801,4350.055552
9,blocked,CoordinateMedian,model_replacement,0,0,0,1,-0.04104692314223684,-0.04604727232285,-0.043192708641328945,0,0,-0.04643783048056667,844,66,1,0,0,0,0,0,0,1,0,0.5114529914529915,0.5,0.5,0.0,0.0,19;79;25;33;75;50;101;23;78;58;104;16;80;8;95;93;52;81;18;88;7;82;29;107;57;62;47;21;89;37,112;113;114;115;116;117;118;119;120;121;122;123;124;125;126;127;128;150;151;152;153;154;155;156;157;158;159;160;161;162,206;213;166;181;232;216;219;225;174;173;242;175;195;231;170;220;193;180;217;212;184;188;182;207;199;200;227;229;172;240;221;228;183;205;243;238;169;179;196;215;237;233;235;203;194;177;197;192;164;202;176;189;191;167;222;209;226;201;210;230;218;163;241;208;211;171;204;185;165;178;214;168;186;239;198;236,245;246;247;248;249;250;251;252;253;254;255;256;257;258;259;260;261;262;263;264,commit,-0.04104692314223684,b8d0f251f8694c7c4fb5dbe609eca38f351cf87e9efff5003cb5c9ac1ccdafd0,1,1,1,1,1,1,1,1,1,1,1,3,3,1,1,9,2,0,cycle-0166;cycle-0169;cycle-0170;cycle-0172;cycle-0173;cycle-0174;cycle-0175;cycle-0179;cycle-0180;cycle-0181;cycle-0182;cycle-0183;cycle-0184;cycle-0188;cycle-0193;cycle-0195;cycle-0199;cycle-0200;cycle-0205;cycle-0206;cycle-0207;cycle-0212;cycle-0213;cycle-0216;cycle-0217;cycle-0219;cycle-0220;cycle-0221;cycle-0225;cycle-0227;cycle-0228;cycle-0229;cycle-0231;cycle-0232;cycle-0238;cycle-0240;cycle-0242;cycle-0243,1,2327.804446,4630.108144
9,blocked,Krum,model_replacement,0,0,0,0,0.006901824907421052,0.005814075639,0.005945158108697369,0,0,0.0049425913039,844,66,0,0,0,0,0,0,0,0,0,0.5114529914529915,0.5094871794871795,0.5114529914529915,0.0019658119658120254,0.005814075639,19;79;25;33;75;50;101;23;78;58;104;16;80;8;95;93;52;81;18;88;7;82;29;107;57;62;47;21;89;37,112;113;114;115;116;117;118;119;120;121;122;123;124;125;126;127;128;150;151;152;153;154;155;156;157;158;159;160;161;162,206;213;166;181;232;216;219;225;174;173;242;175;195;231;170;220;193;180;217;212;184;188;182;207;199;200;227;229;172;240;221;228;183;205;243;238;169;179;196;215;237;233;235;203;194;177;197;192;164;202;176;189;191;167;222;209;226;201;210;230;218;163;241;208;211;171;204;185;165;178;214;168;186;239;198;236,245;246;247;248;249;250;251;252;253;254;255;256;257;258;259;260;261;262;263;264,reject,0.006901824907421052,9b8d94902f748ed7d7430bc59fe5b8e4347d0e1e8da941097705964feb993db5,1,1,1,0,0,1,1,1,1,1,1,3,3,1,1,9,2,1,cycle-0163;cycle-0164;cycle-0165;cycle-0167;cycle-0168;cycle-0171;cycle-0176;cycle-0177;cycle-0178;cycle-0185;cycle-0186;cycle-0189;cycle-0191;cycle-0192;cycle-0194;cycle-0196;cycle-0197;cycle-0198;cycle-0201;cycle-0202;cycle-0203;cycle-0204;cycle-0208;cycle-0209;cycle-0210;cycle-0211;cycle-0214;cycle-0215;cycle-0218;cycle-0222;cycle-0226;cycle-0230;cycle-0233;cycle-0235;cycle-0236;cycle-0237;cycle-0239;cycle-0241,1,2266.682748,4486.441142
9,blocked,FLTrust,model_replacement,0,0,0,0,0.35628653518907893,0.3883606360385,0.3666176520621974,1,0,0.37388062361356666,844,66,0,0,0,1,1,0,0,0,0,0.5114529914529915,0.5,0.5114529914529915,0.011452991452991501,0.3883606360385,19;79;25;33;75;50;101;23;78;58;104;16;80;8;95;93;52;81;18;88;7;82;29;107;57;62;47;21;89;37,112;113;114;115;116;117;118;119;120;121;122;123;124;125;126;127;128;150;151;152;153;154;155;156;157;158;159;160;161;162,206;213;166;181;232;216;219;225;174;173;242;175;195;231;170;220;193;180;217;212;184;188;182;207;199;200;227;229;172;240;221;228;183;205;243;238;169;179;196;215;237;233;235;203;194;177;197;192;164;202;176;189;191;167;222;209;226;201;210;230;218;163;241;208;211;171;204;185;165;178;214;168;186;239;198;236,245;246;247;248;249;250;251;252;253;254;255;256;257;258;259;260;261;262;263;264,reject,0.35628653518907893,28c50be5c5af6f07cd843f6491fa1491ddaa5abba450a7bca9b32b7859188226,1,1,1,0,0,1,1,1,1,1,1,3,3,1,1,9,2,0,cycle-0166;cycle-0169;cycle-0170;cycle-0172;cycle-0173;cycle-0174;cycle-0175;cycle-0179;cycle-0180;cycle-0181;cycle-0182;cycle-0183;cycle-0184;cycle-0188;cycle-0193;cycle-0195;cycle-0199;cycle-0200;cycle-0205;cycle-0206;cycle-0207;cycle-0212;cycle-0213;cycle-0216;cycle-0217;cycle-0219;cycle-0220;cycle-0221;cycle-0225;cycle-0227;cycle-0228;cycle-0229;cycle-0231;cycle-0232;cycle-0238;cycle-0240;cycle-0242;cycle-0243,1,2309.84895,4578.378116
9,blocked,FedVal,model_replacement,0,0,0,0,0.005448488856052631,0.0036051478009,0.004849668099342105,0,0,0.011609715385366667,844,66,0,0,0,0,0,0,0,0,0,0.5114529914529915,0.5,0.5114529914529915,0.011452991452991501,0.0036051478009,19;79;25;33;75;50;101;23;78;58;104;16;80;8;95;93;52;81;18;88;7;82;29;107;57;62;47;21;89;37,112;113;114;115;116;117;118;119;120;121;122;123;124;125;126;127;128;150;151;152;153;154;155;156;157;158;159;160;161;162,206;213;166;181;232;216;219;225;174;173;242;175;195;231;170;220;193;180;217;212;184;188;182;207;199;200;227;229;172;240;221;228;183;205;243;238;169;179;196;215;237;233;235;203;194;177;197;192;164;202;176;189;191;167;222;209;226;201;210;230;218;163;241;208;211;171;204;185;165;178;214;168;186;239;198;236,245;246;247;248;249;250;251;252;253;254;255;256;257;258;259;260;261;262;263;264,reject,0.005448488856052631,8411011ab28f652ddfb3e890a25b7d46e6838f29c15d88c7ee5d44156dc24ce1,1,1,1,0,0,1,1,1,1,1,1,3,3,1,1,9,2,0,cycle-0166;cycle-0169;cycle-0170;cycle-0172;cycle-0173;cycle-0174;cycle-0175;cycle-0179;cycle-0180;cycle-0181;cycle-0182;cycle-0183;cycle-0184;cycle-0188;cycle-0193;cycle-0195;cycle-0199;cycle-0200;cycle-0205;cycle-0206;cycle-0207;cycle-0212;cycle-0213;cycle-0216;cycle-0217;cycle-0219;cycle-0220;cycle-0221;cycle-0225;cycle-0227;cycle-0228;cycle-0229;cycle-0231;cycle-0232;cycle-0238;cycle-0240;cycle-0242;cycle-0243,1,2360.635081,4670.283319
9,blocked,FLShield,model_replacement,0,0,0,0,0.001463023515236842,0.0019351435495,0.0015868701355921052,0,0,0.0010649364565,844,66,0,0,0,0,0,0,0,0,0,0.5114529914529915,0.5194871794871795,0.5114529914529915,-0.008034188034187983,0.0019351435495,19;79;25;33;75;50;101;23;78;58;104;16;80;8;95;93;52;81;18;88;7;82;29;107;57;62;47;21;89;37,112;113;114;115;116;117;118;119;120;121;122;123;124;125;126;127;128;150;151;152;153;154;155;156;157;158;159;160;161;162,206;213;166;181;232;216;219;225;174;173;242;175;195;231;170;220;193;180;217;212;184;188;182;207;199;200;227;229;172;240;221;228;183;205;243;238;169;179;196;215;237;233;235;203;194;177;197;192;164;202;176;189;191;167;222;209;226;201;210;230;218;163;241;208;211;171;204;185;165;178;214;168;186;239;198;236,245;246;247;248;249;250;251;252;253;254;255;256;257;258;259;260;261;262;263;264,reject,0.001463023515236842,50c8de526f3b2dc49c3cb35ba31110b134c815ae974b3812224db34ecdaf183e,1,1,1,0,0,1,1,1,1,1,1,3,3,1,1,9,2,0,cycle-0166;cycle-0169;cycle-0170;cycle-0172;cycle-0173;cycle-0174;cycle-0175;cycle-0179;cycle-0180;cycle-0181;cycle-0182;cycle-0183;cycle-0184;cycle-0188;cycle-0193;cycle-0195;cycle-0199;cycle-0200;cycle-0205;cycle-0206;cycle-0207;cycle-0212;cycle-0213;cycle-0216;cycle-0217;cycle-0219;cycle-0220;cycle-0221;cycle-0225;cycle-0227;cycle-0228;cycle-0229;cycle-0231;cycle-0232;cycle-0238;cycle-0240;cycle-0242;cycle-0243,1,2343.217975,4561.610635
9,blocked,FoundationFL,model_replacement,0,0,0,1,-0.036874398713421054,-0.03416472088995,-0.029998868120407893,0,0,-0.012778832172833333,844,66,1,0,0,0,0,0,0,1,0,0.5114529914529915,0.4794871794871795,0.4794871794871795,0.0,0.0,19;79;25;33;75;50;101;23;78;58;104;16;80;8;95;93;52;81;18;88;7;82;29;107;57;62;47;21;89;37,112;113;114;115;116;117;118;119;120;121;122;123;124;125;126;127;128;150;151;152;153;154;155;156;157;158;159;160;161;162,206;213;166;181;232;216;219;225;174;173;242;175;195;231;170;220;193;180;217;212;184;188;182;207;199;200;227;229;172;240;221;228;183;205;243;238;169;179;196;215;237;233;235;203;194;177;197;192;164;202;176;189;191;167;222;209;226;201;210;230;218;163;241;208;211;171;204;185;165;178;214;168;186;239;198;236,245;246;247;248;249;250;251;252;253;254;255;256;257;258;259;260;261;262;263;264,commit,-0.036874398713421054,cf002fed3eb076b860f1a6404bfca6087b0c49ad0ed6979088ef096e4273bbf7,1,1,1,1,1,1,1,1,1,1,1,3,3,1,1,9,2,1,cycle-0163;cycle-0164;cycle-0165;cycle-0167;cycle-0168;cycle-0171;cycle-0176;cycle-0177;cycle-0178;cycle-0185;cycle-0186;cycle-0189;cycle-0191;cycle-0192;cycle-0194;cycle-0196;cycle-0197;cycle-0198;cycle-0201;cycle-0202;cycle-0203;cycle-0204;cycle-0208;cycle-0209;cycle-0210;cycle-0211;cycle-0214;cycle-0215;cycle-0218;cycle-0222;cycle-0226;cycle-0230;cycle-0233;cycle-0235;cycle-0236;cycle-0237;cycle-0239;cycle-0241,1,2236.570269,4465.796275
9,blocked,FedAvg,score_aware,64,16,1,1,-0.09788468211363158,-0.122822040596,-0.11072956384535526,0,0,-0.1410331599532,844,66,1,0,0,0,0,0,0,1,0,0.5114529914529915,0.5,0.5,0.0,0.0,19;79;25;33;75;50;101;23;78;58;104;16;80;8;95;93;52;81;18;88;7;82;29;107;57;62;47;21;89;37,112;113;114;115;116;117;118;119;120;121;122;123;124;125;126;127;128;150;151;152;153;154;155;156;157;158;159;160;161;162,206;213;166;181;232;216;219;225;174;173;242;175;195;231;170;220;193;180;217;212;184;188;182;207;199;200;227;229;172;240;221;228;183;205;243;238;169;179;196;215;237;233;235;203;194;177;197;192;164;202;176;189;191;167;222;209;226;201;210;230;218;163;241;208;211;171;204;185;165;178;214;168;186;239;198;236,245;246;247;248;249;250;251;252;253;254;255;256;257;258;259;260;261;262;263;264,commit,-0.09788468211363158,10336e572547149e9f96b79fac6c56b639d71e1cf9b4f6d7ec283eaa3c601879,1,1,1,1,1,1,1,1,1,1,1,3,3,1,1,9,2,0,cycle-0166;cycle-0169;cycle-0170;cycle-0172;cycle-0173;cycle-0174;cycle-0175;cycle-0179;cycle-0180;cycle-0181;cycle-0182;cycle-0183;cycle-0184;cycle-0188;cycle-0193;cycle-0195;cycle-0199;cycle-0200;cycle-0205;cycle-0206;cycle-0207;cycle-0212;cycle-0213;cycle-0216;cycle-0217;cycle-0219;cycle-0220;cycle-0221;cycle-0225;cycle-0227;cycle-0228;cycle-0229;cycle-0231;cycle-0232;cycle-0238;cycle-0240;cycle-0242;cycle-0243,1,2361.204628,4700.729486
9,blocked,FLTrust,score_aware,64,48,0,0,0.3557560203877895,0.3669091566125,0.34605334231296053,0,0,0.35354280602056665,844,66,0,0,0,1,1,0,0,0,0,0.5114529914529915,0.5,0.5114529914529915,0.011452991452991501,0.3669091566125,19;79;25;33;75;50;101;23;78;58;104;16;80;8;95;93;52;81;18;88;7;82;29;107;57;62;47;21;89;37,112;113;114;115;116;117;118;119;120;121;122;123;124;125;126;127;128;150;151;152;153;154;155;156;157;158;159;160;161;162,206;213;166;181;232;216;219;225;174;173;242;175;195;231;170;220;193;180;217;212;184;188;182;207;199;200;227;229;172;240;221;228;183;205;243;238;169;179;196;215;237;233;235;203;194;177;197;192;164;202;176;189;191;167;222;209;226;201;210;230;218;163;241;208;211;171;204;185;165;178;214;168;186;239;198;236,245;246;247;248;249;250;251;252;253;254;255;256;257;258;259;260;261;262;263;264,reject,0.3557560203877895,80669d34499a346f7527fe4fb82642f276604ecbbafb7a1b0038c790af113087,1,1,1,0,0,1,1,1,1,1,1,3,3,1,1,9,2,1,cycle-0163;cycle-0164;cycle-0165;cycle-0167;cycle-0168;cycle-0171;cycle-0176;cycle-0177;cycle-0178;cycle-0185;cycle-0186;cycle-0189;cycle-0191;cycle-0192;cycle-0194;cycle-0196;cycle-0197;cycle-0198;cycle-0201;cycle-0202;cycle-0203;cycle-0204;cycle-0208;cycle-0209;cycle-0210;cycle-0211;cycle-0214;cycle-0215;cycle-0218;cycle-0222;cycle-0226;cycle-0230;cycle-0233;cycle-0235;cycle-0236;cycle-0237;cycle-0239;cycle-0241,1,2283.553767,4517.480147
9,blocked,FoundationFL,score_aware,64,29,1,1,-0.031684674988684214,-0.05159009932725,-0.03412319749914473,0,0,-0.013497014150233333,844,66,1,0,0,0,0,0,0,1,0,0.5114529914529915,0.5025641025641026,0.5025641025641026,0.0,0.0,19;79;25;33;75;50;101;23;78;58;104;16;80;8;95;93;52;81;18;88;7;82;29;107;57;62;47;21;89;37,112;113;114;115;116;117;118;119;120;121;122;123;124;125;126;127;128;150;151;152;153;154;155;156;157;158;159;160;161;162,206;213;166;181;232;216;219;225;174;173;242;175;195;231;170;220;193;180;217;212;184;188;182;207;199;200;227;229;172;240;221;228;183;205;243;238;169;179;196;215;237;233;235;203;194;177;197;192;164;202;176;189;191;167;222;209;226;201;210;230;218;163;241;208;211;171;204;185;165;178;214;168;186;239;198;236,245;246;247;248;249;250;251;252;253;254;255;256;257;258;259;260;261;262;263;264,commit,-0.031684674988684214,e81a043a23939321769225b50dbed45408c1f4fca705b1cca350c560b7e3c9ff,1,1,1,1,1,1,1,1,1,1,1,3,3,1,1,9,2,0,cycle-0166;cycle-0169;cycle-0170;cycle-0172;cycle-0173;cycle-0174;cycle-0175;cycle-0179;cycle-0180;cycle-0181;cycle-0182;cycle-0183;cycle-0184;cycle-0188;cycle-0193;cycle-0195;cycle-0199;cycle-0200;cycle-0205;cycle-0206;cycle-0207;cycle-0212;cycle-0213;cycle-0216;cycle-0217;cycle-0219;cycle-0220;cycle-0221;cycle-0225;cycle-0227;cycle-0228;cycle-0229;cycle-0231;cycle-0232;cycle-0238;cycle-0240;cycle-0242;cycle-0243,1,2309.457229,4634.643048
10,blocked,FedAvg,none,0,0,0,0,0.0046319629528421054,0.0051923946831,0.004782976585973684,0,0,0.0048203736433666666,844,66,0,0,0,0,0,0,0,0,0,0.49538461538461537,0.5137606837606837,0.49538461538461537,-0.018376068376068366,0.0051923946831,63;20;59;97;58;76;12;60;94;99;9;41;78;75;42;47;67;34;8;90;38;39;56;70;62;10;45;83;6;80,112;113;114;115;116;117;118;119;120;121;122;123;124;125;126;127;128;150;151;152;153;154;155;156;157;158;159;160;161;162,222;242;191;221;198;237;229;194;171;232;202;183;225;186;227;184;243;239;180;226;173;182;168;167;169;175;179;207;218;230;235;204;203;188;200;172;177;212;223;215;211;233;164;240;228;214;209;163;176;231;192;206;216;165;205;185;241;220;197;199;236;213;174;219;201;210;178;181;195;208;189;193;238;190;234;170,245;246;247;248;249;250;251;252;253;254;255;256;257;258;259;260;261;262;263;264,reject,0.0046319629528421054,8c6a95e696a0ddd492b41fd3d3176227b38e39c94c32d0f29a86776d25b72cfb,1,2,2,0,0,1,1,1,1,1,1,3,3,1,1,9,2,0,cycle-0167;cycle-0168;cycle-0169;cycle-0171;cycle-0172;cycle-0173;cycle-0175;cycle-0177;cycle-0179;cycle-0180;cycle-0182;cycle-0183;cycle-0184;cycle-0186;cycle-0188;cycle-0191;cycle-0194;cycle-0198;cycle-0200;cycle-0202;cycle-0203;cycle-0204;cycle-0207;cycle-0212;cycle-0218;cycle-0221;cycle-0222;cycle-0225;cycle-0226;cycle-0227;cycle-0229;cycle-0230;cycle-0232;cycle-0235;cycle-0237;cycle-0239;cycle-0242;cycle-0243,1,2309.475613,5552.189082
10,blocked,CoordinateMedian,none,0,0,0,1,-0.022767941367342105,-0.0231548164117,-0.02208173292956579,0,0,-0.024293060740133335,844,66,1,0,0,0,0,0,0,1,0,0.49538461538461537,0.5,0.5,0.0,0.0,63;20;59;97;58;76;12;60;94;99;9;41;78;75;42;47;67;34;8;90;38;39;56;70;62;10;45;83;6;80,112;113;114;115;116;117;118;119;120;121;122;123;124;125;126;127;128;150;151;152;153;154;155;156;157;158;159;160;161;162,222;242;191;221;198;237;229;194;171;232;202;183;225;186;227;184;243;239;180;226;173;182;168;167;169;175;179;207;218;230;235;204;203;188;200;172;177;212;223;215;211;233;164;240;228;214;209;163;176;231;192;206;216;165;205;185;241;220;197;199;236;213;174;219;201;210;178;181;195;208;189;193;238;190;234;170,245;246;247;248;249;250;251;252;253;254;255;256;257;258;259;260;261;262;263;264,commit,-0.022767941367342105,9f126e832f707069cd5347ca7112b82506011f14c0025a7bc389ca0c10cecbe2,1,1,1,1,1,1,1,1,1,1,1,3,3,1,1,9,2,1,cycle-0163;cycle-0164;cycle-0165;cycle-0170;cycle-0174;cycle-0176;cycle-0178;cycle-0181;cycle-0185;cycle-0189;cycle-0190;cycle-0192;cycle-0193;cycle-0195;cycle-0197;cycle-0199;cycle-0201;cycle-0205;cycle-0206;cycle-0208;cycle-0209;cycle-0210;cycle-0211;cycle-0213;cycle-0214;cycle-0215;cycle-0216;cycle-0219;cycle-0220;cycle-0223;cycle-0228;cycle-0231;cycle-0233;cycle-0234;cycle-0236;cycle-0238;cycle-0240;cycle-0241,1,2273.944241,4585.452317
10,blocked,Krum,none,0,0,0,0,0.005393997814289474,0.0055299185302,0.00576157519875,0,0,0.0047883210107,844,66,0,0,0,0,0,0,0,0,0,0.49538461538461537,0.5202564102564102,0.49538461538461537,-0.02487179487179486,0.0055299185302,63;20;59;97;58;76;12;60;94;99;9;41;78;75;42;47;67;34;8;90;38;39;56;70;62;10;45;83;6;80,112;113;114;115;116;117;118;119;120;121;122;123;124;125;126;127;128;150;151;152;153;154;155;156;157;158;159;160;161;162,222;242;191;221;198;237;229;194;171;232;202;183;225;186;227;184;243;239;180;226;173;182;168;167;169;175;179;207;218;230;235;204;203;188;200;172;177;212;223;215;211;233;164;240;228;214;209;163;176;231;192;206;216;165;205;185;241;220;197;199;236;213;174;219;201;210;178;181;195;208;189;193;238;190;234;170,245;246;247;248;249;250;251;252;253;254;255;256;257;258;259;260;261;262;263;264,reject,0.005393997814289474,c3943ed6fde6ab26ac579ef3f5c7160b234e4bc2383447c22f9d49efe58dcec3,1,1,1,0,0,1,1,1,1,1,1,3,3,1,1,9,2,0,cycle-0167;cycle-0168;cycle-0169;cycle-0171;cycle-0172;cycle-0173;cycle-0175;cycle-0177;cycle-0179;cycle-0180;cycle-0182;cycle-0183;cycle-0184;cycle-0186;cycle-0188;cycle-0191;cycle-0194;cycle-0198;cycle-0200;cycle-0202;cycle-0203;cycle-0204;cycle-0207;cycle-0212;cycle-0218;cycle-0221;cycle-0222;cycle-0225;cycle-0226;cycle-0227;cycle-0229;cycle-0230;cycle-0232;cycle-0235;cycle-0237;cycle-0239;cycle-0242;cycle-0243,1,2303.353634,4626.714336
10,blocked,FLTrust,none,0,0,0,0,0.3598028552408947,0.37582773537885,0.3533576574471579,1,0,0.36183617636056664,844,66,0,0,0,1,1,0,0,0,0,0.49538461538461537,0.5007692307692307,0.49538461538461537,-0.005384615384615377,0.37582773537885,63;20;59;97;58;76;12;60;94;99;9;41;78;75;42;47;67;34;8;90;38;39;56;70;62;10;45;83;6;80,112;113;114;115;116;117;118;119;120;121;122;123;124;125;126;127;128;150;151;152;153;154;155;156;157;158;159;160;161;162,222;242;191;221;198;237;229;194;171;232;202;183;225;186;227;184;243;239;180;226;173;182;168;167;169;175;179;207;218;230;235;204;203;188;200;172;177;212;223;215;211;233;164;240;228;214;209;163;176;231;192;206;216;165;205;185;241;220;197;199;236;213;174;219;201;210;178;181;195;208;189;193;238;190;234;170,245;246;247;248;249;250;251;252;253;254;255;256;257;258;259;260;261;262;263;264,reject,0.3598028552408947,4d07effefc5dfb2f2c67b553480d893e044217801c19fe89109832dde513c751,1,1,1,0,0,1,1,1,1,1,1,3,3,1,1,9,2,1,cycle-0163;cycle-0164;cycle-0165;cycle-0170;cycle-0174;cycle-0176;cycle-0178;cycle-0181;cycle-0185;cycle-0189;cycle-0190;cycle-0192;cycle-0193;cycle-0195;cycle-0197;cycle-0199;cycle-0201;cycle-0205;cycle-0206;cycle-0208;cycle-0209;cycle-0210;cycle-0211;cycle-0213;cycle-0214;cycle-0215;cycle-0216;cycle-0219;cycle-0220;cycle-0223;cycle-0228;cycle-0231;cycle-0233;cycle-0234;cycle-0236;cycle-0238;cycle-0240;cycle-0241,1,2331.851548,4544.705225
10,blocked,FedVal,none,0,0,0,0,0.03419765664155263,0.03789899985735,0.03517763030007895,0,0,0.03634097807806667,844,66,0,0,0,0,0,0,0,0,0,0.49538461538461537,0.5163247863247863,0.49538461538461537,-0.02094017094017092,0.03789899985735,63;20;59;97;58;76;12;60;94;99;9;41;78;75;42;47;67;34;8;90;38;39;56;70;62;10;45;83;6;80,112;113;114;115;116;117;118;119;120;121;122;123;124;125;126;127;128;150;151;152;153;154;155;156;157;158;159;160;161;162,222;242;191;221;198;237;229;194;171;232;202;183;225;186;227;184;243;239;180;226;173;182;168;167;169;175;179;207;218;230;235;204;203;188;200;172;177;212;223;215;211;233;164;240;228;214;209;163;176;231;192;206;216;165;205;185;241;220;197;199;236;213;174;219;201;210;178;181;195;208;189;193;238;190;234;170,245;246;247;248;249;250;251;252;253;254;255;256;257;258;259;260;261;262;263;264,reject,0.03419765664155263,ed4deea78add4a61e8c70b84ff3db37b53433aadd1bc4f2c62d081bc6cd9a14a,1,1,1,0,0,1,1,1,1,1,1,3,3,1,1,9,2,0,cycle-0167;cycle-0168;cycle-0169;cycle-0171;cycle-0172;cycle-0173;cycle-0175;cycle-0177;cycle-0179;cycle-0180;cycle-0182;cycle-0183;cycle-0184;cycle-0186;cycle-0188;cycle-0191;cycle-0194;cycle-0198;cycle-0200;cycle-0202;cycle-0203;cycle-0204;cycle-0207;cycle-0212;cycle-0218;cycle-0221;cycle-0222;cycle-0225;cycle-0226;cycle-0227;cycle-0229;cycle-0230;cycle-0232;cycle-0235;cycle-0237;cycle-0239;cycle-0242;cycle-0243,1,2306.89143,4551.789887
10,blocked,FLShield,none,0,0,0,1,-0.04858020237463158,-0.0534961282569,-0.05027719688847369,0,0,-0.054989870600466666,844,66,1,0,0,0,0,0,0,1,0,0.49538461538461537,0.5,0.5,0.0,0.0,63;20;59;97;58;76;12;60;94;99;9;41;78;75;42;47;67;34;8;90;38;39;56;70;62;10;45;83;6;80,112;113;114;115;116;117;118;119;120;121;122;123;124;125;126;127;128;150;151;152;153;154;155;156;157;158;159;160;161;162,222;242;191;221;198;237;229;194;171;232;202;183;225;186;227;184;243;239;180;226;173;182;168;167;169;175;179;207;218;230;235;204;203;188;200;172;177;212;223;215;211;233;164;240;228;214;209;163;176;231;192;206;216;165;205;185;241;220;197;199;236;213;174;219;201;210;178;181;195;208;189;193;238;190;234;170,245;246;247;248;249;250;251;252;253;254;255;256;257;258;259;260;261;262;263;264,commit,-0.04858020237463158,1becbb84539a18279b05d5603a01bd0c9082b44125c30ee23a6ea36e6496e1e0,1,1,1,1,1,1,1,1,1,1,1,3,3,1,1,9,2,0,cycle-0167;cycle-0168;cycle-0169;cycle-0171;cycle-0172;cycle-0173;cycle-0175;cycle-0177;cycle-0179;cycle-0180;cycle-0182;cycle-0183;cycle-0184;cycle-0186;cycle-0188;cycle-0191;cycle-0194;cycle-0198;cycle-0200;cycle-0202;cycle-0203;cycle-0204;cycle-0207;cycle-0212;cycle-0218;cycle-0221;cycle-0222;cycle-0225;cycle-0226;cycle-0227;cycle-0229;cycle-0230;cycle-0232;cycle-0235;cycle-0237;cycle-0239;cycle-0242;cycle-0243,1,2306.499773,4653.480895
10,blocked,FoundationFL,none,0,0,0,1,-0.025280650031447367,-0.02747208304705,-0.026122267964171053,0,0,-0.028537402065533332,844,66,1,0,0,0,0,0,0,1,0,0.49538461538461537,0.5,0.5,0.0,0.0,63;20;59;97;58;76;12;60;94;99;9;41;78;75;42;47;67;34;8;90;38;39;56;70;62;10;45;83;6;80,112;113;114;115;116;117;118;119;120;121;122;123;124;125;126;127;128;150;151;152;153;154;155;156;157;158;159;160;161;162,222;242;191;221;198;237;229;194;171;232;202;183;225;186;227;184;243;239;180;226;173;182;168;167;169;175;179;207;218;230;235;204;203;188;200;172;177;212;223;215;211;233;164;240;228;214;209;163;176;231;192;206;216;165;205;185;241;220;197;199;236;213;174;219;201;210;178;181;195;208;189;193;238;190;234;170,245;246;247;248;249;250;251;252;253;254;255;256;257;258;259;260;261;262;263;264,commit,-0.025280650031447367,2fbea892e93791993abbbc7e58608f10c0f8841d5c44ddecefef9c3ad318d38f,1,1,1,1,1,1,1,1,1,1,1,3,3,1,1,9,2,0,cycle-0167;cycle-0168;cycle-0169;cycle-0171;cycle-0172;cycle-0173;cycle-0175;cycle-0177;cycle-0179;cycle-0180;cycle-0182;cycle-0183;cycle-0184;cycle-0186;cycle-0188;cycle-0191;cycle-0194;cycle-0198;cycle-0200;cycle-0202;cycle-0203;cycle-0204;cycle-0207;cycle-0212;cycle-0218;cycle-0221;cycle-0222;cycle-0225;cycle-0226;cycle-0227;cycle-0229;cycle-0230;cycle-0232;cycle-0235;cycle-0237;cycle-0239;cycle-0242;cycle-0243,1,2398.592006,4623.159936
10,blocked,FedAvg,sign_flip,0,0,0,0,0.1356664907988158,0.14716868685585,0.1388444672270263,0,0,0.14499498430063334,844,66,0,0,0,1,0,0,0,0,0,0.49538461538461537,0.5013675213675214,0.49538461538461537,-0.005982905982906017,0.14716868685585,63;20;59;97;58;76;12;60;94;99;9;41;78;75;42;47;67;34;8;90;38;39;56;70;62;10;45;83;6;80,112;113;114;115;116;117;118;119;120;121;122;123;124;125;126;127;128;150;151;152;153;154;155;156;157;158;159;160;161;162,222;242;191;221;198;237;229;194;171;232;202;183;225;186;227;184;243;239;180;226;173;182;168;167;169;175;179;207;218;230;235;204;203;188;200;172;177;212;223;215;211;233;164;240;228;214;209;163;176;231;192;206;216;165;205;185;241;220;197;199;236;213;174;219;201;210;178;181;195;208;189;193;238;190;234;170,245;246;247;248;249;250;251;252;253;254;255;256;257;258;259;260;261;262;263;264,reject,0.1356664907988158,3fa4e4ec96120caf8ddb57935c486f6ba48699c89fe7c11a28b882b39b2df639,1,1,1,0,0,1,1,1,1,1,1,3,3,1,1,9,2,0,cycle-0167;cycle-0168;cycle-0169;cycle-0171;cycle-0172;cycle-0173;cycle-0175;cycle-0177;cycle-0179;cycle-0180;cycle-0182;cycle-0183;cycle-0184;cycle-0186;cycle-0188;cycle-0191;cycle-0194;cycle-0198;cycle-0200;cycle-0202;cycle-0203;cycle-0204;cycle-0207;cycle-0212;cycle-0218;cycle-0221;cycle-0222;cycle-0225;cycle-0226;cycle-0227;cycle-0229;cycle-0230;cycle-0232;cycle-0235;cycle-0237;cycle-0239;cycle-0242;cycle-0243,1,2322.447363,4606.446803
10,blocked,CoordinateMedian,sign_flip,0,0,0,0,0.010106007834973684,0.0109231504108,0.009800582012263158,0,0,0.009498682965433334,844,66,0,0,0,0,0,0,0,0,0,0.49538461538461537,0.5106837606837606,0.49538461538461537,-0.015299145299145278,0.0109231504108,63;20;59;97;58;76;12;60;94;99;9;41;78;75;42;47;67;34;8;90;38;39;56;70;62;10;45;83;6;80,112;113;114;115;116;117;118;119;120;121;122;123;124;125;126;127;128;150;151;152;153;154;155;156;157;158;159;160;161;162,222;242;191;221;198;237;229;194;171;232;202;183;225;186;227;184;243;239;180;226;173;182;168;167;169;175;179;207;218;230;235;204;203;188;200;172;177;212;223;215;211;233;164;240;228;214;209;163;176;231;192;206;216;165;205;185;241;220;197;199;236;213;174;219;201;210;178;181;195;208;189;193;238;190;234;170,245;246;247;248;249;250;251;252;253;254;255;256;257;258;259;260;261;262;263;264,reject,0.010106007834973684,cdb7cab85ac16b81f8ab3be5b2c02a7e2fc07c47d2e78da5fddea4e4569d3901,1,1,1,0,0,1,1,1,1,1,1,3,3,1,1,9,2,1,cycle-0163;cycle-0164;cycle-0165;cycle-0170;cycle-0174;cycle-0176;cycle-0178;cycle-0181;cycle-0185;cycle-0189;cycle-0190;cycle-0192;cycle-0193;cycle-0195;cycle-0197;cycle-0199;cycle-0201;cycle-0205;cycle-0206;cycle-0208;cycle-0209;cycle-0210;cycle-0211;cycle-0213;cycle-0214;cycle-0215;cycle-0216;cycle-0219;cycle-0220;cycle-0223;cycle-0228;cycle-0231;cycle-0233;cycle-0234;cycle-0236;cycle-0238;cycle-0240;cycle-0241,1,2240.690063,4556.536447
10,blocked,Krum,sign_flip,0,0,0,0,0.005393997814289474,0.0055299185302,0.00576157519875,0,0,0.0047883210107,844,66,0,0,0,0,0,0,0,0,0,0.49538461538461537,0.5202564102564102,0.49538461538461537,-0.02487179487179486,0.0055299185302,63;20;59;97;58;76;12;60;94;99;9;41;78;75;42;47;67;34;8;90;38;39;56;70;62;10;45;83;6;80,112;113;114;115;116;117;118;119;120;121;122;123;124;125;126;127;128;150;151;152;153;154;155;156;157;158;159;160;161;162,222;242;191;221;198;237;229;194;171;232;202;183;225;186;227;184;243;239;180;226;173;182;168;167;169;175;179;207;218;230;235;204;203;188;200;172;177;212;223;215;211;233;164;240;228;214;209;163;176;231;192;206;216;165;205;185;241;220;197;199;236;213;174;219;201;210;178;181;195;208;189;193;238;190;234;170,245;246;247;248;249;250;251;252;253;254;255;256;257;258;259;260;261;262;263;264,reject,0.005393997814289474,84aa7a03b026a632d435ae3129df144e4f71716375479325030308daf51fecc6,1,1,1,0,0,1,1,1,1,1,1,3,3,1,1,9,2,0,cycle-0167;cycle-0168;cycle-0169;cycle-0171;cycle-0172;cycle-0173;cycle-0175;cycle-0177;cycle-0179;cycle-0180;cycle-0182;cycle-0183;cycle-0184;cycle-0186;cycle-0188;cycle-0191;cycle-0194;cycle-0198;cycle-0200;cycle-0202;cycle-0203;cycle-0204;cycle-0207;cycle-0212;cycle-0218;cycle-0221;cycle-0222;cycle-0225;cycle-0226;cycle-0227;cycle-0229;cycle-0230;cycle-0232;cycle-0235;cycle-0237;cycle-0239;cycle-0242;cycle-0243,1,2353.053126,4631.571402
10,blocked,FLTrust,sign_flip,0,0,0,0,0.34280011053942105,0.370216933984,0.3493649611674605,0,0,0.35856517865756665,844,66,0,0,0,1,1,0,0,0,0,0.49538461538461537,0.5007692307692307,0.49538461538461537,-0.005384615384615377,0.370216933984,63;20;59;97;58;76;12;60;94;99;9;41;78;75;42;47;67;34;8;90;38;39;56;70;62;10;45;83;6;80,112;113;114;115;116;117;118;119;120;121;122;123;124;125;126;127;128;150;151;152;153;154;155;156;157;158;159;160;161;162,222;242;191;221;198;237;229;194;171;232;202;183;225;186;227;184;243;239;180;226;173;182;168;167;169;175;179;207;218;230;235;204;203;188;200;172;177;212;223;215;211;233;164;240;228;214;209;163;176;231;192;206;216;165;205;185;241;220;197;199;236;213;174;219;201;210;178;181;195;208;189;193;238;190;234;170,245;246;247;248;249;250;251;252;253;254;255;256;257;258;259;260;261;262;263;264,reject,0.34280011053942105,3425a2fc92687065973e4a01399ef5fc22c6ba4fb96508aa92ad6069d5569bd5,1,1,1,0,0,1,1,1,1,1,1,3,3,1,1,9,2,0,cycle-0167;cycle-0168;cycle-0169;cycle-0171;cycle-0172;cycle-0173;cycle-0175;cycle-0177;cycle-0179;cycle-0180;cycle-0182;cycle-0183;cycle-0184;cycle-0186;cycle-0188;cycle-0191;cycle-0194;cycle-0198;cycle-0200;cycle-0202;cycle-0203;cycle-0204;cycle-0207;cycle-0212;cycle-0218;cycle-0221;cycle-0222;cycle-0225;cycle-0226;cycle-0227;cycle-0229;cycle-0230;cycle-0232;cycle-0235;cycle-0237;cycle-0239;cycle-0242;cycle-0243,1,2317.125752,4610.572243
10,blocked,FedVal,sign_flip,0,0,0,0,0.030568670633157893,0.03291441867065,0.031426998341513156,0,0,0.03325582568926667,844,66,0,0,0,0,0,0,0,0,0,0.49538461538461537,0.5266666666666667,0.49538461538461537,-0.03128205128205136,0.03291441867065,63;20;59;97;58;76;12;60;94;99;9;41;78;75;42;47;67;34;8;90;38;39;56;70;62;10;45;83;6;80,112;113;114;115;116;117;118;119;120;121;122;123;124;125;126;127;128;150;151;152;153;154;155;156;157;158;159;160;161;162,222;242;191;221;198;237;229;194;171;232;202;183;225;186;227;184;243;239;180;226;173;182;168;167;169;175;179;207;218;230;235;204;203;188;200;172;177;212;223;215;211;233;164;240;228;214;209;163;176;231;192;206;216;165;205;185;241;220;197;199;236;213;174;219;201;210;178;181;195;208;189;193;238;190;234;170,245;246;247;248;249;250;251;252;253;254;255;256;257;258;259;260;261;262;263;264,reject,0.030568670633157893,f0c36b76f5dbb8c705f667ad2d0095ab187bbddf1e10d83db869286c0268a032,1,1,1,0,0,1,1,1,1,1,1,3,3,1,1,9,2,0,cycle-0167;cycle-0168;cycle-0169;cycle-0171;cycle-0172;cycle-0173;cycle-0175;cycle-0177;cycle-0179;cycle-0180;cycle-0182;cycle-0183;cycle-0184;cycle-0186;cycle-0188;cycle-0191;cycle-0194;cycle-0198;cycle-0200;cycle-0202;cycle-0203;cycle-0204;cycle-0207;cycle-0212;cycle-0218;cycle-0221;cycle-0222;cycle-0225;cycle-0226;cycle-0227;cycle-0229;cycle-0230;cycle-0232;cycle-0235;cycle-0237;cycle-0239;cycle-0242;cycle-0243,1,2370.306718,4652.791752
10,blocked,FLShield,sign_flip,0,0,0,0,0.013093975223421053,0.01344460790105,0.012732950986210526,0,0,0.0135648069727,844,66,0,0,0,0,0,0,0,0,0,0.49538461538461537,0.517948717948718,0.49538461538461537,-0.02256410256410263,0.01344460790105,63;20;59;97;58;76;12;60;94;99;9;41;78;75;42;47;67;34;8;90;38;39;56;70;62;10;45;83;6;80,112;113;114;115;116;117;118;119;120;121;122;123;124;125;126;127;128;150;151;152;153;154;155;156;157;158;159;160;161;162,222;242;191;221;198;237;229;194;171;232;202;183;225;186;227;184;243;239;180;226;173;182;168;167;169;175;179;207;218;230;235;204;203;188;200;172;177;212;223;215;211;233;164;240;228;214;209;163;176;231;192;206;216;165;205;185;241;220;197;199;236;213;174;219;201;210;178;181;195;208;189;193;238;190;234;170,245;246;247;248;249;250;251;252;253;254;255;256;257;258;259;260;261;262;263;264,reject,0.013093975223421053,0a3323e517693e1cfcd83cca23cab25ab222b2de36c3ad4914d92e82bbaa7198,1,1,1,0,0,1,1,1,1,1,1,3,3,1,1,9,2,1,cycle-0163;cycle-0164;cycle-0165;cycle-0170;cycle-0174;cycle-0176;cycle-0178;cycle-0181;cycle-0185;cycle-0189;cycle-0190;cycle-0192;cycle-0193;cycle-0195;cycle-0197;cycle-0199;cycle-0201;cycle-0205;cycle-0206;cycle-0208;cycle-0209;cycle-0210;cycle-0211;cycle-0213;cycle-0214;cycle-0215;cycle-0216;cycle-0219;cycle-0220;cycle-0223;cycle-0228;cycle-0231;cycle-0233;cycle-0234;cycle-0236;cycle-0238;cycle-0240;cycle-0241,1,2310.667191,4524.833666
10,blocked,FoundationFL,sign_flip,0,0,0,0,0.1282227040406579,0.1337107399928,0.13151729205680263,0,0,0.13808514853,844,66,0,0,0,1,0,0,0,0,0,0.49538461538461537,0.5198290598290598,0.49538461538461537,-0.024444444444444435,0.1337107399928,63;20;59;97;58;76;12;60;94;99;9;41;78;75;42;47;67;34;8;90;38;39;56;70;62;10;45;83;6;80,112;113;114;115;116;117;118;119;120;121;122;123;124;125;126;127;128;150;151;152;153;154;155;156;157;158;159;160;161;162,222;242;191;221;198;237;229;194;171;232;202;183;225;186;227;184;243;239;180;226;173;182;168;167;169;175;179;207;218;230;235;204;203;188;200;172;177;212;223;215;211;233;164;240;228;214;209;163;176;231;192;206;216;165;205;185;241;220;197;199;236;213;174;219;201;210;178;181;195;208;189;193;238;190;234;170,245;246;247;248;249;250;251;252;253;254;255;256;257;258;259;260;261;262;263;264,reject,0.1282227040406579,5b2bb456537796523d49c48ed34a74a9856c0664b9e57fcb733acbce6e33441d,1,1,1,0,0,1,1,1,1,1,1,3,3,1,1,9,2,0,cycle-0167;cycle-0168;cycle-0169;cycle-0171;cycle-0172;cycle-0173;cycle-0175;cycle-0177;cycle-0179;cycle-0180;cycle-0182;cycle-0183;cycle-0184;cycle-0186;cycle-0188;cycle-0191;cycle-0194;cycle-0198;cycle-0200;cycle-0202;cycle-0203;cycle-0204;cycle-0207;cycle-0212;cycle-0218;cycle-0221;cycle-0222;cycle-0225;cycle-0226;cycle-0227;cycle-0229;cycle-0230;cycle-0232;cycle-0235;cycle-0237;cycle-0239;cycle-0242;cycle-0243,1,2293.656894,4560.031902
10,blocked,FedAvg,model_replacement,0,0,0,0,0.2335396042306842,0.24280596649585,0.23018036450401316,0,0,0.25849880896346666,844,66,0,0,0,1,0,0,0,0,0,0.49538461538461537,0.5007692307692307,0.49538461538461537,-0.005384615384615377,0.24280596649585,63;20;59;97;58;76;12;60;94;99;9;41;78;75;42;47;67;34;8;90;38;39;56;70;62;10;45;83;6;80,112;113;114;115;116;117;118;119;120;121;122;123;124;125;126;127;128;150;151;152;153;154;155;156;157;158;159;160;161;162,222;242;191;221;198;237;229;194;171;232;202;183;225;186;227;184;243;239;180;226;173;182;168;167;169;175;179;207;218;230;235;204;203;188;200;172;177;212;223;215;211;233;164;240;228;214;209;163;176;231;192;206;216;165;205;185;241;220;197;199;236;213;174;219;201;210;178;181;195;208;189;193;238;190;234;170,245;246;247;248;249;250;251;252;253;254;255;256;257;258;259;260;261;262;263;264,reject,0.2335396042306842,264cfb5a438eb7bfaba72c0aad5ce09d0d72108dc4e5d22bdc1937d3e34ca0b4,1,1,1,0,0,1,1,1,1,1,1,3,3,1,1,9,2,1,cycle-0163;cycle-0164;cycle-0165;cycle-0170;cycle-0174;cycle-0176;cycle-0178;cycle-0181;cycle-0185;cycle-0189;cycle-0190;cycle-0192;cycle-0193;cycle-0195;cycle-0197;cycle-0199;cycle-0201;cycle-0205;cycle-0206;cycle-0208;cycle-0209;cycle-0210;cycle-0211;cycle-0213;cycle-0214;cycle-0215;cycle-0216;cycle-0219;cycle-0220;cycle-0223;cycle-0228;cycle-0231;cycle-0233;cycle-0234;cycle-0236;cycle-0238;cycle-0240;cycle-0241,1,2285.864678,4645.012622
10,blocked,CoordinateMedian,model_replacement,0,0,0,1,-0.03351724546876316,-0.03677450579185,-0.0346479965449079,0,0,-0.03778839885416667,844,66,1,0,0,0,0,0,0,1,0,0.49538461538461537,0.5,0.5,0.0,0.0,63;20;59;97;58;76;12;60;94;99;9;41;78;75;42;47;67;34;8;90;38;39;56;70;62;10;45;83;6;80,112;113;114;115;116;117;118;119;120;121;122;123;124;125;126;127;128;150;151;152;153;154;155;156;157;158;159;160;161;162,222;242;191;221;198;237;229;194;171;232;202;183;225;186;227;184;243;239;180;226;173;182;168;167;169;175;179;207;218;230;235;204;203;188;200;172;177;212;223;215;211;233;164;240;228;214;209;163;176;231;192;206;216;165;205;185;241;220;197;199;236;213;174;219;201;210;178;181;195;208;189;193;238;190;234;170,245;246;247;248;249;250;251;252;253;254;255;256;257;258;259;260;261;262;263;264,commit,-0.03351724546876316,e5e48696340572c5b0237bb950fe23a3bd183facaaf511b116b405522d035001,1,1,1,1,1,1,1,1,1,1,1,3,3,1,1,9,2,0,cycle-0167;cycle-0168;cycle-0169;cycle-0171;cycle-0172;cycle-0173;cycle-0175;cycle-0177;cycle-0179;cycle-0180;cycle-0182;cycle-0183;cycle-0184;cycle-0186;cycle-0188;cycle-0191;cycle-0194;cycle-0198;cycle-0200;cycle-0202;cycle-0203;cycle-0204;cycle-0207;cycle-0212;cycle-0218;cycle-0221;cycle-0222;cycle-0225;cycle-0226;cycle-0227;cycle-0229;cycle-0230;cycle-0232;cycle-0235;cycle-0237;cycle-0239;cycle-0242;cycle-0243,1,2360.868454,4579.070778
10,blocked,Krum,model_replacement,0,0,0,0,0.05978681228931579,0.06697786807055,0.06133679446785526,0,0,0.0629735547501,844,66,0,0,0,1,0,0,0,0,0,0.49538461538461537,0.5410256410256411,0.49538461538461537,-0.045641025641025734,0.06697786807055,63;20;59;97;58;76;12;60;94;99;9;41;78;75;42;47;67;34;8;90;38;39;56;70;62;10;45;83;6;80,112;113;114;115;116;117;118;119;120;121;122;123;124;125;126;127;128;150;151;152;153;154;155;156;157;158;159;160;161;162,222;242;191;221;198;237;229;194;171;232;202;183;225;186;227;184;243;239;180;226;173;182;168;167;169;175;179;207;218;230;235;204;203;188;200;172;177;212;223;215;211;233;164;240;228;214;209;163;176;231;192;206;216;165;205;185;241;220;197;199;236;213;174;219;201;210;178;181;195;208;189;193;238;190;234;170,245;246;247;248;249;250;251;252;253;254;255;256;257;258;259;260;261;262;263;264,reject,0.05978681228931579,d923d82f3ed14f123453695c4889ec07969d431c6231bf713cbefb326d725b7f,1,1,1,0,0,1,1,1,1,1,1,3,3,1,1,9,2,0,cycle-0167;cycle-0168;cycle-0169;cycle-0171;cycle-0172;cycle-0173;cycle-0175;cycle-0177;cycle-0179;cycle-0180;cycle-0182;cycle-0183;cycle-0184;cycle-0186;cycle-0188;cycle-0191;cycle-0194;cycle-0198;cycle-0200;cycle-0202;cycle-0203;cycle-0204;cycle-0207;cycle-0212;cycle-0218;cycle-0221;cycle-0222;cycle-0225;cycle-0226;cycle-0227;cycle-0229;cycle-0230;cycle-0232;cycle-0235;cycle-0237;cycle-0239;cycle-0242;cycle-0243,1,2205.74126,4472.91128
10,blocked,FLTrust,model_replacement,0,0,0,0,0.34341077901673683,0.35829469406485,0.33713608302328946,0,0,0.34573007924023336,844,66,0,0,0,1,1,0,0,0,0,0.49538461538461537,0.5007692307692307,0.49538461538461537,-0.005384615384615377,0.35829469406485,63;20;59;97;58;76;12;60;94;99;9;41;78;75;42;47;67;34;8;90;38;39;56;70;62;10;45;83;6;80,112;113;114;115;116;117;118;119;120;121;122;123;124;125;126;127;128;150;151;152;153;154;155;156;157;158;159;160;161;162,222;242;191;221;198;237;229;194;171;232;202;183;225;186;227;184;243;239;180;226;173;182;168;167;169;175;179;207;218;230;235;204;203;188;200;172;177;212;223;215;211;233;164;240;228;214;209;163;176;231;192;206;216;165;205;185;241;220;197;199;236;213;174;219;201;210;178;181;195;208;189;193;238;190;234;170,245;246;247;248;249;250;251;252;253;254;255;256;257;258;259;260;261;262;263;264,reject,0.34341077901673683,79ac94837f8d7b83308c0ec2b0350a8c2011f167836fe2587334f1cec395eb55,1,1,1,0,0,1,1,1,1,1,1,3,3,1,1,9,2,1,cycle-0163;cycle-0164;cycle-0165;cycle-0170;cycle-0174;cycle-0176;cycle-0178;cycle-0181;cycle-0185;cycle-0189;cycle-0190;cycle-0192;cycle-0193;cycle-0195;cycle-0197;cycle-0199;cycle-0201;cycle-0205;cycle-0206;cycle-0208;cycle-0209;cycle-0210;cycle-0211;cycle-0213;cycle-0214;cycle-0215;cycle-0216;cycle-0219;cycle-0220;cycle-0223;cycle-0228;cycle-0231;cycle-0233;cycle-0234;cycle-0236;cycle-0238;cycle-0240;cycle-0241,1,2317.762755,4617.346158
10,blocked,FedVal,model_replacement,0,0,0,0,0.05357319125260526,0.05734464594745,0.05455616203151316,0,0,0.06392908858456667,844,66,0,0,0,1,0,0,0,0,0,0.49538461538461537,0.5,0.49538461538461537,-0.004615384615384632,0.05734464594745,63;20;59;97;58;76;12;60;94;99;9;41;78;75;42;47;67;34;8;90;38;39;56;70;62;10;45;83;6;80,112;113;114;115;116;117;118;119;120;121;122;123;124;125;126;127;128;150;151;152;153;154;155;156;157;158;159;160;161;162,222;242;191;221;198;237;229;194;171;232;202;183;225;186;227;184;243;239;180;226;173;182;168;167;169;175;179;207;218;230;235;204;203;188;200;172;177;212;223;215;211;233;164;240;228;214;209;163;176;231;192;206;216;165;205;185;241;220;197;199;236;213;174;219;201;210;178;181;195;208;189;193;238;190;234;170,245;246;247;248;249;250;251;252;253;254;255;256;257;258;259;260;261;262;263;264,reject,0.05357319125260526,c4692ef7b0044e6ede1a2f1f9016b5a9e75708dbb04fbb4a3b6a78231268369b,1,1,1,0,0,1,1,1,1,1,1,3,3,1,1,9,2,0,cycle-0167;cycle-0168;cycle-0169;cycle-0171;cycle-0172;cycle-0173;cycle-0175;cycle-0177;cycle-0179;cycle-0180;cycle-0182;cycle-0183;cycle-0184;cycle-0186;cycle-0188;cycle-0191;cycle-0194;cycle-0198;cycle-0200;cycle-0202;cycle-0203;cycle-0204;cycle-0207;cycle-0212;cycle-0218;cycle-0221;cycle-0222;cycle-0225;cycle-0226;cycle-0227;cycle-0229;cycle-0230;cycle-0232;cycle-0235;cycle-0237;cycle-0239;cycle-0242;cycle-0243,1,2319.090221,4571.469968
10,blocked,FLShield,model_replacement,0,0,0,0,0.006851171970710526,0.00718538519375,0.00664728711406579,0,0,0.0067992751095,844,66,0,0,0,0,0,0,0,0,0,0.49538461538461537,0.5122222222222222,0.49538461538461537,-0.016837606837606878,0.00718538519375,63;20;59;97;58;76;12;60;94;99;9;41;78;75;42;47;67;34;8;90;38;39;56;70;62;10;45;83;6;80,112;113;114;115;116;117;118;119;120;121;122;123;124;125;126;127;128;150;151;152;153;154;155;156;157;158;159;160;161;162,222;242;191;221;198;237;229;194;171;232;202;183;225;186;227;184;243;239;180;226;173;182;168;167;169;175;179;207;218;230;235;204;203;188;200;172;177;212;223;215;211;233;164;240;228;214;209;163;176;231;192;206;216;165;205;185;241;220;197;199;236;213;174;219;201;210;178;181;195;208;189;193;238;190;234;170,245;246;247;248;249;250;251;252;253;254;255;256;257;258;259;260;261;262;263;264,reject,0.006851171970710526,fcd758cd90d49b7d8c93896c23d9498b2ed37dd0772f5a9327e7a393a568a871,1,1,1,0,0,1,1,1,1,1,1,3,3,1,1,9,2,1,cycle-0163;cycle-0164;cycle-0165;cycle-0170;cycle-0174;cycle-0176;cycle-0178;cycle-0181;cycle-0185;cycle-0189;cycle-0190;cycle-0192;cycle-0193;cycle-0195;cycle-0197;cycle-0199;cycle-0201;cycle-0205;cycle-0206;cycle-0208;cycle-0209;cycle-0210;cycle-0211;cycle-0213;cycle-0214;cycle-0215;cycle-0216;cycle-0219;cycle-0220;cycle-0223;cycle-0228;cycle-0231;cycle-0233;cycle-0234;cycle-0236;cycle-0238;cycle-0240;cycle-0241,1,2273.17813,4519.848155
10,blocked,FoundationFL,model_replacement,0,0,0,0,0.37871157412736844,0.38733177084285,0.38271804524973685,1,0,0.4464807050406,844,66,0,0,0,1,1,0,0,0,0,0.49538461538461537,0.4877777777777778,0.49538461538461537,0.007606837606837558,0.38733177084285,63;20;59;97;58;76;12;60;94;99;9;41;78;75;42;47;67;34;8;90;38;39;56;70;62;10;45;83;6;80,112;113;114;115;116;117;118;119;120;121;122;123;124;125;126;127;128;150;151;152;153;154;155;156;157;158;159;160;161;162,222;242;191;221;198;237;229;194;171;232;202;183;225;186;227;184;243;239;180;226;173;182;168;167;169;175;179;207;218;230;235;204;203;188;200;172;177;212;223;215;211;233;164;240;228;214;209;163;176;231;192;206;216;165;205;185;241;220;197;199;236;213;174;219;201;210;178;181;195;208;189;193;238;190;234;170,245;246;247;248;249;250;251;252;253;254;255;256;257;258;259;260;261;262;263;264,reject,0.37871157412736844,fc9eefe3974abbb7ec1d6feb45a7b7c28bd10e0eeb1c7c26e2370a3fe6f7da2e,1,1,1,0,0,1,1,1,1,1,1,3,3,1,1,9,2,0,cycle-0167;cycle-0168;cycle-0169;cycle-0171;cycle-0172;cycle-0173;cycle-0175;cycle-0177;cycle-0179;cycle-0180;cycle-0182;cycle-0183;cycle-0184;cycle-0186;cycle-0188;cycle-0191;cycle-0194;cycle-0198;cycle-0200;cycle-0202;cycle-0203;cycle-0204;cycle-0207;cycle-0212;cycle-0218;cycle-0221;cycle-0222;cycle-0225;cycle-0226;cycle-0227;cycle-0229;cycle-0230;cycle-0232;cycle-0235;cycle-0237;cycle-0239;cycle-0242;cycle-0243,1,2383.96213,4668.233442
10,blocked,FedAvg,score_aware,64,16,1,1,-0.09069915648886842,-0.11011750434425,-0.0979126716494079,0,0,-0.1284700134796,844,66,1,0,0,0,0,0,0,1,0,0.49538461538461537,0.5,0.5,0.0,0.0,63;20;59;97;58;76;12;60;94;99;9;41;78;75;42;47;67;34;8;90;38;39;56;70;62;10;45;83;6;80,112;113;114;115;116;117;118;119;120;121;122;123;124;125;126;127;128;150;151;152;153;154;155;156;157;158;159;160;161;162,222;242;191;221;198;237;229;194;171;232;202;183;225;186;227;184;243;239;180;226;173;182;168;167;169;175;179;207;218;230;235;204;203;188;200;172;177;212;223;215;211;233;164;240;228;214;209;163;176;231;192;206;216;165;205;185;241;220;197;199;236;213;174;219;201;210;178;181;195;208;189;193;238;190;234;170,245;246;247;248;249;250;251;252;253;254;255;256;257;258;259;260;261;262;263;264,commit,-0.09069915648886842,4e6dd2365468dfd48151720d63f4c57381572b676397753457fab18a52d574a6,1,1,1,1,1,1,1,1,1,1,1,3,3,1,1,9,2,0,cycle-0167;cycle-0168;cycle-0169;cycle-0171;cycle-0172;cycle-0173;cycle-0175;cycle-0177;cycle-0179;cycle-0180;cycle-0182;cycle-0183;cycle-0184;cycle-0186;cycle-0188;cycle-0191;cycle-0194;cycle-0198;cycle-0200;cycle-0202;cycle-0203;cycle-0204;cycle-0207;cycle-0212;cycle-0218;cycle-0221;cycle-0222;cycle-0225;cycle-0226;cycle-0227;cycle-0229;cycle-0230;cycle-0232;cycle-0235;cycle-0237;cycle-0239;cycle-0242;cycle-0243,1,2378.244551,4659.59979
10,blocked,FLTrust,score_aware,64,48,0,0,0.26962728233321054,0.29427060553675,0.2749170447445132,0,0,0.28207004354646664,844,66,0,0,0,1,0,0,0,0,0,0.49538461538461537,0.5007692307692307,0.49538461538461537,-0.005384615384615377,0.29427060553675,63;20;59;97;58;76;12;60;94;99;9;41;78;75;42;47;67;34;8;90;38;39;56;70;62;10;45;83;6;80,112;113;114;115;116;117;118;119;120;121;122;123;124;125;126;127;128;150;151;152;153;154;155;156;157;158;159;160;161;162,222;242;191;221;198;237;229;194;171;232;202;183;225;186;227;184;243;239;180;226;173;182;168;167;169;175;179;207;218;230;235;204;203;188;200;172;177;212;223;215;211;233;164;240;228;214;209;163;176;231;192;206;216;165;205;185;241;220;197;199;236;213;174;219;201;210;178;181;195;208;189;193;238;190;234;170,245;246;247;248;249;250;251;252;253;254;255;256;257;258;259;260;261;262;263;264,reject,0.26962728233321054,045c59e48d0f949610d05fa7f3507c110f8f0e0881799d0ff99d4be7cf8af46f,1,1,1,0,0,1,1,1,1,1,1,3,3,1,1,9,2,0,cycle-0167;cycle-0168;cycle-0169;cycle-0171;cycle-0172;cycle-0173;cycle-0175;cycle-0177;cycle-0179;cycle-0180;cycle-0182;cycle-0183;cycle-0184;cycle-0186;cycle-0188;cycle-0191;cycle-0194;cycle-0198;cycle-0200;cycle-0202;cycle-0203;cycle-0204;cycle-0207;cycle-0212;cycle-0218;cycle-0221;cycle-0222;cycle-0225;cycle-0226;cycle-0227;cycle-0229;cycle-0230;cycle-0232;cycle-0235;cycle-0237;cycle-0239;cycle-0242;cycle-0243,1,2322.941278,4607.487846
10,blocked,FoundationFL,score_aware,64,16,1,1,-0.09069915648886842,-0.11011750434425,-0.0979126716494079,0,0,-0.1284700134796,844,66,1,0,0,0,0,0,0,1,0,0.49538461538461537,0.5,0.5,0.0,0.0,63;20;59;97;58;76;12;60;94;99;9;41;78;75;42;47;67;34;8;90;38;39;56;70;62;10;45;83;6;80,112;113;114;115;116;117;118;119;120;121;122;123;124;125;126;127;128;150;151;152;153;154;155;156;157;158;159;160;161;162,222;242;191;221;198;237;229;194;171;232;202;183;225;186;227;184;243;239;180;226;173;182;168;167;169;175;179;207;218;230;235;204;203;188;200;172;177;212;223;215;211;233;164;240;228;214;209;163;176;231;192;206;216;165;205;185;241;220;197;199;236;213;174;219;201;210;178;181;195;208;189;193;238;190;234;170,245;246;247;248;249;250;251;252;253;254;255;256;257;258;259;260;261;262;263;264,commit,-0.09069915648886842,33bcc5e212966487a326d8c030670d63f380f381819b5fa9de829f20d260a734,1,1,1,1,1,1,1,1,1,1,1,3,3,1,1,9,2,0,cycle-0167;cycle-0168;cycle-0169;cycle-0171;cycle-0172;cycle-0173;cycle-0175;cycle-0177;cycle-0179;cycle-0180;cycle-0182;cycle-0183;cycle-0184;cycle-0186;cycle-0188;cycle-0191;cycle-0194;cycle-0198;cycle-0200;cycle-0202;cycle-0203;cycle-0204;cycle-0207;cycle-0212;cycle-0218;cycle-0221;cycle-0222;cycle-0225;cycle-0226;cycle-0227;cycle-0229;cycle-0230;cycle-0232;cycle-0235;cycle-0237;cycle-0239;cycle-0242;cycle-0243,1,2134.517825,4385.871009
11,blocked,FedAvg,none,0,0,0,0,0.004787393959789474,0.00581166121595,0.004908032801960526,0,0,0.005098786941266666,844,66,0,0,0,0,0,0,0,0,0,0.5251282051282051,0.5086324786324786,0.5251282051282051,0.016495726495726504,0.00581166121595,62;4;60;55;30;44;1;41;48;99;94;33;58;21;57;25;24;79;5;78;82;67;110;77;23;39;12;103;72;9,112;113;114;115;116;117;118;119;120;121;122;123;124;125;126;127;128;150;151;152;153;154;155;156;157;158;159;160;161;162,169;227;193;230;195;192;220;163;224;196;175;234;172;236;238;206;167;191;240;229;205;203;189;168;194;173;186;171;170;182;221;208;181;210;177;211;201;223;176;165;164;209;239;214;243;241;233;212;202;235;188;215;174;190;228;184;219;226;204;232;216;185;166;183;199;237;197;179;178;180;213;218;225;207;242;222,245;246;247;248;249;250;251;252;253;254;255;256;257;258;259;260;261;262;263;264,reject,0.004787393959789474,e8b8a19095c36d3c0f59eb0f6e0a28da3d749dc7056258e629987a596fbfd2a1,1,2,2,0,0,1,1,1,1,1,1,3,3,1,1,9,2,1,cycle-0164;cycle-0165;cycle-0166;cycle-0174;cycle-0176;cycle-0178;cycle-0179;cycle-0180;cycle-0183;cycle-0184;cycle-0185;cycle-0188;cycle-0190;cycle-0197;cycle-0199;cycle-0202;cycle-0204;cycle-0207;cycle-0209;cycle-0212;cycle-0213;cycle-0214;cycle-0215;cycle-0216;cycle-0218;cycle-0219;cycle-0222;cycle-0225;cycle-0226;cycle-0228;cycle-0232;cycle-0233;cycle-0235;cycle-0237;cycle-0239;cycle-0241;cycle-0242;cycle-0243,1,2292.410166,5378.532453
11,blocked,CoordinateMedian,none,0,0,0,0,0.008228482158631579,0.00996898684315,0.008360572035605264,0,0,0.007819786653233334,844,66,0,0,0,0,0,0,0,0,0,0.5251282051282051,0.558034188034188,0.5251282051282051,-0.0329059829059829,0.00996898684315,62;4;60;55;30;44;1;41;48;99;94;33;58;21;57;25;24;79;5;78;82;67;110;77;23;39;12;103;72;9,112;113;114;115;116;117;118;119;120;121;122;123;124;125;126;127;128;150;151;152;153;154;155;156;157;158;159;160;161;162,169;227;193;230;195;192;220;163;224;196;175;234;172;236;238;206;167;191;240;229;205;203;189;168;194;173;186;171;170;182;221;208;181;210;177;211;201;223;176;165;164;209;239;214;243;241;233;212;202;235;188;215;174;190;228;184;219;226;204;232;216;185;166;183;199;237;197;179;178;180;213;218;225;207;242;222,245;246;247;248;249;250;251;252;253;254;255;256;257;258;259;260;261;262;263;264,reject,0.008228482158631579,b1e56c546634f42d30318581b671575edd3ba271141607480865c7f9a8366738,1,1,1,0,0,1,1,1,1,1,1,3,3,1,1,9,2,1,cycle-0164;cycle-0165;cycle-0166;cycle-0174;cycle-0176;cycle-0178;cycle-0179;cycle-0180;cycle-0183;cycle-0184;cycle-0185;cycle-0188;cycle-0190;cycle-0197;cycle-0199;cycle-0202;cycle-0204;cycle-0207;cycle-0209;cycle-0212;cycle-0213;cycle-0214;cycle-0215;cycle-0216;cycle-0218;cycle-0219;cycle-0222;cycle-0225;cycle-0226;cycle-0228;cycle-0232;cycle-0233;cycle-0235;cycle-0237;cycle-0239;cycle-0241;cycle-0242;cycle-0243,1,2274.297054,4535.766036
11,blocked,Krum,none,0,0,0,0,0.0007471387696842105,0.0019771125227,0.0007334143377763158,0,0,-0.0006453397255666666,844,66,1,0,0,0,0,0,0,0,0,0.5251282051282051,0.551965811965812,0.5251282051282051,-0.02683760683760683,0.0019771125227,62;4;60;55;30;44;1;41;48;99;94;33;58;21;57;25;24;79;5;78;82;67;110;77;23;39;12;103;72;9,112;113;114;115;116;117;118;119;120;121;122;123;124;125;126;127;128;150;151;152;153;154;155;156;157;158;159;160;161;162,169;227;193;230;195;192;220;163;224;196;175;234;172;236;238;206;167;191;240;229;205;203;189;168;194;173;186;171;170;182;221;208;181;210;177;211;201;223;176;165;164;209;239;214;243;241;233;212;202;235;188;215;174;190;228;184;219;226;204;232;216;185;166;183;199;237;197;179;178;180;213;218;225;207;242;222,245;246;247;248;249;250;251;252;253;254;255;256;257;258;259;260;261;262;263;264,reject,0.0007471387696842105,463361e14fc23c4fe7efb1885ce31cbc02e01ab20aad459c078f61283e0e6046,1,1,1,0,0,1,1,1,1,1,1,3,3,1,1,9,2,1,cycle-0164;cycle-0165;cycle-0166;cycle-0174;cycle-0176;cycle-0178;cycle-0179;cycle-0180;cycle-0183;cycle-0184;cycle-0185;cycle-0188;cycle-0190;cycle-0197;cycle-0199;cycle-0202;cycle-0204;cycle-0207;cycle-0209;cycle-0212;cycle-0213;cycle-0214;cycle-0215;cycle-0216;cycle-0218;cycle-0219;cycle-0222;cycle-0225;cycle-0226;cycle-0228;cycle-0232;cycle-0233;cycle-0235;cycle-0237;cycle-0239;cycle-0241;cycle-0242;cycle-0243,1,2293.427768,4484.426654
11,blocked,FLTrust,none,0,0,0,0,0.3424403410711316,0.3591370212025,0.33870899744378946,0,0,0.34526792685866664,844,66,0,0,0,1,1,0,0,0,0,0.5251282051282051,0.5,0.5251282051282051,0.025128205128205128,0.3591370212025,62;4;60;55;30;44;1;41;48;99;94;33;58;21;57;25;24;79;5;78;82;67;110;77;23;39;12;103;72;9,112;113;114;115;116;117;118;119;120;121;122;123;124;125;126;127;128;150;151;152;153;154;155;156;157;158;159;160;161;162,169;227;193;230;195;192;220;163;224;196;175;234;172;236;238;206;167;191;240;229;205;203;189;168;194;173;186;171;170;182;221;208;181;210;177;211;201;223;176;165;164;209;239;214;243;241;233;212;202;235;188;215;174;190;228;184;219;226;204;232;216;185;166;183;199;237;197;179;178;180;213;218;225;207;242;222,245;246;247;248;249;250;251;252;253;254;255;256;257;258;259;260;261;262;263;264,reject,0.3424403410711316,bb0328e77ee2137028c2e3ad3030b5df2f65891e90e1626c72e2e1c619e73bca,1,1,1,0,0,1,1,1,1,1,1,3,3,1,1,9,2,0,cycle-0163;cycle-0167;cycle-0168;cycle-0169;cycle-0170;cycle-0171;cycle-0172;cycle-0173;cycle-0175;cycle-0177;cycle-0181;cycle-0182;cycle-0186;cycle-0189;cycle-0191;cycle-0192;cycle-0193;cycle-0194;cycle-0195;cycle-0196;cycle-0201;cycle-0203;cycle-0205;cycle-0206;cycle-0208;cycle-0210;cycle-0211;cycle-0220;cycle-0221;cycle-0223;cycle-0224;cycle-0227;cycle-0229;cycle-0230;cycle-0234;cycle-0236;cycle-0238;cycle-0240,1,2267.435826,4584.065619
11,blocked,FedVal,none,0,0,0,0,0.033575553479605266,0.0370858265945,0.03414795512194737,0,0,0.0347403537333,844,66,0,0,0,0,0,0,0,0,0,0.5251282051282051,0.5523076923076923,0.5251282051282051,-0.02717948717948715,0.0370858265945,62;4;60;55;30;44;1;41;48;99;94;33;58;21;57;25;24;79;5;78;82;67;110;77;23;39;12;103;72;9,112;113;114;115;116;117;118;119;120;121;122;123;124;125;126;127;128;150;151;152;153;154;155;156;157;158;159;160;161;162,169;227;193;230;195;192;220;163;224;196;175;234;172;236;238;206;167;191;240;229;205;203;189;168;194;173;186;171;170;182;221;208;181;210;177;211;201;223;176;165;164;209;239;214;243;241;233;212;202;235;188;215;174;190;228;184;219;226;204;232;216;185;166;183;199;237;197;179;178;180;213;218;225;207;242;222,245;246;247;248;249;250;251;252;253;254;255;256;257;258;259;260;261;262;263;264,reject,0.033575553479605266,327a2e88d61965dbf67a2ab272d385ff59e558c02cf88f9fbb0bf15290ddd11d,1,1,1,0,0,1,1,1,1,1,1,3,3,1,1,9,2,1,cycle-0164;cycle-0165;cycle-0166;cycle-0174;cycle-0176;cycle-0178;cycle-0179;cycle-0180;cycle-0183;cycle-0184;cycle-0185;cycle-0188;cycle-0190;cycle-0197;cycle-0199;cycle-0202;cycle-0204;cycle-0207;cycle-0209;cycle-0212;cycle-0213;cycle-0214;cycle-0215;cycle-0216;cycle-0218;cycle-0219;cycle-0222;cycle-0225;cycle-0226;cycle-0228;cycle-0232;cycle-0233;cycle-0235;cycle-0237;cycle-0239;cycle-0241;cycle-0242;cycle-0243,1,2159.276556,4453.434381
11,blocked,FLShield,none,0,0,0,1,-0.06347447580555263,-0.0658139924168,-0.06223966580430263,0,0,-0.0657857042759,844,66,1,0,0,0,0,0,0,1,0,0.5251282051282051,0.4976923076923077,0.4976923076923077,0.0,0.0,62;4;60;55;30;44;1;41;48;99;94;33;58;21;57;25;24;79;5;78;82;67;110;77;23;39;12;103;72;9,112;113;114;115;116;117;118;119;120;121;122;123;124;125;126;127;128;150;151;152;153;154;155;156;157;158;159;160;161;162,169;227;193;230;195;192;220;163;224;196;175;234;172;236;238;206;167;191;240;229;205;203;189;168;194;173;186;171;170;182;221;208;181;210;177;211;201;223;176;165;164;209;239;214;243;241;233;212;202;235;188;215;174;190;228;184;219;226;204;232;216;185;166;183;199;237;197;179;178;180;213;218;225;207;242;222,245;246;247;248;249;250;251;252;253;254;255;256;257;258;259;260;261;262;263;264,commit,-0.06347447580555263,2337319853f8ed118ba0b678ac71a6d6e77cdc1bc73aabba6a9fce62b04fce4b,1,1,1,1,1,1,1,1,1,1,1,3,3,1,1,9,2,0,cycle-0163;cycle-0167;cycle-0168;cycle-0169;cycle-0170;cycle-0171;cycle-0172;cycle-0173;cycle-0175;cycle-0177;cycle-0181;cycle-0182;cycle-0186;cycle-0189;cycle-0191;cycle-0192;cycle-0193;cycle-0194;cycle-0195;cycle-0196;cycle-0201;cycle-0203;cycle-0205;cycle-0206;cycle-0208;cycle-0210;cycle-0211;cycle-0220;cycle-0221;cycle-0223;cycle-0224;cycle-0227;cycle-0229;cycle-0230;cycle-0234;cycle-0236;cycle-0238;cycle-0240,1,2438.210004,4678.491379
11,blocked,FoundationFL,none,0,0,0,1,-0.03867163944189474,-0.0396189372628,-0.038064647977789474,0,0,-0.040077591272,844,66,1,0,0,0,0,0,0,1,0,0.5251282051282051,0.5145299145299146,0.5145299145299146,0.0,0.0,62;4;60;55;30;44;1;41;48;99;94;33;58;21;57;25;24;79;5;78;82;67;110;77;23;39;12;103;72;9,112;113;114;115;116;117;118;119;120;121;122;123;124;125;126;127;128;150;151;152;153;154;155;156;157;158;159;160;161;162,169;227;193;230;195;192;220;163;224;196;175;234;172;236;238;206;167;191;240;229;205;203;189;168;194;173;186;171;170;182;221;208;181;210;177;211;201;223;176;165;164;209;239;214;243;241;233;212;202;235;188;215;174;190;228;184;219;226;204;232;216;185;166;183;199;237;197;179;178;180;213;218;225;207;242;222,245;246;247;248;249;250;251;252;253;254;255;256;257;258;259;260;261;262;263;264,commit,-0.03867163944189474,11217913fe47b8fafaa8f780bfde3b567816b708db30feaf179a93a7a464c6e9,1,1,1,1,1,1,1,1,1,1,1,3,3,1,1,9,2,0,cycle-0163;cycle-0167;cycle-0168;cycle-0169;cycle-0170;cycle-0171;cycle-0172;cycle-0173;cycle-0175;cycle-0177;cycle-0181;cycle-0182;cycle-0186;cycle-0189;cycle-0191;cycle-0192;cycle-0193;cycle-0194;cycle-0195;cycle-0196;cycle-0201;cycle-0203;cycle-0205;cycle-0206;cycle-0208;cycle-0210;cycle-0211;cycle-0220;cycle-0221;cycle-0223;cycle-0224;cycle-0227;cycle-0229;cycle-0230;cycle-0234;cycle-0236;cycle-0238;cycle-0240,1,2253.586071,4524.474338
11,blocked,FedAvg,sign_flip,0,0,0,1,-0.07816178704681578,-0.08523448676845,-0.07992502708661842,0,0,-0.08543782932386666,844,66,1,0,0,0,0,0,0,1,0,0.5251282051282051,0.5168376068376068,0.5168376068376068,0.0,0.0,62;4;60;55;30;44;1;41;48;99;94;33;58;21;57;25;24;79;5;78;82;67;110;77;23;39;12;103;72;9,112;113;114;115;116;117;118;119;120;121;122;123;124;125;126;127;128;150;151;152;153;154;155;156;157;158;159;160;161;162,169;227;193;230;195;192;220;163;224;196;175;234;172;236;238;206;167;191;240;229;205;203;189;168;194;173;186;171;170;182;221;208;181;210;177;211;201;223;176;165;164;209;239;214;243;241;233;212;202;235;188;215;174;190;228;184;219;226;204;232;216;185;166;183;199;237;197;179;178;180;213;218;225;207;242;222,245;246;247;248;249;250;251;252;253;254;255;256;257;258;259;260;261;262;263;264,commit,-0.07816178704681578,07a9a5b410bf61e225c9ee4e0f25934b2968c5af16b891d2c51412e7f86f0319,1,1,1,1,1,1,1,1,1,1,1,3,3,1,1,9,2,1,cycle-0164;cycle-0165;cycle-0166;cycle-0174;cycle-0176;cycle-0178;cycle-0179;cycle-0180;cycle-0183;cycle-0184;cycle-0185;cycle-0188;cycle-0190;cycle-0197;cycle-0199;cycle-0202;cycle-0204;cycle-0207;cycle-0209;cycle-0212;cycle-0213;cycle-0214;cycle-0215;cycle-0216;cycle-0218;cycle-0219;cycle-0222;cycle-0225;cycle-0226;cycle-0228;cycle-0232;cycle-0233;cycle-0235;cycle-0237;cycle-0239;cycle-0241;cycle-0242;cycle-0243,1,2254.042635,4531.377959
11,blocked,CoordinateMedian,sign_flip,0,0,0,1,-0.03545409218078947,-0.03794914909065,-0.0361461534385,0,0,-0.0382593773808,844,66,1,0,0,0,0,0,0,1,0,0.5251282051282051,0.5122222222222222,0.5122222222222222,0.0,0.0,62;4;60;55;30;44;1;41;48;99;94;33;58;21;57;25;24;79;5;78;82;67;110;77;23;39;12;103;72;9,112;113;114;115;116;117;118;119;120;121;122;123;124;125;126;127;128;150;151;152;153;154;155;156;157;158;159;160;161;162,169;227;193;230;195;192;220;163;224;196;175;234;172;236;238;206;167;191;240;229;205;203;189;168;194;173;186;171;170;182;221;208;181;210;177;211;201;223;176;165;164;209;239;214;243;241;233;212;202;235;188;215;174;190;228;184;219;226;204;232;216;185;166;183;199;237;197;179;178;180;213;218;225;207;242;222,245;246;247;248;249;250;251;252;253;254;255;256;257;258;259;260;261;262;263;264,commit,-0.03545409218078947,7fade93aa8ab76ff8487271bc0ac72b2189d3eba237712965c2cbbf2a890f61a,1,1,1,1,1,1,1,1,1,1,1,3,3,1,1,9,2,1,cycle-0164;cycle-0165;cycle-0166;cycle-0174;cycle-0176;cycle-0178;cycle-0179;cycle-0180;cycle-0183;cycle-0184;cycle-0185;cycle-0188;cycle-0190;cycle-0197;cycle-0199;cycle-0202;cycle-0204;cycle-0207;cycle-0209;cycle-0212;cycle-0213;cycle-0214;cycle-0215;cycle-0216;cycle-0218;cycle-0219;cycle-0222;cycle-0225;cycle-0226;cycle-0228;cycle-0232;cycle-0233;cycle-0235;cycle-0237;cycle-0239;cycle-0241;cycle-0242;cycle-0243,1,2279.200679,4474.26219
11,blocked,Krum,sign_flip,0,0,0,1,-0.036484202907657894,-0.0364503577608,-0.03571565356998684,0,0,-0.037642319873766664,844,66,1,0,0,0,0,0,0,1,0,0.5251282051282051,0.5152991452991453,0.5152991452991453,0.0,0.0,62;4;60;55;30;44;1;41;48;99;94;33;58;21;57;25;24;79;5;78;82;67;110;77;23;39;12;103;72;9,112;113;114;115;116;117;118;119;120;121;122;123;124;125;126;127;128;150;151;152;153;154;155;156;157;158;159;160;161;162,169;227;193;230;195;192;220;163;224;196;175;234;172;236;238;206;167;191;240;229;205;203;189;168;194;173;186;171;170;182;221;208;181;210;177;211;201;223;176;165;164;209;239;214;243;241;233;212;202;235;188;215;174;190;228;184;219;226;204;232;216;185;166;183;199;237;197;179;178;180;213;218;225;207;242;222,245;246;247;248;249;250;251;252;253;254;255;256;257;258;259;260;261;262;263;264,commit,-0.036484202907657894,b42d36ae3d52f1439e3fef7ae6f0a325b1b9203f04f2fad520f072029dfa0fec,1,1,1,1,1,1,1,1,1,1,1,3,3,1,1,9,2,0,cycle-0163;cycle-0167;cycle-0168;cycle-0169;cycle-0170;cycle-0171;cycle-0172;cycle-0173;cycle-0175;cycle-0177;cycle-0181;cycle-0182;cycle-0186;cycle-0189;cycle-0191;cycle-0192;cycle-0193;cycle-0194;cycle-0195;cycle-0196;cycle-0201;cycle-0203;cycle-0205;cycle-0206;cycle-0208;cycle-0210;cycle-0211;cycle-0220;cycle-0221;cycle-0223;cycle-0224;cycle-0227;cycle-0229;cycle-0230;cycle-0234;cycle-0236;cycle-0238;cycle-0240,1,2250.356151,4521.134035
11,blocked,FLTrust,sign_flip,0,0,0,0,0.34388437793723686,0.36750752429435,0.3475893390180526,0,0,0.35438933175646664,844,66,0,0,0,1,1,0,0,0,0,0.5251282051282051,0.5,0.5251282051282051,0.025128205128205128,0.36750752429435,62;4;60;55;30;44;1;41;48;99;94;33;58;21;57;25;24;79;5;78;82;67;110;77;23;39;12;103;72;9,112;113;114;115;116;117;118;119;120;121;122;123;124;125;126;127;128;150;151;152;153;154;155;156;157;158;159;160;161;162,169;227;193;230;195;192;220;163;224;196;175;234;172;236;238;206;167;191;240;229;205;203;189;168;194;173;186;171;170;182;221;208;181;210;177;211;201;223;176;165;164;209;239;214;243;241;233;212;202;235;188;215;174;190;228;184;219;226;204;232;216;185;166;183;199;237;197;179;178;180;213;218;225;207;242;222,245;246;247;248;249;250;251;252;253;254;255;256;257;258;259;260;261;262;263;264,reject,0.34388437793723686,3bf252b975f2d08404d50fd6eb819c8f4ab070aee9806a2433c8cdb54ef02c5b,1,1,1,0,0,1,1,1,1,1,1,3,3,1,1,9,2,1,cycle-0164;cycle-0165;cycle-0166;cycle-0174;cycle-0176;cycle-0178;cycle-0179;cycle-0180;cycle-0183;cycle-0184;cycle-0185;cycle-0188;cycle-0190;cycle-0197;cycle-0199;cycle-0202;cycle-0204;cycle-0207;cycle-0209;cycle-0212;cycle-0213;cycle-0214;cycle-0215;cycle-0216;cycle-0218;cycle-0219;cycle-0222;cycle-0225;cycle-0226;cycle-0228;cycle-0232;cycle-0233;cycle-0235;cycle-0237;cycle-0239;cycle-0241;cycle-0242;cycle-0243,1,2252.093045,4569.196347
11,blocked,FedVal,sign_flip,0,0,0,0,0.04132220798628947,0.04442911187345,0.04195360072106579,0,0,0.04341490601746667,844,66,0,0,0,0,0,0,0,0,0,0.5251282051282051,0.5194871794871795,0.5251282051282051,0.005641025641025643,0.04442911187345,62;4;60;55;30;44;1;41;48;99;94;33;58;21;57;25;24;79;5;78;82;67;110;77;23;39;12;103;72;9,112;113;114;115;116;117;118;119;120;121;122;123;124;125;126;127;128;150;151;152;153;154;155;156;157;158;159;160;161;162,169;227;193;230;195;192;220;163;224;196;175;234;172;236;238;206;167;191;240;229;205;203;189;168;194;173;186;171;170;182;221;208;181;210;177;211;201;223;176;165;164;209;239;214;243;241;233;212;202;235;188;215;174;190;228;184;219;226;204;232;216;185;166;183;199;237;197;179;178;180;213;218;225;207;242;222,245;246;247;248;249;250;251;252;253;254;255;256;257;258;259;260;261;262;263;264,reject,0.04132220798628947,d85e43b47624af547cf6b098cc4c92b87251a713ced41b6f5fecd23f7fa02119,1,1,1,0,0,1,1,1,1,1,1,3,3,1,1,9,2,1,cycle-0164;cycle-0165;cycle-0166;cycle-0174;cycle-0176;cycle-0178;cycle-0179;cycle-0180;cycle-0183;cycle-0184;cycle-0185;cycle-0188;cycle-0190;cycle-0197;cycle-0199;cycle-0202;cycle-0204;cycle-0207;cycle-0209;cycle-0212;cycle-0213;cycle-0214;cycle-0215;cycle-0216;cycle-0218;cycle-0219;cycle-0222;cycle-0225;cycle-0226;cycle-0228;cycle-0232;cycle-0233;cycle-0235;cycle-0237;cycle-0239;cycle-0241;cycle-0242;cycle-0243,1,2229.969308,4407.112876
11,blocked,FLShield,sign_flip,0,0,0,1,-0.14236274142439473,-0.14859484283295,-0.13680954783064472,0,0,-0.16369717536843334,844,66,1,0,0,0,0,0,0,1,0,0.5251282051282051,0.49846153846153846,0.49846153846153846,0.0,0.0,62;4;60;55;30;44;1;41;48;99;94;33;58;21;57;25;24;79;5;78;82;67;110;77;23;39;12;103;72;9,112;113;114;115;116;117;118;119;120;121;122;123;124;125;126;127;128;150;151;152;153;154;155;156;157;158;159;160;161;162,169;227;193;230;195;192;220;163;224;196;175;234;172;236;238;206;167;191;240;229;205;203;189;168;194;173;186;171;170;182;221;208;181;210;177;211;201;223;176;165;164;209;239;214;243;241;233;212;202;235;188;215;174;190;228;184;219;226;204;232;216;185;166;183;199;237;197;179;178;180;213;218;225;207;242;222,245;246;247;248;249;250;251;252;253;254;255;256;257;258;259;260;261;262;263;264,commit,-0.14236274142439473,9592addbb978eea15bdfc58a56addb8875ed5ded043408c096fd3ca202d62702,1,1,1,1,1,1,1,1,1,1,1,3,3,1,1,9,2,0,cycle-0163;cycle-0167;cycle-0168;cycle-0169;cycle-0170;cycle-0171;cycle-0172;cycle-0173;cycle-0175;cycle-0177;cycle-0181;cycle-0182;cycle-0186;cycle-0189;cycle-0191;cycle-0192;cycle-0193;cycle-0194;cycle-0195;cycle-0196;cycle-0201;cycle-0203;cycle-0205;cycle-0206;cycle-0208;cycle-0210;cycle-0211;cycle-0220;cycle-0221;cycle-0223;cycle-0224;cycle-0227;cycle-0229;cycle-0230;cycle-0234;cycle-0236;cycle-0238;cycle-0240,1,2255.011993,4516.242085
11,blocked,FoundationFL,sign_flip,0,0,0,0,0.08317591066094737,0.0874832432998,0.08196656746434211,0,0,0.0834073682235,844,66,0,0,0,1,0,0,0,0,0,0.5251282051282051,0.5335897435897436,0.5251282051282051,-0.00846153846153852,0.0874832432998,62;4;60;55;30;44;1;41;48;99;94;33;58;21;57;25;24;79;5;78;82;67;110;77;23;39;12;103;72;9,112;113;114;115;116;117;118;119;120;121;122;123;124;125;126;127;128;150;151;152;153;154;155;156;157;158;159;160;161;162,169;227;193;230;195;192;220;163;224;196;175;234;172;236;238;206;167;191;240;229;205;203;189;168;194;173;186;171;170;182;221;208;181;210;177;211;201;223;176;165;164;209;239;214;243;241;233;212;202;235;188;215;174;190;228;184;219;226;204;232;216;185;166;183;199;237;197;179;178;180;213;218;225;207;242;222,245;246;247;248;249;250;251;252;253;254;255;256;257;258;259;260;261;262;263;264,reject,0.08317591066094737,f05eb7ee98ba6b34bf3205140ad4aaa5aa731dd31a7913e46c497e6f6a799a1d,1,1,1,0,0,1,1,1,1,1,1,3,3,1,1,9,2,0,cycle-0163;cycle-0167;cycle-0168;cycle-0169;cycle-0170;cycle-0171;cycle-0172;cycle-0173;cycle-0175;cycle-0177;cycle-0181;cycle-0182;cycle-0186;cycle-0189;cycle-0191;cycle-0192;cycle-0193;cycle-0194;cycle-0195;cycle-0196;cycle-0201;cycle-0203;cycle-0205;cycle-0206;cycle-0208;cycle-0210;cycle-0211;cycle-0220;cycle-0221;cycle-0223;cycle-0224;cycle-0227;cycle-0229;cycle-0230;cycle-0234;cycle-0236;cycle-0238;cycle-0240,1,2216.722046,4508.91552
11,blocked,FedAvg,model_replacement,0,0,0,0,0.16028527620568422,0.1727053055298,0.1611745566483421,0,0,0.1877310691312,844,66,0,0,0,1,0,0,0,0,0,0.5251282051282051,0.48205128205128206,0.5251282051282051,0.04307692307692307,0.1727053055298,62;4;60;55;30;44;1;41;48;99;94;33;58;21;57;25;24;79;5;78;82;67;110;77;23;39;12;103;72;9,112;113;114;115;116;117;118;119;120;121;122;123;124;125;126;127;128;150;151;152;153;154;155;156;157;158;159;160;161;162,169;227;193;230;195;192;220;163;224;196;175;234;172;236;238;206;167;191;240;229;205;203;189;168;194;173;186;171;170;182;221;208;181;210;177;211;201;223;176;165;164;209;239;214;243;241;233;212;202;235;188;215;174;190;228;184;219;226;204;232;216;185;166;183;199;237;197;179;178;180;213;218;225;207;242;222,245;246;247;248;249;250;251;252;253;254;255;256;257;258;259;260;261;262;263;264,reject,0.16028527620568422,7fa9bb5796714cfd1de2356263da952feb829526df3f9791ca1d3aab5bf240e4,1,1,1,0,0,1,1,1,1,1,1,3,3,1,1,9,2,1,cycle-0164;cycle-0165;cycle-0166;cycle-0174;cycle-0176;cycle-0178;cycle-0179;cycle-0180;cycle-0183;cycle-0184;cycle-0185;cycle-0188;cycle-0190;cycle-0197;cycle-0199;cycle-0202;cycle-0204;cycle-0207;cycle-0209;cycle-0212;cycle-0213;cycle-0214;cycle-0215;cycle-0216;cycle-0218;cycle-0219;cycle-0222;cycle-0225;cycle-0226;cycle-0228;cycle-0232;cycle-0233;cycle-0235;cycle-0237;cycle-0239;cycle-0241;cycle-0242;cycle-0243,1,2325.272172,4654.28515
11,blocked,CoordinateMedian,model_replacement,0,0,0,1,-0.03002905670131579,-0.03150800374795,-0.030576355212605263,0,0,-0.03216278474513334,844,66,1,0,0,0,0,0,0,1,0,0.5251282051282051,0.512991452991453,0.512991452991453,0.0,0.0,62;4;60;55;30;44;1;41;48;99;94;33;58;21;57;25;24;79;5;78;82;67;110;77;23;39;12;103;72;9,112;113;114;115;116;117;118;119;120;121;122;123;124;125;126;127;128;150;151;152;153;154;155;156;157;158;159;160;161;162,169;227;193;230;195;192;220;163;224;196;175;234;172;236;238;206;167;191;240;229;205;203;189;168;194;173;186;171;170;182;221;208;181;210;177;211;201;223;176;165;164;209;239;214;243;241;233;212;202;235;188;215;174;190;228;184;219;226;204;232;216;185;166;183;199;237;197;179;178;180;213;218;225;207;242;222,245;246;247;248;249;250;251;252;253;254;255;256;257;258;259;260;261;262;263;264,commit,-0.03002905670131579,91ba832c57ba701e1aea1688b8fbaea0637211422f477276549ba61a3574d85a,1,1,1,1,1,1,1,1,1,1,1,3,3,1,1,9,2,1,cycle-0164;cycle-0165;cycle-0166;cycle-0174;cycle-0176;cycle-0178;cycle-0179;cycle-0180;cycle-0183;cycle-0184;cycle-0185;cycle-0188;cycle-0190;cycle-0197;cycle-0199;cycle-0202;cycle-0204;cycle-0207;cycle-0209;cycle-0212;cycle-0213;cycle-0214;cycle-0215;cycle-0216;cycle-0218;cycle-0219;cycle-0222;cycle-0225;cycle-0226;cycle-0228;cycle-0232;cycle-0233;cycle-0235;cycle-0237;cycle-0239;cycle-0241;cycle-0242;cycle-0243,1,2296.757882,4686.030957
11,blocked,Krum,model_replacement,0,0,0,0,0.0007471387696842105,0.0019771125227,0.0007334143377763158,0,0,-0.0006453397255666666,844,66,1,0,0,0,0,0,0,0,0,0.5251282051282051,0.551965811965812,0.5251282051282051,-0.02683760683760683,0.0019771125227,62;4;60;55;30;44;1;41;48;99;94;33;58;21;57;25;24;79;5;78;82;67;110;77;23;39;12;103;72;9,112;113;114;115;116;117;118;119;120;121;122;123;124;125;126;127;128;150;151;152;153;154;155;156;157;158;159;160;161;162,169;227;193;230;195;192;220;163;224;196;175;234;172;236;238;206;167;191;240;229;205;203;189;168;194;173;186;171;170;182;221;208;181;210;177;211;201;223;176;165;164;209;239;214;243;241;233;212;202;235;188;215;174;190;228;184;219;226;204;232;216;185;166;183;199;237;197;179;178;180;213;218;225;207;242;222,245;246;247;248;249;250;251;252;253;254;255;256;257;258;259;260;261;262;263;264,reject,0.0007471387696842105,7632fc70cec688d317fe64ad210e2ce1d29832d5a694a2f2f840588c261b43dd,1,1,1,0,0,1,1,1,1,1,1,3,3,1,1,9,2,1,cycle-0164;cycle-0165;cycle-0166;cycle-0174;cycle-0176;cycle-0178;cycle-0179;cycle-0180;cycle-0183;cycle-0184;cycle-0185;cycle-0188;cycle-0190;cycle-0197;cycle-0199;cycle-0202;cycle-0204;cycle-0207;cycle-0209;cycle-0212;cycle-0213;cycle-0214;cycle-0215;cycle-0216;cycle-0218;cycle-0219;cycle-0222;cycle-0225;cycle-0226;cycle-0228;cycle-0232;cycle-0233;cycle-0235;cycle-0237;cycle-0239;cycle-0241;cycle-0242;cycle-0243,1,2308.946022,4592.418628
11,blocked,FLTrust,model_replacement,0,0,0,0,0.3425958380118158,0.36003698823435,0.3389905958872763,0,0,0.3456869599703,844,66,0,0,0,1,1,0,0,0,0,0.5251282051282051,0.5,0.5251282051282051,0.025128205128205128,0.36003698823435,62;4;60;55;30;44;1;41;48;99;94;33;58;21;57;25;24;79;5;78;82;67;110;77;23;39;12;103;72;9,112;113;114;115;116;117;118;119;120;121;122;123;124;125;126;127;128;150;151;152;153;154;155;156;157;158;159;160;161;162,169;227;193;230;195;192;220;163;224;196;175;234;172;236;238;206;167;191;240;229;205;203;189;168;194;173;186;171;170;182;221;208;181;210;177;211;201;223;176;165;164;209;239;214;243;241;233;212;202;235;188;215;174;190;228;184;219;226;204;232;216;185;166;183;199;237;197;179;178;180;213;218;225;207;242;222,245;246;247;248;249;250;251;252;253;254;255;256;257;258;259;260;261;262;263;264,reject,0.3425958380118158,8c0d76d28d78c1a0a7a2d0b0fa4c44a4520696ff70936d5e2fc37c8780bf4e9c,1,1,1,0,0,1,1,1,1,1,1,3,3,1,1,9,2,0,cycle-0163;cycle-0167;cycle-0168;cycle-0169;cycle-0170;cycle-0171;cycle-0172;cycle-0173;cycle-0175;cycle-0177;cycle-0181;cycle-0182;cycle-0186;cycle-0189;cycle-0191;cycle-0192;cycle-0193;cycle-0194;cycle-0195;cycle-0196;cycle-0201;cycle-0203;cycle-0205;cycle-0206;cycle-0208;cycle-0210;cycle-0211;cycle-0220;cycle-0221;cycle-0223;cycle-0224;cycle-0227;cycle-0229;cycle-0230;cycle-0234;cycle-0236;cycle-0238;cycle-0240,1,2335.561448,4582.221124
11,blocked,FedVal,model_replacement,0,0,0,0,0.05947325174281579,0.065855695962,0.05977745937815789,0,0,0.07275353160233333,844,66,0,0,0,1,0,0,0,0,0,0.5251282051282051,0.46034188034188034,0.5251282051282051,0.06478632478632479,0.065855695962,62;4;60;55;30;44;1;41;48;99;94;33;58;21;57;25;24;79;5;78;82;67;110;77;23;39;12;103;72;9,112;113;114;115;116;117;118;119;120;121;122;123;124;125;126;127;128;150;151;152;153;154;155;156;157;158;159;160;161;162,169;227;193;230;195;192;220;163;224;196;175;234;172;236;238;206;167;191;240;229;205;203;189;168;194;173;186;171;170;182;221;208;181;210;177;211;201;223;176;165;164;209;239;214;243;241;233;212;202;235;188;215;174;190;228;184;219;226;204;232;216;185;166;183;199;237;197;179;178;180;213;218;225;207;242;222,245;246;247;248;249;250;251;252;253;254;255;256;257;258;259;260;261;262;263;264,reject,0.05947325174281579,b4bc86d9dfbbe917b34d21c7ca3a7aa901cd1c92bd96b55613574f0c69f0c2d7,1,1,1,0,0,1,1,1,1,1,1,3,3,1,1,9,2,1,cycle-0164;cycle-0165;cycle-0166;cycle-0174;cycle-0176;cycle-0178;cycle-0179;cycle-0180;cycle-0183;cycle-0184;cycle-0185;cycle-0188;cycle-0190;cycle-0197;cycle-0199;cycle-0202;cycle-0204;cycle-0207;cycle-0209;cycle-0212;cycle-0213;cycle-0214;cycle-0215;cycle-0216;cycle-0218;cycle-0219;cycle-0222;cycle-0225;cycle-0226;cycle-0228;cycle-0232;cycle-0233;cycle-0235;cycle-0237;cycle-0239;cycle-0241;cycle-0242;cycle-0243,1,2123.369686,4321.379733
11,blocked,FLShield,model_replacement,0,0,0,0,0.018863212282052632,0.02038062548845,0.018554850120618423,0,0,0.018848091719366668,844,66,0,0,0,0,0,0,0,0,0,0.5251282051282051,0.5544444444444444,0.5251282051282051,-0.02931623931623928,0.02038062548845,62;4;60;55;30;44;1;41;48;99;94;33;58;21;57;25;24;79;5;78;82;67;110;77;23;39;12;103;72;9,112;113;114;115;116;117;118;119;120;121;122;123;124;125;126;127;128;150;151;152;153;154;155;156;157;158;159;160;161;162,169;227;193;230;195;192;220;163;224;196;175;234;172;236;238;206;167;191;240;229;205;203;189;168;194;173;186;171;170;182;221;208;181;210;177;211;201;223;176;165;164;209;239;214;243;241;233;212;202;235;188;215;174;190;228;184;219;226;204;232;216;185;166;183;199;237;197;179;178;180;213;218;225;207;242;222,245;246;247;248;249;250;251;252;253;254;255;256;257;258;259;260;261;262;263;264,reject,0.018863212282052632,ad727504fe6cb49f64439d9b7ec9efb991c90e4ed2156541ef30259ae49b956f,1,1,1,0,0,1,1,1,1,1,1,3,3,1,1,9,2,0,cycle-0163;cycle-0167;cycle-0168;cycle-0169;cycle-0170;cycle-0171;cycle-0172;cycle-0173;cycle-0175;cycle-0177;cycle-0181;cycle-0182;cycle-0186;cycle-0189;cycle-0191;cycle-0192;cycle-0193;cycle-0194;cycle-0195;cycle-0196;cycle-0201;cycle-0203;cycle-0205;cycle-0206;cycle-0208;cycle-0210;cycle-0211;cycle-0220;cycle-0221;cycle-0223;cycle-0224;cycle-0227;cycle-0229;cycle-0230;cycle-0234;cycle-0236;cycle-0238;cycle-0240,1,2200.741134,4465.28964
11,blocked,FoundationFL,model_replacement,0,0,0,0,0.011732563982210526,0.0147776184903,0.013190889999447368,0,0,0.052523859586333335,844,66,0,0,0,0,0,0,0,0,0,0.5251282051282051,0.43948717948717947,0.5251282051282051,0.08564102564102566,0.0147776184903,62;4;60;55;30;44;1;41;48;99;94;33;58;21;57;25;24;79;5;78;82;67;110;77;23;39;12;103;72;9,112;113;114;115;116;117;118;119;120;121;122;123;124;125;126;127;128;150;151;152;153;154;155;156;157;158;159;160;161;162,169;227;193;230;195;192;220;163;224;196;175;234;172;236;238;206;167;191;240;229;205;203;189;168;194;173;186;171;170;182;221;208;181;210;177;211;201;223;176;165;164;209;239;214;243;241;233;212;202;235;188;215;174;190;228;184;219;226;204;232;216;185;166;183;199;237;197;179;178;180;213;218;225;207;242;222,245;246;247;248;249;250;251;252;253;254;255;256;257;258;259;260;261;262;263;264,reject,0.011732563982210526,fa2b5434f096fe2d453e750cfbba285bd505f7e18f220291910b260831054b4e,1,1,1,0,0,1,1,1,1,1,1,3,3,1,1,9,2,0,cycle-0163;cycle-0167;cycle-0168;cycle-0169;cycle-0170;cycle-0171;cycle-0172;cycle-0173;cycle-0175;cycle-0177;cycle-0181;cycle-0182;cycle-0186;cycle-0189;cycle-0191;cycle-0192;cycle-0193;cycle-0194;cycle-0195;cycle-0196;cycle-0201;cycle-0203;cycle-0205;cycle-0206;cycle-0208;cycle-0210;cycle-0211;cycle-0220;cycle-0221;cycle-0223;cycle-0224;cycle-0227;cycle-0229;cycle-0230;cycle-0234;cycle-0236;cycle-0238;cycle-0240,1,2304.911177,4545.114698
11,blocked,FedAvg,score_aware,64,16,1,1,-0.12964319694939475,-0.1474808779353,-0.13577446530207896,0,0,-0.16557292756083333,844,66,1,0,0,0,0,0,0,1,0,0.5251282051282051,0.5,0.5,0.0,0.0,62;4;60;55;30;44;1;41;48;99;94;33;58;21;57;25;24;79;5;78;82;67;110;77;23;39;12;103;72;9,112;113;114;115;116;117;118;119;120;121;122;123;124;125;126;127;128;150;151;152;153;154;155;156;157;158;159;160;161;162,169;227;193;230;195;192;220;163;224;196;175;234;172;236;238;206;167;191;240;229;205;203;189;168;194;173;186;171;170;182;221;208;181;210;177;211;201;223;176;165;164;209;239;214;243;241;233;212;202;235;188;215;174;190;228;184;219;226;204;232;216;185;166;183;199;237;197;179;178;180;213;218;225;207;242;222,245;246;247;248;249;250;251;252;253;254;255;256;257;258;259;260;261;262;263;264,commit,-0.12964319694939475,b5cb55f03c299814ade529ddebb5b9b3d6d9003b3226f0daba0fea10f0851229,1,1,1,1,1,1,1,1,1,1,1,3,3,1,1,9,2,1,cycle-0164;cycle-0165;cycle-0166;cycle-0174;cycle-0176;cycle-0178;cycle-0179;cycle-0180;cycle-0183;cycle-0184;cycle-0185;cycle-0188;cycle-0190;cycle-0197;cycle-0199;cycle-0202;cycle-0204;cycle-0207;cycle-0209;cycle-0212;cycle-0213;cycle-0214;cycle-0215;cycle-0216;cycle-0218;cycle-0219;cycle-0222;cycle-0225;cycle-0226;cycle-0228;cycle-0232;cycle-0233;cycle-0235;cycle-0237;cycle-0239;cycle-0241;cycle-0242;cycle-0243,1,2308.234671,4580.400356
11,blocked,FLTrust,score_aware,64,38,0,0,0.2805035349461579,0.30110821927885,0.2837454916982105,0,0,0.2889430573846,844,66,0,0,0,1,0,0,0,0,0,0.5251282051282051,0.5007692307692307,0.5251282051282051,0.024358974358974383,0.30110821927885,62;4;60;55;30;44;1;41;48;99;94;33;58;21;57;25;24;79;5;78;82;67;110;77;23;39;12;103;72;9,112;113;114;115;116;117;118;119;120;121;122;123;124;125;126;127;128;150;151;152;153;154;155;156;157;158;159;160;161;162,169;227;193;230;195;192;220;163;224;196;175;234;172;236;238;206;167;191;240;229;205;203;189;168;194;173;186;171;170;182;221;208;181;210;177;211;201;223;176;165;164;209;239;214;243;241;233;212;202;235;188;215;174;190;228;184;219;226;204;232;216;185;166;183;199;237;197;179;178;180;213;218;225;207;242;222,245;246;247;248;249;250;251;252;253;254;255;256;257;258;259;260;261;262;263;264,reject,0.2805035349461579,07f1b2b27cbdb1de9cd747116d74d653569a6506510229248a405aff1d25cf72,1,1,1,0,0,1,1,1,1,1,1,3,3,1,1,9,2,1,cycle-0164;cycle-0165;cycle-0166;cycle-0174;cycle-0176;cycle-0178;cycle-0179;cycle-0180;cycle-0183;cycle-0184;cycle-0185;cycle-0188;cycle-0190;cycle-0197;cycle-0199;cycle-0202;cycle-0204;cycle-0207;cycle-0209;cycle-0212;cycle-0213;cycle-0214;cycle-0215;cycle-0216;cycle-0218;cycle-0219;cycle-0222;cycle-0225;cycle-0226;cycle-0228;cycle-0232;cycle-0233;cycle-0235;cycle-0237;cycle-0239;cycle-0241;cycle-0242;cycle-0243,1,2315.30078,4598.963884
11,blocked,FoundationFL,score_aware,64,16,1,1,-0.12964319694936843,-0.1474808779353,-0.13577446530203946,0,0,-0.16557292756076666,844,66,1,0,0,0,0,0,0,1,0,0.5251282051282051,0.5,0.5,0.0,0.0,62;4;60;55;30;44;1;41;48;99;94;33;58;21;57;25;24;79;5;78;82;67;110;77;23;39;12;103;72;9,112;113;114;115;116;117;118;119;120;121;122;123;124;125;126;127;128;150;151;152;153;154;155;156;157;158;159;160;161;162,169;227;193;230;195;192;220;163;224;196;175;234;172;236;238;206;167;191;240;229;205;203;189;168;194;173;186;171;170;182;221;208;181;210;177;211;201;223;176;165;164;209;239;214;243;241;233;212;202;235;188;215;174;190;228;184;219;226;204;232;216;185;166;183;199;237;197;179;178;180;213;218;225;207;242;222,245;246;247;248;249;250;251;252;253;254;255;256;257;258;259;260;261;262;263;264,commit,-0.12964319694936843,315697437e11afa9af5cb93dbce2dab16fd3f98bd54825908213b0fd6123f698,1,1,1,1,1,1,1,1,1,1,1,3,3,1,1,9,2,1,cycle-0164;cycle-0165;cycle-0166;cycle-0174;cycle-0176;cycle-0178;cycle-0179;cycle-0180;cycle-0183;cycle-0184;cycle-0185;cycle-0188;cycle-0190;cycle-0197;cycle-0199;cycle-0202;cycle-0204;cycle-0207;cycle-0209;cycle-0212;cycle-0213;cycle-0214;cycle-0215;cycle-0216;cycle-0218;cycle-0219;cycle-0222;cycle-0225;cycle-0226;cycle-0228;cycle-0232;cycle-0233;cycle-0235;cycle-0237;cycle-0239;cycle-0241;cycle-0242;cycle-0243,1,2299.616502,4488.319149
12,blocked,FedAvg,none,0,0,0,0,0.0093765724655,0.01072794369475,0.009795212913776316,0,0,0.010531135148633334,844,66,0,0,0,0,0,0,0,0,0,0.49923076923076926,0.4976923076923077,0.49923076923076926,0.001538461538461544,0.01072794369475,41;73;89;105;26;38;95;35;12;60;80;88;9;63;94;31;10;79;45;57;3;102;86;72;91;96;109;1;51;47,112;113;114;115;116;117;118;119;120;121;122;123;124;125;126;127;128;150;151;152;153;154;155;156;157;158;159;160;161;162,199;181;175;215;216;180;210;169;192;240;201;213;243;231;182;220;206;214;176;170;171;233;172;191;234;211;203;190;178;232;212;202;173;194;166;197;193;238;225;219;198;205;223;207;174;185;163;241;208;168;177;229;242;222;188;226;183;209;164;224;236;167;235;196;218;221;179;237;204;200;184;230;228;239;227;217,245;246;247;248;249;250;251;252;253;254;255;256;257;258;259;260;261;262;263;264,reject,0.0093765724655,9ddd0ff8c1e4a548ca774778fa5955bbfee7fdeb2b136f6a27e605f9be5437f7,1,2,2,0,0,1,1,1,1,1,1,3,3,1,1,9,2,1,cycle-0163;cycle-0164;cycle-0167;cycle-0168;cycle-0174;cycle-0177;cycle-0179;cycle-0183;cycle-0184;cycle-0185;cycle-0188;cycle-0196;cycle-0198;cycle-0200;cycle-0204;cycle-0205;cycle-0207;cycle-0208;cycle-0209;cycle-0217;cycle-0218;cycle-0219;cycle-0221;cycle-0222;cycle-0223;cycle-0224;cycle-0225;cycle-0226;cycle-0227;cycle-0228;cycle-0229;cycle-0230;cycle-0235;cycle-0236;cycle-0237;cycle-0239;cycle-0241;cycle-0242,1,2427.383032,5758.485895
12,blocked,CoordinateMedian,none,0,0,0,0,0.00892890285381579,0.0098778199975,0.008645146882210526,0,0,0.008593642625933333,844,66,0,0,0,0,0,0,0,0,0,0.49923076923076926,0.49846153846153846,0.49923076923076926,0.0007692307692307998,0.0098778199975,41;73;89;105;26;38;95;35;12;60;80;88;9;63;94;31;10;79;45;57;3;102;86;72;91;96;109;1;51;47,112;113;114;115;116;117;118;119;120;121;122;123;124;125;126;127;128;150;151;152;153;154;155;156;157;158;159;160;161;162,199;181;175;215;216;180;210;169;192;240;201;213;243;231;182;220;206;214;176;170;171;233;172;191;234;211;203;190;178;232;212;202;173;194;166;197;193;238;225;219;198;205;223;207;174;185;163;241;208;168;177;229;242;222;188;226;183;209;164;224;236;167;235;196;218;221;179;237;204;200;184;230;228;239;227;217,245;246;247;248;249;250;251;252;253;254;255;256;257;258;259;260;261;262;263;264,reject,0.00892890285381579,62f1cd9f265d9b82f562485a3a491f3783afa5a8ac4895767f11c367159f7c5d,1,1,1,0,0,1,1,1,1,1,1,3,3,1,1,9,2,0,cycle-0166;cycle-0169;cycle-0170;cycle-0171;cycle-0172;cycle-0173;cycle-0175;cycle-0176;cycle-0178;cycle-0180;cycle-0181;cycle-0182;cycle-0190;cycle-0191;cycle-0192;cycle-0193;cycle-0194;cycle-0197;cycle-0199;cycle-0201;cycle-0202;cycle-0203;cycle-0206;cycle-0210;cycle-0211;cycle-0212;cycle-0213;cycle-0214;cycle-0215;cycle-0216;cycle-0220;cycle-0231;cycle-0232;cycle-0233;cycle-0234;cycle-0238;cycle-0240;cycle-0243,1,2291.790036,4501.342327
12,blocked,Krum,none,0,0,0,0,0.052238497530315786,0.059560885747,0.05406872641956579,0,0,0.05687933479573333,844,66,0,0,0,1,0,0,0,0,0,0.49923076923076926,0.5125641025641026,0.49923076923076926,-0.013333333333333308,0.059560885747,41;73;89;105;26;38;95;35;12;60;80;88;9;63;94;31;10;79;45;57;3;102;86;72;91;96;109;1;51;47,112;113;114;115;116;117;118;119;120;121;122;123;124;125;126;127;128;150;151;152;153;154;155;156;157;158;159;160;161;162,199;181;175;215;216;180;210;169;192;240;201;213;243;231;182;220;206;214;176;170;171;233;172;191;234;211;203;190;178;232;212;202;173;194;166;197;193;238;225;219;198;205;223;207;174;185;163;241;208;168;177;229;242;222;188;226;183;209;164;224;236;167;235;196;218;221;179;237;204;200;184;230;228;239;227;217,245;246;247;248;249;250;251;252;253;254;255;256;257;258;259;260;261;262;263;264,reject,0.052238497530315786,c35069a4f979b009f74cede15ce600b3552ae787a09e3c683070571363c510d8,1,1,1,0,0,1,1,1,1,1,1,3,3,1,1,9,2,1,cycle-0163;cycle-0164;cycle-0167;cycle-0168;cycle-0174;cycle-0177;cycle-0179;cycle-0183;cycle-0184;cycle-0185;cycle-0188;cycle-0196;cycle-0198;cycle-0200;cycle-0204;cycle-0205;cycle-0207;cycle-0208;cycle-0209;cycle-0217;cycle-0218;cycle-0219;cycle-0221;cycle-0222;cycle-0223;cycle-0224;cycle-0225;cycle-0226;cycle-0227;cycle-0228;cycle-0229;cycle-0230;cycle-0235;cycle-0236;cycle-0237;cycle-0239;cycle-0241;cycle-0242,1,2385.351647,4750.675354
12,blocked,FLTrust,none,0,0,0,0,0.36403298017305263,0.3993721789538,0.3728659576267763,1,0,0.3853370031362333,844,66,0,0,0,1,1,0,0,0,0,0.49923076923076926,0.5007692307692307,0.49923076923076926,-0.0015384615384614886,0.3993721789538,41;73;89;105;26;38;95;35;12;60;80;88;9;63;94;31;10;79;45;57;3;102;86;72;91;96;109;1;51;47,112;113;114;115;116;117;118;119;120;121;122;123;124;125;126;127;128;150;151;152;153;154;155;156;157;158;159;160;161;162,199;181;175;215;216;180;210;169;192;240;201;213;243;231;182;220;206;214;176;170;171;233;172;191;234;211;203;190;178;232;212;202;173;194;166;197;193;238;225;219;198;205;223;207;174;185;163;241;208;168;177;229;242;222;188;226;183;209;164;224;236;167;235;196;218;221;179;237;204;200;184;230;228;239;227;217,245;246;247;248;249;250;251;252;253;254;255;256;257;258;259;260;261;262;263;264,reject,0.36403298017305263,4dcf703f03555bebeb52d8f135d33a6ef48826b5f8910f7f1ccd873439390fc9,1,1,1,0,0,1,1,1,1,1,1,3,3,1,1,9,2,1,cycle-0163;cycle-0164;cycle-0167;cycle-0168;cycle-0174;cycle-0177;cycle-0179;cycle-0183;cycle-0184;cycle-0185;cycle-0188;cycle-0196;cycle-0198;cycle-0200;cycle-0204;cycle-0205;cycle-0207;cycle-0208;cycle-0209;cycle-0217;cycle-0218;cycle-0219;cycle-0221;cycle-0222;cycle-0223;cycle-0224;cycle-0225;cycle-0226;cycle-0227;cycle-0228;cycle-0229;cycle-0230;cycle-0235;cycle-0236;cycle-0237;cycle-0239;cycle-0241;cycle-0242,1,2510.273905,4850.840168
12,blocked,FedVal,none,0,0,0,0,0.058979331209394734,0.0616554599244,0.05692348002923684,0,0,0.06054124364803333,844,66,0,0,0,1,0,0,0,0,0,0.49923076923076926,0.5144444444444444,0.49923076923076926,-0.015213675213675115,0.0616554599244,41;73;89;105;26;38;95;35;12;60;80;88;9;63;94;31;10;79;45;57;3;102;86;72;91;96;109;1;51;47,112;113;114;115;116;117;118;119;120;121;122;123;124;125;126;127;128;150;151;152;153;154;155;156;157;158;159;160;161;162,199;181;175;215;216;180;210;169;192;240;201;213;243;231;182;220;206;214;176;170;171;233;172;191;234;211;203;190;178;232;212;202;173;194;166;197;193;238;225;219;198;205;223;207;174;185;163;241;208;168;177;229;242;222;188;226;183;209;164;224;236;167;235;196;218;221;179;237;204;200;184;230;228;239;227;217,245;246;247;248;249;250;251;252;253;254;255;256;257;258;259;260;261;262;263;264,reject,0.058979331209394734,e48d765e8b8fd124750479e652a7d4f58b8cd17fd283c94a3df1ecc8f676537c,1,1,1,0,0,1,1,1,1,1,1,3,3,1,1,9,2,0,cycle-0166;cycle-0169;cycle-0170;cycle-0171;cycle-0172;cycle-0173;cycle-0175;cycle-0176;cycle-0178;cycle-0180;cycle-0181;cycle-0182;cycle-0190;cycle-0191;cycle-0192;cycle-0193;cycle-0194;cycle-0197;cycle-0199;cycle-0201;cycle-0202;cycle-0203;cycle-0206;cycle-0210;cycle-0211;cycle-0212;cycle-0213;cycle-0214;cycle-0215;cycle-0216;cycle-0220;cycle-0231;cycle-0232;cycle-0233;cycle-0234;cycle-0238;cycle-0240;cycle-0243,1,2190.440066,4436.407724
12,blocked,FLShield,none,0,0,0,1,-0.03796870645034211,-0.0393029607005,-0.036165005998276316,0,0,-0.040823802672,844,66,1,0,0,0,0,0,0,1,0,0.49923076923076926,0.5,0.5,0.0,0.0,41;73;89;105;26;38;95;35;12;60;80;88;9;63;94;31;10;79;45;57;3;102;86;72;91;96;109;1;51;47,112;113;114;115;116;117;118;119;120;121;122;123;124;125;126;127;128;150;151;152;153;154;155;156;157;158;159;160;161;162,199;181;175;215;216;180;210;169;192;240;201;213;243;231;182;220;206;214;176;170;171;233;172;191;234;211;203;190;178;232;212;202;173;194;166;197;193;238;225;219;198;205;223;207;174;185;163;241;208;168;177;229;242;222;188;226;183;209;164;224;236;167;235;196;218;221;179;237;204;200;184;230;228;239;227;217,245;246;247;248;249;250;251;252;253;254;255;256;257;258;259;260;261;262;263;264,commit,-0.03796870645034211,02267b426b668c5cf4f803b592b89f47fdca723d6a28e19f109ab260b7772809,1,1,1,1,1,1,1,1,1,1,1,3,3,1,1,9,2,0,cycle-0166;cycle-0169;cycle-0170;cycle-0171;cycle-0172;cycle-0173;cycle-0175;cycle-0176;cycle-0178;cycle-0180;cycle-0181;cycle-0182;cycle-0190;cycle-0191;cycle-0192;cycle-0193;cycle-0194;cycle-0197;cycle-0199;cycle-0201;cycle-0202;cycle-0203;cycle-0206;cycle-0210;cycle-0211;cycle-0212;cycle-0213;cycle-0214;cycle-0215;cycle-0216;cycle-0220;cycle-0231;cycle-0232;cycle-0233;cycle-0234;cycle-0238;cycle-0240;cycle-0243,1,2219.833723,4523.612481
12,blocked,FoundationFL,none,0,0,0,0,0.02229107594386842,0.023096205658,0.02111180795006579,0,0,0.024148297741533334,844,66,0,0,0,0,0,0,0,0,0,0.49923076923076926,0.5049572649572649,0.49923076923076926,-0.0057264957264956395,0.023096205658,41;73;89;105;26;38;95;35;12;60;80;88;9;63;94;31;10;79;45;57;3;102;86;72;91;96;109;1;51;47,112;113;114;115;116;117;118;119;120;121;122;123;124;125;126;127;128;150;151;152;153;154;155;156;157;158;159;160;161;162,199;181;175;215;216;180;210;169;192;240;201;213;243;231;182;220;206;214;176;170;171;233;172;191;234;211;203;190;178;232;212;202;173;194;166;197;193;238;225;219;198;205;223;207;174;185;163;241;208;168;177;229;242;222;188;226;183;209;164;224;236;167;235;196;218;221;179;237;204;200;184;230;228;239;227;217,245;246;247;248;249;250;251;252;253;254;255;256;257;258;259;260;261;262;263;264,reject,0.02229107594386842,2b035913721086fb7854463fb1863d75edd3b08913929e05c22475ada7332e8c,1,1,1,0,0,1,1,1,1,1,1,3,3,1,1,9,2,0,cycle-0166;cycle-0169;cycle-0170;cycle-0171;cycle-0172;cycle-0173;cycle-0175;cycle-0176;cycle-0178;cycle-0180;cycle-0181;cycle-0182;cycle-0190;cycle-0191;cycle-0192;cycle-0193;cycle-0194;cycle-0197;cycle-0199;cycle-0201;cycle-0202;cycle-0203;cycle-0206;cycle-0210;cycle-0211;cycle-0212;cycle-0213;cycle-0214;cycle-0215;cycle-0216;cycle-0220;cycle-0231;cycle-0232;cycle-0233;cycle-0234;cycle-0238;cycle-0240;cycle-0243,1,2268.449195,4661.796469
12,blocked,FedAvg,sign_flip,0,0,0,1,-0.0561046389865,-0.05834156035385,-0.052788753910644734,0,0,-0.06163927806173333,844,66,1,0,0,0,0,0,0,1,0,0.49923076923076926,0.5,0.5,0.0,0.0,41;73;89;105;26;38;95;35;12;60;80;88;9;63;94;31;10;79;45;57;3;102;86;72;91;96;109;1;51;47,112;113;114;115;116;117;118;119;120;121;122;123;124;125;126;127;128;150;151;152;153;154;155;156;157;158;159;160;161;162,199;181;175;215;216;180;210;169;192;240;201;213;243;231;182;220;206;214;176;170;171;233;172;191;234;211;203;190;178;232;212;202;173;194;166;197;193;238;225;219;198;205;223;207;174;185;163;241;208;168;177;229;242;222;188;226;183;209;164;224;236;167;235;196;218;221;179;237;204;200;184;230;228;239;227;217,245;246;247;248;249;250;251;252;253;254;255;256;257;258;259;260;261;262;263;264,commit,-0.0561046389865,79d5d277e7465e2e792b2f42004c4bb0e0063f148e547604ed4e99d5a476d5e0,1,1,1,1,1,1,1,1,1,1,1,3,3,1,1,9,2,0,cycle-0166;cycle-0169;cycle-0170;cycle-0171;cycle-0172;cycle-0173;cycle-0175;cycle-0176;cycle-0178;cycle-0180;cycle-0181;cycle-0182;cycle-0190;cycle-0191;cycle-0192;cycle-0193;cycle-0194;cycle-0197;cycle-0199;cycle-0201;cycle-0202;cycle-0203;cycle-0206;cycle-0210;cycle-0211;cycle-0212;cycle-0213;cycle-0214;cycle-0215;cycle-0216;cycle-0220;cycle-0231;cycle-0232;cycle-0233;cycle-0234;cycle-0238;cycle-0240;cycle-0243,1,2329.906027,4615.519493
12,blocked,CoordinateMedian,sign_flip,0,0,0,1,-0.024652553864894736,-0.0253642461899,-0.023479622186973685,0,0,-0.0266078468106,844,66,1,0,0,0,0,0,0,1,0,0.49923076923076926,0.5,0.5,0.0,0.0,41;73;89;105;26;38;95;35;12;60;80;88;9;63;94;31;10;79;45;57;3;102;86;72;91;96;109;1;51;47,112;113;114;115;116;117;118;119;120;121;122;123;124;125;126;127;128;150;151;152;153;154;155;156;157;158;159;160;161;162,199;181;175;215;216;180;210;169;192;240;201;213;243;231;182;220;206;214;176;170;171;233;172;191;234;211;203;190;178;232;212;202;173;194;166;197;193;238;225;219;198;205;223;207;174;185;163;241;208;168;177;229;242;222;188;226;183;209;164;224;236;167;235;196;218;221;179;237;204;200;184;230;228;239;227;217,245;246;247;248;249;250;251;252;253;254;255;256;257;258;259;260;261;262;263;264,commit,-0.024652553864894736,ad893d3a680cc25cce91dd42396d9150982a3527974f790790a1970f3f61881c,1,1,1,1,1,1,1,1,1,1,1,3,3,1,1,9,2,0,cycle-0166;cycle-0169;cycle-0170;cycle-0171;cycle-0172;cycle-0173;cycle-0175;cycle-0176;cycle-0178;cycle-0180;cycle-0181;cycle-0182;cycle-0190;cycle-0191;cycle-0192;cycle-0193;cycle-0194;cycle-0197;cycle-0199;cycle-0201;cycle-0202;cycle-0203;cycle-0206;cycle-0210;cycle-0211;cycle-0212;cycle-0213;cycle-0214;cycle-0215;cycle-0216;cycle-0220;cycle-0231;cycle-0232;cycle-0233;cycle-0234;cycle-0238;cycle-0240;cycle-0243,1,2385.677555,4652.996404
12,blocked,Krum,sign_flip,0,0,0,0,0.0049501321555,0.0048465620367,0.004956552227131579,0,0,0.004344242912033333,844,66,0,0,0,0,0,0,0,0,0,0.49923076923076926,0.49615384615384617,0.49923076923076926,0.003076923076923088,0.0048465620367,41;73;89;105;26;38;95;35;12;60;80;88;9;63;94;31;10;79;45;57;3;102;86;72;91;96;109;1;51;47,112;113;114;115;116;117;118;119;120;121;122;123;124;125;126;127;128;150;151;152;153;154;155;156;157;158;159;160;161;162,199;181;175;215;216;180;210;169;192;240;201;213;243;231;182;220;206;214;176;170;171;233;172;191;234;211;203;190;178;232;212;202;173;194;166;197;193;238;225;219;198;205;223;207;174;185;163;241;208;168;177;229;242;222;188;226;183;209;164;224;236;167;235;196;218;221;179;237;204;200;184;230;228;239;227;217,245;246;247;248;249;250;251;252;253;254;255;256;257;258;259;260;261;262;263;264,reject,0.0049501321555,29dca9dba1a1c6927019b73b3ab6b51aa3a0138c130ac50636c9b5f8c6c8ea0a,1,1,1,0,0,1,1,1,1,1,1,3,3,1,1,9,2,1,cycle-0163;cycle-0164;cycle-0167;cycle-0168;cycle-0174;cycle-0177;cycle-0179;cycle-0183;cycle-0184;cycle-0185;cycle-0188;cycle-0196;cycle-0198;cycle-0200;cycle-0204;cycle-0205;cycle-0207;cycle-0208;cycle-0209;cycle-0217;cycle-0218;cycle-0219;cycle-0221;cycle-0222;cycle-0223;cycle-0224;cycle-0225;cycle-0226;cycle-0227;cycle-0228;cycle-0229;cycle-0230;cycle-0235;cycle-0236;cycle-0237;cycle-0239;cycle-0241;cycle-0242,1,2493.112781,4887.12469
12,blocked,FLTrust,sign_flip,0,0,0,0,0.3762483340343684,0.41174825933745,0.38525479880121055,1,0,0.3977539761341333,844,66,0,0,0,1,1,0,0,0,0,0.49923076923076926,0.5007692307692307,0.49923076923076926,-0.0015384615384614886,0.41174825933745,41;73;89;105;26;38;95;35;12;60;80;88;9;63;94;31;10;79;45;57;3;102;86;72;91;96;109;1;51;47,112;113;114;115;116;117;118;119;120;121;122;123;124;125;126;127;128;150;151;152;153;154;155;156;157;158;159;160;161;162,199;181;175;215;216;180;210;169;192;240;201;213;243;231;182;220;206;214;176;170;171;233;172;191;234;211;203;190;178;232;212;202;173;194;166;197;193;238;225;219;198;205;223;207;174;185;163;241;208;168;177;229;242;222;188;226;183;209;164;224;236;167;235;196;218;221;179;237;204;200;184;230;228;239;227;217,245;246;247;248;249;250;251;252;253;254;255;256;257;258;259;260;261;262;263;264,reject,0.3762483340343684,a8b3ba16e554c646d5682f396f196c1a43c1b0979ff496265bf545563cab11ae,1,1,1,0,0,1,1,1,1,1,1,3,3,1,1,9,2,1,cycle-0163;cycle-0164;cycle-0167;cycle-0168;cycle-0174;cycle-0177;cycle-0179;cycle-0183;cycle-0184;cycle-0185;cycle-0188;cycle-0196;cycle-0198;cycle-0200;cycle-0204;cycle-0205;cycle-0207;cycle-0208;cycle-0209;cycle-0217;cycle-0218;cycle-0219;cycle-0221;cycle-0222;cycle-0223;cycle-0224;cycle-0225;cycle-0226;cycle-0227;cycle-0228;cycle-0229;cycle-0230;cycle-0235;cycle-0236;cycle-0237;cycle-0239;cycle-0241;cycle-0242,1,2504.468273,4819.911651
12,blocked,FedVal,sign_flip,0,0,0,0,0.02158360464660526,0.02342275453425,0.02234086712606579,0,0,0.0238369369945,844,66,0,0,0,0,0,0,0,0,0,0.49923076923076926,0.5137606837606837,0.49923076923076926,-0.014529914529914478,0.02342275453425,41;73;89;105;26;38;95;35;12;60;80;88;9;63;94;31;10;79;45;57;3;102;86;72;91;96;109;1;51;47,112;113;114;115;116;117;118;119;120;121;122;123;124;125;126;127;128;150;151;152;153;154;155;156;157;158;159;160;161;162,199;181;175;215;216;180;210;169;192;240;201;213;243;231;182;220;206;214;176;170;171;233;172;191;234;211;203;190;178;232;212;202;173;194;166;197;193;238;225;219;198;205;223;207;174;185;163;241;208;168;177;229;242;222;188;226;183;209;164;224;236;167;235;196;218;221;179;237;204;200;184;230;228;239;227;217,245;246;247;248;249;250;251;252;253;254;255;256;257;258;259;260;261;262;263;264,reject,0.02158360464660526,efb75026cded0db8e44b3d7f8f99ef08659b8b57522e53ddffc8984c893473ed,1,1,1,0,0,1,1,1,1,1,1,3,3,1,1,9,2,1,cycle-0163;cycle-0164;cycle-0167;cycle-0168;cycle-0174;cycle-0177;cycle-0179;cycle-0183;cycle-0184;cycle-0185;cycle-0188;cycle-0196;cycle-0198;cycle-0200;cycle-0204;cycle-0205;cycle-0207;cycle-0208;cycle-0209;cycle-0217;cycle-0218;cycle-0219;cycle-0221;cycle-0222;cycle-0223;cycle-0224;cycle-0225;cycle-0226;cycle-0227;cycle-0228;cycle-0229;cycle-0230;cycle-0235;cycle-0236;cycle-0237;cycle-0239;cycle-0241;cycle-0242,1,2445.362843,4885.831463
12,blocked,FLShield,sign_flip,0,0,0,1,-0.060459986254447366,-0.081608613831,-0.06954526733492106,0,0,-0.10019695199453334,844,66,1,0,0,0,0,0,0,1,0,0.49923076923076926,0.5,0.5,0.0,0.0,41;73;89;105;26;38;95;35;12;60;80;88;9;63;94;31;10;79;45;57;3;102;86;72;91;96;109;1;51;47,112;113;114;115;116;117;118;119;120;121;122;123;124;125;126;127;128;150;151;152;153;154;155;156;157;158;159;160;161;162,199;181;175;215;216;180;210;169;192;240;201;213;243;231;182;220;206;214;176;170;171;233;172;191;234;211;203;190;178;232;212;202;173;194;166;197;193;238;225;219;198;205;223;207;174;185;163;241;208;168;177;229;242;222;188;226;183;209;164;224;236;167;235;196;218;221;179;237;204;200;184;230;228;239;227;217,245;246;247;248;249;250;251;252;253;254;255;256;257;258;259;260;261;262;263;264,commit,-0.060459986254447366,24fcd80824a6b4c59896a5bfd4a2332af256778457798ca8019eab186d047a74,1,1,1,1,1,1,1,1,1,1,1,3,3,1,1,9,2,1,cycle-0163;cycle-0164;cycle-0167;cycle-0168;cycle-0174;cycle-0177;cycle-0179;cycle-0183;cycle-0184;cycle-0185;cycle-0188;cycle-0196;cycle-0198;cycle-0200;cycle-0204;cycle-0205;cycle-0207;cycle-0208;cycle-0209;cycle-0217;cycle-0218;cycle-0219;cycle-0221;cycle-0222;cycle-0223;cycle-0224;cycle-0225;cycle-0226;cycle-0227;cycle-0228;cycle-0229;cycle-0230;cycle-0235;cycle-0236;cycle-0237;cycle-0239;cycle-0241;cycle-0242,1,2498.68964,4828.95055
12,blocked,FoundationFL,sign_flip,0,0,0,1,-0.0341194357145,-0.03854796570745,-0.032339795284421054,0,0,-0.034997961626133334,844,66,1,0,0,0,0,0,0,1,0,0.49923076923076926,0.4976923076923077,0.4976923076923077,0.0,0.0,41;73;89;105;26;38;95;35;12;60;80;88;9;63;94;31;10;79;45;57;3;102;86;72;91;96;109;1;51;47,112;113;114;115;116;117;118;119;120;121;122;123;124;125;126;127;128;150;151;152;153;154;155;156;157;158;159;160;161;162,199;181;175;215;216;180;210;169;192;240;201;213;243;231;182;220;206;214;176;170;171;233;172;191;234;211;203;190;178;232;212;202;173;194;166;197;193;238;225;219;198;205;223;207;174;185;163;241;208;168;177;229;242;222;188;226;183;209;164;224;236;167;235;196;218;221;179;237;204;200;184;230;228;239;227;217,245;246;247;248;249;250;251;252;253;254;255;256;257;258;259;260;261;262;263;264,commit,-0.0341194357145,2913d5ce8e575b87c065ea0855c87e5550b6e5b3e968bea9f937cb074764ce2d,1,1,1,1,1,1,1,1,1,1,1,3,3,1,1,9,2,0,cycle-0166;cycle-0169;cycle-0170;cycle-0171;cycle-0172;cycle-0173;cycle-0175;cycle-0176;cycle-0178;cycle-0180;cycle-0181;cycle-0182;cycle-0190;cycle-0191;cycle-0192;cycle-0193;cycle-0194;cycle-0197;cycle-0199;cycle-0201;cycle-0202;cycle-0203;cycle-0206;cycle-0210;cycle-0211;cycle-0212;cycle-0213;cycle-0214;cycle-0215;cycle-0216;cycle-0220;cycle-0231;cycle-0232;cycle-0233;cycle-0234;cycle-0238;cycle-0240;cycle-0243,1,2259.077167,4522.700832
12,blocked,FedAvg,model_replacement,0,0,0,0,0.2826692492212895,0.29423825102695,0.2742762953016184,0,0,0.30957972036096665,844,66,0,0,0,1,0,0,0,0,0,0.49923076923076926,0.49427350427350425,0.49923076923076926,0.004957264957265006,0.29423825102695,41;73;89;105;26;38;95;35;12;60;80;88;9;63;94;31;10;79;45;57;3;102;86;72;91;96;109;1;51;47,112;113;114;115;116;117;118;119;120;121;122;123;124;125;126;127;128;150;151;152;153;154;155;156;157;158;159;160;161;162,199;181;175;215;216;180;210;169;192;240;201;213;243;231;182;220;206;214;176;170;171;233;172;191;234;211;203;190;178;232;212;202;173;194;166;197;193;238;225;219;198;205;223;207;174;185;163;241;208;168;177;229;242;222;188;226;183;209;164;224;236;167;235;196;218;221;179;237;204;200;184;230;228;239;227;217,245;246;247;248;249;250;251;252;253;254;255;256;257;258;259;260;261;262;263;264,reject,0.2826692492212895,7641fdf789aef4e96682e6725295a80c98942d303a51980739c119b1e1b3f5d0,1,1,1,0,0,1,1,1,1,1,1,3,3,1,1,9,2,0,cycle-0166;cycle-0169;cycle-0170;cycle-0171;cycle-0172;cycle-0173;cycle-0175;cycle-0176;cycle-0178;cycle-0180;cycle-0181;cycle-0182;cycle-0190;cycle-0191;cycle-0192;cycle-0193;cycle-0194;cycle-0197;cycle-0199;cycle-0201;cycle-0202;cycle-0203;cycle-0206;cycle-0210;cycle-0211;cycle-0212;cycle-0213;cycle-0214;cycle-0215;cycle-0216;cycle-0220;cycle-0231;cycle-0232;cycle-0233;cycle-0234;cycle-0238;cycle-0240;cycle-0243,1,2272.362265,4532.982598
12,blocked,CoordinateMedian,model_replacement,0,0,0,0,0.019168596152842107,0.0207184702751,0.018435185430618423,0,0,0.01966676056,844,66,0,0,0,0,0,0,0,0,0,0.49923076923076926,0.4976923076923077,0.49923076923076926,0.001538461538461544,0.0207184702751,41;73;89;105;26;38;95;35;12;60;80;88;9;63;94;31;10;79;45;57;3;102;86;72;91;96;109;1;51;47,112;113;114;115;116;117;118;119;120;121;122;123;124;125;126;127;128;150;151;152;153;154;155;156;157;158;159;160;161;162,199;181;175;215;216;180;210;169;192;240;201;213;243;231;182;220;206;214;176;170;171;233;172;191;234;211;203;190;178;232;212;202;173;194;166;197;193;238;225;219;198;205;223;207;174;185;163;241;208;168;177;229;242;222;188;226;183;209;164;224;236;167;235;196;218;221;179;237;204;200;184;230;228;239;227;217,245;246;247;248;249;250;251;252;253;254;255;256;257;258;259;260;261;262;263;264,reject,0.019168596152842107,980e70a286ae1ac70d2f59fd201fe5366545d31bda5ace355eb79472b7a18028,1,1,1,0,0,1,1,1,1,1,1,3,3,1,1,9,2,0,cycle-0166;cycle-0169;cycle-0170;cycle-0171;cycle-0172;cycle-0173;cycle-0175;cycle-0176;cycle-0178;cycle-0180;cycle-0181;cycle-0182;cycle-0190;cycle-0191;cycle-0192;cycle-0193;cycle-0194;cycle-0197;cycle-0199;cycle-0201;cycle-0202;cycle-0203;cycle-0206;cycle-0210;cycle-0211;cycle-0212;cycle-0213;cycle-0214;cycle-0215;cycle-0216;cycle-0220;cycle-0231;cycle-0232;cycle-0233;cycle-0234;cycle-0238;cycle-0240;cycle-0243,1,2301.459961,4554.84001
12,blocked,Krum,model_replacement,0,0,0,0,0.052238497530315786,0.059560885747,0.05406872641956579,0,0,0.05687933479573333,844,66,0,0,0,1,0,0,0,0,0,0.49923076923076926,0.5125641025641026,0.49923076923076926,-0.013333333333333308,0.059560885747,41;73;89;105;26;38;95;35;12;60;80;88;9;63;94;31;10;79;45;57;3;102;86;72;91;96;109;1;51;47,112;113;114;115;116;117;118;119;120;121;122;123;124;125;126;127;128;150;151;152;153;154;155;156;157;158;159;160;161;162,199;181;175;215;216;180;210;169;192;240;201;213;243;231;182;220;206;214;176;170;171;233;172;191;234;211;203;190;178;232;212;202;173;194;166;197;193;238;225;219;198;205;223;207;174;185;163;241;208;168;177;229;242;222;188;226;183;209;164;224;236;167;235;196;218;221;179;237;204;200;184;230;228;239;227;217,245;246;247;248;249;250;251;252;253;254;255;256;257;258;259;260;261;262;263;264,reject,0.052238497530315786,572b8294ae0dcdb925ec9b53312da598ca5811b02446ec046666460ad08116d6,1,1,1,0,0,1,1,1,1,1,1,3,3,1,1,9,2,1,cycle-0163;cycle-0164;cycle-0167;cycle-0168;cycle-0174;cycle-0177;cycle-0179;cycle-0183;cycle-0184;cycle-0185;cycle-0188;cycle-0196;cycle-0198;cycle-0200;cycle-0204;cycle-0205;cycle-0207;cycle-0208;cycle-0209;cycle-0217;cycle-0218;cycle-0219;cycle-0221;cycle-0222;cycle-0223;cycle-0224;cycle-0225;cycle-0226;cycle-0227;cycle-0228;cycle-0229;cycle-0230;cycle-0235;cycle-0236;cycle-0237;cycle-0239;cycle-0241;cycle-0242,1,2503.202029,4807.628391
12,blocked,FLTrust,model_replacement,0,0,0,0,0.3480340235301842,0.36460212011085,0.33970740060135524,0,0,0.351769072876,844,66,0,0,0,1,1,0,0,0,0,0.49923076923076926,0.5007692307692307,0.49923076923076926,-0.0015384615384614886,0.36460212011085,41;73;89;105;26;38;95;35;12;60;80;88;9;63;94;31;10;79;45;57;3;102;86;72;91;96;109;1;51;47,112;113;114;115;116;117;118;119;120;121;122;123;124;125;126;127;128;150;151;152;153;154;155;156;157;158;159;160;161;162,199;181;175;215;216;180;210;169;192;240;201;213;243;231;182;220;206;214;176;170;171;233;172;191;234;211;203;190;178;232;212;202;173;194;166;197;193;238;225;219;198;205;223;207;174;185;163;241;208;168;177;229;242;222;188;226;183;209;164;224;236;167;235;196;218;221;179;237;204;200;184;230;228;239;227;217,245;246;247;248;249;250;251;252;253;254;255;256;257;258;259;260;261;262;263;264,reject,0.3480340235301842,04cf9659095652937e14a82969896ad9f6162bf41fc25b4d97838cb667307b85,1,1,1,0,0,1,1,1,1,1,1,3,3,1,1,9,2,0,cycle-0166;cycle-0169;cycle-0170;cycle-0171;cycle-0172;cycle-0173;cycle-0175;cycle-0176;cycle-0178;cycle-0180;cycle-0181;cycle-0182;cycle-0190;cycle-0191;cycle-0192;cycle-0193;cycle-0194;cycle-0197;cycle-0199;cycle-0201;cycle-0202;cycle-0203;cycle-0206;cycle-0210;cycle-0211;cycle-0212;cycle-0213;cycle-0214;cycle-0215;cycle-0216;cycle-0220;cycle-0231;cycle-0232;cycle-0233;cycle-0234;cycle-0238;cycle-0240;cycle-0243,1,2263.742994,4559.232955
12,blocked,FedVal,model_replacement,0,0,0,0,0.048676934109789474,0.05514974175155,0.05103346318253947,0,0,0.06340647417473333,844,66,0,0,0,1,0,0,0,0,0,0.49923076923076926,0.5095726495726496,0.49923076923076926,-0.010341880341880327,0.05514974175155,41;73;89;105;26;38;95;35;12;60;80;88;9;63;94;31;10;79;45;57;3;102;86;72;91;96;109;1;51;47,112;113;114;115;116;117;118;119;120;121;122;123;124;125;126;127;128;150;151;152;153;154;155;156;157;158;159;160;161;162,199;181;175;215;216;180;210;169;192;240;201;213;243;231;182;220;206;214;176;170;171;233;172;191;234;211;203;190;178;232;212;202;173;194;166;197;193;238;225;219;198;205;223;207;174;185;163;241;208;168;177;229;242;222;188;226;183;209;164;224;236;167;235;196;218;221;179;237;204;200;184;230;228;239;227;217,245;246;247;248;249;250;251;252;253;254;255;256;257;258;259;260;261;262;263;264,reject,0.048676934109789474,a5c53931dc700cb17391d00adbffb8a690322b9ef3b73a305b2df035668878ec,1,1,1,0,0,1,1,1,1,1,1,3,3,1,1,9,2,1,cycle-0163;cycle-0164;cycle-0167;cycle-0168;cycle-0174;cycle-0177;cycle-0179;cycle-0183;cycle-0184;cycle-0185;cycle-0188;cycle-0196;cycle-0198;cycle-0200;cycle-0204;cycle-0205;cycle-0207;cycle-0208;cycle-0209;cycle-0217;cycle-0218;cycle-0219;cycle-0221;cycle-0222;cycle-0223;cycle-0224;cycle-0225;cycle-0226;cycle-0227;cycle-0228;cycle-0229;cycle-0230;cycle-0235;cycle-0236;cycle-0237;cycle-0239;cycle-0241;cycle-0242,1,2469.394032,4821.339186
12,blocked,FLShield,model_replacement,0,0,0,0,0.007304490952921052,0.00847214766225,0.007645889658644737,0,0,0.008233805656333333,844,66,0,0,0,0,0,0,0,0,0,0.49923076923076926,0.49846153846153846,0.49923076923076926,0.0007692307692307998,0.00847214766225,41;73;89;105;26;38;95;35;12;60;80;88;9;63;94;31;10;79;45;57;3;102;86;72;91;96;109;1;51;47,112;113;114;115;116;117;118;119;120;121;122;123;124;125;126;127;128;150;151;152;153;154;155;156;157;158;159;160;161;162,199;181;175;215;216;180;210;169;192;240;201;213;243;231;182;220;206;214;176;170;171;233;172;191;234;211;203;190;178;232;212;202;173;194;166;197;193;238;225;219;198;205;223;207;174;185;163;241;208;168;177;229;242;222;188;226;183;209;164;224;236;167;235;196;218;221;179;237;204;200;184;230;228;239;227;217,245;246;247;248;249;250;251;252;253;254;255;256;257;258;259;260;261;262;263;264,reject,0.007304490952921052,3ff90fe756289f61848be0c51fce1e9b051f9df897dcb0fc74e681440383304e,1,1,1,0,0,1,1,1,1,1,1,3,3,1,1,9,2,1,cycle-0163;cycle-0164;cycle-0167;cycle-0168;cycle-0174;cycle-0177;cycle-0179;cycle-0183;cycle-0184;cycle-0185;cycle-0188;cycle-0196;cycle-0198;cycle-0200;cycle-0204;cycle-0205;cycle-0207;cycle-0208;cycle-0209;cycle-0217;cycle-0218;cycle-0219;cycle-0221;cycle-0222;cycle-0223;cycle-0224;cycle-0225;cycle-0226;cycle-0227;cycle-0228;cycle-0229;cycle-0230;cycle-0235;cycle-0236;cycle-0237;cycle-0239;cycle-0241;cycle-0242,1,2569.147006,4875.858481
12,blocked,FoundationFL,model_replacement,0,0,0,0,0.16672330252421053,0.1812945599567,0.17206295666653948,0,0,0.22304355860186667,844,66,0,0,0,1,0,0,0,0,0,0.49923076923076926,0.49111111111111116,0.49923076923076926,0.00811965811965809,0.1812945599567,41;73;89;105;26;38;95;35;12;60;80;88;9;63;94;31;10;79;45;57;3;102;86;72;91;96;109;1;51;47,112;113;114;115;116;117;118;119;120;121;122;123;124;125;126;127;128;150;151;152;153;154;155;156;157;158;159;160;161;162,199;181;175;215;216;180;210;169;192;240;201;213;243;231;182;220;206;214;176;170;171;233;172;191;234;211;203;190;178;232;212;202;173;194;166;197;193;238;225;219;198;205;223;207;174;185;163;241;208;168;177;229;242;222;188;226;183;209;164;224;236;167;235;196;218;221;179;237;204;200;184;230;228;239;227;217,245;246;247;248;249;250;251;252;253;254;255;256;257;258;259;260;261;262;263;264,reject,0.16672330252421053,b09923ba106b0657ea3a568bf7f53c55364d5a31902238cbabbb5af11cee8322,1,1,1,0,0,1,1,1,1,1,1,3,3,1,1,9,2,1,cycle-0163;cycle-0164;cycle-0167;cycle-0168;cycle-0174;cycle-0177;cycle-0179;cycle-0183;cycle-0184;cycle-0185;cycle-0188;cycle-0196;cycle-0198;cycle-0200;cycle-0204;cycle-0205;cycle-0207;cycle-0208;cycle-0209;cycle-0217;cycle-0218;cycle-0219;cycle-0221;cycle-0222;cycle-0223;cycle-0224;cycle-0225;cycle-0226;cycle-0227;cycle-0228;cycle-0229;cycle-0230;cycle-0235;cycle-0236;cycle-0237;cycle-0239;cycle-0241;cycle-0242,1,2397.535744,4799.570619
12,blocked,FedAvg,score_aware,64,16,1,1,-0.07856104078713158,-0.08156106512685,-0.06946225322144736,0,0,-0.10015561751536667,844,66,1,0,0,0,0,0,0,1,0,0.49923076923076926,0.5,0.5,0.0,0.0,41;73;89;105;26;38;95;35;12;60;80;88;9;63;94;31;10;79;45;57;3;102;86;72;91;96;109;1;51;47,112;113;114;115;116;117;118;119;120;121;122;123;124;125;126;127;128;150;151;152;153;154;155;156;157;158;159;160;161;162,199;181;175;215;216;180;210;169;192;240;201;213;243;231;182;220;206;214;176;170;171;233;172;191;234;211;203;190;178;232;212;202;173;194;166;197;193;238;225;219;198;205;223;207;174;185;163;241;208;168;177;229;242;222;188;226;183;209;164;224;236;167;235;196;218;221;179;237;204;200;184;230;228;239;227;217,245;246;247;248;249;250;251;252;253;254;255;256;257;258;259;260;261;262;263;264,commit,-0.07856104078713158,b7fc4befa126da08f1f90277eb69f13a245cbd0d171a1cbb676bd8f3e4a7972d,1,1,1,1,1,1,1,1,1,1,1,3,3,1,1,9,2,0,cycle-0166;cycle-0169;cycle-0170;cycle-0171;cycle-0172;cycle-0173;cycle-0175;cycle-0176;cycle-0178;cycle-0180;cycle-0181;cycle-0182;cycle-0190;cycle-0191;cycle-0192;cycle-0193;cycle-0194;cycle-0197;cycle-0199;cycle-0201;cycle-0202;cycle-0203;cycle-0206;cycle-0210;cycle-0211;cycle-0212;cycle-0213;cycle-0214;cycle-0215;cycle-0216;cycle-0220;cycle-0231;cycle-0232;cycle-0233;cycle-0234;cycle-0238;cycle-0240;cycle-0243,1,2355.514804,4597.416297
12,blocked,FLTrust,score_aware,64,48,0,0,0.35430408794178947,0.37032703851955,0.3458859522766053,0,0,0.35821834046133333,844,66,0,0,0,1,1,0,0,0,0,0.49923076923076926,0.5007692307692307,0.49923076923076926,-0.0015384615384614886,0.37032703851955,41;73;89;105;26;38;95;35;12;60;80;88;9;63;94;31;10;79;45;57;3;102;86;72;91;96;109;1;51;47,112;113;114;115;116;117;118;119;120;121;122;123;124;125;126;127;128;150;151;152;153;154;155;156;157;158;159;160;161;162,199;181;175;215;216;180;210;169;192;240;201;213;243;231;182;220;206;214;176;170;171;233;172;191;234;211;203;190;178;232;212;202;173;194;166;197;193;238;225;219;198;205;223;207;174;185;163;241;208;168;177;229;242;222;188;226;183;209;164;224;236;167;235;196;218;221;179;237;204;200;184;230;228;239;227;217,245;246;247;248;249;250;251;252;253;254;255;256;257;258;259;260;261;262;263;264,reject,0.35430408794178947,2cf4b3dcf274f4b10f7faa4b77c8875af2d9fae4ca04363ca3ee83124a038e28,1,1,1,0,0,1,1,1,1,1,1,3,3,1,1,9,2,0,cycle-0166;cycle-0169;cycle-0170;cycle-0171;cycle-0172;cycle-0173;cycle-0175;cycle-0176;cycle-0178;cycle-0180;cycle-0181;cycle-0182;cycle-0190;cycle-0191;cycle-0192;cycle-0193;cycle-0194;cycle-0197;cycle-0199;cycle-0201;cycle-0202;cycle-0203;cycle-0206;cycle-0210;cycle-0211;cycle-0212;cycle-0213;cycle-0214;cycle-0215;cycle-0216;cycle-0220;cycle-0231;cycle-0232;cycle-0233;cycle-0234;cycle-0238;cycle-0240;cycle-0243,1,2302.590462,4517.221505
12,blocked,FoundationFL,score_aware,64,16,1,1,-0.07856104877002631,-0.0815610647128,-0.06946226283588158,0,0,-0.10015572099466667,844,66,1,0,0,0,0,0,0,1,0,0.49923076923076926,0.5,0.5,0.0,0.0,41;73;89;105;26;38;95;35;12;60;80;88;9;63;94;31;10;79;45;57;3;102;86;72;91;96;109;1;51;47,112;113;114;115;116;117;118;119;120;121;122;123;124;125;126;127;128;150;151;152;153;154;155;156;157;158;159;160;161;162,199;181;175;215;216;180;210;169;192;240;201;213;243;231;182;220;206;214;176;170;171;233;172;191;234;211;203;190;178;232;212;202;173;194;166;197;193;238;225;219;198;205;223;207;174;185;163;241;208;168;177;229;242;222;188;226;183;209;164;224;236;167;235;196;218;221;179;237;204;200;184;230;228;239;227;217,245;246;247;248;249;250;251;252;253;254;255;256;257;258;259;260;261;262;263;264,commit,-0.07856104877002631,3e13e2df160aba4edb9a93ec41787b52021392522c8a90b17ed9a06514774cde,1,1,1,1,1,1,1,1,1,1,1,3,3,1,1,9,2,0,cycle-0166;cycle-0169;cycle-0170;cycle-0171;cycle-0172;cycle-0173;cycle-0175;cycle-0176;cycle-0178;cycle-0180;cycle-0181;cycle-0182;cycle-0190;cycle-0191;cycle-0192;cycle-0193;cycle-0194;cycle-0197;cycle-0199;cycle-0201;cycle-0202;cycle-0203;cycle-0206;cycle-0210;cycle-0211;cycle-0212;cycle-0213;cycle-0214;cycle-0215;cycle-0216;cycle-0220;cycle-0231;cycle-0232;cycle-0233;cycle-0234;cycle-0238;cycle-0240;cycle-0243,1,2273.847444,4541.363913
13,blocked,FedAvg,none,0,0,0,0,0.0312778580955,0.03377904102175,0.03182951995222368,0,0,0.03294983300076667,844,66,0,0,0,0,0,0,0,0,0,0.4976923076923077,0.5194871794871795,0.4976923076923077,-0.021794871794871773,0.03377904102175,45;83;22;16;107;9;95;75;25;13;52;39;31;4;27;103;33;105;92;42;51;56;21;91;76;24;77;71;41;96,112;113;114;115;116;117;118;119;120;121;122;123;124;125;126;127;128;150;151;152;153;154;155;156;157;158;159;160;161;162,234;212;222;210;169;182;167;243;171;197;209;215;227;198;241;181;204;239;220;174;225;224;211;236;221;217;208;199;218;170;165;240;194;230;201;200;205;231;177;233;192;172;173;202;166;195;188;186;206;228;207;163;175;242;216;232;235;229;168;219;191;214;190;164;183;179;180;226;238;176;178;189;193;184;185;203,245;246;247;248;249;250;251;252;253;254;255;256;257;258;259;260;261;262;263;264,reject,0.0312778580955,daec7bc2259fac00c8ae4c0595b0ed112130a1ca3367ccc85ba4eba518bcc2e6,1,2,2,0,0,1,1,1,1,1,1,3,3,1,1,9,2,1,cycle-0163;cycle-0164;cycle-0166;cycle-0168;cycle-0172;cycle-0173;cycle-0175;cycle-0176;cycle-0177;cycle-0178;cycle-0179;cycle-0180;cycle-0183;cycle-0184;cycle-0185;cycle-0186;cycle-0188;cycle-0189;cycle-0190;cycle-0191;cycle-0192;cycle-0193;cycle-0195;cycle-0202;cycle-0203;cycle-0206;cycle-0207;cycle-0214;cycle-0216;cycle-0219;cycle-0226;cycle-0228;cycle-0229;cycle-0232;cycle-0233;cycle-0235;cycle-0238;cycle-0242,1,2278.611895,5495.184463
13,blocked,CoordinateMedian,none,0,0,0,0,0.002679268523605263,0.0034267871463,0.002796489190618421,0,0,0.0022372945243666668,844,66,0,0,0,0,0,0,0,0,0,0.4976923076923077,0.4976923076923077,0.4976923076923077,0.0,0.0034267871463,45;83;22;16;107;9;95;75;25;13;52;39;31;4;27;103;33;105;92;42;51;56;21;91;76;24;77;71;41;96,112;113;114;115;116;117;118;119;120;121;122;123;124;125;126;127;128;150;151;152;153;154;155;156;157;158;159;160;161;162,234;212;222;210;169;182;167;243;171;197;209;215;227;198;241;181;204;239;220;174;225;224;211;236;221;217;208;199;218;170;165;240;194;230;201;200;205;231;177;233;192;172;173;202;166;195;188;186;206;228;207;163;175;242;216;232;235;229;168;219;191;214;190;164;183;179;180;226;238;176;178;189;193;184;185;203,245;246;247;248;249;250;251;252;253;254;255;256;257;258;259;260;261;262;263;264,reject,0.002679268523605263,0e7a24a02e40807b651160563f05fd1c56a768091a49403ef8868edfff134d60,1,1,1,0,0,1,1,1,1,1,1,3,3,1,1,9,2,1,cycle-0163;cycle-0164;cycle-0166;cycle-0168;cycle-0172;cycle-0173;cycle-0175;cycle-0176;cycle-0177;cycle-0178;cycle-0179;cycle-0180;cycle-0183;cycle-0184;cycle-0185;cycle-0186;cycle-0188;cycle-0189;cycle-0190;cycle-0191;cycle-0192;cycle-0193;cycle-0195;cycle-0202;cycle-0203;cycle-0206;cycle-0207;cycle-0214;cycle-0216;cycle-0219;cycle-0226;cycle-0228;cycle-0229;cycle-0232;cycle-0233;cycle-0235;cycle-0238;cycle-0242,1,2365.343468,4578.506398
13,blocked,Krum,none,0,0,0,0,0.0838097408991842,0.0904501191208,0.08488264272263157,0,0,0.0872090186603,844,66,0,0,0,1,0,0,0,0,0,0.4976923076923077,0.6158119658119658,0.4976923076923077,-0.11811965811965813,0.0904501191208,45;83;22;16;107;9;95;75;25;13;52;39;31;4;27;103;33;105;92;42;51;56;21;91;76;24;77;71;41;96,112;113;114;115;116;117;118;119;120;121;122;123;124;125;126;127;128;150;151;152;153;154;155;156;157;158;159;160;161;162,234;212;222;210;169;182;167;243;171;197;209;215;227;198;241;181;204;239;220;174;225;224;211;236;221;217;208;199;218;170;165;240;194;230;201;200;205;231;177;233;192;172;173;202;166;195;188;186;206;228;207;163;175;242;216;232;235;229;168;219;191;214;190;164;183;179;180;226;238;176;178;189;193;184;185;203,245;246;247;248;249;250;251;252;253;254;255;256;257;258;259;260;261;262;263;264,reject,0.0838097408991842,f51d8b872702e5883e24e2def101e9a2f546834ef03c0750ebe949d9db3f3d1f,1,1,1,0,0,1,1,1,1,1,1,3,3,1,1,9,2,1,cycle-0163;cycle-0164;cycle-0166;cycle-0168;cycle-0172;cycle-0173;cycle-0175;cycle-0176;cycle-0177;cycle-0178;cycle-0179;cycle-0180;cycle-0183;cycle-0184;cycle-0185;cycle-0186;cycle-0188;cycle-0189;cycle-0190;cycle-0191;cycle-0192;cycle-0193;cycle-0195;cycle-0202;cycle-0203;cycle-0206;cycle-0207;cycle-0214;cycle-0216;cycle-0219;cycle-0226;cycle-0228;cycle-0229;cycle-0232;cycle-0233;cycle-0235;cycle-0238;cycle-0242,1,2156.409784,4434.338765
13,blocked,FLTrust,none,0,0,0,0,0.3879795910074211,0.41567929262805,0.3912697549147237,1,0,0.3992610473818667,844,66,0,0,0,1,1,0,0,0,0,0.4976923076923077,0.5,0.4976923076923077,-0.0023076923076922884,0.41567929262805,45;83;22;16;107;9;95;75;25;13;52;39;31;4;27;103;33;105;92;42;51;56;21;91;76;24;77;71;41;96,112;113;114;115;116;117;118;119;120;121;122;123;124;125;126;127;128;150;151;152;153;154;155;156;157;158;159;160;161;162,234;212;222;210;169;182;167;243;171;197;209;215;227;198;241;181;204;239;220;174;225;224;211;236;221;217;208;199;218;170;165;240;194;230;201;200;205;231;177;233;192;172;173;202;166;195;188;186;206;228;207;163;175;242;216;232;235;229;168;219;191;214;190;164;183;179;180;226;238;176;178;189;193;184;185;203,245;246;247;248;249;250;251;252;253;254;255;256;257;258;259;260;261;262;263;264,reject,0.3879795910074211,6a3daafa670fcb0910dcdb50622d2e3c141bb4cb1b7d4178378066b1f201bb7f,1,1,1,0,0,1,1,1,1,1,1,3,3,1,1,9,2,1,cycle-0163;cycle-0164;cycle-0166;cycle-0168;cycle-0172;cycle-0173;cycle-0175;cycle-0176;cycle-0177;cycle-0178;cycle-0179;cycle-0180;cycle-0183;cycle-0184;cycle-0185;cycle-0186;cycle-0188;cycle-0189;cycle-0190;cycle-0191;cycle-0192;cycle-0193;cycle-0195;cycle-0202;cycle-0203;cycle-0206;cycle-0207;cycle-0214;cycle-0216;cycle-0219;cycle-0226;cycle-0228;cycle-0229;cycle-0232;cycle-0233;cycle-0235;cycle-0238;cycle-0242,1,2382.295055,4629.789551
13,blocked,FedVal,none,0,0,0,0,0.06551988523644736,0.07078051141885,0.06648597851372369,0,0,0.06893555151223334,844,66,0,0,0,1,0,0,0,0,0,0.4976923076923077,0.527008547008547,0.4976923076923077,-0.029316239316239334,0.07078051141885,45;83;22;16;107;9;95;75;25;13;52;39;31;4;27;103;33;105;92;42;51;56;21;91;76;24;77;71;41;96,112;113;114;115;116;117;118;119;120;121;122;123;124;125;126;127;128;150;151;152;153;154;155;156;157;158;159;160;161;162,234;212;222;210;169;182;167;243;171;197;209;215;227;198;241;181;204;239;220;174;225;224;211;236;221;217;208;199;218;170;165;240;194;230;201;200;205;231;177;233;192;172;173;202;166;195;188;186;206;228;207;163;175;242;216;232;235;229;168;219;191;214;190;164;183;179;180;226;238;176;178;189;193;184;185;203,245;246;247;248;249;250;251;252;253;254;255;256;257;258;259;260;261;262;263;264,reject,0.06551988523644736,ab95d01583d1b5d78bc22c5088a7c944c2eed662179f8c55aab75b4662c951ca,1,1,1,0,0,1,1,1,1,1,1,3,3,1,1,9,2,1,cycle-0163;cycle-0164;cycle-0166;cycle-0168;cycle-0172;cycle-0173;cycle-0175;cycle-0176;cycle-0177;cycle-0178;cycle-0179;cycle-0180;cycle-0183;cycle-0184;cycle-0185;cycle-0186;cycle-0188;cycle-0189;cycle-0190;cycle-0191;cycle-0192;cycle-0193;cycle-0195;cycle-0202;cycle-0203;cycle-0206;cycle-0207;cycle-0214;cycle-0216;cycle-0219;cycle-0226;cycle-0228;cycle-0229;cycle-0232;cycle-0233;cycle-0235;cycle-0238;cycle-0242,1,2321.750781,4505.798284
13,blocked,FLShield,none,0,0,0,1,-0.03451332466402632,-0.0379153320258,-0.034809281761026316,0,0,-0.0385083140799,844,66,1,0,0,0,0,0,0,1,0,0.4976923076923077,0.49923076923076926,0.49923076923076926,0.0,0.0,45;83;22;16;107;9;95;75;25;13;52;39;31;4;27;103;33;105;92;42;51;56;21;91;76;24;77;71;41;96,112;113;114;115;116;117;118;119;120;121;122;123;124;125;126;127;128;150;151;152;153;154;155;156;157;158;159;160;161;162,234;212;222;210;169;182;167;243;171;197;209;215;227;198;241;181;204;239;220;174;225;224;211;236;221;217;208;199;218;170;165;240;194;230;201;200;205;231;177;233;192;172;173;202;166;195;188;186;206;228;207;163;175;242;216;232;235;229;168;219;191;214;190;164;183;179;180;226;238;176;178;189;193;184;185;203,245;246;247;248;249;250;251;252;253;254;255;256;257;258;259;260;261;262;263;264,commit,-0.03451332466402632,40ae3f29c43691b7ff667367b5bc69afcc00c47082dfe0ee44ca1c0f9aeb25f1,1,1,1,1,1,1,1,1,1,1,1,3,3,1,1,9,2,1,cycle-0163;cycle-0164;cycle-0166;cycle-0168;cycle-0172;cycle-0173;cycle-0175;cycle-0176;cycle-0177;cycle-0178;cycle-0179;cycle-0180;cycle-0183;cycle-0184;cycle-0185;cycle-0186;cycle-0188;cycle-0189;cycle-0190;cycle-0191;cycle-0192;cycle-0193;cycle-0195;cycle-0202;cycle-0203;cycle-0206;cycle-0207;cycle-0214;cycle-0216;cycle-0219;cycle-0226;cycle-0228;cycle-0229;cycle-0232;cycle-0233;cycle-0235;cycle-0238;cycle-0242,1,2269.332192,4624.70061
13,blocked,FoundationFL,none,0,0,0,0,0.01694878209073684,0.01824493237335,0.016650170247644737,0,0,0.017191198175066667,844,66,0,0,0,0,0,0,0,0,0,0.4976923076923077,0.49538461538461537,0.4976923076923077,0.002307692307692344,0.01824493237335,45;83;22;16;107;9;95;75;25;13;52;39;31;4;27;103;33;105;92;42;51;56;21;91;76;24;77;71;41;96,112;113;114;115;116;117;118;119;120;121;122;123;124;125;126;127;128;150;151;152;153;154;155;156;157;158;159;160;161;162,234;212;222;210;169;182;167;243;171;197;209;215;227;198;241;181;204;239;220;174;225;224;211;236;221;217;208;199;218;170;165;240;194;230;201;200;205;231;177;233;192;172;173;202;166;195;188;186;206;228;207;163;175;242;216;232;235;229;168;219;191;214;190;164;183;179;180;226;238;176;178;189;193;184;185;203,245;246;247;248;249;250;251;252;253;254;255;256;257;258;259;260;261;262;263;264,reject,0.01694878209073684,593e18570ec9306ea81765c193f2065442b62eb4d5584fd9d0ca9fda75b58f79,1,1,1,0,0,1,1,1,1,1,1,3,3,1,1,9,2,0,cycle-0165;cycle-0167;cycle-0169;cycle-0170;cycle-0171;cycle-0174;cycle-0181;cycle-0182;cycle-0194;cycle-0197;cycle-0198;cycle-0199;cycle-0200;cycle-0201;cycle-0204;cycle-0205;cycle-0208;cycle-0209;cycle-0210;cycle-0211;cycle-0212;cycle-0215;cycle-0217;cycle-0218;cycle-0220;cycle-0221;cycle-0222;cycle-0224;cycle-0225;cycle-0227;cycle-0230;cycle-0231;cycle-0234;cycle-0236;cycle-0239;cycle-0240;cycle-0241;cycle-0243,1,2407.374622,4698.768684
13,blocked,FedAvg,sign_flip,0,0,0,0,0.18628587502702632,0.2004302102384,0.18825378126577633,0,0,0.19394505444206667,844,66,0,0,0,1,0,0,0,0,0,0.4976923076923077,0.5031623931623932,0.4976923076923077,-0.005470085470085484,0.2004302102384,45;83;22;16;107;9;95;75;25;13;52;39;31;4;27;103;33;105;92;42;51;56;21;91;76;24;77;71;41;96,112;113;114;115;116;117;118;119;120;121;122;123;124;125;126;127;128;150;151;152;153;154;155;156;157;158;159;160;161;162,234;212;222;210;169;182;167;243;171;197;209;215;227;198;241;181;204;239;220;174;225;224;211;236;221;217;208;199;218;170;165;240;194;230;201;200;205;231;177;233;192;172;173;202;166;195;188;186;206;228;207;163;175;242;216;232;235;229;168;219;191;214;190;164;183;179;180;226;238;176;178;189;193;184;185;203,245;246;247;248;249;250;251;252;253;254;255;256;257;258;259;260;261;262;263;264,reject,0.18628587502702632,cb8ab0760598b6a0dd357f84ea9c46678b4b8a3a166b00f9eaf45e1db36a3be7,1,1,1,0,0,1,1,1,1,1,1,3,3,1,1,9,2,1,cycle-0163;cycle-0164;cycle-0166;cycle-0168;cycle-0172;cycle-0173;cycle-0175;cycle-0176;cycle-0177;cycle-0178;cycle-0179;cycle-0180;cycle-0183;cycle-0184;cycle-0185;cycle-0186;cycle-0188;cycle-0189;cycle-0190;cycle-0191;cycle-0192;cycle-0193;cycle-0195;cycle-0202;cycle-0203;cycle-0206;cycle-0207;cycle-0214;cycle-0216;cycle-0219;cycle-0226;cycle-0228;cycle-0229;cycle-0232;cycle-0233;cycle-0235;cycle-0238;cycle-0242,1,2324.271023,4582.598781
13,blocked,CoordinateMedian,sign_flip,0,0,0,0,0.12386823855376315,0.1339847101705,0.1252929721688421,0,0,0.12891013675443333,844,66,0,0,0,1,0,0,0,0,0,0.4976923076923077,0.5358974358974359,0.4976923076923077,-0.03820512820512817,0.1339847101705,45;83;22;16;107;9;95;75;25;13;52;39;31;4;27;103;33;105;92;42;51;56;21;91;76;24;77;71;41;96,112;113;114;115;116;117;118;119;120;121;122;123;124;125;126;127;128;150;151;152;153;154;155;156;157;158;159;160;161;162,234;212;222;210;169;182;167;243;171;197;209;215;227;198;241;181;204;239;220;174;225;224;211;236;221;217;208;199;218;170;165;240;194;230;201;200;205;231;177;233;192;172;173;202;166;195;188;186;206;228;207;163;175;242;216;232;235;229;168;219;191;214;190;164;183;179;180;226;238;176;178;189;193;184;185;203,245;246;247;248;249;250;251;252;253;254;255;256;257;258;259;260;261;262;263;264,reject,0.12386823855376315,85d1c591fcad5aaf2c1b0bc4feee459230431042c326abe7a7e08cda3fd4dc0b,1,1,1,0,0,1,1,1,1,1,1,3,3,1,1,9,2,1,cycle-0163;cycle-0164;cycle-0166;cycle-0168;cycle-0172;cycle-0173;cycle-0175;cycle-0176;cycle-0177;cycle-0178;cycle-0179;cycle-0180;cycle-0183;cycle-0184;cycle-0185;cycle-0186;cycle-0188;cycle-0189;cycle-0190;cycle-0191;cycle-0192;cycle-0193;cycle-0195;cycle-0202;cycle-0203;cycle-0206;cycle-0207;cycle-0214;cycle-0216;cycle-0219;cycle-0226;cycle-0228;cycle-0229;cycle-0232;cycle-0233;cycle-0235;cycle-0238;cycle-0242,1,2254.391276,4546.591587
13,blocked,Krum,sign_flip,0,0,0,0,0.08595554454607894,0.0904501191208,0.08488264272263157,0,0,0.0872090186603,844,66,0,0,0,1,0,0,0,0,0,0.4976923076923077,0.6158119658119658,0.4976923076923077,-0.11811965811965813,0.0904501191208,45;83;22;16;107;9;95;75;25;13;52;39;31;4;27;103;33;105;92;42;51;56;21;91;76;24;77;71;41;96,112;113;114;115;116;117;118;119;120;121;122;123;124;125;126;127;128;150;151;152;153;154;155;156;157;158;159;160;161;162,234;212;222;210;169;182;167;243;171;197;209;215;227;198;241;181;204;239;220;174;225;224;211;236;221;217;208;199;218;170;165;240;194;230;201;200;205;231;177;233;192;172;173;202;166;195;188;186;206;228;207;163;175;242;216;232;235;229;168;219;191;214;190;164;183;179;180;226;238;176;178;189;193;184;185;203,245;246;247;248;249;250;251;252;253;254;255;256;257;258;259;260;261;262;263;264,reject,0.08595554454607894,2dd4ddd9853ef6299e4c1c913508876cb6b943e8c4627bb727d16256c4890677,1,1,1,0,0,1,1,1,1,1,1,3,3,1,1,9,2,0,cycle-0165;cycle-0167;cycle-0169;cycle-0170;cycle-0171;cycle-0174;cycle-0181;cycle-0182;cycle-0194;cycle-0197;cycle-0198;cycle-0199;cycle-0200;cycle-0201;cycle-0204;cycle-0205;cycle-0208;cycle-0209;cycle-0210;cycle-0211;cycle-0212;cycle-0215;cycle-0217;cycle-0218;cycle-0220;cycle-0221;cycle-0222;cycle-0224;cycle-0225;cycle-0227;cycle-0230;cycle-0231;cycle-0234;cycle-0236;cycle-0239;cycle-0240;cycle-0241;cycle-0243,1,2276.080251,4507.903607
13,blocked,FLTrust,sign_flip,0,0,0,0,0.39646555917805265,0.41696141559495,0.39327141139842103,1,0,0.4023928696366,844,66,0,0,0,1,1,0,0,0,0,0.4976923076923077,0.5,0.4976923076923077,-0.0023076923076922884,0.41696141559495,45;83;22;16;107;9;95;75;25;13;52;39;31;4;27;103;33;105;92;42;51;56;21;91;76;24;77;71;41;96,112;113;114;115;116;117;118;119;120;121;122;123;124;125;126;127;128;150;151;152;153;154;155;156;157;158;159;160;161;162,234;212;222;210;169;182;167;243;171;197;209;215;227;198;241;181;204;239;220;174;225;224;211;236;221;217;208;199;218;170;165;240;194;230;201;200;205;231;177;233;192;172;173;202;166;195;188;186;206;228;207;163;175;242;216;232;235;229;168;219;191;214;190;164;183;179;180;226;238;176;178;189;193;184;185;203,245;246;247;248;249;250;251;252;253;254;255;256;257;258;259;260;261;262;263;264,reject,0.39646555917805265,ffc906638a60f82e013c3200e588f551fa6cc196569082841192e89c957f1e92,1,1,1,0,0,1,1,1,1,1,1,3,3,1,1,9,2,0,cycle-0165;cycle-0167;cycle-0169;cycle-0170;cycle-0171;cycle-0174;cycle-0181;cycle-0182;cycle-0194;cycle-0197;cycle-0198;cycle-0199;cycle-0200;cycle-0201;cycle-0204;cycle-0205;cycle-0208;cycle-0209;cycle-0210;cycle-0211;cycle-0212;cycle-0215;cycle-0217;cycle-0218;cycle-0220;cycle-0221;cycle-0222;cycle-0224;cycle-0225;cycle-0227;cycle-0230;cycle-0231;cycle-0234;cycle-0236;cycle-0239;cycle-0240;cycle-0241;cycle-0243,1,2411.488192,4692.971489
13,blocked,FedVal,sign_flip,0,0,0,0,0.11248054816213159,0.1216099375821,0.11372504503182895,0,0,0.11800169791483334,844,66,0,0,0,1,0,0,0,0,0,0.4976923076923077,0.5551282051282052,0.4976923076923077,-0.05743589743589744,0.1216099375821,45;83;22;16;107;9;95;75;25;13;52;39;31;4;27;103;33;105;92;42;51;56;21;91;76;24;77;71;41;96,112;113;114;115;116;117;118;119;120;121;122;123;124;125;126;127;128;150;151;152;153;154;155;156;157;158;159;160;161;162,234;212;222;210;169;182;167;243;171;197;209;215;227;198;241;181;204;239;220;174;225;224;211;236;221;217;208;199;218;170;165;240;194;230;201;200;205;231;177;233;192;172;173;202;166;195;188;186;206;228;207;163;175;242;216;232;235;229;168;219;191;214;190;164;183;179;180;226;238;176;178;189;193;184;185;203,245;246;247;248;249;250;251;252;253;254;255;256;257;258;259;260;261;262;263;264,reject,0.11248054816213159,6d4b5d18647f717e9e34e5f4a9dc00e5eaac55c0436316acb8c88b547f493a2a,1,1,1,0,0,1,1,1,1,1,1,3,3,1,1,9,2,1,cycle-0163;cycle-0164;cycle-0166;cycle-0168;cycle-0172;cycle-0173;cycle-0175;cycle-0176;cycle-0177;cycle-0178;cycle-0179;cycle-0180;cycle-0183;cycle-0184;cycle-0185;cycle-0186;cycle-0188;cycle-0189;cycle-0190;cycle-0191;cycle-0192;cycle-0193;cycle-0195;cycle-0202;cycle-0203;cycle-0206;cycle-0207;cycle-0214;cycle-0216;cycle-0219;cycle-0226;cycle-0228;cycle-0229;cycle-0232;cycle-0233;cycle-0235;cycle-0238;cycle-0242,1,2220.294591,4543.045779
13,blocked,FLShield,sign_flip,0,0,0,0,0.04841745814871053,0.05081344226055,0.04770545085064474,0,0,0.0495953245445,844,66,0,0,0,1,0,0,0,0,0,0.4976923076923077,0.5133333333333333,0.4976923076923077,-0.015641025641025597,0.05081344226055,45;83;22;16;107;9;95;75;25;13;52;39;31;4;27;103;33;105;92;42;51;56;21;91;76;24;77;71;41;96,112;113;114;115;116;117;118;119;120;121;122;123;124;125;126;127;128;150;151;152;153;154;155;156;157;158;159;160;161;162,234;212;222;210;169;182;167;243;171;197;209;215;227;198;241;181;204;239;220;174;225;224;211;236;221;217;208;199;218;170;165;240;194;230;201;200;205;231;177;233;192;172;173;202;166;195;188;186;206;228;207;163;175;242;216;232;235;229;168;219;191;214;190;164;183;179;180;226;238;176;178;189;193;184;185;203,245;246;247;248;249;250;251;252;253;254;255;256;257;258;259;260;261;262;263;264,reject,0.04841745814871053,f2be06c7faefab962b4d45fd1bbe6dbb2d8b448347fff85d6ea12ddd4ab41507,1,1,1,0,0,1,1,1,1,1,1,3,3,1,1,9,2,0,cycle-0165;cycle-0167;cycle-0169;cycle-0170;cycle-0171;cycle-0174;cycle-0181;cycle-0182;cycle-0194;cycle-0197;cycle-0198;cycle-0199;cycle-0200;cycle-0201;cycle-0204;cycle-0205;cycle-0208;cycle-0209;cycle-0210;cycle-0211;cycle-0212;cycle-0215;cycle-0217;cycle-0218;cycle-0220;cycle-0221;cycle-0222;cycle-0224;cycle-0225;cycle-0227;cycle-0230;cycle-0231;cycle-0234;cycle-0236;cycle-0239;cycle-0240;cycle-0241;cycle-0243,1,2342.667336,4575.13431
13,blocked,FoundationFL,sign_flip,0,0,0,0,0.4691232901986842,0.4896493993398,0.4663291325937368,1,0,0.4808363301460667,844,66,0,0,0,1,1,0,0,0,0,0.4976923076923077,0.5,0.4976923076923077,-0.0023076923076922884,0.4896493993398,45;83;22;16;107;9;95;75;25;13;52;39;31;4;27;103;33;105;92;42;51;56;21;91;76;24;77;71;41;96,112;113;114;115;116;117;118;119;120;121;122;123;124;125;126;127;128;150;151;152;153;154;155;156;157;158;159;160;161;162,234;212;222;210;169;182;167;243;171;197;209;215;227;198;241;181;204;239;220;174;225;224;211;236;221;217;208;199;218;170;165;240;194;230;201;200;205;231;177;233;192;172;173;202;166;195;188;186;206;228;207;163;175;242;216;232;235;229;168;219;191;214;190;164;183;179;180;226;238;176;178;189;193;184;185;203,245;246;247;248;249;250;251;252;253;254;255;256;257;258;259;260;261;262;263;264,reject,0.4691232901986842,dbfe481e9de6b218bfbf3e78cc7f4862ae663ec7ccf2e719658df25741bc20cb,1,1,1,0,0,1,1,1,1,1,1,3,3,1,1,9,2,0,cycle-0165;cycle-0167;cycle-0169;cycle-0170;cycle-0171;cycle-0174;cycle-0181;cycle-0182;cycle-0194;cycle-0197;cycle-0198;cycle-0199;cycle-0200;cycle-0201;cycle-0204;cycle-0205;cycle-0208;cycle-0209;cycle-0210;cycle-0211;cycle-0212;cycle-0215;cycle-0217;cycle-0218;cycle-0220;cycle-0221;cycle-0222;cycle-0224;cycle-0225;cycle-0227;cycle-0230;cycle-0231;cycle-0234;cycle-0236;cycle-0239;cycle-0240;cycle-0241;cycle-0243,1,2401.013768,4658.390315
13,blocked,FedAvg,model_replacement,0,0,0,0,0.43713074913257893,0.46433671951655,0.4380454967501579,1,0,0.4793812522085,844,66,0,0,0,1,1,0,0,0,0,0.4976923076923077,0.5030769230769231,0.4976923076923077,-0.005384615384615377,0.46433671951655,45;83;22;16;107;9;95;75;25;13;52;39;31;4;27;103;33;105;92;42;51;56;21;91;76;24;77;71;41;96,112;113;114;115;116;117;118;119;120;121;122;123;124;125;126;127;128;150;151;152;153;154;155;156;157;158;159;160;161;162,234;212;222;210;169;182;167;243;171;197;209;215;227;198;241;181;204;239;220;174;225;224;211;236;221;217;208;199;218;170;165;240;194;230;201;200;205;231;177;233;192;172;173;202;166;195;188;186;206;228;207;163;175;242;216;232;235;229;168;219;191;214;190;164;183;179;180;226;238;176;178;189;193;184;185;203,245;246;247;248;249;250;251;252;253;254;255;256;257;258;259;260;261;262;263;264,reject,0.43713074913257893,8cfd4d8b76e3ccf76c285d9c314ddbfb8cd10312f2da95dd96f7b06dc80c22d5,1,1,1,0,0,1,1,1,1,1,1,3,3,1,1,9,2,1,cycle-0163;cycle-0164;cycle-0166;cycle-0168;cycle-0172;cycle-0173;cycle-0175;cycle-0176;cycle-0177;cycle-0178;cycle-0179;cycle-0180;cycle-0183;cycle-0184;cycle-0185;cycle-0186;cycle-0188;cycle-0189;cycle-0190;cycle-0191;cycle-0192;cycle-0193;cycle-0195;cycle-0202;cycle-0203;cycle-0206;cycle-0207;cycle-0214;cycle-0216;cycle-0219;cycle-0226;cycle-0228;cycle-0229;cycle-0232;cycle-0233;cycle-0235;cycle-0238;cycle-0242,1,2275.674369,4584.040279
13,blocked,CoordinateMedian,model_replacement,0,0,0,0,0.021564340759894735,0.0244170411712,0.021769198381144737,0,0,0.0232816292461,844,66,0,0,0,0,0,0,0,0,0,0.4976923076923077,0.4969230769230769,0.4976923076923077,0.0007692307692307998,0.0244170411712,45;83;22;16;107;9;95;75;25;13;52;39;31;4;27;103;33;105;92;42;51;56;21;91;76;24;77;71;41;96,112;113;114;115;116;117;118;119;120;121;122;123;124;125;126;127;128;150;151;152;153;154;155;156;157;158;159;160;161;162,234;212;222;210;169;182;167;243;171;197;209;215;227;198;241;181;204;239;220;174;225;224;211;236;221;217;208;199;218;170;165;240;194;230;201;200;205;231;177;233;192;172;173;202;166;195;188;186;206;228;207;163;175;242;216;232;235;229;168;219;191;214;190;164;183;179;180;226;238;176;178;189;193;184;185;203,245;246;247;248;249;250;251;252;253;254;255;256;257;258;259;260;261;262;263;264,reject,0.021564340759894735,b5e585c9b0940997dac453add0cc94a187ea40ccd600adffbebf47a485102bfe,1,1,1,0,0,1,1,1,1,1,1,3,3,1,1,9,2,1,cycle-0163;cycle-0164;cycle-0166;cycle-0168;cycle-0172;cycle-0173;cycle-0175;cycle-0176;cycle-0177;cycle-0178;cycle-0179;cycle-0180;cycle-0183;cycle-0184;cycle-0185;cycle-0186;cycle-0188;cycle-0189;cycle-0190;cycle-0191;cycle-0192;cycle-0193;cycle-0195;cycle-0202;cycle-0203;cycle-0206;cycle-0207;cycle-0214;cycle-0216;cycle-0219;cycle-0226;cycle-0228;cycle-0229;cycle-0232;cycle-0233;cycle-0235;cycle-0238;cycle-0242,1,2315.554332,4530.30558
13,blocked,Krum,model_replacement,0,0,0,0,0.08595554454607894,0.0904501191208,0.08488264272263157,0,0,0.0872090186603,844,66,0,0,0,1,0,0,0,0,0,0.4976923076923077,0.6158119658119658,0.4976923076923077,-0.11811965811965813,0.0904501191208,45;83;22;16;107;9;95;75;25;13;52;39;31;4;27;103;33;105;92;42;51;56;21;91;76;24;77;71;41;96,112;113;114;115;116;117;118;119;120;121;122;123;124;125;126;127;128;150;151;152;153;154;155;156;157;158;159;160;161;162,234;212;222;210;169;182;167;243;171;197;209;215;227;198;241;181;204;239;220;174;225;224;211;236;221;217;208;199;218;170;165;240;194;230;201;200;205;231;177;233;192;172;173;202;166;195;188;186;206;228;207;163;175;242;216;232;235;229;168;219;191;214;190;164;183;179;180;226;238;176;178;189;193;184;185;203,245;246;247;248;249;250;251;252;253;254;255;256;257;258;259;260;261;262;263;264,reject,0.08595554454607894,8751ec42ec8f6674e5660238e96f24588fcc0b6e54abbe78294a3c6a1cb76c94,1,1,1,0,0,1,1,1,1,1,1,3,3,1,1,9,2,0,cycle-0165;cycle-0167;cycle-0169;cycle-0170;cycle-0171;cycle-0174;cycle-0181;cycle-0182;cycle-0194;cycle-0197;cycle-0198;cycle-0199;cycle-0200;cycle-0201;cycle-0204;cycle-0205;cycle-0208;cycle-0209;cycle-0210;cycle-0211;cycle-0212;cycle-0215;cycle-0217;cycle-0218;cycle-0220;cycle-0221;cycle-0222;cycle-0224;cycle-0225;cycle-0227;cycle-0230;cycle-0231;cycle-0234;cycle-0236;cycle-0239;cycle-0240;cycle-0241;cycle-0243,1,2340.504338,4729.379623
13,blocked,FLTrust,model_replacement,0,0,0,0,0.3635822481901316,0.3837135221452,0.3604570982111316,1,0,0.3680136836653,844,66,0,0,0,1,1,0,0,0,0,0.4976923076923077,0.5,0.4976923076923077,-0.0023076923076922884,0.3837135221452,45;83;22;16;107;9;95;75;25;13;52;39;31;4;27;103;33;105;92;42;51;56;21;91;76;24;77;71;41;96,112;113;114;115;116;117;118;119;120;121;122;123;124;125;126;127;128;150;151;152;153;154;155;156;157;158;159;160;161;162,234;212;222;210;169;182;167;243;171;197;209;215;227;198;241;181;204;239;220;174;225;224;211;236;221;217;208;199;218;170;165;240;194;230;201;200;205;231;177;233;192;172;173;202;166;195;188;186;206;228;207;163;175;242;216;232;235;229;168;219;191;214;190;164;183;179;180;226;238;176;178;189;193;184;185;203,245;246;247;248;249;250;251;252;253;254;255;256;257;258;259;260;261;262;263;264,reject,0.3635822481901316,9b78ab2dcf1024158a20f8aec8caf6488e5e440ed46c00bea408fd08f041a0d8,1,1,1,0,0,1,1,1,1,1,1,3,3,1,1,9,2,0,cycle-0165;cycle-0167;cycle-0169;cycle-0170;cycle-0171;cycle-0174;cycle-0181;cycle-0182;cycle-0194;cycle-0197;cycle-0198;cycle-0199;cycle-0200;cycle-0201;cycle-0204;cycle-0205;cycle-0208;cycle-0209;cycle-0210;cycle-0211;cycle-0212;cycle-0215;cycle-0217;cycle-0218;cycle-0220;cycle-0221;cycle-0222;cycle-0224;cycle-0225;cycle-0227;cycle-0230;cycle-0231;cycle-0234;cycle-0236;cycle-0239;cycle-0240;cycle-0241;cycle-0243,1,2399.392336,4847.373128
13,blocked,FedVal,model_replacement,0,0,0,0,0.11114137999210526,0.11981118944875,0.11082324052194736,0,0,0.1240289968564,844,66,0,0,0,1,0,0,0,0,0,0.4976923076923077,0.48059829059829057,0.4976923076923077,0.017094017094017144,0.11981118944875,45;83;22;16;107;9;95;75;25;13;52;39;31;4;27;103;33;105;92;42;51;56;21;91;76;24;77;71;41;96,112;113;114;115;116;117;118;119;120;121;122;123;124;125;126;127;128;150;151;152;153;154;155;156;157;158;159;160;161;162,234;212;222;210;169;182;167;243;171;197;209;215;227;198;241;181;204;239;220;174;225;224;211;236;221;217;208;199;218;170;165;240;194;230;201;200;205;231;177;233;192;172;173;202;166;195;188;186;206;228;207;163;175;242;216;232;235;229;168;219;191;214;190;164;183;179;180;226;238;176;178;189;193;184;185;203,245;246;247;248;249;250;251;252;253;254;255;256;257;258;259;260;261;262;263;264,reject,0.11114137999210526,5be5ac097f05e262f1dda0d5c2de9a0c769a8153fb4b50b12b286a3078c2b158,1,1,1,0,0,1,1,1,1,1,1,3,3,1,1,9,2,0,cycle-0165;cycle-0167;cycle-0169;cycle-0170;cycle-0171;cycle-0174;cycle-0181;cycle-0182;cycle-0194;cycle-0197;cycle-0198;cycle-0199;cycle-0200;cycle-0201;cycle-0204;cycle-0205;cycle-0208;cycle-0209;cycle-0210;cycle-0211;cycle-0212;cycle-0215;cycle-0217;cycle-0218;cycle-0220;cycle-0221;cycle-0222;cycle-0224;cycle-0225;cycle-0227;cycle-0230;cycle-0231;cycle-0234;cycle-0236;cycle-0239;cycle-0240;cycle-0241;cycle-0243,1,2221.17239,4447.965832
13,blocked,FLShield,model_replacement,0,0,0,0,0.03452195273918421,0.03771531866925,0.03505678470825,0,0,0.0365653689609,844,66,0,0,0,0,0,0,0,0,0,0.4976923076923077,0.5202564102564102,0.4976923076923077,-0.022564102564102517,0.03771531866925,45;83;22;16;107;9;95;75;25;13;52;39;31;4;27;103;33;105;92;42;51;56;21;91;76;24;77;71;41;96,112;113;114;115;116;117;118;119;120;121;122;123;124;125;126;127;128;150;151;152;153;154;155;156;157;158;159;160;161;162,234;212;222;210;169;182;167;243;171;197;209;215;227;198;241;181;204;239;220;174;225;224;211;236;221;217;208;199;218;170;165;240;194;230;201;200;205;231;177;233;192;172;173;202;166;195;188;186;206;228;207;163;175;242;216;232;235;229;168;219;191;214;190;164;183;179;180;226;238;176;178;189;193;184;185;203,245;246;247;248;249;250;251;252;253;254;255;256;257;258;259;260;261;262;263;264,reject,0.03452195273918421,315a85b7dd91fcb19590b31f179c2b32aae8662ebc7a00c0cd4e07567a615ad2,1,1,1,0,0,1,1,1,1,1,1,3,3,1,1,9,2,1,cycle-0163;cycle-0164;cycle-0166;cycle-0168;cycle-0172;cycle-0173;cycle-0175;cycle-0176;cycle-0177;cycle-0178;cycle-0179;cycle-0180;cycle-0183;cycle-0184;cycle-0185;cycle-0186;cycle-0188;cycle-0189;cycle-0190;cycle-0191;cycle-0192;cycle-0193;cycle-0195;cycle-0202;cycle-0203;cycle-0206;cycle-0207;cycle-0214;cycle-0216;cycle-0219;cycle-0226;cycle-0228;cycle-0229;cycle-0232;cycle-0233;cycle-0235;cycle-0238;cycle-0242,1,2249.945886,4506.208012
13,blocked,FoundationFL,model_replacement,0,0,0,0,0.12757320858692106,0.13303702196005,0.12989060107707895,0,0,0.17783597192326667,844,66,0,0,0,1,0,0,0,0,0,0.4976923076923077,0.43692307692307697,0.4976923076923077,0.06076923076923074,0.13303702196005,45;83;22;16;107;9;95;75;25;13;52;39;31;4;27;103;33;105;92;42;51;56;21;91;76;24;77;71;41;96,112;113;114;115;116;117;118;119;120;121;122;123;124;125;126;127;128;150;151;152;153;154;155;156;157;158;159;160;161;162,234;212;222;210;169;182;167;243;171;197;209;215;227;198;241;181;204;239;220;174;225;224;211;236;221;217;208;199;218;170;165;240;194;230;201;200;205;231;177;233;192;172;173;202;166;195;188;186;206;228;207;163;175;242;216;232;235;229;168;219;191;214;190;164;183;179;180;226;238;176;178;189;193;184;185;203,245;246;247;248;249;250;251;252;253;254;255;256;257;258;259;260;261;262;263;264,reject,0.12757320858692106,dd8703655327131e69c9f93b2faf6b69bf11cb1f536a72e8d40890028cc53709,1,1,1,0,0,1,1,1,1,1,1,3,3,1,1,9,2,0,cycle-0165;cycle-0167;cycle-0169;cycle-0170;cycle-0171;cycle-0174;cycle-0181;cycle-0182;cycle-0194;cycle-0197;cycle-0198;cycle-0199;cycle-0200;cycle-0201;cycle-0204;cycle-0205;cycle-0208;cycle-0209;cycle-0210;cycle-0211;cycle-0212;cycle-0215;cycle-0217;cycle-0218;cycle-0220;cycle-0221;cycle-0222;cycle-0224;cycle-0225;cycle-0227;cycle-0230;cycle-0231;cycle-0234;cycle-0236;cycle-0239;cycle-0240;cycle-0241;cycle-0243,1,2327.847088,4632.551092
13,blocked,FedAvg,score_aware,64,17,0,1,-9.313928184210527e-06,-9.81814965e-06,-9.525055421052631e-06,0,0,-8.314918e-07,844,66,1,0,0,0,0,0,0,1,0,0.4976923076923077,0.4976923076923077,0.4976923076923077,0.0,0.0,45;83;22;16;107;9;95;75;25;13;52;39;31;4;27;103;33;105;92;42;51;56;21;91;76;24;77;71;41;96,112;113;114;115;116;117;118;119;120;121;122;123;124;125;126;127;128;150;151;152;153;154;155;156;157;158;159;160;161;162,234;212;222;210;169;182;167;243;171;197;209;215;227;198;241;181;204;239;220;174;225;224;211;236;221;217;208;199;218;170;165;240;194;230;201;200;205;231;177;233;192;172;173;202;166;195;188;186;206;228;207;163;175;242;216;232;235;229;168;219;191;214;190;164;183;179;180;226;238;176;178;189;193;184;185;203,245;246;247;248;249;250;251;252;253;254;255;256;257;258;259;260;261;262;263;264,commit,-9.313928184210527e-06,d7c643608a36e13d9be431883550b7801d52bc23dad8b70319066129cd72e4d1,1,1,1,1,1,1,1,1,1,1,1,3,3,1,1,9,2,0,cycle-0165;cycle-0167;cycle-0169;cycle-0170;cycle-0171;cycle-0174;cycle-0181;cycle-0182;cycle-0194;cycle-0197;cycle-0198;cycle-0199;cycle-0200;cycle-0201;cycle-0204;cycle-0205;cycle-0208;cycle-0209;cycle-0210;cycle-0211;cycle-0212;cycle-0215;cycle-0217;cycle-0218;cycle-0220;cycle-0221;cycle-0222;cycle-0224;cycle-0225;cycle-0227;cycle-0230;cycle-0231;cycle-0234;cycle-0236;cycle-0239;cycle-0240;cycle-0241;cycle-0243,1,2441.134963,4686.351902
13,blocked,FLTrust,score_aware,64,48,0,0,0.35683022953389476,0.38336038429875,0.3599587268941974,1,0,0.3675466175611333,844,66,0,0,0,1,1,0,0,0,0,0.4976923076923077,0.5,0.4976923076923077,-0.0023076923076922884,0.38336038429875,45;83;22;16;107;9;95;75;25;13;52;39;31;4;27;103;33;105;92;42;51;56;21;91;76;24;77;71;41;96,112;113;114;115;116;117;118;119;120;121;122;123;124;125;126;127;128;150;151;152;153;154;155;156;157;158;159;160;161;162,234;212;222;210;169;182;167;243;171;197;209;215;227;198;241;181;204;239;220;174;225;224;211;236;221;217;208;199;218;170;165;240;194;230;201;200;205;231;177;233;192;172;173;202;166;195;188;186;206;228;207;163;175;242;216;232;235;229;168;219;191;214;190;164;183;179;180;226;238;176;178;189;193;184;185;203,245;246;247;248;249;250;251;252;253;254;255;256;257;258;259;260;261;262;263;264,reject,0.35683022953389476,b0e5341574464a7d9e3947dee241a1b42d14950960b6b0b727b0f3713486e4e2,1,1,1,0,0,1,1,1,1,1,1,3,3,1,1,9,2,1,cycle-0163;cycle-0164;cycle-0166;cycle-0168;cycle-0172;cycle-0173;cycle-0175;cycle-0176;cycle-0177;cycle-0178;cycle-0179;cycle-0180;cycle-0183;cycle-0184;cycle-0185;cycle-0186;cycle-0188;cycle-0189;cycle-0190;cycle-0191;cycle-0192;cycle-0193;cycle-0195;cycle-0202;cycle-0203;cycle-0206;cycle-0207;cycle-0214;cycle-0216;cycle-0219;cycle-0226;cycle-0228;cycle-0229;cycle-0232;cycle-0233;cycle-0235;cycle-0238;cycle-0242,1,2272.581084,4572.984802
13,blocked,FoundationFL,score_aware,64,29,1,1,-0.03184322063586842,-0.0403464327608,-0.03228803628825,0,0,-0.0132369104507,844,66,1,0,0,0,0,0,0,1,0,0.4976923076923077,0.49914529914529915,0.49914529914529915,0.0,0.0,45;83;22;16;107;9;95;75;25;13;52;39;31;4;27;103;33;105;92;42;51;56;21;91;76;24;77;71;41;96,112;113;114;115;116;117;118;119;120;121;122;123;124;125;126;127;128;150;151;152;153;154;155;156;157;158;159;160;161;162,234;212;222;210;169;182;167;243;171;197;209;215;227;198;241;181;204;239;220;174;225;224;211;236;221;217;208;199;218;170;165;240;194;230;201;200;205;231;177;233;192;172;173;202;166;195;188;186;206;228;207;163;175;242;216;232;235;229;168;219;191;214;190;164;183;179;180;226;238;176;178;189;193;184;185;203,245;246;247;248;249;250;251;252;253;254;255;256;257;258;259;260;261;262;263;264,commit,-0.03184322063586842,8d341b291831dcf3b6c05bbdba269a85d5f37c07a74bf6ddb40ff76999cb2e6c,1,1,1,1,1,1,1,1,1,1,1,3,3,1,1,9,2,1,cycle-0163;cycle-0164;cycle-0166;cycle-0168;cycle-0172;cycle-0173;cycle-0175;cycle-0176;cycle-0177;cycle-0178;cycle-0179;cycle-0180;cycle-0183;cycle-0184;cycle-0185;cycle-0186;cycle-0188;cycle-0189;cycle-0190;cycle-0191;cycle-0192;cycle-0193;cycle-0195;cycle-0202;cycle-0203;cycle-0206;cycle-0207;cycle-0214;cycle-0216;cycle-0219;cycle-0226;cycle-0228;cycle-0229;cycle-0232;cycle-0233;cycle-0235;cycle-0238;cycle-0242,1,2303.339608,4592.205388
14,blocked,FedAvg,none,0,0,0,0,0.009070726145842105,0.0103986893998,0.00964605428861842,0,0,0.010126288681466667,844,66,0,0,0,0,0,0,0,0,0,0.5,0.49846153846153846,0.5,0.001538461538461544,0.0103986893998,57;61;48;91;55;51;9;5;88;94;69;20;85;68;4;100;23;76;31;84;89;34;49;40;16;63;86;93;64;81,112;113;114;115;116;117;118;119;120;121;122;123;124;125;126;127;128;150;151;152;153;154;155;156;157;158;159;160;161;162,230;193;235;240;197;221;200;201;174;185;173;219;182;216;242;212;183;164;186;194;222;171;237;202;218;220;177;167;190;229;234;191;169;214;228;213;241;175;192;224;163;205;180;206;178;170;223;207;198;203;181;210;176;196;226;217;211;238;165;225;215;199;172;189;239;233;179;195;204;166;209;243;188;208;232;184,245;246;247;248;249;250;251;252;253;254;255;256;257;258;259;260;261;262;263;264,reject,0.009070726145842105,b8865e242f7b85e09438e98f587b7f0dc9192244e235c3eb1d8d4aa7563eaf60,1,2,2,0,0,1,1,1,1,1,1,3,3,1,1,9,2,0,cycle-0164;cycle-0167;cycle-0169;cycle-0171;cycle-0173;cycle-0174;cycle-0175;cycle-0177;cycle-0182;cycle-0183;cycle-0185;cycle-0186;cycle-0190;cycle-0191;cycle-0193;cycle-0194;cycle-0197;cycle-0200;cycle-0201;cycle-0202;cycle-0212;cycle-0213;cycle-0214;cycle-0216;cycle-0218;cycle-0219;cycle-0220;cycle-0221;cycle-0222;cycle-0228;cycle-0229;cycle-0230;cycle-0234;cycle-0235;cycle-0237;cycle-0240;cycle-0241;cycle-0242,1,2591.021844,5768.990255
14,blocked,CoordinateMedian,none,0,0,0,1,-0.004996985713657895,-0.00556997986705,-0.005506325137828947,0,0,-0.006788104803433333,844,66,1,0,0,0,0,0,0,1,0,0.5,0.5,0.5,0.0,0.0,57;61;48;91;55;51;9;5;88;94;69;20;85;68;4;100;23;76;31;84;89;34;49;40;16;63;86;93;64;81,112;113;114;115;116;117;118;119;120;121;122;123;124;125;126;127;128;150;151;152;153;154;155;156;157;158;159;160;161;162,230;193;235;240;197;221;200;201;174;185;173;219;182;216;242;212;183;164;186;194;222;171;237;202;218;220;177;167;190;229;234;191;169;214;228;213;241;175;192;224;163;205;180;206;178;170;223;207;198;203;181;210;176;196;226;217;211;238;165;225;215;199;172;189;239;233;179;195;204;166;209;243;188;208;232;184,245;246;247;248;249;250;251;252;253;254;255;256;257;258;259;260;261;262;263;264,commit,-0.004996985713657895,8f65c8e173f1ff220fef111ccbdb0f73c4181458f5dc0ada6a7cfb2aed45bf69,1,1,1,1,1,1,1,1,1,1,1,3,3,1,1,9,2,0,cycle-0164;cycle-0167;cycle-0169;cycle-0171;cycle-0173;cycle-0174;cycle-0175;cycle-0177;cycle-0182;cycle-0183;cycle-0185;cycle-0186;cycle-0190;cycle-0191;cycle-0193;cycle-0194;cycle-0197;cycle-0200;cycle-0201;cycle-0202;cycle-0212;cycle-0213;cycle-0214;cycle-0216;cycle-0218;cycle-0219;cycle-0220;cycle-0221;cycle-0222;cycle-0228;cycle-0229;cycle-0230;cycle-0234;cycle-0235;cycle-0237;cycle-0240;cycle-0241;cycle-0242,1,2315.716617,4644.748208
14,blocked,Krum,none,0,0,0,0,0.0008794777498947368,0.00148813789485,0.0007733207269078947,0,0,-0.00038204244646666667,844,66,1,0,0,0,0,0,0,0,0,0.5,0.5,0.5,0.0,0.00148813789485,57;61;48;91;55;51;9;5;88;94;69;20;85;68;4;100;23;76;31;84;89;34;49;40;16;63;86;93;64;81,112;113;114;115;116;117;118;119;120;121;122;123;124;125;126;127;128;150;151;152;153;154;155;156;157;158;159;160;161;162,230;193;235;240;197;221;200;201;174;185;173;219;182;216;242;212;183;164;186;194;222;171;237;202;218;220;177;167;190;229;234;191;169;214;228;213;241;175;192;224;163;205;180;206;178;170;223;207;198;203;181;210;176;196;226;217;211;238;165;225;215;199;172;189;239;233;179;195;204;166;209;243;188;208;232;184,245;246;247;248;249;250;251;252;253;254;255;256;257;258;259;260;261;262;263;264,reject,0.0008794777498947368,104d942e4e59de215dc470a2f5c16694608c9b6d7b718ae08d6529b52f30a0bc,1,1,1,0,0,1,1,1,1,1,1,3,3,1,1,9,2,0,cycle-0164;cycle-0167;cycle-0169;cycle-0171;cycle-0173;cycle-0174;cycle-0175;cycle-0177;cycle-0182;cycle-0183;cycle-0185;cycle-0186;cycle-0190;cycle-0191;cycle-0193;cycle-0194;cycle-0197;cycle-0200;cycle-0201;cycle-0202;cycle-0212;cycle-0213;cycle-0214;cycle-0216;cycle-0218;cycle-0219;cycle-0220;cycle-0221;cycle-0222;cycle-0228;cycle-0229;cycle-0230;cycle-0234;cycle-0235;cycle-0237;cycle-0240;cycle-0241;cycle-0242,1,2425.75721,4769.657628
14,blocked,FLTrust,none,0,0,0,0,0.37342018686892103,0.38167165157295,0.3581612758448947,1,0,0.36925513039923336,844,66,0,0,0,1,1,0,0,0,0,0.5,0.5007692307692307,0.5,-0.0007692307692307443,0.38167165157295,57;61;48;91;55;51;9;5;88;94;69;20;85;68;4;100;23;76;31;84;89;34;49;40;16;63;86;93;64;81,112;113;114;115;116;117;118;119;120;121;122;123;124;125;126;127;128;150;151;152;153;154;155;156;157;158;159;160;161;162,230;193;235;240;197;221;200;201;174;185;173;219;182;216;242;212;183;164;186;194;222;171;237;202;218;220;177;167;190;229;234;191;169;214;228;213;241;175;192;224;163;205;180;206;178;170;223;207;198;203;181;210;176;196;226;217;211;238;165;225;215;199;172;189;239;233;179;195;204;166;209;243;188;208;232;184,245;246;247;248;249;250;251;252;253;254;255;256;257;258;259;260;261;262;263;264,reject,0.37342018686892103,c8490c3d31fb0149cf0974c75611d2ac0cece3cd680b2d92c2bfca0aabd419aa,1,1,1,0,0,1,1,1,1,1,1,3,3,1,1,9,2,1,cycle-0163;cycle-0165;cycle-0166;cycle-0170;cycle-0172;cycle-0176;cycle-0178;cycle-0179;cycle-0180;cycle-0181;cycle-0184;cycle-0188;cycle-0189;cycle-0192;cycle-0195;cycle-0196;cycle-0198;cycle-0199;cycle-0203;cycle-0204;cycle-0205;cycle-0206;cycle-0207;cycle-0208;cycle-0209;cycle-0210;cycle-0211;cycle-0215;cycle-0217;cycle-0223;cycle-0224;cycle-0225;cycle-0226;cycle-0232;cycle-0233;cycle-0238;cycle-0239;cycle-0243,1,2345.005021,4699.583491
14,blocked,FedVal,none,0,0,0,0,0.038956252775236844,0.04473961315505,0.04149016826636842,0,0,0.04390839794633333,844,66,0,0,0,0,0,0,0,0,0,0.5,0.5164102564102564,0.5,-0.016410256410256396,0.04473961315505,57;61;48;91;55;51;9;5;88;94;69;20;85;68;4;100;23;76;31;84;89;34;49;40;16;63;86;93;64;81,112;113;114;115;116;117;118;119;120;121;122;123;124;125;126;127;128;150;151;152;153;154;155;156;157;158;159;160;161;162,230;193;235;240;197;221;200;201;174;185;173;219;182;216;242;212;183;164;186;194;222;171;237;202;218;220;177;167;190;229;234;191;169;214;228;213;241;175;192;224;163;205;180;206;178;170;223;207;198;203;181;210;176;196;226;217;211;238;165;225;215;199;172;189;239;233;179;195;204;166;209;243;188;208;232;184,245;246;247;248;249;250;251;252;253;254;255;256;257;258;259;260;261;262;263;264,reject,0.038956252775236844,6e778101e2ebb12c1f164f91953b4770b6092205b762643361db0b3b1da8f268,1,1,1,0,0,1,1,1,1,1,1,3,3,1,1,9,2,0,cycle-0164;cycle-0167;cycle-0169;cycle-0171;cycle-0173;cycle-0174;cycle-0175;cycle-0177;cycle-0182;cycle-0183;cycle-0185;cycle-0186;cycle-0190;cycle-0191;cycle-0193;cycle-0194;cycle-0197;cycle-0200;cycle-0201;cycle-0202;cycle-0212;cycle-0213;cycle-0214;cycle-0216;cycle-0218;cycle-0219;cycle-0220;cycle-0221;cycle-0222;cycle-0228;cycle-0229;cycle-0230;cycle-0234;cycle-0235;cycle-0237;cycle-0240;cycle-0241;cycle-0242,1,2377.12817,4750.892425
14,blocked,FLShield,none,0,0,0,1,-0.04253544608468421,-0.04216130622375,-0.039190510500092104,0,0,-0.044127305373666666,844,66,1,0,0,0,0,0,0,1,0,0.5,0.5,0.5,0.0,0.0,57;61;48;91;55;51;9;5;88;94;69;20;85;68;4;100;23;76;31;84;89;34;49;40;16;63;86;93;64;81,112;113;114;115;116;117;118;119;120;121;122;123;124;125;126;127;128;150;151;152;153;154;155;156;157;158;159;160;161;162,230;193;235;240;197;221;200;201;174;185;173;219;182;216;242;212;183;164;186;194;222;171;237;202;218;220;177;167;190;229;234;191;169;214;228;213;241;175;192;224;163;205;180;206;178;170;223;207;198;203;181;210;176;196;226;217;211;238;165;225;215;199;172;189;239;233;179;195;204;166;209;243;188;208;232;184,245;246;247;248;249;250;251;252;253;254;255;256;257;258;259;260;261;262;263;264,commit,-0.04253544608468421,8c3f6920cd572cad7c3fcbf10229e8f6f7862bcb34004dba04afe6482455e9d0,1,1,1,1,1,1,1,1,1,1,1,3,3,1,1,9,2,1,cycle-0163;cycle-0165;cycle-0166;cycle-0170;cycle-0172;cycle-0176;cycle-0178;cycle-0179;cycle-0180;cycle-0181;cycle-0184;cycle-0188;cycle-0189;cycle-0192;cycle-0195;cycle-0196;cycle-0198;cycle-0199;cycle-0203;cycle-0204;cycle-0205;cycle-0206;cycle-0207;cycle-0208;cycle-0209;cycle-0210;cycle-0211;cycle-0215;cycle-0217;cycle-0223;cycle-0224;cycle-0225;cycle-0226;cycle-0232;cycle-0233;cycle-0238;cycle-0239;cycle-0243,1,2314.558098,4592.281839
14,blocked,FoundationFL,none,0,0,0,1,-0.010970894396763157,-0.01314374675415,-0.012004341483802632,0,0,-0.0133683817048,844,66,1,0,0,0,0,0,0,1,0,0.5,0.5,0.5,0.0,0.0,57;61;48;91;55;51;9;5;88;94;69;20;85;68;4;100;23;76;31;84;89;34;49;40;16;63;86;93;64;81,112;113;114;115;116;117;118;119;120;121;122;123;124;125;126;127;128;150;151;152;153;154;155;156;157;158;159;160;161;162,230;193;235;240;197;221;200;201;174;185;173;219;182;216;242;212;183;164;186;194;222;171;237;202;218;220;177;167;190;229;234;191;169;214;228;213;241;175;192;224;163;205;180;206;178;170;223;207;198;203;181;210;176;196;226;217;211;238;165;225;215;199;172;189;239;233;179;195;204;166;209;243;188;208;232;184,245;246;247;248;249;250;251;252;253;254;255;256;257;258;259;260;261;262;263;264,commit,-0.010970894396763157,454c572722790ae36b5f967529a77aa9d29f3935414c63eb8d8d2df953aaefbb,1,1,1,1,1,1,1,1,1,1,1,3,3,1,1,9,2,0,cycle-0164;cycle-0167;cycle-0169;cycle-0171;cycle-0173;cycle-0174;cycle-0175;cycle-0177;cycle-0182;cycle-0183;cycle-0185;cycle-0186;cycle-0190;cycle-0191;cycle-0193;cycle-0194;cycle-0197;cycle-0200;cycle-0201;cycle-0202;cycle-0212;cycle-0213;cycle-0214;cycle-0216;cycle-0218;cycle-0219;cycle-0220;cycle-0221;cycle-0222;cycle-0228;cycle-0229;cycle-0230;cycle-0234;cycle-0235;cycle-0237;cycle-0240;cycle-0241;cycle-0242,1,2374.10915,4708.780099
14,blocked,FedAvg,sign_flip,0,0,0,0,0.02021354580023684,0.02125461315435,0.02138798282563158,0,0,0.023120531873633332,844,66,0,0,0,0,0,0,0,0,0,0.5,0.5210256410256411,0.5,-0.021025641025641084,0.02125461315435,57;61;48;91;55;51;9;5;88;94;69;20;85;68;4;100;23;76;31;84;89;34;49;40;16;63;86;93;64;81,112;113;114;115;116;117;118;119;120;121;122;123;124;125;126;127;128;150;151;152;153;154;155;156;157;158;159;160;161;162,230;193;235;240;197;221;200;201;174;185;173;219;182;216;242;212;183;164;186;194;222;171;237;202;218;220;177;167;190;229;234;191;169;214;228;213;241;175;192;224;163;205;180;206;178;170;223;207;198;203;181;210;176;196;226;217;211;238;165;225;215;199;172;189;239;233;179;195;204;166;209;243;188;208;232;184,245;246;247;248;249;250;251;252;253;254;255;256;257;258;259;260;261;262;263;264,reject,0.02021354580023684,7b4490f71df91dfdeaeb0ea9b80256cc411ac8e51c035f3c3cd44103bd999e4b,1,1,1,0,0,1,1,1,1,1,1,3,3,1,1,9,2,0,cycle-0164;cycle-0167;cycle-0169;cycle-0171;cycle-0173;cycle-0174;cycle-0175;cycle-0177;cycle-0182;cycle-0183;cycle-0185;cycle-0186;cycle-0190;cycle-0191;cycle-0193;cycle-0194;cycle-0197;cycle-0200;cycle-0201;cycle-0202;cycle-0212;cycle-0213;cycle-0214;cycle-0216;cycle-0218;cycle-0219;cycle-0220;cycle-0221;cycle-0222;cycle-0228;cycle-0229;cycle-0230;cycle-0234;cycle-0235;cycle-0237;cycle-0240;cycle-0241;cycle-0242,1,2308.877668,4626.565762
14,blocked,CoordinateMedian,sign_flip,0,0,0,1,-0.002549136038368421,-0.00336225462235,-0.0029555099380394736,0,0,-0.0039413868482,844,66,1,0,0,0,0,0,0,1,0,0.5,0.49923076923076926,0.49923076923076926,0.0,0.0,57;61;48;91;55;51;9;5;88;94;69;20;85;68;4;100;23;76;31;84;89;34;49;40;16;63;86;93;64;81,112;113;114;115;116;117;118;119;120;121;122;123;124;125;126;127;128;150;151;152;153;154;155;156;157;158;159;160;161;162,230;193;235;240;197;221;200;201;174;185;173;219;182;216;242;212;183;164;186;194;222;171;237;202;218;220;177;167;190;229;234;191;169;214;228;213;241;175;192;224;163;205;180;206;178;170;223;207;198;203;181;210;176;196;226;217;211;238;165;225;215;199;172;189;239;233;179;195;204;166;209;243;188;208;232;184,245;246;247;248;249;250;251;252;253;254;255;256;257;258;259;260;261;262;263;264,commit,-0.002549136038368421,940573ad9bc2a392b97e70fe0d10882c49617131ca4619dc914a423e8ccd3540,1,1,1,1,1,1,1,1,1,1,1,3,3,1,1,9,2,0,cycle-0164;cycle-0167;cycle-0169;cycle-0171;cycle-0173;cycle-0174;cycle-0175;cycle-0177;cycle-0182;cycle-0183;cycle-0185;cycle-0186;cycle-0190;cycle-0191;cycle-0193;cycle-0194;cycle-0197;cycle-0200;cycle-0201;cycle-0202;cycle-0212;cycle-0213;cycle-0214;cycle-0216;cycle-0218;cycle-0219;cycle-0220;cycle-0221;cycle-0222;cycle-0228;cycle-0229;cycle-0230;cycle-0234;cycle-0235;cycle-0237;cycle-0240;cycle-0241;cycle-0242,1,2370.796822,4766.816014
14,blocked,Krum,sign_flip,0,0,0,0,0.0008794777498947368,0.00148813789485,0.0007733207269078947,0,0,-0.00038204244646666667,844,66,1,0,0,0,0,0,0,0,0,0.5,0.5,0.5,0.0,0.00148813789485,57;61;48;91;55;51;9;5;88;94;69;20;85;68;4;100;23;76;31;84;89;34;49;40;16;63;86;93;64;81,112;113;114;115;116;117;118;119;120;121;122;123;124;125;126;127;128;150;151;152;153;154;155;156;157;158;159;160;161;162,230;193;235;240;197;221;200;201;174;185;173;219;182;216;242;212;183;164;186;194;222;171;237;202;218;220;177;167;190;229;234;191;169;214;228;213;241;175;192;224;163;205;180;206;178;170;223;207;198;203;181;210;176;196;226;217;211;238;165;225;215;199;172;189;239;233;179;195;204;166;209;243;188;208;232;184,245;246;247;248;249;250;251;252;253;254;255;256;257;258;259;260;261;262;263;264,reject,0.0008794777498947368,00bd27f66b7d0fc1977903c7141b7bd65c15a5d1e7b0380418717d71f397ffe0,1,1,1,0,0,1,1,1,1,1,1,3,3,1,1,9,2,0,cycle-0164;cycle-0167;cycle-0169;cycle-0171;cycle-0173;cycle-0174;cycle-0175;cycle-0177;cycle-0182;cycle-0183;cycle-0185;cycle-0186;cycle-0190;cycle-0191;cycle-0193;cycle-0194;cycle-0197;cycle-0200;cycle-0201;cycle-0202;cycle-0212;cycle-0213;cycle-0214;cycle-0216;cycle-0218;cycle-0219;cycle-0220;cycle-0221;cycle-0222;cycle-0228;cycle-0229;cycle-0230;cycle-0234;cycle-0235;cycle-0237;cycle-0240;cycle-0241;cycle-0242,1,2335.519474,4515.511949
14,blocked,FLTrust,sign_flip,0,0,0,0,0.3404888678805,0.37741533776725,0.3556015458342895,1,0,0.3669669094601667,844,66,0,0,0,1,1,0,0,0,0,0.5,0.5023076923076923,0.5,-0.002307692307692344,0.37741533776725,57;61;48;91;55;51;9;5;88;94;69;20;85;68;4;100;23;76;31;84;89;34;49;40;16;63;86;93;64;81,112;113;114;115;116;117;118;119;120;121;122;123;124;125;126;127;128;150;151;152;153;154;155;156;157;158;159;160;161;162,230;193;235;240;197;221;200;201;174;185;173;219;182;216;242;212;183;164;186;194;222;171;237;202;218;220;177;167;190;229;234;191;169;214;228;213;241;175;192;224;163;205;180;206;178;170;223;207;198;203;181;210;176;196;226;217;211;238;165;225;215;199;172;189;239;233;179;195;204;166;209;243;188;208;232;184,245;246;247;248;249;250;251;252;253;254;255;256;257;258;259;260;261;262;263;264,reject,0.3404888678805,b577f8bb4f9980bde673425745eada936d47d6315b06477c957d4fe83b5ce041,1,1,1,0,0,1,1,1,1,1,1,3,3,1,1,9,2,0,cycle-0164;cycle-0167;cycle-0169;cycle-0171;cycle-0173;cycle-0174;cycle-0175;cycle-0177;cycle-0182;cycle-0183;cycle-0185;cycle-0186;cycle-0190;cycle-0191;cycle-0193;cycle-0194;cycle-0197;cycle-0200;cycle-0201;cycle-0202;cycle-0212;cycle-0213;cycle-0214;cycle-0216;cycle-0218;cycle-0219;cycle-0220;cycle-0221;cycle-0222;cycle-0228;cycle-0229;cycle-0230;cycle-0234;cycle-0235;cycle-0237;cycle-0240;cycle-0241;cycle-0242,1,2318.637145,4598.297539
14,blocked,FedVal,sign_flip,0,0,0,0,0.08560114863115789,0.09589609408035,0.09060525380738157,0,0,0.0954316919336,844,66,0,0,0,1,0,0,0,0,0,0.5,0.6305982905982905,0.5,-0.13059829059829053,0.09589609408035,57;61;48;91;55;51;9;5;88;94;69;20;85;68;4;100;23;76;31;84;89;34;49;40;16;63;86;93;64;81,112;113;114;115;116;117;118;119;120;121;122;123;124;125;126;127;128;150;151;152;153;154;155;156;157;158;159;160;161;162,230;193;235;240;197;221;200;201;174;185;173;219;182;216;242;212;183;164;186;194;222;171;237;202;218;220;177;167;190;229;234;191;169;214;228;213;241;175;192;224;163;205;180;206;178;170;223;207;198;203;181;210;176;196;226;217;211;238;165;225;215;199;172;189;239;233;179;195;204;166;209;243;188;208;232;184,245;246;247;248;249;250;251;252;253;254;255;256;257;258;259;260;261;262;263;264,reject,0.08560114863115789,2b4deab22eaeeb2705be634d1b0d0010050b50c23085141cce4c3525d1c8e95b,1,1,1,0,0,1,1,1,1,1,1,3,3,1,1,9,2,0,cycle-0164;cycle-0167;cycle-0169;cycle-0171;cycle-0173;cycle-0174;cycle-0175;cycle-0177;cycle-0182;cycle-0183;cycle-0185;cycle-0186;cycle-0190;cycle-0191;cycle-0193;cycle-0194;cycle-0197;cycle-0200;cycle-0201;cycle-0202;cycle-0212;cycle-0213;cycle-0214;cycle-0216;cycle-0218;cycle-0219;cycle-0220;cycle-0221;cycle-0222;cycle-0228;cycle-0229;cycle-0230;cycle-0234;cycle-0235;cycle-0237;cycle-0240;cycle-0241;cycle-0242,1,2188.30264,4501.351869
14,blocked,FLShield,sign_flip,0,0,0,1,-0.08994046948818421,-0.085404904115,-0.07402646054164473,0,0,-0.10386106831903333,844,66,1,0,0,0,0,0,0,1,0,0.5,0.5,0.5,0.0,0.0,57;61;48;91;55;51;9;5;88;94;69;20;85;68;4;100;23;76;31;84;89;34;49;40;16;63;86;93;64;81,112;113;114;115;116;117;118;119;120;121;122;123;124;125;126;127;128;150;151;152;153;154;155;156;157;158;159;160;161;162,230;193;235;240;197;221;200;201;174;185;173;219;182;216;242;212;183;164;186;194;222;171;237;202;218;220;177;167;190;229;234;191;169;214;228;213;241;175;192;224;163;205;180;206;178;170;223;207;198;203;181;210;176;196;226;217;211;238;165;225;215;199;172;189;239;233;179;195;204;166;209;243;188;208;232;184,245;246;247;248;249;250;251;252;253;254;255;256;257;258;259;260;261;262;263;264,commit,-0.08994046948818421,914404b0aa5cd9c642139829a2950c10c2dff8e37bba1f7046d6d1b4c88af386,1,1,1,1,1,1,1,1,1,1,1,3,3,1,1,9,2,1,cycle-0163;cycle-0165;cycle-0166;cycle-0170;cycle-0172;cycle-0176;cycle-0178;cycle-0179;cycle-0180;cycle-0181;cycle-0184;cycle-0188;cycle-0189;cycle-0192;cycle-0195;cycle-0196;cycle-0198;cycle-0199;cycle-0203;cycle-0204;cycle-0205;cycle-0206;cycle-0207;cycle-0208;cycle-0209;cycle-0210;cycle-0211;cycle-0215;cycle-0217;cycle-0223;cycle-0224;cycle-0225;cycle-0226;cycle-0232;cycle-0233;cycle-0238;cycle-0239;cycle-0243,1,2336.191986,4538.883771
14,blocked,FoundationFL,sign_flip,0,0,0,1,-0.03507811812968421,-0.03500909284445,-0.03230659122602632,0,0,-0.0362216652711,844,66,1,0,0,0,0,0,0,1,0,0.5,0.5,0.5,0.0,0.0,57;61;48;91;55;51;9;5;88;94;69;20;85;68;4;100;23;76;31;84;89;34;49;40;16;63;86;93;64;81,112;113;114;115;116;117;118;119;120;121;122;123;124;125;126;127;128;150;151;152;153;154;155;156;157;158;159;160;161;162,230;193;235;240;197;221;200;201;174;185;173;219;182;216;242;212;183;164;186;194;222;171;237;202;218;220;177;167;190;229;234;191;169;214;228;213;241;175;192;224;163;205;180;206;178;170;223;207;198;203;181;210;176;196;226;217;211;238;165;225;215;199;172;189;239;233;179;195;204;166;209;243;188;208;232;184,245;246;247;248;249;250;251;252;253;254;255;256;257;258;259;260;261;262;263;264,commit,-0.03507811812968421,b363b0826ff0240b2490f11f93a5055a148e0441896f8b966d94d7be8ad40b67,1,1,1,1,1,1,1,1,1,1,1,3,3,1,1,9,2,1,cycle-0163;cycle-0165;cycle-0166;cycle-0170;cycle-0172;cycle-0176;cycle-0178;cycle-0179;cycle-0180;cycle-0181;cycle-0184;cycle-0188;cycle-0189;cycle-0192;cycle-0195;cycle-0196;cycle-0198;cycle-0199;cycle-0203;cycle-0204;cycle-0205;cycle-0206;cycle-0207;cycle-0208;cycle-0209;cycle-0210;cycle-0211;cycle-0215;cycle-0217;cycle-0223;cycle-0224;cycle-0225;cycle-0226;cycle-0232;cycle-0233;cycle-0238;cycle-0239;cycle-0243,1,2272.308183,4569.24893
14,blocked,FedAvg,model_replacement,0,0,0,0,0.4284677720075,0.47764115160435,0.4501979103674211,1,0,0.4887678231986667,844,66,0,0,0,1,1,0,0,0,0,0.5,0.5,0.5,0.0,0.47764115160435,57;61;48;91;55;51;9;5;88;94;69;20;85;68;4;100;23;76;31;84;89;34;49;40;16;63;86;93;64;81,112;113;114;115;116;117;118;119;120;121;122;123;124;125;126;127;128;150;151;152;153;154;155;156;157;158;159;160;161;162,230;193;235;240;197;221;200;201;174;185;173;219;182;216;242;212;183;164;186;194;222;171;237;202;218;220;177;167;190;229;234;191;169;214;228;213;241;175;192;224;163;205;180;206;178;170;223;207;198;203;181;210;176;196;226;217;211;238;165;225;215;199;172;189;239;233;179;195;204;166;209;243;188;208;232;184,245;246;247;248;249;250;251;252;253;254;255;256;257;258;259;260;261;262;263;264,reject,0.4284677720075,8f828c9582b3a3ffd51a0f73ea5b401bedbf7f7b97786ff70345c414da94edf4,1,1,1,0,0,1,1,1,1,1,1,3,3,1,1,9,2,0,cycle-0164;cycle-0167;cycle-0169;cycle-0171;cycle-0173;cycle-0174;cycle-0175;cycle-0177;cycle-0182;cycle-0183;cycle-0185;cycle-0186;cycle-0190;cycle-0191;cycle-0193;cycle-0194;cycle-0197;cycle-0200;cycle-0201;cycle-0202;cycle-0212;cycle-0213;cycle-0214;cycle-0216;cycle-0218;cycle-0219;cycle-0220;cycle-0221;cycle-0222;cycle-0228;cycle-0229;cycle-0230;cycle-0234;cycle-0235;cycle-0237;cycle-0240;cycle-0241;cycle-0242,1,2314.044909,4670.733984
14,blocked,CoordinateMedian,model_replacement,0,0,0,0,0.03718803320357895,0.0437696612705,0.03978279999568421,0,0,0.0424140907602,844,66,0,0,0,0,0,0,0,0,0,0.5,0.5114529914529915,0.5,-0.011452991452991501,0.0437696612705,57;61;48;91;55;51;9;5;88;94;69;20;85;68;4;100;23;76;31;84;89;34;49;40;16;63;86;93;64;81,112;113;114;115;116;117;118;119;120;121;122;123;124;125;126;127;128;150;151;152;153;154;155;156;157;158;159;160;161;162,230;193;235;240;197;221;200;201;174;185;173;219;182;216;242;212;183;164;186;194;222;171;237;202;218;220;177;167;190;229;234;191;169;214;228;213;241;175;192;224;163;205;180;206;178;170;223;207;198;203;181;210;176;196;226;217;211;238;165;225;215;199;172;189;239;233;179;195;204;166;209;243;188;208;232;184,245;246;247;248;249;250;251;252;253;254;255;256;257;258;259;260;261;262;263;264,reject,0.03718803320357895,a232767e12928ec76e146f8b0e940377723097d9a9a3f6f5519fba2bc6d0b4f6,1,1,1,0,0,1,1,1,1,1,1,3,3,1,1,9,2,0,cycle-0164;cycle-0167;cycle-0169;cycle-0171;cycle-0173;cycle-0174;cycle-0175;cycle-0177;cycle-0182;cycle-0183;cycle-0185;cycle-0186;cycle-0190;cycle-0191;cycle-0193;cycle-0194;cycle-0197;cycle-0200;cycle-0201;cycle-0202;cycle-0212;cycle-0213;cycle-0214;cycle-0216;cycle-0218;cycle-0219;cycle-0220;cycle-0221;cycle-0222;cycle-0228;cycle-0229;cycle-0230;cycle-0234;cycle-0235;cycle-0237;cycle-0240;cycle-0241;cycle-0242,1,2326.174822,4533.602484
14,blocked,Krum,model_replacement,0,0,0,0,0.0006671637039210527,0.00148813789485,0.0007733207269078947,0,0,-0.00038204244646666667,844,66,1,0,0,0,0,0,0,0,0,0.5,0.5,0.5,0.0,0.00148813789485,57;61;48;91;55;51;9;5;88;94;69;20;85;68;4;100;23;76;31;84;89;34;49;40;16;63;86;93;64;81,112;113;114;115;116;117;118;119;120;121;122;123;124;125;126;127;128;150;151;152;153;154;155;156;157;158;159;160;161;162,230;193;235;240;197;221;200;201;174;185;173;219;182;216;242;212;183;164;186;194;222;171;237;202;218;220;177;167;190;229;234;191;169;214;228;213;241;175;192;224;163;205;180;206;178;170;223;207;198;203;181;210;176;196;226;217;211;238;165;225;215;199;172;189;239;233;179;195;204;166;209;243;188;208;232;184,245;246;247;248;249;250;251;252;253;254;255;256;257;258;259;260;261;262;263;264,reject,0.0006671637039210527,66603114be49d4c0d63095a5790eca8642562bd86890258afadc728f34e98ae4,1,1,1,0,0,1,1,1,1,1,1,3,3,1,1,9,2,1,cycle-0163;cycle-0165;cycle-0166;cycle-0170;cycle-0172;cycle-0176;cycle-0178;cycle-0179;cycle-0180;cycle-0181;cycle-0184;cycle-0188;cycle-0189;cycle-0192;cycle-0195;cycle-0196;cycle-0198;cycle-0199;cycle-0203;cycle-0204;cycle-0205;cycle-0206;cycle-0207;cycle-0208;cycle-0209;cycle-0210;cycle-0211;cycle-0215;cycle-0217;cycle-0223;cycle-0224;cycle-0225;cycle-0226;cycle-0232;cycle-0233;cycle-0238;cycle-0239;cycle-0243,1,2312.327004,4520.82647
14,blocked,FLTrust,model_replacement,0,0,0,0,0.35136309774839475,0.3593614209554,0.33674994551860526,0,0,0.3475360921881,844,66,0,0,0,1,1,0,0,0,0,0.5,0.5023076923076923,0.5,-0.002307692307692344,0.3593614209554,57;61;48;91;55;51;9;5;88;94;69;20;85;68;4;100;23;76;31;84;89;34;49;40;16;63;86;93;64;81,112;113;114;115;116;117;118;119;120;121;122;123;124;125;126;127;128;150;151;152;153;154;155;156;157;158;159;160;161;162,230;193;235;240;197;221;200;201;174;185;173;219;182;216;242;212;183;164;186;194;222;171;237;202;218;220;177;167;190;229;234;191;169;214;228;213;241;175;192;224;163;205;180;206;178;170;223;207;198;203;181;210;176;196;226;217;211;238;165;225;215;199;172;189;239;233;179;195;204;166;209;243;188;208;232;184,245;246;247;248;249;250;251;252;253;254;255;256;257;258;259;260;261;262;263;264,reject,0.35136309774839475,b0f76d4589b3df259b83b017ebf1c7c2f179efb6b1dbd5f38aba9dd28e0ffff0,1,1,1,0,0,1,1,1,1,1,1,3,3,1,1,9,2,1,cycle-0163;cycle-0165;cycle-0166;cycle-0170;cycle-0172;cycle-0176;cycle-0178;cycle-0179;cycle-0180;cycle-0181;cycle-0184;cycle-0188;cycle-0189;cycle-0192;cycle-0195;cycle-0196;cycle-0198;cycle-0199;cycle-0203;cycle-0204;cycle-0205;cycle-0206;cycle-0207;cycle-0208;cycle-0209;cycle-0210;cycle-0211;cycle-0215;cycle-0217;cycle-0223;cycle-0224;cycle-0225;cycle-0226;cycle-0232;cycle-0233;cycle-0238;cycle-0239;cycle-0243,1,2295.322864,4551.968298
14,blocked,FedVal,model_replacement,0,0,0,0,0.08033066739694737,0.09247097770235,0.08588385515335527,0,0,0.09513172622996667,844,66,0,0,0,1,0,0,0,0,0,0.5,0.5711111111111111,0.5,-0.07111111111111112,0.09247097770235,57;61;48;91;55;51;9;5;88;94;69;20;85;68;4;100;23;76;31;84;89;34;49;40;16;63;86;93;64;81,112;113;114;115;116;117;118;119;120;121;122;123;124;125;126;127;128;150;151;152;153;154;155;156;157;158;159;160;161;162,230;193;235;240;197;221;200;201;174;185;173;219;182;216;242;212;183;164;186;194;222;171;237;202;218;220;177;167;190;229;234;191;169;214;228;213;241;175;192;224;163;205;180;206;178;170;223;207;198;203;181;210;176;196;226;217;211;238;165;225;215;199;172;189;239;233;179;195;204;166;209;243;188;208;232;184,245;246;247;248;249;250;251;252;253;254;255;256;257;258;259;260;261;262;263;264,reject,0.08033066739694737,436906830468a668019de06f808d39660cde673b0006109f78763fc5e1a1865f,1,1,1,0,0,1,1,1,1,1,1,3,3,1,1,9,2,0,cycle-0164;cycle-0167;cycle-0169;cycle-0171;cycle-0173;cycle-0174;cycle-0175;cycle-0177;cycle-0182;cycle-0183;cycle-0185;cycle-0186;cycle-0190;cycle-0191;cycle-0193;cycle-0194;cycle-0197;cycle-0200;cycle-0201;cycle-0202;cycle-0212;cycle-0213;cycle-0214;cycle-0216;cycle-0218;cycle-0219;cycle-0220;cycle-0221;cycle-0222;cycle-0228;cycle-0229;cycle-0230;cycle-0234;cycle-0235;cycle-0237;cycle-0240;cycle-0241;cycle-0242,1,2224.453062,4431.086102
14,blocked,FLShield,model_replacement,0,0,0,0,0.013970758193421053,0.01618937725305,0.014894230314881579,0,0,0.0156812166472,844,66,0,0,0,0,0,0,0,0,0,0.5,0.4976923076923077,0.5,0.0023076923076922884,0.01618937725305,57;61;48;91;55;51;9;5;88;94;69;20;85;68;4;100;23;76;31;84;89;34;49;40;16;63;86;93;64;81,112;113;114;115;116;117;118;119;120;121;122;123;124;125;126;127;128;150;151;152;153;154;155;156;157;158;159;160;161;162,230;193;235;240;197;221;200;201;174;185;173;219;182;216;242;212;183;164;186;194;222;171;237;202;218;220;177;167;190;229;234;191;169;214;228;213;241;175;192;224;163;205;180;206;178;170;223;207;198;203;181;210;176;196;226;217;211;238;165;225;215;199;172;189;239;233;179;195;204;166;209;243;188;208;232;184,245;246;247;248;249;250;251;252;253;254;255;256;257;258;259;260;261;262;263;264,reject,0.013970758193421053,1700f443542155c2548bec94cf2468c7e3e08da8cefefcb23b62f3604e3c6e46,1,1,1,0,0,1,1,1,1,1,1,3,3,1,1,9,2,0,cycle-0164;cycle-0167;cycle-0169;cycle-0171;cycle-0173;cycle-0174;cycle-0175;cycle-0177;cycle-0182;cycle-0183;cycle-0185;cycle-0186;cycle-0190;cycle-0191;cycle-0193;cycle-0194;cycle-0197;cycle-0200;cycle-0201;cycle-0202;cycle-0212;cycle-0213;cycle-0214;cycle-0216;cycle-0218;cycle-0219;cycle-0220;cycle-0221;cycle-0222;cycle-0228;cycle-0229;cycle-0230;cycle-0234;cycle-0235;cycle-0237;cycle-0240;cycle-0241;cycle-0242,1,2303.445372,4585.489917
14,blocked,FoundationFL,model_replacement,0,0,0,0,0.7638103921423685,0.76247286871135,0.7344486621130789,1,0,0.7894694193906,844,66,0,0,0,1,1,0,0,0,0,0.5,0.5,0.5,0.0,0.76247286871135,57;61;48;91;55;51;9;5;88;94;69;20;85;68;4;100;23;76;31;84;89;34;49;40;16;63;86;93;64;81,112;113;114;115;116;117;118;119;120;121;122;123;124;125;126;127;128;150;151;152;153;154;155;156;157;158;159;160;161;162,230;193;235;240;197;221;200;201;174;185;173;219;182;216;242;212;183;164;186;194;222;171;237;202;218;220;177;167;190;229;234;191;169;214;228;213;241;175;192;224;163;205;180;206;178;170;223;207;198;203;181;210;176;196;226;217;211;238;165;225;215;199;172;189;239;233;179;195;204;166;209;243;188;208;232;184,245;246;247;248;249;250;251;252;253;254;255;256;257;258;259;260;261;262;263;264,reject,0.7638103921423685,7b310f0e327e3b0b3195fbd58d95d3feb264cef40fd8c8506738fd3d6279f4dc,1,1,1,0,0,1,1,1,1,1,1,3,3,1,1,9,2,1,cycle-0163;cycle-0165;cycle-0166;cycle-0170;cycle-0172;cycle-0176;cycle-0178;cycle-0179;cycle-0180;cycle-0181;cycle-0184;cycle-0188;cycle-0189;cycle-0192;cycle-0195;cycle-0196;cycle-0198;cycle-0199;cycle-0203;cycle-0204;cycle-0205;cycle-0206;cycle-0207;cycle-0208;cycle-0209;cycle-0210;cycle-0211;cycle-0215;cycle-0217;cycle-0223;cycle-0224;cycle-0225;cycle-0226;cycle-0232;cycle-0233;cycle-0238;cycle-0239;cycle-0243,1,2262.432782,4558.182372
14,blocked,FedAvg,score_aware,64,13,1,1,-0.00828307419213158,-0.01756021254175,-0.006596975642421053,0,0,-0.0030364372895333334,844,66,1,0,0,0,0,0,0,1,0,0.5,0.4937606837606837,0.4937606837606837,0.0,0.0,57;61;48;91;55;51;9;5;88;94;69;20;85;68;4;100;23;76;31;84;89;34;49;40;16;63;86;93;64;81,112;113;114;115;116;117;118;119;120;121;122;123;124;125;126;127;128;150;151;152;153;154;155;156;157;158;159;160;161;162,230;193;235;240;197;221;200;201;174;185;173;219;182;216;242;212;183;164;186;194;222;171;237;202;218;220;177;167;190;229;234;191;169;214;228;213;241;175;192;224;163;205;180;206;178;170;223;207;198;203;181;210;176;196;226;217;211;238;165;225;215;199;172;189;239;233;179;195;204;166;209;243;188;208;232;184,245;246;247;248;249;250;251;252;253;254;255;256;257;258;259;260;261;262;263;264,commit,-0.00828307419213158,ed619a09a7bf9218fa9951d2eac3d5198bf57ca9bb393430a94656ab2c9f25c5,1,1,1,1,1,1,1,1,1,1,1,3,3,1,1,9,2,1,cycle-0163;cycle-0165;cycle-0166;cycle-0170;cycle-0172;cycle-0176;cycle-0178;cycle-0179;cycle-0180;cycle-0181;cycle-0184;cycle-0188;cycle-0189;cycle-0192;cycle-0195;cycle-0196;cycle-0198;cycle-0199;cycle-0203;cycle-0204;cycle-0205;cycle-0206;cycle-0207;cycle-0208;cycle-0209;cycle-0210;cycle-0211;cycle-0215;cycle-0217;cycle-0223;cycle-0224;cycle-0225;cycle-0226;cycle-0232;cycle-0233;cycle-0238;cycle-0239;cycle-0243,1,2340.762589,4619.357456
14,blocked,FLTrust,score_aware,64,48,0,0,0.3505259126225526,0.35931311477355,0.33580268057848683,0,0,0.34611866677473335,844,66,0,0,0,1,1,0,0,0,0,0.5,0.5007692307692307,0.5,-0.0007692307692307443,0.35931311477355,57;61;48;91;55;51;9;5;88;94;69;20;85;68;4;100;23;76;31;84;89;34;49;40;16;63;86;93;64;81,112;113;114;115;116;117;118;119;120;121;122;123;124;125;126;127;128;150;151;152;153;154;155;156;157;158;159;160;161;162,230;193;235;240;197;221;200;201;174;185;173;219;182;216;242;212;183;164;186;194;222;171;237;202;218;220;177;167;190;229;234;191;169;214;228;213;241;175;192;224;163;205;180;206;178;170;223;207;198;203;181;210;176;196;226;217;211;238;165;225;215;199;172;189;239;233;179;195;204;166;209;243;188;208;232;184,245;246;247;248;249;250;251;252;253;254;255;256;257;258;259;260;261;262;263;264,reject,0.3505259126225526,cdc775c1663cc3ff8a8e40fdad9977233db0561ab89700d4f0fb88df673ba35c,1,1,1,0,0,1,1,1,1,1,1,3,3,1,1,9,2,1,cycle-0163;cycle-0165;cycle-0166;cycle-0170;cycle-0172;cycle-0176;cycle-0178;cycle-0179;cycle-0180;cycle-0181;cycle-0184;cycle-0188;cycle-0189;cycle-0192;cycle-0195;cycle-0196;cycle-0198;cycle-0199;cycle-0203;cycle-0204;cycle-0205;cycle-0206;cycle-0207;cycle-0208;cycle-0209;cycle-0210;cycle-0211;cycle-0215;cycle-0217;cycle-0223;cycle-0224;cycle-0225;cycle-0226;cycle-0232;cycle-0233;cycle-0238;cycle-0239;cycle-0243,1,2289.18665,4460.709373
14,blocked,FoundationFL,score_aware,64,13,1,1,-0.009424041132026316,-0.03332906772305,-0.013333869111644737,0,0,-0.007360026099766667,844,66,1,0,0,0,0,0,0,1,0,0.5,0.49948717948717947,0.49948717948717947,0.0,0.0,57;61;48;91;55;51;9;5;88;94;69;20;85;68;4;100;23;76;31;84;89;34;49;40;16;63;86;93;64;81,112;113;114;115;116;117;118;119;120;121;122;123;124;125;126;127;128;150;151;152;153;154;155;156;157;158;159;160;161;162,230;193;235;240;197;221;200;201;174;185;173;219;182;216;242;212;183;164;186;194;222;171;237;202;218;220;177;167;190;229;234;191;169;214;228;213;241;175;192;224;163;205;180;206;178;170;223;207;198;203;181;210;176;196;226;217;211;238;165;225;215;199;172;189;239;233;179;195;204;166;209;243;188;208;232;184,245;246;247;248;249;250;251;252;253;254;255;256;257;258;259;260;261;262;263;264,commit,-0.009424041132026316,72fc8f7f5f9200941ff19fd4f140a8324b073b9c324d921c76e0d2464863f74d,1,1,1,1,1,1,1,1,1,1,1,3,3,1,1,9,2,0,cycle-0164;cycle-0167;cycle-0169;cycle-0171;cycle-0173;cycle-0174;cycle-0175;cycle-0177;cycle-0182;cycle-0183;cycle-0185;cycle-0186;cycle-0190;cycle-0191;cycle-0193;cycle-0194;cycle-0197;cycle-0200;cycle-0201;cycle-0202;cycle-0212;cycle-0213;cycle-0214;cycle-0216;cycle-0218;cycle-0219;cycle-0220;cycle-0221;cycle-0222;cycle-0228;cycle-0229;cycle-0230;cycle-0234;cycle-0235;cycle-0237;cycle-0240;cycle-0241;cycle-0242,1,2300.69109,4609.997495
15,blocked,FedAvg,none,0,0,0,0,0.012474386736868421,0.01303448014375,0.012138812644723685,0,0,0.0124550231004,844,66,0,0,0,0,0,0,0,0,0,0.5182051282051282,0.5393162393162394,0.5182051282051282,-0.02111111111111119,0.01303448014375,72;41;108;3;48;89;30;99;107;11;80;19;9;33;57;14;50;60;1;47;4;81;71;62;98;85;86;29;36;40,112;113;114;115;116;117;118;119;120;121;122;123;124;125;126;127;128;150;151;152;153;154;155;156;157;158;159;160;161;162,179;214;241;243;206;194;230;177;209;237;171;185;186;225;188;176;201;195;183;242;223;181;169;240;222;199;229;208;190;174;239;178;191;184;197;210;192;180;164;193;217;172;166;204;211;202;182;226;205;175;233;218;221;236;220;213;224;219;238;235;234;227;228;170;196;215;232;189;163;167;216;212;173;207;203;231,245;246;247;248;249;250;251;252;253;254;255;256;257;258;259;260;261;262;263;264,reject,0.012474386736868421,ab26ce38e7485ac9472065a0ec1765f8d98151f11fe947b54130a8fab68a193a,1,2,2,0,0,1,1,1,1,1,1,3,3,1,1,9,2,0,cycle-0169;cycle-0171;cycle-0174;cycle-0176;cycle-0177;cycle-0178;cycle-0179;cycle-0180;cycle-0181;cycle-0183;cycle-0184;cycle-0185;cycle-0186;cycle-0188;cycle-0190;cycle-0191;cycle-0192;cycle-0194;cycle-0195;cycle-0197;cycle-0199;cycle-0201;cycle-0206;cycle-0208;cycle-0209;cycle-0210;cycle-0214;cycle-0222;cycle-0223;cycle-0225;cycle-0229;cycle-0230;cycle-0237;cycle-0239;cycle-0240;cycle-0241;cycle-0242;cycle-0243,1,2094.439977,5223.064783
15,blocked,CoordinateMedian,none,0,0,0,0,0.006469187435394737,0.007728220762,0.006657146445302632,0,0,0.005770321232766666,844,66,0,0,0,0,0,0,0,0,0,0.5182051282051282,0.5421367521367522,0.5182051282051282,-0.023931623931623958,0.007728220762,72;41;108;3;48;89;30;99;107;11;80;19;9;33;57;14;50;60;1;47;4;81;71;62;98;85;86;29;36;40,112;113;114;115;116;117;118;119;120;121;122;123;124;125;126;127;128;150;151;152;153;154;155;156;157;158;159;160;161;162,179;214;241;243;206;194;230;177;209;237;171;185;186;225;188;176;201;195;183;242;223;181;169;240;222;199;229;208;190;174;239;178;191;184;197;210;192;180;164;193;217;172;166;204;211;202;182;226;205;175;233;218;221;236;220;213;224;219;238;235;234;227;228;170;196;215;232;189;163;167;216;212;173;207;203;231,245;246;247;248;249;250;251;252;253;254;255;256;257;258;259;260;261;262;263;264,reject,0.006469187435394737,e6d9133322fc8b2840377ea8a4f5bb6fc37da9c21ca3065af8a38c7023dd9153,1,1,1,0,0,1,1,1,1,1,1,3,3,1,1,9,2,1,cycle-0163;cycle-0164;cycle-0166;cycle-0167;cycle-0170;cycle-0172;cycle-0173;cycle-0175;cycle-0182;cycle-0189;cycle-0193;cycle-0196;cycle-0202;cycle-0203;cycle-0204;cycle-0205;cycle-0207;cycle-0211;cycle-0212;cycle-0213;cycle-0215;cycle-0216;cycle-0217;cycle-0218;cycle-0219;cycle-0220;cycle-0221;cycle-0224;cycle-0226;cycle-0227;cycle-0228;cycle-0231;cycle-0232;cycle-0233;cycle-0234;cycle-0235;cycle-0236;cycle-0238,1,2186.500654,4429.875608
15,blocked,Krum,none,0,0,0,0,0.0009844533834736842,0.00228953464545,0.0010827728805789473,0,0,-0.0004574326147,844,66,1,0,0,0,0,0,0,0,0,0.5182051282051282,0.5253846153846153,0.5182051282051282,-0.007179487179487132,0.00228953464545,72;41;108;3;48;89;30;99;107;11;80;19;9;33;57;14;50;60;1;47;4;81;71;62;98;85;86;29;36;40,112;113;114;115;116;117;118;119;120;121;122;123;124;125;126;127;128;150;151;152;153;154;155;156;157;158;159;160;161;162,179;214;241;243;206;194;230;177;209;237;171;185;186;225;188;176;201;195;183;242;223;181;169;240;222;199;229;208;190;174;239;178;191;184;197;210;192;180;164;193;217;172;166;204;211;202;182;226;205;175;233;218;221;236;220;213;224;219;238;235;234;227;228;170;196;215;232;189;163;167;216;212;173;207;203;231,245;246;247;248;249;250;251;252;253;254;255;256;257;258;259;260;261;262;263;264,reject,0.0009844533834736842,6a186f18678aca7f1c6b535c5430cbceb6f2ce81ddc28621e5f04b2ea892d2fa,1,1,1,0,0,1,1,1,1,1,1,3,3,1,1,9,2,1,cycle-0163;cycle-0164;cycle-0166;cycle-0167;cycle-0170;cycle-0172;cycle-0173;cycle-0175;cycle-0182;cycle-0189;cycle-0193;cycle-0196;cycle-0202;cycle-0203;cycle-0204;cycle-0205;cycle-0207;cycle-0211;cycle-0212;cycle-0213;cycle-0215;cycle-0216;cycle-0217;cycle-0218;cycle-0219;cycle-0220;cycle-0221;cycle-0224;cycle-0226;cycle-0227;cycle-0228;cycle-0231;cycle-0232;cycle-0233;cycle-0234;cycle-0235;cycle-0236;cycle-0238,1,2259.070599,4483.470314
15,blocked,FLTrust,none,0,0,0,0,0.35675548333671053,0.3694275970281,0.3499812181561842,0,0,0.357699818474,844,66,0,0,0,1,1,0,0,0,0,0.5182051282051282,0.5,0.5182051282051282,0.018205128205128207,0.3694275970281,72;41;108;3;48;89;30;99;107;11;80;19;9;33;57;14;50;60;1;47;4;81;71;62;98;85;86;29;36;40,112;113;114;115;116;117;118;119;120;121;122;123;124;125;126;127;128;150;151;152;153;154;155;156;157;158;159;160;161;162,179;214;241;243;206;194;230;177;209;237;171;185;186;225;188;176;201;195;183;242;223;181;169;240;222;199;229;208;190;174;239;178;191;184;197;210;192;180;164;193;217;172;166;204;211;202;182;226;205;175;233;218;221;236;220;213;224;219;238;235;234;227;228;170;196;215;232;189;163;167;216;212;173;207;203;231,245;246;247;248;249;250;251;252;253;254;255;256;257;258;259;260;261;262;263;264,reject,0.35675548333671053,983a53e876cb266e847646e8474e717fc208c2de5600504741e80dddb50eca43,1,1,1,0,0,1,1,1,1,1,1,3,3,1,1,9,2,0,cycle-0169;cycle-0171;cycle-0174;cycle-0176;cycle-0177;cycle-0178;cycle-0179;cycle-0180;cycle-0181;cycle-0183;cycle-0184;cycle-0185;cycle-0186;cycle-0188;cycle-0190;cycle-0191;cycle-0192;cycle-0194;cycle-0195;cycle-0197;cycle-0199;cycle-0201;cycle-0206;cycle-0208;cycle-0209;cycle-0210;cycle-0214;cycle-0222;cycle-0223;cycle-0225;cycle-0229;cycle-0230;cycle-0237;cycle-0239;cycle-0240;cycle-0241;cycle-0242;cycle-0243,1,2247.649084,4430.425112
15,blocked,FedVal,none,0,0,0,0,0.03798589280594737,0.03986541149095,0.037030331252342105,0,0,0.037490972769033334,844,66,0,0,0,0,0,0,0,0,0,0.5182051282051282,0.5547863247863247,0.5182051282051282,-0.03658119658119652,0.03986541149095,72;41;108;3;48;89;30;99;107;11;80;19;9;33;57;14;50;60;1;47;4;81;71;62;98;85;86;29;36;40,112;113;114;115;116;117;118;119;120;121;122;123;124;125;126;127;128;150;151;152;153;154;155;156;157;158;159;160;161;162,179;214;241;243;206;194;230;177;209;237;171;185;186;225;188;176;201;195;183;242;223;181;169;240;222;199;229;208;190;174;239;178;191;184;197;210;192;180;164;193;217;172;166;204;211;202;182;226;205;175;233;218;221;236;220;213;224;219;238;235;234;227;228;170;196;215;232;189;163;167;216;212;173;207;203;231,245;246;247;248;249;250;251;252;253;254;255;256;257;258;259;260;261;262;263;264,reject,0.03798589280594737,3b0a062385f9697446dc8ce87cb79902408186a2a9921493a9159c8ead0ec1e4,1,1,1,0,0,1,1,1,1,1,1,3,3,1,1,9,2,0,cycle-0169;cycle-0171;cycle-0174;cycle-0176;cycle-0177;cycle-0178;cycle-0179;cycle-0180;cycle-0181;cycle-0183;cycle-0184;cycle-0185;cycle-0186;cycle-0188;cycle-0190;cycle-0191;cycle-0192;cycle-0194;cycle-0195;cycle-0197;cycle-0199;cycle-0201;cycle-0206;cycle-0208;cycle-0209;cycle-0210;cycle-0214;cycle-0222;cycle-0223;cycle-0225;cycle-0229;cycle-0230;cycle-0237;cycle-0239;cycle-0240;cycle-0241;cycle-0242;cycle-0243,1,2119.921994,4353.38001
15,blocked,FLShield,none,0,0,0,1,-0.07536774429339474,-0.07809659989405,-0.07313257590975,0,0,-0.0769225265358,844,66,1,0,0,0,0,0,0,1,0,0.5182051282051282,0.49846153846153846,0.49846153846153846,0.0,0.0,72;41;108;3;48;89;30;99;107;11;80;19;9;33;57;14;50;60;1;47;4;81;71;62;98;85;86;29;36;40,112;113;114;115;116;117;118;119;120;121;122;123;124;125;126;127;128;150;151;152;153;154;155;156;157;158;159;160;161;162,179;214;241;243;206;194;230;177;209;237;171;185;186;225;188;176;201;195;183;242;223;181;169;240;222;199;229;208;190;174;239;178;191;184;197;210;192;180;164;193;217;172;166;204;211;202;182;226;205;175;233;218;221;236;220;213;224;219;238;235;234;227;228;170;196;215;232;189;163;167;216;212;173;207;203;231,245;246;247;248;249;250;251;252;253;254;255;256;257;258;259;260;261;262;263;264,commit,-0.07536774429339474,5210f492ea5830f29f8708178bbc7e329ba5e822d0616f0cf3326d7878935d3a,1,1,1,1,1,1,1,1,1,1,1,3,3,1,1,9,2,0,cycle-0169;cycle-0171;cycle-0174;cycle-0176;cycle-0177;cycle-0178;cycle-0179;cycle-0180;cycle-0181;cycle-0183;cycle-0184;cycle-0185;cycle-0186;cycle-0188;cycle-0190;cycle-0191;cycle-0192;cycle-0194;cycle-0195;cycle-0197;cycle-0199;cycle-0201;cycle-0206;cycle-0208;cycle-0209;cycle-0210;cycle-0214;cycle-0222;cycle-0223;cycle-0225;cycle-0229;cycle-0230;cycle-0237;cycle-0239;cycle-0240;cycle-0241;cycle-0242;cycle-0243,1,2250.101883,4544.054482
15,blocked,FoundationFL,none,0,0,0,1,-0.028877207423157896,-0.032475897975,-0.02968087099767105,0,0,-0.030816859361633333,844,66,1,0,0,0,0,0,0,1,0,0.5182051282051282,0.5312820512820513,0.5312820512820513,0.0,0.0,72;41;108;3;48;89;30;99;107;11;80;19;9;33;57;14;50;60;1;47;4;81;71;62;98;85;86;29;36;40,112;113;114;115;116;117;118;119;120;121;122;123;124;125;126;127;128;150;151;152;153;154;155;156;157;158;159;160;161;162,179;214;241;243;206;194;230;177;209;237;171;185;186;225;188;176;201;195;183;242;223;181;169;240;222;199;229;208;190;174;239;178;191;184;197;210;192;180;164;193;217;172;166;204;211;202;182;226;205;175;233;218;221;236;220;213;224;219;238;235;234;227;228;170;196;215;232;189;163;167;216;212;173;207;203;231,245;246;247;248;249;250;251;252;253;254;255;256;257;258;259;260;261;262;263;264,commit,-0.028877207423157896,30fb432624b8e7260cdcad3bebc7e692b364e055dea26deb098517d99e008668,1,1,1,1,1,1,1,1,1,1,1,3,3,1,1,9,2,1,cycle-0163;cycle-0164;cycle-0166;cycle-0167;cycle-0170;cycle-0172;cycle-0173;cycle-0175;cycle-0182;cycle-0189;cycle-0193;cycle-0196;cycle-0202;cycle-0203;cycle-0204;cycle-0205;cycle-0207;cycle-0211;cycle-0212;cycle-0213;cycle-0215;cycle-0216;cycle-0217;cycle-0218;cycle-0219;cycle-0220;cycle-0221;cycle-0224;cycle-0226;cycle-0227;cycle-0228;cycle-0231;cycle-0232;cycle-0233;cycle-0234;cycle-0235;cycle-0236;cycle-0238,1,2310.258489,4544.490351
15,blocked,FedAvg,sign_flip,0,0,0,1,-0.03448575810460526,-0.035972715079,-0.033533316974552634,0,0,-0.0340494763093,844,66,1,0,0,0,0,0,0,1,0,0.5182051282051282,0.5156410256410257,0.5156410256410257,0.0,0.0,72;41;108;3;48;89;30;99;107;11;80;19;9;33;57;14;50;60;1;47;4;81;71;62;98;85;86;29;36;40,112;113;114;115;116;117;118;119;120;121;122;123;124;125;126;127;128;150;151;152;153;154;155;156;157;158;159;160;161;162,179;214;241;243;206;194;230;177;209;237;171;185;186;225;188;176;201;195;183;242;223;181;169;240;222;199;229;208;190;174;239;178;191;184;197;210;192;180;164;193;217;172;166;204;211;202;182;226;205;175;233;218;221;236;220;213;224;219;238;235;234;227;228;170;196;215;232;189;163;167;216;212;173;207;203;231,245;246;247;248;249;250;251;252;253;254;255;256;257;258;259;260;261;262;263;264,commit,-0.03448575810460526,f261522ee916ffa22cb7fe25a8c1e9b5d850353c6892bdfe53dcc23c71192e5c,1,1,1,1,1,1,1,1,1,1,1,3,3,1,1,9,2,0,cycle-0169;cycle-0171;cycle-0174;cycle-0176;cycle-0177;cycle-0178;cycle-0179;cycle-0180;cycle-0181;cycle-0183;cycle-0184;cycle-0185;cycle-0186;cycle-0188;cycle-0190;cycle-0191;cycle-0192;cycle-0194;cycle-0195;cycle-0197;cycle-0199;cycle-0201;cycle-0206;cycle-0208;cycle-0209;cycle-0210;cycle-0214;cycle-0222;cycle-0223;cycle-0225;cycle-0229;cycle-0230;cycle-0237;cycle-0239;cycle-0240;cycle-0241;cycle-0242;cycle-0243,1,2217.003053,4454.559332
15,blocked,CoordinateMedian,sign_flip,0,0,0,1,-0.051712040574473685,-0.0534534905406,-0.050244883011855264,0,0,-0.0528427557008,844,66,1,0,0,0,0,0,0,1,0,0.5182051282051282,0.5106837606837606,0.5106837606837606,0.0,0.0,72;41;108;3;48;89;30;99;107;11;80;19;9;33;57;14;50;60;1;47;4;81;71;62;98;85;86;29;36;40,112;113;114;115;116;117;118;119;120;121;122;123;124;125;126;127;128;150;151;152;153;154;155;156;157;158;159;160;161;162,179;214;241;243;206;194;230;177;209;237;171;185;186;225;188;176;201;195;183;242;223;181;169;240;222;199;229;208;190;174;239;178;191;184;197;210;192;180;164;193;217;172;166;204;211;202;182;226;205;175;233;218;221;236;220;213;224;219;238;235;234;227;228;170;196;215;232;189;163;167;216;212;173;207;203;231,245;246;247;248;249;250;251;252;253;254;255;256;257;258;259;260;261;262;263;264,commit,-0.051712040574473685,dbeff8aad4319c71584f8be6c9dee1f790d4b315432e89343c9c78b1dd1802c8,1,1,1,1,1,1,1,1,1,1,1,3,3,1,1,9,2,0,cycle-0169;cycle-0171;cycle-0174;cycle-0176;cycle-0177;cycle-0178;cycle-0179;cycle-0180;cycle-0181;cycle-0183;cycle-0184;cycle-0185;cycle-0186;cycle-0188;cycle-0190;cycle-0191;cycle-0192;cycle-0194;cycle-0195;cycle-0197;cycle-0199;cycle-0201;cycle-0206;cycle-0208;cycle-0209;cycle-0210;cycle-0214;cycle-0222;cycle-0223;cycle-0225;cycle-0229;cycle-0230;cycle-0237;cycle-0239;cycle-0240;cycle-0241;cycle-0242;cycle-0243,1,2221.017442,4482.049678
15,blocked,Krum,sign_flip,0,0,0,1,-0.009345291466526316,-0.00896405326245,-0.009431053361473684,0,0,-0.010799128883833333,844,66,1,0,0,0,0,0,0,1,0,0.5182051282051282,0.5744444444444444,0.5744444444444444,0.0,0.0,72;41;108;3;48;89;30;99;107;11;80;19;9;33;57;14;50;60;1;47;4;81;71;62;98;85;86;29;36;40,112;113;114;115;116;117;118;119;120;121;122;123;124;125;126;127;128;150;151;152;153;154;155;156;157;158;159;160;161;162,179;214;241;243;206;194;230;177;209;237;171;185;186;225;188;176;201;195;183;242;223;181;169;240;222;199;229;208;190;174;239;178;191;184;197;210;192;180;164;193;217;172;166;204;211;202;182;226;205;175;233;218;221;236;220;213;224;219;238;235;234;227;228;170;196;215;232;189;163;167;216;212;173;207;203;231,245;246;247;248;249;250;251;252;253;254;255;256;257;258;259;260;261;262;263;264,commit,-0.009345291466526316,77e4a6e6ee3cc7ff78735494c897f168f23b0bda31f1b65ac34067bdfd77398c,1,1,1,1,1,1,1,1,1,1,1,3,3,1,1,9,2,1,cycle-0163;cycle-0164;cycle-0166;cycle-0167;cycle-0170;cycle-0172;cycle-0173;cycle-0175;cycle-0182;cycle-0189;cycle-0193;cycle-0196;cycle-0202;cycle-0203;cycle-0204;cycle-0205;cycle-0207;cycle-0211;cycle-0212;cycle-0213;cycle-0215;cycle-0216;cycle-0217;cycle-0218;cycle-0219;cycle-0220;cycle-0221;cycle-0224;cycle-0226;cycle-0227;cycle-0228;cycle-0231;cycle-0232;cycle-0233;cycle-0234;cycle-0235;cycle-0236;cycle-0238,1,2226.126162,4463.199184
15,blocked,FLTrust,sign_flip,0,0,0,0,0.33661671484207895,0.36217644726825,0.34319191062936844,0,0,0.3509769428694667,844,66,0,0,0,1,1,0,0,0,0,0.5182051282051282,0.5,0.5182051282051282,0.018205128205128207,0.36217644726825,72;41;108;3;48;89;30;99;107;11;80;19;9;33;57;14;50;60;1;47;4;81;71;62;98;85;86;29;36;40,112;113;114;115;116;117;118;119;120;121;122;123;124;125;126;127;128;150;151;152;153;154;155;156;157;158;159;160;161;162,179;214;241;243;206;194;230;177;209;237;171;185;186;225;188;176;201;195;183;242;223;181;169;240;222;199;229;208;190;174;239;178;191;184;197;210;192;180;164;193;217;172;166;204;211;202;182;226;205;175;233;218;221;236;220;213;224;219;238;235;234;227;228;170;196;215;232;189;163;167;216;212;173;207;203;231,245;246;247;248;249;250;251;252;253;254;255;256;257;258;259;260;261;262;263;264,reject,0.33661671484207895,2db74ca3dba94a0281029cc5d65db3729aec647b651cd89b0bbfb17f12220c36,1,1,1,0,0,1,1,1,1,1,1,3,3,1,1,9,2,1,cycle-0163;cycle-0164;cycle-0166;cycle-0167;cycle-0170;cycle-0172;cycle-0173;cycle-0175;cycle-0182;cycle-0189;cycle-0193;cycle-0196;cycle-0202;cycle-0203;cycle-0204;cycle-0205;cycle-0207;cycle-0211;cycle-0212;cycle-0213;cycle-0215;cycle-0216;cycle-0217;cycle-0218;cycle-0219;cycle-0220;cycle-0221;cycle-0224;cycle-0226;cycle-0227;cycle-0228;cycle-0231;cycle-0232;cycle-0233;cycle-0234;cycle-0235;cycle-0236;cycle-0238,1,2265.153021,4616.584266
15,blocked,FedVal,sign_flip,0,0,0,1,-0.011696213254105263,-0.01298439926755,-0.012039218576539473,0,0,-0.0121959412284,844,66,1,0,0,0,0,0,0,1,0,0.5182051282051282,0.5595726495726496,0.5595726495726496,0.0,0.0,72;41;108;3;48;89;30;99;107;11;80;19;9;33;57;14;50;60;1;47;4;81;71;62;98;85;86;29;36;40,112;113;114;115;116;117;118;119;120;121;122;123;124;125;126;127;128;150;151;152;153;154;155;156;157;158;159;160;161;162,179;214;241;243;206;194;230;177;209;237;171;185;186;225;188;176;201;195;183;242;223;181;169;240;222;199;229;208;190;174;239;178;191;184;197;210;192;180;164;193;217;172;166;204;211;202;182;226;205;175;233;218;221;236;220;213;224;219;238;235;234;227;228;170;196;215;232;189;163;167;216;212;173;207;203;231,245;246;247;248;249;250;251;252;253;254;255;256;257;258;259;260;261;262;263;264,commit,-0.011696213254105263,9b2e91f963c94f5dbaabef66ab8638e3a67e5c415afc81afc31f2cf1034c1720,1,1,1,1,1,1,1,1,1,1,1,3,3,1,1,9,2,1,cycle-0163;cycle-0164;cycle-0166;cycle-0167;cycle-0170;cycle-0172;cycle-0173;cycle-0175;cycle-0182;cycle-0189;cycle-0193;cycle-0196;cycle-0202;cycle-0203;cycle-0204;cycle-0205;cycle-0207;cycle-0211;cycle-0212;cycle-0213;cycle-0215;cycle-0216;cycle-0217;cycle-0218;cycle-0219;cycle-0220;cycle-0221;cycle-0224;cycle-0226;cycle-0227;cycle-0228;cycle-0231;cycle-0232;cycle-0233;cycle-0234;cycle-0235;cycle-0236;cycle-0238,1,2234.632607,4467.044427
15,blocked,FLShield,sign_flip,0,0,0,1,-0.005157058891342105,-0.00577227198835,-0.005300178659131579,0,0,-0.0052470507841,844,66,1,0,0,0,0,0,0,1,0,0.5182051282051282,0.5824786324786324,0.5824786324786324,0.0,0.0,72;41;108;3;48;89;30;99;107;11;80;19;9;33;57;14;50;60;1;47;4;81;71;62;98;85;86;29;36;40,112;113;114;115;116;117;118;119;120;121;122;123;124;125;126;127;128;150;151;152;153;154;155;156;157;158;159;160;161;162,179;214;241;243;206;194;230;177;209;237;171;185;186;225;188;176;201;195;183;242;223;181;169;240;222;199;229;208;190;174;239;178;191;184;197;210;192;180;164;193;217;172;166;204;211;202;182;226;205;175;233;218;221;236;220;213;224;219;238;235;234;227;228;170;196;215;232;189;163;167;216;212;173;207;203;231,245;246;247;248;249;250;251;252;253;254;255;256;257;258;259;260;261;262;263;264,commit,-0.005157058891342105,36a5176d223dcc60069a5c35898e6b1d47658fc340a4632c67ac4813f3d998f9,1,1,1,1,1,1,1,1,1,1,1,3,3,1,1,9,2,1,cycle-0163;cycle-0164;cycle-0166;cycle-0167;cycle-0170;cycle-0172;cycle-0173;cycle-0175;cycle-0182;cycle-0189;cycle-0193;cycle-0196;cycle-0202;cycle-0203;cycle-0204;cycle-0205;cycle-0207;cycle-0211;cycle-0212;cycle-0213;cycle-0215;cycle-0216;cycle-0217;cycle-0218;cycle-0219;cycle-0220;cycle-0221;cycle-0224;cycle-0226;cycle-0227;cycle-0228;cycle-0231;cycle-0232;cycle-0233;cycle-0234;cycle-0235;cycle-0236;cycle-0238,1,2275.506582,4519.459754
15,blocked,FoundationFL,sign_flip,0,0,0,0,0.09502181129389474,0.1038379967139,0.09730733655848685,0,0,0.0994577726968,844,66,0,0,0,1,0,0,0,0,0,0.5182051282051282,0.5123931623931625,0.5182051282051282,0.005811965811965747,0.1038379967139,72;41;108;3;48;89;30;99;107;11;80;19;9;33;57;14;50;60;1;47;4;81;71;62;98;85;86;29;36;40,112;113;114;115;116;117;118;119;120;121;122;123;124;125;126;127;128;150;151;152;153;154;155;156;157;158;159;160;161;162,179;214;241;243;206;194;230;177;209;237;171;185;186;225;188;176;201;195;183;242;223;181;169;240;222;199;229;208;190;174;239;178;191;184;197;210;192;180;164;193;217;172;166;204;211;202;182;226;205;175;233;218;221;236;220;213;224;219;238;235;234;227;228;170;196;215;232;189;163;167;216;212;173;207;203;231,245;246;247;248;249;250;251;252;253;254;255;256;257;258;259;260;261;262;263;264,reject,0.09502181129389474,fd627f2eb99862a2d1e8fd3c38a61c333006ed0a98e7b379f908bd17c2e43261,1,1,1,0,0,1,1,1,1,1,1,3,3,1,1,9,2,1,cycle-0163;cycle-0164;cycle-0166;cycle-0167;cycle-0170;cycle-0172;cycle-0173;cycle-0175;cycle-0182;cycle-0189;cycle-0193;cycle-0196;cycle-0202;cycle-0203;cycle-0204;cycle-0205;cycle-0207;cycle-0211;cycle-0212;cycle-0213;cycle-0215;cycle-0216;cycle-0217;cycle-0218;cycle-0219;cycle-0220;cycle-0221;cycle-0224;cycle-0226;cycle-0227;cycle-0228;cycle-0231;cycle-0232;cycle-0233;cycle-0234;cycle-0235;cycle-0236;cycle-0238,1,2254.351648,4628.344753
15,blocked,FedAvg,model_replacement,0,0,0,0,0.1988034147525263,0.2025744338905,0.19387602269472368,0,0,0.22255449380113335,844,66,0,0,0,1,0,0,0,0,0,0.5182051282051282,0.5,0.5182051282051282,0.018205128205128207,0.2025744338905,72;41;108;3;48;89;30;99;107;11;80;19;9;33;57;14;50;60;1;47;4;81;71;62;98;85;86;29;36;40,112;113;114;115;116;117;118;119;120;121;122;123;124;125;126;127;128;150;151;152;153;154;155;156;157;158;159;160;161;162,179;214;241;243;206;194;230;177;209;237;171;185;186;225;188;176;201;195;183;242;223;181;169;240;222;199;229;208;190;174;239;178;191;184;197;210;192;180;164;193;217;172;166;204;211;202;182;226;205;175;233;218;221;236;220;213;224;219;238;235;234;227;228;170;196;215;232;189;163;167;216;212;173;207;203;231,245;246;247;248;249;250;251;252;253;254;255;256;257;258;259;260;261;262;263;264,reject,0.1988034147525263,6e6f41ff0b3ce7597ab6316eed1c17bc9e9b3ed2049bf957f78f397325bbc337,1,1,1,0,0,1,1,1,1,1,1,3,3,1,1,9,2,0,cycle-0169;cycle-0171;cycle-0174;cycle-0176;cycle-0177;cycle-0178;cycle-0179;cycle-0180;cycle-0181;cycle-0183;cycle-0184;cycle-0185;cycle-0186;cycle-0188;cycle-0190;cycle-0191;cycle-0192;cycle-0194;cycle-0195;cycle-0197;cycle-0199;cycle-0201;cycle-0206;cycle-0208;cycle-0209;cycle-0210;cycle-0214;cycle-0222;cycle-0223;cycle-0225;cycle-0229;cycle-0230;cycle-0237;cycle-0239;cycle-0240;cycle-0241;cycle-0242;cycle-0243,1,2404.148603,4670.192601
15,blocked,CoordinateMedian,model_replacement,0,0,0,1,-0.007266080092631579,-0.00717169361335,-0.00706635917681579,0,0,-0.0079279696542,844,66,1,0,0,0,0,0,0,1,0,0.5182051282051282,0.5752136752136752,0.5752136752136752,0.0,0.0,72;41;108;3;48;89;30;99;107;11;80;19;9;33;57;14;50;60;1;47;4;81;71;62;98;85;86;29;36;40,112;113;114;115;116;117;118;119;120;121;122;123;124;125;126;127;128;150;151;152;153;154;155;156;157;158;159;160;161;162,179;214;241;243;206;194;230;177;209;237;171;185;186;225;188;176;201;195;183;242;223;181;169;240;222;199;229;208;190;174;239;178;191;184;197;210;192;180;164;193;217;172;166;204;211;202;182;226;205;175;233;218;221;236;220;213;224;219;238;235;234;227;228;170;196;215;232;189;163;167;216;212;173;207;203;231,245;246;247;248;249;250;251;252;253;254;255;256;257;258;259;260;261;262;263;264,commit,-0.007266080092631579,c7969950fe6df67b13e8d46942ab1f309a52fd56854b048f4c34eb2ad6affbd6,1,1,1,1,1,1,1,1,1,1,1,3,3,1,1,9,2,0,cycle-0169;cycle-0171;cycle-0174;cycle-0176;cycle-0177;cycle-0178;cycle-0179;cycle-0180;cycle-0181;cycle-0183;cycle-0184;cycle-0185;cycle-0186;cycle-0188;cycle-0190;cycle-0191;cycle-0192;cycle-0194;cycle-0195;cycle-0197;cycle-0199;cycle-0201;cycle-0206;cycle-0208;cycle-0209;cycle-0210;cycle-0214;cycle-0222;cycle-0223;cycle-0225;cycle-0229;cycle-0230;cycle-0237;cycle-0239;cycle-0240;cycle-0241;cycle-0242;cycle-0243,1,2224.703391,4483.577818
15,blocked,Krum,model_replacement,0,0,0,0,0.0009844533834736842,0.00228953464545,0.0010827728805789473,0,0,-0.0004574326147,844,66,1,0,0,0,0,0,0,0,0,0.5182051282051282,0.5253846153846153,0.5182051282051282,-0.007179487179487132,0.00228953464545,72;41;108;3;48;89;30;99;107;11;80;19;9;33;57;14;50;60;1;47;4;81;71;62;98;85;86;29;36;40,112;113;114;115;116;117;118;119;120;121;122;123;124;125;126;127;128;150;151;152;153;154;155;156;157;158;159;160;161;162,179;214;241;243;206;194;230;177;209;237;171;185;186;225;188;176;201;195;183;242;223;181;169;240;222;199;229;208;190;174;239;178;191;184;197;210;192;180;164;193;217;172;166;204;211;202;182;226;205;175;233;218;221;236;220;213;224;219;238;235;234;227;228;170;196;215;232;189;163;167;216;212;173;207;203;231,245;246;247;248;249;250;251;252;253;254;255;256;257;258;259;260;261;262;263;264,reject,0.0009844533834736842,1217035a4ccb7c0f7ca74660f3d4ce529c39f2dbb48ae4a5d5e7c83c6f64c8b0,1,1,1,0,0,1,1,1,1,1,1,3,3,1,1,9,2,1,cycle-0163;cycle-0164;cycle-0166;cycle-0167;cycle-0170;cycle-0172;cycle-0173;cycle-0175;cycle-0182;cycle-0189;cycle-0193;cycle-0196;cycle-0202;cycle-0203;cycle-0204;cycle-0205;cycle-0207;cycle-0211;cycle-0212;cycle-0213;cycle-0215;cycle-0216;cycle-0217;cycle-0218;cycle-0219;cycle-0220;cycle-0221;cycle-0224;cycle-0226;cycle-0227;cycle-0228;cycle-0231;cycle-0232;cycle-0233;cycle-0234;cycle-0235;cycle-0236;cycle-0238,1,2227.430638,4601.699586
15,blocked,FLTrust,model_replacement,0,0,0,0,0.34173744185160526,0.3535430402588,0.3351929936873158,0,0,0.34273682862546667,844,66,0,0,0,1,1,0,0,0,0,0.5182051282051282,0.5,0.5182051282051282,0.018205128205128207,0.3535430402588,72;41;108;3;48;89;30;99;107;11;80;19;9;33;57;14;50;60;1;47;4;81;71;62;98;85;86;29;36;40,112;113;114;115;116;117;118;119;120;121;122;123;124;125;126;127;128;150;151;152;153;154;155;156;157;158;159;160;161;162,179;214;241;243;206;194;230;177;209;237;171;185;186;225;188;176;201;195;183;242;223;181;169;240;222;199;229;208;190;174;239;178;191;184;197;210;192;180;164;193;217;172;166;204;211;202;182;226;205;175;233;218;221;236;220;213;224;219;238;235;234;227;228;170;196;215;232;189;163;167;216;212;173;207;203;231,245;246;247;248;249;250;251;252;253;254;255;256;257;258;259;260;261;262;263;264,reject,0.34173744185160526,ed142a58827b40eccf1c79568366643ac3251d41dd49a2199dda7480cdde8c47,1,1,1,0,0,1,1,1,1,1,1,3,3,1,1,9,2,0,cycle-0169;cycle-0171;cycle-0174;cycle-0176;cycle-0177;cycle-0178;cycle-0179;cycle-0180;cycle-0181;cycle-0183;cycle-0184;cycle-0185;cycle-0186;cycle-0188;cycle-0190;cycle-0191;cycle-0192;cycle-0194;cycle-0195;cycle-0197;cycle-0199;cycle-0201;cycle-0206;cycle-0208;cycle-0209;cycle-0210;cycle-0214;cycle-0222;cycle-0223;cycle-0225;cycle-0229;cycle-0230;cycle-0237;cycle-0239;cycle-0240;cycle-0241;cycle-0242;cycle-0243,1,2346.315973,4537.315375
15,blocked,FedVal,model_replacement,0,0,0,0,0.049352871859394735,0.04960227772945,0.047749335626263156,0,0,0.05898930210553333,844,66,0,0,0,0,0,0,0,0,0,0.5182051282051282,0.5030769230769231,0.5182051282051282,0.015128205128205119,0.04960227772945,72;41;108;3;48;89;30;99;107;11;80;19;9;33;57;14;50;60;1;47;4;81;71;62;98;85;86;29;36;40,112;113;114;115;116;117;118;119;120;121;122;123;124;125;126;127;128;150;151;152;153;154;155;156;157;158;159;160;161;162,179;214;241;243;206;194;230;177;209;237;171;185;186;225;188;176;201;195;183;242;223;181;169;240;222;199;229;208;190;174;239;178;191;184;197;210;192;180;164;193;217;172;166;204;211;202;182;226;205;175;233;218;221;236;220;213;224;219;238;235;234;227;228;170;196;215;232;189;163;167;216;212;173;207;203;231,245;246;247;248;249;250;251;252;253;254;255;256;257;258;259;260;261;262;263;264,reject,0.049352871859394735,5dbf3f294e5068d10df8fd9c3330247a22edc125b6f59c594af7acb89f7bf817,1,1,1,0,0,1,1,1,1,1,1,3,3,1,1,9,2,0,cycle-0169;cycle-0171;cycle-0174;cycle-0176;cycle-0177;cycle-0178;cycle-0179;cycle-0180;cycle-0181;cycle-0183;cycle-0184;cycle-0185;cycle-0186;cycle-0188;cycle-0190;cycle-0191;cycle-0192;cycle-0194;cycle-0195;cycle-0197;cycle-0199;cycle-0201;cycle-0206;cycle-0208;cycle-0209;cycle-0210;cycle-0214;cycle-0222;cycle-0223;cycle-0225;cycle-0229;cycle-0230;cycle-0237;cycle-0239;cycle-0240;cycle-0241;cycle-0242;cycle-0243,1,2296.946223,4594.288253
15,blocked,FLShield,model_replacement,0,0,0,0,0.035463462537,0.0369302502805,0.034595716123710527,0,0,0.0354065745526,844,66,0,0,0,0,0,0,0,0,0,0.5182051282051282,0.5594017094017094,0.5182051282051282,-0.041196581196581206,0.0369302502805,72;41;108;3;48;89;30;99;107;11;80;19;9;33;57;14;50;60;1;47;4;81;71;62;98;85;86;29;36;40,112;113;114;115;116;117;118;119;120;121;122;123;124;125;126;127;128;150;151;152;153;154;155;156;157;158;159;160;161;162,179;214;241;243;206;194;230;177;209;237;171;185;186;225;188;176;201;195;183;242;223;181;169;240;222;199;229;208;190;174;239;178;191;184;197;210;192;180;164;193;217;172;166;204;211;202;182;226;205;175;233;218;221;236;220;213;224;219;238;235;234;227;228;170;196;215;232;189;163;167;216;212;173;207;203;231,245;246;247;248;249;250;251;252;253;254;255;256;257;258;259;260;261;262;263;264,reject,0.035463462537,8e52aac394d2bd8618dfb5b40062343ec647b61681c25aef86098d86935b9547,1,1,1,0,0,1,1,1,1,1,1,3,3,1,1,9,2,0,cycle-0169;cycle-0171;cycle-0174;cycle-0176;cycle-0177;cycle-0178;cycle-0179;cycle-0180;cycle-0181;cycle-0183;cycle-0184;cycle-0185;cycle-0186;cycle-0188;cycle-0190;cycle-0191;cycle-0192;cycle-0194;cycle-0195;cycle-0197;cycle-0199;cycle-0201;cycle-0206;cycle-0208;cycle-0209;cycle-0210;cycle-0214;cycle-0222;cycle-0223;cycle-0225;cycle-0229;cycle-0230;cycle-0237;cycle-0239;cycle-0240;cycle-0241;cycle-0242;cycle-0243,1,2215.452879,4635.106133
15,blocked,FoundationFL,model_replacement,0,0,0,1,-0.14405595520173683,-0.1459354992817,-0.13807172179719737,0,0,-0.1495168907458,844,66,1,0,0,0,0,0,0,1,0,0.5182051282051282,0.4999145299145299,0.4999145299145299,0.0,0.0,72;41;108;3;48;89;30;99;107;11;80;19;9;33;57;14;50;60;1;47;4;81;71;62;98;85;86;29;36;40,112;113;114;115;116;117;118;119;120;121;122;123;124;125;126;127;128;150;151;152;153;154;155;156;157;158;159;160;161;162,179;214;241;243;206;194;230;177;209;237;171;185;186;225;188;176;201;195;183;242;223;181;169;240;222;199;229;208;190;174;239;178;191;184;197;210;192;180;164;193;217;172;166;204;211;202;182;226;205;175;233;218;221;236;220;213;224;219;238;235;234;227;228;170;196;215;232;189;163;167;216;212;173;207;203;231,245;246;247;248;249;250;251;252;253;254;255;256;257;258;259;260;261;262;263;264,commit,-0.14405595520173683,d956fd9dcebe74f391b09233284ca6ded050188524f61eb05d8f08ee78fc661e,1,1,1,1,1,1,1,1,1,1,1,3,3,1,1,9,2,0,cycle-0169;cycle-0171;cycle-0174;cycle-0176;cycle-0177;cycle-0178;cycle-0179;cycle-0180;cycle-0181;cycle-0183;cycle-0184;cycle-0185;cycle-0186;cycle-0188;cycle-0190;cycle-0191;cycle-0192;cycle-0194;cycle-0195;cycle-0197;cycle-0199;cycle-0201;cycle-0206;cycle-0208;cycle-0209;cycle-0210;cycle-0214;cycle-0222;cycle-0223;cycle-0225;cycle-0229;cycle-0230;cycle-0237;cycle-0239;cycle-0240;cycle-0241;cycle-0242;cycle-0243,1,2390.103949,4723.443817
15,blocked,FedAvg,score_aware,64,16,1,1,-0.14492497090252632,-0.17090646304315,-0.15541539819392106,0,0,-0.18739808262383334,844,66,1,0,0,0,0,0,0,1,0,0.5182051282051282,0.5,0.5,0.0,0.0,72;41;108;3;48;89;30;99;107;11;80;19;9;33;57;14;50;60;1;47;4;81;71;62;98;85;86;29;36;40,112;113;114;115;116;117;118;119;120;121;122;123;124;125;126;127;128;150;151;152;153;154;155;156;157;158;159;160;161;162,179;214;241;243;206;194;230;177;209;237;171;185;186;225;188;176;201;195;183;242;223;181;169;240;222;199;229;208;190;174;239;178;191;184;197;210;192;180;164;193;217;172;166;204;211;202;182;226;205;175;233;218;221;236;220;213;224;219;238;235;234;227;228;170;196;215;232;189;163;167;216;212;173;207;203;231,245;246;247;248;249;250;251;252;253;254;255;256;257;258;259;260;261;262;263;264,commit,-0.14492497090252632,89e12774fd8cb6aceb4e02228f3c38590d9b88f53c597f0fc94844d155e5aa00,1,1,1,1,1,1,1,1,1,1,1,3,3,1,1,9,2,1,cycle-0163;cycle-0164;cycle-0166;cycle-0167;cycle-0170;cycle-0172;cycle-0173;cycle-0175;cycle-0182;cycle-0189;cycle-0193;cycle-0196;cycle-0202;cycle-0203;cycle-0204;cycle-0205;cycle-0207;cycle-0211;cycle-0212;cycle-0213;cycle-0215;cycle-0216;cycle-0217;cycle-0218;cycle-0219;cycle-0220;cycle-0221;cycle-0224;cycle-0226;cycle-0227;cycle-0228;cycle-0231;cycle-0232;cycle-0233;cycle-0234;cycle-0235;cycle-0236;cycle-0238,1,2397.422213,4722.274823
15,blocked,FLTrust,score_aware,64,32,0,0,0.34822412815642106,0.36065071628395,0.341572556913079,0,0,0.3492654819968,844,66,0,0,0,1,1,0,0,0,0,0.5182051282051282,0.5,0.5182051282051282,0.018205128205128207,0.36065071628395,72;41;108;3;48;89;30;99;107;11;80;19;9;33;57;14;50;60;1;47;4;81;71;62;98;85;86;29;36;40,112;113;114;115;116;117;118;119;120;121;122;123;124;125;126;127;128;150;151;152;153;154;155;156;157;158;159;160;161;162,179;214;241;243;206;194;230;177;209;237;171;185;186;225;188;176;201;195;183;242;223;181;169;240;222;199;229;208;190;174;239;178;191;184;197;210;192;180;164;193;217;172;166;204;211;202;182;226;205;175;233;218;221;236;220;213;224;219;238;235;234;227;228;170;196;215;232;189;163;167;216;212;173;207;203;231,245;246;247;248;249;250;251;252;253;254;255;256;257;258;259;260;261;262;263;264,reject,0.34822412815642106,4383c0648ae37ded8137c6201c331901f63a446d4797beb9c4d63e46880d4936,1,1,1,0,0,1,1,1,1,1,1,3,3,1,1,9,2,0,cycle-0169;cycle-0171;cycle-0174;cycle-0176;cycle-0177;cycle-0178;cycle-0179;cycle-0180;cycle-0181;cycle-0183;cycle-0184;cycle-0185;cycle-0186;cycle-0188;cycle-0190;cycle-0191;cycle-0192;cycle-0194;cycle-0195;cycle-0197;cycle-0199;cycle-0201;cycle-0206;cycle-0208;cycle-0209;cycle-0210;cycle-0214;cycle-0222;cycle-0223;cycle-0225;cycle-0229;cycle-0230;cycle-0237;cycle-0239;cycle-0240;cycle-0241;cycle-0242;cycle-0243,1,2404.170202,4720.662029
15,blocked,FoundationFL,score_aware,64,16,1,1,-0.14492497076721053,-0.1709064630211,-0.15541539809122368,0,0,-0.18739808262206667,844,66,1,0,0,0,0,0,0,1,0,0.5182051282051282,0.5,0.5,0.0,0.0,72;41;108;3;48;89;30;99;107;11;80;19;9;33;57;14;50;60;1;47;4;81;71;62;98;85;86;29;36;40,112;113;114;115;116;117;118;119;120;121;122;123;124;125;126;127;128;150;151;152;153;154;155;156;157;158;159;160;161;162,179;214;241;243;206;194;230;177;209;237;171;185;186;225;188;176;201;195;183;242;223;181;169;240;222;199;229;208;190;174;239;178;191;184;197;210;192;180;164;193;217;172;166;204;211;202;182;226;205;175;233;218;221;236;220;213;224;219;238;235;234;227;228;170;196;215;232;189;163;167;216;212;173;207;203;231,245;246;247;248;249;250;251;252;253;254;255;256;257;258;259;260;261;262;263;264,commit,-0.14492497076721053,03975fc5ad0ab9b28441ddd025ef9efd081f2a409ac8b02688473e95aee7f6f8,1,1,1,1,1,1,1,1,1,1,1,3,3,1,1,9,2,1,cycle-0163;cycle-0164;cycle-0166;cycle-0167;cycle-0170;cycle-0172;cycle-0173;cycle-0175;cycle-0182;cycle-0189;cycle-0193;cycle-0196;cycle-0202;cycle-0203;cycle-0204;cycle-0205;cycle-0207;cycle-0211;cycle-0212;cycle-0213;cycle-0215;cycle-0216;cycle-0217;cycle-0218;cycle-0219;cycle-0220;cycle-0221;cycle-0224;cycle-0226;cycle-0227;cycle-0228;cycle-0231;cycle-0232;cycle-0233;cycle-0234;cycle-0235;cycle-0236;cycle-0238,1,2313.867873,4582.260823
16,blocked,FedAvg,none,0,0,0,1,-0.03793792806642105,-0.0420894243316,-0.03912522143853947,0,0,-0.041288939829866665,844,66,1,0,0,0,0,0,0,1,0,0.5141025641025642,0.4969230769230769,0.4969230769230769,0.0,0.0,25;93;97;53;71;42;110;37;111;38;47;107;65;90;35;21;67;104;83;3;87;22;63;57;100;24;75;101;98;58,112;113;114;115;116;117;118;119;120;121;122;123;124;125;126;127;128;150;151;152;153;154;155;156;157;158;159;160;161;162,221;236;226;172;243;193;171;166;163;167;233;188;195;191;218;209;184;194;200;237;224;203;228;202;234;222;223;239;235;230;180;232;208;168;229;204;181;240;242;219;205;177;227;216;179;217;185;190;197;182;241;192;189;238;207;170;220;206;178;198;174;210;165;213;215;214;175;176;211;173;201;231;169;225;164;183,245;246;247;248;249;250;251;252;253;254;255;256;257;258;259;260;261;262;263;264,commit,-0.03793792806642105,b69090675304e4a409ff607b3b86c6057a65582f361201e4193faee19b32ec09,1,2,2,1,1,1,1,1,1,1,1,3,3,1,1,9,2,0,cycle-0163;cycle-0166;cycle-0167;cycle-0168;cycle-0171;cycle-0172;cycle-0180;cycle-0181;cycle-0184;cycle-0188;cycle-0191;cycle-0193;cycle-0194;cycle-0195;cycle-0200;cycle-0202;cycle-0203;cycle-0204;cycle-0208;cycle-0209;cycle-0218;cycle-0221;cycle-0222;cycle-0223;cycle-0224;cycle-0226;cycle-0228;cycle-0229;cycle-0230;cycle-0232;cycle-0233;cycle-0234;cycle-0235;cycle-0236;cycle-0237;cycle-0239;cycle-0240;cycle-0243,1,2425.602006,5810.246049
16,blocked,CoordinateMedian,none,0,0,0,1,-0.045667812842973686,-0.04713278785955,-0.04423815670906579,0,0,-0.04730461206476667,844,66,1,0,0,0,0,0,0,1,0,0.5141025641025642,0.49923076923076926,0.49923076923076926,0.0,0.0,25;93;97;53;71;42;110;37;111;38;47;107;65;90;35;21;67;104;83;3;87;22;63;57;100;24;75;101;98;58,112;113;114;115;116;117;118;119;120;121;122;123;124;125;126;127;128;150;151;152;153;154;155;156;157;158;159;160;161;162,221;236;226;172;243;193;171;166;163;167;233;188;195;191;218;209;184;194;200;237;224;203;228;202;234;222;223;239;235;230;180;232;208;168;229;204;181;240;242;219;205;177;227;216;179;217;185;190;197;182;241;192;189;238;207;170;220;206;178;198;174;210;165;213;215;214;175;176;211;173;201;231;169;225;164;183,245;246;247;248;249;250;251;252;253;254;255;256;257;258;259;260;261;262;263;264,commit,-0.045667812842973686,5267802e905f976768664ebba724954055384477e4d869fde8eb6a9d4d71744a,1,1,1,1,1,1,1,1,1,1,1,3,3,1,1,9,2,1,cycle-0164;cycle-0165;cycle-0169;cycle-0170;cycle-0173;cycle-0174;cycle-0175;cycle-0176;cycle-0177;cycle-0178;cycle-0179;cycle-0182;cycle-0183;cycle-0185;cycle-0189;cycle-0190;cycle-0192;cycle-0197;cycle-0198;cycle-0201;cycle-0205;cycle-0206;cycle-0207;cycle-0210;cycle-0211;cycle-0213;cycle-0214;cycle-0215;cycle-0216;cycle-0217;cycle-0219;cycle-0220;cycle-0225;cycle-0227;cycle-0231;cycle-0238;cycle-0241;cycle-0242,1,2356.595536,4688.004674
16,blocked,Krum,none,0,0,0,1,-0.041829145684842105,-0.04328646253905,-0.040502761535157895,0,0,-0.0435248561122,844,66,1,0,0,0,0,0,0,1,0,0.5141025641025642,0.4976923076923077,0.4976923076923077,0.0,0.0,25;93;97;53;71;42;110;37;111;38;47;107;65;90;35;21;67;104;83;3;87;22;63;57;100;24;75;101;98;58,112;113;114;115;116;117;118;119;120;121;122;123;124;125;126;127;128;150;151;152;153;154;155;156;157;158;159;160;161;162,221;236;226;172;243;193;171;166;163;167;233;188;195;191;218;209;184;194;200;237;224;203;228;202;234;222;223;239;235;230;180;232;208;168;229;204;181;240;242;219;205;177;227;216;179;217;185;190;197;182;241;192;189;238;207;170;220;206;178;198;174;210;165;213;215;214;175;176;211;173;201;231;169;225;164;183,245;246;247;248;249;250;251;252;253;254;255;256;257;258;259;260;261;262;263;264,commit,-0.041829145684842105,ed76c283e8b345fe0806f4adaddff93c8227842d3af14d5a220205182c9cdd37,1,1,1,1,1,1,1,1,1,1,1,3,3,1,1,9,2,1,cycle-0164;cycle-0165;cycle-0169;cycle-0170;cycle-0173;cycle-0174;cycle-0175;cycle-0176;cycle-0177;cycle-0178;cycle-0179;cycle-0182;cycle-0183;cycle-0185;cycle-0189;cycle-0190;cycle-0192;cycle-0197;cycle-0198;cycle-0201;cycle-0205;cycle-0206;cycle-0207;cycle-0210;cycle-0211;cycle-0213;cycle-0214;cycle-0215;cycle-0216;cycle-0217;cycle-0219;cycle-0220;cycle-0225;cycle-0227;cycle-0231;cycle-0238;cycle-0241;cycle-0242,1,2256.095747,4559.227531
16,blocked,FLTrust,none,0,0,0,0,0.29503123990726315,0.3185019898867,0.3000957494536053,0,0,0.30611320299126665,844,66,0,0,0,1,0,0,0,0,0,0.5141025641025642,0.5007692307692307,0.5141025641025642,0.01333333333333342,0.3185019898867,25;93;97;53;71;42;110;37;111;38;47;107;65;90;35;21;67;104;83;3;87;22;63;57;100;24;75;101;98;58,112;113;114;115;116;117;118;119;120;121;122;123;124;125;126;127;128;150;151;152;153;154;155;156;157;158;159;160;161;162,221;236;226;172;243;193;171;166;163;167;233;188;195;191;218;209;184;194;200;237;224;203;228;202;234;222;223;239;235;230;180;232;208;168;229;204;181;240;242;219;205;177;227;216;179;217;185;190;197;182;241;192;189;238;207;170;220;206;178;198;174;210;165;213;215;214;175;176;211;173;201;231;169;225;164;183,245;246;247;248;249;250;251;252;253;254;255;256;257;258;259;260;261;262;263;264,reject,0.29503123990726315,e3ab4e976dfb1201c9793c2cb7fd7af44b056d672a1c8b74a034209de5067a98,1,1,1,0,0,1,1,1,1,1,1,3,3,1,1,9,2,0,cycle-0163;cycle-0166;cycle-0167;cycle-0168;cycle-0171;cycle-0172;cycle-0180;cycle-0181;cycle-0184;cycle-0188;cycle-0191;cycle-0193;cycle-0194;cycle-0195;cycle-0200;cycle-0202;cycle-0203;cycle-0204;cycle-0208;cycle-0209;cycle-0218;cycle-0221;cycle-0222;cycle-0223;cycle-0224;cycle-0226;cycle-0228;cycle-0229;cycle-0230;cycle-0232;cycle-0233;cycle-0234;cycle-0235;cycle-0236;cycle-0237;cycle-0239;cycle-0240;cycle-0243,1,2525.218397,4931.207971
16,blocked,FedVal,none,0,0,0,1,-0.009121004057842105,-0.0096944185881,-0.008855725699842104,0,0,-0.0093171510831,844,66,1,0,0,0,0,0,0,1,0,0.5141025641025642,0.5171794871794873,0.5171794871794873,0.0,0.0,25;93;97;53;71;42;110;37;111;38;47;107;65;90;35;21;67;104;83;3;87;22;63;57;100;24;75;101;98;58,112;113;114;115;116;117;118;119;120;121;122;123;124;125;126;127;128;150;151;152;153;154;155;156;157;158;159;160;161;162,221;236;226;172;243;193;171;166;163;167;233;188;195;191;218;209;184;194;200;237;224;203;228;202;234;222;223;239;235;230;180;232;208;168;229;204;181;240;242;219;205;177;227;216;179;217;185;190;197;182;241;192;189;238;207;170;220;206;178;198;174;210;165;213;215;214;175;176;211;173;201;231;169;225;164;183,245;246;247;248;249;250;251;252;253;254;255;256;257;258;259;260;261;262;263;264,commit,-0.009121004057842105,a314c57dd34adab7848ae68901c8f90203eb2f56c0df8bff8a16ead54aaca137,1,1,1,1,1,1,1,1,1,1,1,3,3,1,1,9,2,1,cycle-0164;cycle-0165;cycle-0169;cycle-0170;cycle-0173;cycle-0174;cycle-0175;cycle-0176;cycle-0177;cycle-0178;cycle-0179;cycle-0182;cycle-0183;cycle-0185;cycle-0189;cycle-0190;cycle-0192;cycle-0197;cycle-0198;cycle-0201;cycle-0205;cycle-0206;cycle-0207;cycle-0210;cycle-0211;cycle-0213;cycle-0214;cycle-0215;cycle-0216;cycle-0217;cycle-0219;cycle-0220;cycle-0225;cycle-0227;cycle-0231;cycle-0238;cycle-0241;cycle-0242,1,2312.224341,4594.143015
16,blocked,FLShield,none,0,0,0,1,-0.07196210231544736,-0.07985640287435,-0.07451017971546052,0,0,-0.07949883448096667,844,66,1,0,0,0,0,0,0,1,0,0.5141025641025642,0.5,0.5,0.0,0.0,25;93;97;53;71;42;110;37;111;38;47;107;65;90;35;21;67;104;83;3;87;22;63;57;100;24;75;101;98;58,112;113;114;115;116;117;118;119;120;121;122;123;124;125;126;127;128;150;151;152;153;154;155;156;157;158;159;160;161;162,221;236;226;172;243;193;171;166;163;167;233;188;195;191;218;209;184;194;200;237;224;203;228;202;234;222;223;239;235;230;180;232;208;168;229;204;181;240;242;219;205;177;227;216;179;217;185;190;197;182;241;192;189;238;207;170;220;206;178;198;174;210;165;213;215;214;175;176;211;173;201;231;169;225;164;183,245;246;247;248;249;250;251;252;253;254;255;256;257;258;259;260;261;262;263;264,commit,-0.07196210231544736,4510e003c59b9e5c017f8d9748f5bde78a7f45faba9b54e9f8a9b57e43727423,1,1,1,1,1,1,1,1,1,1,1,3,3,1,1,9,2,0,cycle-0163;cycle-0166;cycle-0167;cycle-0168;cycle-0171;cycle-0172;cycle-0180;cycle-0181;cycle-0184;cycle-0188;cycle-0191;cycle-0193;cycle-0194;cycle-0195;cycle-0200;cycle-0202;cycle-0203;cycle-0204;cycle-0208;cycle-0209;cycle-0218;cycle-0221;cycle-0222;cycle-0223;cycle-0224;cycle-0226;cycle-0228;cycle-0229;cycle-0230;cycle-0232;cycle-0233;cycle-0234;cycle-0235;cycle-0236;cycle-0237;cycle-0239;cycle-0240;cycle-0243,1,2371.990019,4741.945378
16,blocked,FoundationFL,none,0,0,0,1,-0.056809805258,-0.0624897639289,-0.05861566249982895,0,0,-0.0624485104717,844,66,1,0,0,0,0,0,0,1,0,0.5141025641025642,0.5,0.5,0.0,0.0,25;93;97;53;71;42;110;37;111;38;47;107;65;90;35;21;67;104;83;3;87;22;63;57;100;24;75;101;98;58,112;113;114;115;116;117;118;119;120;121;122;123;124;125;126;127;128;150;151;152;153;154;155;156;157;158;159;160;161;162,221;236;226;172;243;193;171;166;163;167;233;188;195;191;218;209;184;194;200;237;224;203;228;202;234;222;223;239;235;230;180;232;208;168;229;204;181;240;242;219;205;177;227;216;179;217;185;190;197;182;241;192;189;238;207;170;220;206;178;198;174;210;165;213;215;214;175;176;211;173;201;231;169;225;164;183,245;246;247;248;249;250;251;252;253;254;255;256;257;258;259;260;261;262;263;264,commit,-0.056809805258,5026e71a71e74ced4667e5971227792e0a41bfd1d45200bccb72bb519daa03c7,1,1,1,1,1,1,1,1,1,1,1,3,3,1,1,9,2,0,cycle-0163;cycle-0166;cycle-0167;cycle-0168;cycle-0171;cycle-0172;cycle-0180;cycle-0181;cycle-0184;cycle-0188;cycle-0191;cycle-0193;cycle-0194;cycle-0195;cycle-0200;cycle-0202;cycle-0203;cycle-0204;cycle-0208;cycle-0209;cycle-0218;cycle-0221;cycle-0222;cycle-0223;cycle-0224;cycle-0226;cycle-0228;cycle-0229;cycle-0230;cycle-0232;cycle-0233;cycle-0234;cycle-0235;cycle-0236;cycle-0237;cycle-0239;cycle-0240;cycle-0243,1,2447.896876,4748.079893
16,blocked,FedAvg,sign_flip,0,0,0,1,-0.020753735466052633,-0.02190699020685,-0.02122492830313158,0,0,-0.0224818124553,844,66,1,0,0,0,0,0,0,1,0,0.5141025641025642,0.4976923076923077,0.4976923076923077,0.0,0.0,25;93;97;53;71;42;110;37;111;38;47;107;65;90;35;21;67;104;83;3;87;22;63;57;100;24;75;101;98;58,112;113;114;115;116;117;118;119;120;121;122;123;124;125;126;127;128;150;151;152;153;154;155;156;157;158;159;160;161;162,221;236;226;172;243;193;171;166;163;167;233;188;195;191;218;209;184;194;200;237;224;203;228;202;234;222;223;239;235;230;180;232;208;168;229;204;181;240;242;219;205;177;227;216;179;217;185;190;197;182;241;192;189;238;207;170;220;206;178;198;174;210;165;213;215;214;175;176;211;173;201;231;169;225;164;183,245;246;247;248;249;250;251;252;253;254;255;256;257;258;259;260;261;262;263;264,commit,-0.020753735466052633,208ade34929c8dc42387e1068131535063458a63f18f67068ba2cd11872fc06a,1,1,1,1,1,1,1,1,1,1,1,3,3,1,1,9,2,0,cycle-0163;cycle-0166;cycle-0167;cycle-0168;cycle-0171;cycle-0172;cycle-0180;cycle-0181;cycle-0184;cycle-0188;cycle-0191;cycle-0193;cycle-0194;cycle-0195;cycle-0200;cycle-0202;cycle-0203;cycle-0204;cycle-0208;cycle-0209;cycle-0218;cycle-0221;cycle-0222;cycle-0223;cycle-0224;cycle-0226;cycle-0228;cycle-0229;cycle-0230;cycle-0232;cycle-0233;cycle-0234;cycle-0235;cycle-0236;cycle-0237;cycle-0239;cycle-0240;cycle-0243,1,2372.192688,4727.679166
16,blocked,CoordinateMedian,sign_flip,0,0,0,1,-0.05467527498778947,-0.0563997206737,-0.05295321033011842,0,0,-0.056689958362,844,66,1,0,0,0,0,0,0,1,0,0.5141025641025642,0.5,0.5,0.0,0.0,25;93;97;53;71;42;110;37;111;38;47;107;65;90;35;21;67;104;83;3;87;22;63;57;100;24;75;101;98;58,112;113;114;115;116;117;118;119;120;121;122;123;124;125;126;127;128;150;151;152;153;154;155;156;157;158;159;160;161;162,221;236;226;172;243;193;171;166;163;167;233;188;195;191;218;209;184;194;200;237;224;203;228;202;234;222;223;239;235;230;180;232;208;168;229;204;181;240;242;219;205;177;227;216;179;217;185;190;197;182;241;192;189;238;207;170;220;206;178;198;174;210;165;213;215;214;175;176;211;173;201;231;169;225;164;183,245;246;247;248;249;250;251;252;253;254;255;256;257;258;259;260;261;262;263;264,commit,-0.05467527498778947,f656abf57821d209437e9a06428f0f9d44b244e650193f62dc08ad254ce8a66d,1,1,1,1,1,1,1,1,1,1,1,3,3,1,1,9,2,1,cycle-0164;cycle-0165;cycle-0169;cycle-0170;cycle-0173;cycle-0174;cycle-0175;cycle-0176;cycle-0177;cycle-0178;cycle-0179;cycle-0182;cycle-0183;cycle-0185;cycle-0189;cycle-0190;cycle-0192;cycle-0197;cycle-0198;cycle-0201;cycle-0205;cycle-0206;cycle-0207;cycle-0210;cycle-0211;cycle-0213;cycle-0214;cycle-0215;cycle-0216;cycle-0217;cycle-0219;cycle-0220;cycle-0225;cycle-0227;cycle-0231;cycle-0238;cycle-0241;cycle-0242,1,2350.382588,4704.315065
16,blocked,Krum,sign_flip,0,0,0,1,-0.04487195045742105,-0.0489776069357,-0.04635082210906579,0,0,-0.04969920985336667,844,66,1,0,0,0,0,0,0,1,0,0.5141025641025642,0.5,0.5,0.0,0.0,25;93;97;53;71;42;110;37;111;38;47;107;65;90;35;21;67;104;83;3;87;22;63;57;100;24;75;101;98;58,112;113;114;115;116;117;118;119;120;121;122;123;124;125;126;127;128;150;151;152;153;154;155;156;157;158;159;160;161;162,221;236;226;172;243;193;171;166;163;167;233;188;195;191;218;209;184;194;200;237;224;203;228;202;234;222;223;239;235;230;180;232;208;168;229;204;181;240;242;219;205;177;227;216;179;217;185;190;197;182;241;192;189;238;207;170;220;206;178;198;174;210;165;213;215;214;175;176;211;173;201;231;169;225;164;183,245;246;247;248;249;250;251;252;253;254;255;256;257;258;259;260;261;262;263;264,commit,-0.04487195045742105,f6d011af2dbb7347f9570f7c63616883579d43ef2b0fa578e1dcfd1dd32ad2ef,1,1,1,1,1,1,1,1,1,1,1,3,3,1,1,9,2,0,cycle-0163;cycle-0166;cycle-0167;cycle-0168;cycle-0171;cycle-0172;cycle-0180;cycle-0181;cycle-0184;cycle-0188;cycle-0191;cycle-0193;cycle-0194;cycle-0195;cycle-0200;cycle-0202;cycle-0203;cycle-0204;cycle-0208;cycle-0209;cycle-0218;cycle-0221;cycle-0222;cycle-0223;cycle-0224;cycle-0226;cycle-0228;cycle-0229;cycle-0230;cycle-0232;cycle-0233;cycle-0234;cycle-0235;cycle-0236;cycle-0237;cycle-0239;cycle-0240;cycle-0243,1,2475.154701,4891.746611
16,blocked,FLTrust,sign_flip,0,0,0,0,0.3337661996481579,0.3489180190779,0.32815559649807896,0,0,0.3348260349107333,844,66,0,0,0,1,0,0,0,0,0,0.5141025641025642,0.5,0.5141025641025642,0.014102564102564163,0.3489180190779,25;93;97;53;71;42;110;37;111;38;47;107;65;90;35;21;67;104;83;3;87;22;63;57;100;24;75;101;98;58,112;113;114;115;116;117;118;119;120;121;122;123;124;125;126;127;128;150;151;152;153;154;155;156;157;158;159;160;161;162,221;236;226;172;243;193;171;166;163;167;233;188;195;191;218;209;184;194;200;237;224;203;228;202;234;222;223;239;235;230;180;232;208;168;229;204;181;240;242;219;205;177;227;216;179;217;185;190;197;182;241;192;189;238;207;170;220;206;178;198;174;210;165;213;215;214;175;176;211;173;201;231;169;225;164;183,245;246;247;248;249;250;251;252;253;254;255;256;257;258;259;260;261;262;263;264,reject,0.3337661996481579,aff5a696ff1f26eba3797d9c4dd2e617033f78828cd12ffb1f697d0467d2d3f3,1,1,1,0,0,1,1,1,1,1,1,3,3,1,1,9,2,1,cycle-0164;cycle-0165;cycle-0169;cycle-0170;cycle-0173;cycle-0174;cycle-0175;cycle-0176;cycle-0177;cycle-0178;cycle-0179;cycle-0182;cycle-0183;cycle-0185;cycle-0189;cycle-0190;cycle-0192;cycle-0197;cycle-0198;cycle-0201;cycle-0205;cycle-0206;cycle-0207;cycle-0210;cycle-0211;cycle-0213;cycle-0214;cycle-0215;cycle-0216;cycle-0217;cycle-0219;cycle-0220;cycle-0225;cycle-0227;cycle-0231;cycle-0238;cycle-0241;cycle-0242,1,2315.469953,4517.62204
16,blocked,FedVal,sign_flip,0,0,0,1,-0.010154343730473685,-0.00992030195885,-0.010299352537605264,0,0,-0.011050677257466666,844,66,1,0,0,0,0,0,0,1,0,0.5141025641025642,0.49538461538461537,0.49538461538461537,0.0,0.0,25;93;97;53;71;42;110;37;111;38;47;107;65;90;35;21;67;104;83;3;87;22;63;57;100;24;75;101;98;58,112;113;114;115;116;117;118;119;120;121;122;123;124;125;126;127;128;150;151;152;153;154;155;156;157;158;159;160;161;162,221;236;226;172;243;193;171;166;163;167;233;188;195;191;218;209;184;194;200;237;224;203;228;202;234;222;223;239;235;230;180;232;208;168;229;204;181;240;242;219;205;177;227;216;179;217;185;190;197;182;241;192;189;238;207;170;220;206;178;198;174;210;165;213;215;214;175;176;211;173;201;231;169;225;164;183,245;246;247;248;249;250;251;252;253;254;255;256;257;258;259;260;261;262;263;264,commit,-0.010154343730473685,eafcd501be745fa1478e3b79a3fd76081d2add28af8c27cde21b2a08ccd5595f,1,1,1,1,1,1,1,1,1,1,1,3,3,1,1,9,2,0,cycle-0163;cycle-0166;cycle-0167;cycle-0168;cycle-0171;cycle-0172;cycle-0180;cycle-0181;cycle-0184;cycle-0188;cycle-0191;cycle-0193;cycle-0194;cycle-0195;cycle-0200;cycle-0202;cycle-0203;cycle-0204;cycle-0208;cycle-0209;cycle-0218;cycle-0221;cycle-0222;cycle-0223;cycle-0224;cycle-0226;cycle-0228;cycle-0229;cycle-0230;cycle-0232;cycle-0233;cycle-0234;cycle-0235;cycle-0236;cycle-0237;cycle-0239;cycle-0240;cycle-0243,1,2311.510878,4649.942358
16,blocked,FLShield,sign_flip,0,0,0,1,-0.042246625957763156,-0.0438441056266,-0.04105022593211842,0,0,-0.043431823859866665,844,66,1,0,0,0,0,0,0,1,0,0.5141025641025642,0.49923076923076926,0.49923076923076926,0.0,0.0,25;93;97;53;71;42;110;37;111;38;47;107;65;90;35;21;67;104;83;3;87;22;63;57;100;24;75;101;98;58,112;113;114;115;116;117;118;119;120;121;122;123;124;125;126;127;128;150;151;152;153;154;155;156;157;158;159;160;161;162,221;236;226;172;243;193;171;166;163;167;233;188;195;191;218;209;184;194;200;237;224;203;228;202;234;222;223;239;235;230;180;232;208;168;229;204;181;240;242;219;205;177;227;216;179;217;185;190;197;182;241;192;189;238;207;170;220;206;178;198;174;210;165;213;215;214;175;176;211;173;201;231;169;225;164;183,245;246;247;248;249;250;251;252;253;254;255;256;257;258;259;260;261;262;263;264,commit,-0.042246625957763156,0baf44e9d05c25a87c5773a19aa967873386752213c7c8e0aaa026d028048cb0,1,1,1,1,1,1,1,1,1,1,1,3,3,1,1,9,2,1,cycle-0164;cycle-0165;cycle-0169;cycle-0170;cycle-0173;cycle-0174;cycle-0175;cycle-0176;cycle-0177;cycle-0178;cycle-0179;cycle-0182;cycle-0183;cycle-0185;cycle-0189;cycle-0190;cycle-0192;cycle-0197;cycle-0198;cycle-0201;cycle-0205;cycle-0206;cycle-0207;cycle-0210;cycle-0211;cycle-0213;cycle-0214;cycle-0215;cycle-0216;cycle-0217;cycle-0219;cycle-0220;cycle-0225;cycle-0227;cycle-0231;cycle-0238;cycle-0241;cycle-0242,1,2316.215202,4505.365887
16,blocked,FoundationFL,sign_flip,0,0,0,0,0.07072176355971052,0.0842343835984,0.07280032808189474,0,0,0.07681233213976667,844,66,0,0,0,1,0,0,0,0,0,0.5141025641025642,0.5341025641025641,0.5141025641025642,-0.019999999999999907,0.0842343835984,25;93;97;53;71;42;110;37;111;38;47;107;65;90;35;21;67;104;83;3;87;22;63;57;100;24;75;101;98;58,112;113;114;115;116;117;118;119;120;121;122;123;124;125;126;127;128;150;151;152;153;154;155;156;157;158;159;160;161;162,221;236;226;172;243;193;171;166;163;167;233;188;195;191;218;209;184;194;200;237;224;203;228;202;234;222;223;239;235;230;180;232;208;168;229;204;181;240;242;219;205;177;227;216;179;217;185;190;197;182;241;192;189;238;207;170;220;206;178;198;174;210;165;213;215;214;175;176;211;173;201;231;169;225;164;183,245;246;247;248;249;250;251;252;253;254;255;256;257;258;259;260;261;262;263;264,reject,0.07072176355971052,777351317d5edc2413f3e792e916eba0f784d81312b017a9b39eaad56e4ce2de,1,1,1,0,0,1,1,1,1,1,1,3,3,1,1,9,2,0,cycle-0163;cycle-0166;cycle-0167;cycle-0168;cycle-0171;cycle-0172;cycle-0180;cycle-0181;cycle-0184;cycle-0188;cycle-0191;cycle-0193;cycle-0194;cycle-0195;cycle-0200;cycle-0202;cycle-0203;cycle-0204;cycle-0208;cycle-0209;cycle-0218;cycle-0221;cycle-0222;cycle-0223;cycle-0224;cycle-0226;cycle-0228;cycle-0229;cycle-0230;cycle-0232;cycle-0233;cycle-0234;cycle-0235;cycle-0236;cycle-0237;cycle-0239;cycle-0240;cycle-0243,1,2322.544007,4550.261618
16,blocked,FedAvg,model_replacement,0,0,0,0,0.23995125877544737,0.2461261170166,0.23409733568730262,0,0,0.2675314194844667,844,66,0,0,0,1,0,0,0,0,0,0.5141025641025642,0.5030769230769231,0.5141025641025642,0.011025641025641075,0.2461261170166,25;93;97;53;71;42;110;37;111;38;47;107;65;90;35;21;67;104;83;3;87;22;63;57;100;24;75;101;98;58,112;113;114;115;116;117;118;119;120;121;122;123;124;125;126;127;128;150;151;152;153;154;155;156;157;158;159;160;161;162,221;236;226;172;243;193;171;166;163;167;233;188;195;191;218;209;184;194;200;237;224;203;228;202;234;222;223;239;235;230;180;232;208;168;229;204;181;240;242;219;205;177;227;216;179;217;185;190;197;182;241;192;189;238;207;170;220;206;178;198;174;210;165;213;215;214;175;176;211;173;201;231;169;225;164;183,245;246;247;248;249;250;251;252;253;254;255;256;257;258;259;260;261;262;263;264,reject,0.23995125877544737,b2d391efbccd6b7d3035550f944486733b0152112bb6838407b8d137d7c4f5f2,1,1,1,0,0,1,1,1,1,1,1,3,3,1,1,9,2,1,cycle-0164;cycle-0165;cycle-0169;cycle-0170;cycle-0173;cycle-0174;cycle-0175;cycle-0176;cycle-0177;cycle-0178;cycle-0179;cycle-0182;cycle-0183;cycle-0185;cycle-0189;cycle-0190;cycle-0192;cycle-0197;cycle-0198;cycle-0201;cycle-0205;cycle-0206;cycle-0207;cycle-0210;cycle-0211;cycle-0213;cycle-0214;cycle-0215;cycle-0216;cycle-0217;cycle-0219;cycle-0220;cycle-0225;cycle-0227;cycle-0231;cycle-0238;cycle-0241;cycle-0242,1,2278.776792,4589.159446
16,blocked,CoordinateMedian,model_replacement,0,0,0,1,-0.06915198774373685,-0.0714594870542,-0.06685948772568422,0,0,-0.07140476537973334,844,66,1,0,0,0,0,0,0,1,0,0.5141025641025642,0.5,0.5,0.0,0.0,25;93;97;53;71;42;110;37;111;38;47;107;65;90;35;21;67;104;83;3;87;22;63;57;100;24;75;101;98;58,112;113;114;115;116;117;118;119;120;121;122;123;124;125;126;127;128;150;151;152;153;154;155;156;157;158;159;160;161;162,221;236;226;172;243;193;171;166;163;167;233;188;195;191;218;209;184;194;200;237;224;203;228;202;234;222;223;239;235;230;180;232;208;168;229;204;181;240;242;219;205;177;227;216;179;217;185;190;197;182;241;192;189;238;207;170;220;206;178;198;174;210;165;213;215;214;175;176;211;173;201;231;169;225;164;183,245;246;247;248;249;250;251;252;253;254;255;256;257;258;259;260;261;262;263;264,commit,-0.06915198774373685,c895ca2de74e4cc936845f6751ed5f6b35ba42ba92d319560848a805ea1c1c4d,1,1,1,1,1,1,1,1,1,1,1,3,3,1,1,9,2,1,cycle-0164;cycle-0165;cycle-0169;cycle-0170;cycle-0173;cycle-0174;cycle-0175;cycle-0176;cycle-0177;cycle-0178;cycle-0179;cycle-0182;cycle-0183;cycle-0185;cycle-0189;cycle-0190;cycle-0192;cycle-0197;cycle-0198;cycle-0201;cycle-0205;cycle-0206;cycle-0207;cycle-0210;cycle-0211;cycle-0213;cycle-0214;cycle-0215;cycle-0216;cycle-0217;cycle-0219;cycle-0220;cycle-0225;cycle-0227;cycle-0231;cycle-0238;cycle-0241;cycle-0242,1,2311.266086,4542.804236
16,blocked,Krum,model_replacement,0,0,0,1,-0.08436827991047369,-0.08742363342135,-0.08148287301278948,0,0,-0.08722379344783333,844,66,1,0,0,0,0,0,0,1,0,0.5141025641025642,0.5,0.5,0.0,0.0,25;93;97;53;71;42;110;37;111;38;47;107;65;90;35;21;67;104;83;3;87;22;63;57;100;24;75;101;98;58,112;113;114;115;116;117;118;119;120;121;122;123;124;125;126;127;128;150;151;152;153;154;155;156;157;158;159;160;161;162,221;236;226;172;243;193;171;166;163;167;233;188;195;191;218;209;184;194;200;237;224;203;228;202;234;222;223;239;235;230;180;232;208;168;229;204;181;240;242;219;205;177;227;216;179;217;185;190;197;182;241;192;189;238;207;170;220;206;178;198;174;210;165;213;215;214;175;176;211;173;201;231;169;225;164;183,245;246;247;248;249;250;251;252;253;254;255;256;257;258;259;260;261;262;263;264,commit,-0.08436827991047369,88652b5b41c08717c4b2aa412eb5a8c4dc23f6346297c6588984410f6ca534ba,1,1,1,1,1,1,1,1,1,1,1,3,3,1,1,9,2,1,cycle-0164;cycle-0165;cycle-0169;cycle-0170;cycle-0173;cycle-0174;cycle-0175;cycle-0176;cycle-0177;cycle-0178;cycle-0179;cycle-0182;cycle-0183;cycle-0185;cycle-0189;cycle-0190;cycle-0192;cycle-0197;cycle-0198;cycle-0201;cycle-0205;cycle-0206;cycle-0207;cycle-0210;cycle-0211;cycle-0213;cycle-0214;cycle-0215;cycle-0216;cycle-0217;cycle-0219;cycle-0220;cycle-0225;cycle-0227;cycle-0231;cycle-0238;cycle-0241;cycle-0242,1,2381.158703,4617.216134
16,blocked,FLTrust,model_replacement,0,0,0,0,0.29258278443528946,0.3058867952855,0.2875763338282105,0,0,0.2933445070933667,844,66,0,0,0,1,0,0,0,0,0,0.5141025641025642,0.5007692307692307,0.5141025641025642,0.01333333333333342,0.3058867952855,25;93;97;53;71;42;110;37;111;38;47;107;65;90;35;21;67;104;83;3;87;22;63;57;100;24;75;101;98;58,112;113;114;115;116;117;118;119;120;121;122;123;124;125;126;127;128;150;151;152;153;154;155;156;157;158;159;160;161;162,221;236;226;172;243;193;171;166;163;167;233;188;195;191;218;209;184;194;200;237;224;203;228;202;234;222;223;239;235;230;180;232;208;168;229;204;181;240;242;219;205;177;227;216;179;217;185;190;197;182;241;192;189;238;207;170;220;206;178;198;174;210;165;213;215;214;175;176;211;173;201;231;169;225;164;183,245;246;247;248;249;250;251;252;253;254;255;256;257;258;259;260;261;262;263;264,reject,0.29258278443528946,dc7c96e44c20692d778689b53eb4850ed8d8ec65a4a189aeb70b67d8247270c1,1,1,1,0,0,1,1,1,1,1,1,3,3,1,1,9,2,1,cycle-0164;cycle-0165;cycle-0169;cycle-0170;cycle-0173;cycle-0174;cycle-0175;cycle-0176;cycle-0177;cycle-0178;cycle-0179;cycle-0182;cycle-0183;cycle-0185;cycle-0189;cycle-0190;cycle-0192;cycle-0197;cycle-0198;cycle-0201;cycle-0205;cycle-0206;cycle-0207;cycle-0210;cycle-0211;cycle-0213;cycle-0214;cycle-0215;cycle-0216;cycle-0217;cycle-0219;cycle-0220;cycle-0225;cycle-0227;cycle-0231;cycle-0238;cycle-0241;cycle-0242,1,2280.582872,4594.076284
16,blocked,FedVal,model_replacement,0,0,0,0,0.024526453900052633,0.02394882765785,0.02341341963081579,0,0,0.03432061536626667,844,66,0,0,0,0,0,0,0,0,0,0.5141025641025642,0.4969230769230769,0.5141025641025642,0.01717948717948725,0.02394882765785,25;93;97;53;71;42;110;37;111;38;47;107;65;90;35;21;67;104;83;3;87;22;63;57;100;24;75;101;98;58,112;113;114;115;116;117;118;119;120;121;122;123;124;125;126;127;128;150;151;152;153;154;155;156;157;158;159;160;161;162,221;236;226;172;243;193;171;166;163;167;233;188;195;191;218;209;184;194;200;237;224;203;228;202;234;222;223;239;235;230;180;232;208;168;229;204;181;240;242;219;205;177;227;216;179;217;185;190;197;182;241;192;189;238;207;170;220;206;178;198;174;210;165;213;215;214;175;176;211;173;201;231;169;225;164;183,245;246;247;248;249;250;251;252;253;254;255;256;257;258;259;260;261;262;263;264,reject,0.024526453900052633,1cc8f0427088ea1a17268cbdeb364c4ef0af28e0bc5da6ac40bbe5ea9f43c759,1,1,1,0,0,1,1,1,1,1,1,3,3,1,1,9,2,1,cycle-0164;cycle-0165;cycle-0169;cycle-0170;cycle-0173;cycle-0174;cycle-0175;cycle-0176;cycle-0177;cycle-0178;cycle-0179;cycle-0182;cycle-0183;cycle-0185;cycle-0189;cycle-0190;cycle-0192;cycle-0197;cycle-0198;cycle-0201;cycle-0205;cycle-0206;cycle-0207;cycle-0210;cycle-0211;cycle-0213;cycle-0214;cycle-0215;cycle-0216;cycle-0217;cycle-0219;cycle-0220;cycle-0225;cycle-0227;cycle-0231;cycle-0238;cycle-0241;cycle-0242,1,2264.381078,4533.188493
16,blocked,FLShield,model_replacement,0,0,0,1,-0.02219401561968421,-0.02469191234185,-0.022845873226,0,0,-0.0239165060945,844,66,1,0,0,0,0,0,0,1,0,0.5141025641025642,0.5137606837606837,0.5137606837606837,0.0,0.0,25;93;97;53;71;42;110;37;111;38;47;107;65;90;35;21;67;104;83;3;87;22;63;57;100;24;75;101;98;58,112;113;114;115;116;117;118;119;120;121;122;123;124;125;126;127;128;150;151;152;153;154;155;156;157;158;159;160;161;162,221;236;226;172;243;193;171;166;163;167;233;188;195;191;218;209;184;194;200;237;224;203;228;202;234;222;223;239;235;230;180;232;208;168;229;204;181;240;242;219;205;177;227;216;179;217;185;190;197;182;241;192;189;238;207;170;220;206;178;198;174;210;165;213;215;214;175;176;211;173;201;231;169;225;164;183,245;246;247;248;249;250;251;252;253;254;255;256;257;258;259;260;261;262;263;264,commit,-0.02219401561968421,5d51dbd48bf23fdbe6643b3e14027487e428adc3103a84f8dc43492260c7f3fd,1,1,1,1,1,1,1,1,1,1,1,3,3,1,1,9,2,0,cycle-0163;cycle-0166;cycle-0167;cycle-0168;cycle-0171;cycle-0172;cycle-0180;cycle-0181;cycle-0184;cycle-0188;cycle-0191;cycle-0193;cycle-0194;cycle-0195;cycle-0200;cycle-0202;cycle-0203;cycle-0204;cycle-0208;cycle-0209;cycle-0218;cycle-0221;cycle-0222;cycle-0223;cycle-0224;cycle-0226;cycle-0228;cycle-0229;cycle-0230;cycle-0232;cycle-0233;cycle-0234;cycle-0235;cycle-0236;cycle-0237;cycle-0239;cycle-0240;cycle-0243,1,2338.65453,4650.301825
16,blocked,FoundationFL,model_replacement,0,0,0,0,0.21223114841507895,0.22702443867325,0.21824159462021053,0,0,0.26819967958446667,844,66,0,0,0,1,0,0,0,0,0,0.5141025641025642,0.35743589743589743,0.5141025641025642,0.15666666666666673,0.22702443867325,25;93;97;53;71;42;110;37;111;38;47;107;65;90;35;21;67;104;83;3;87;22;63;57;100;24;75;101;98;58,112;113;114;115;116;117;118;119;120;121;122;123;124;125;126;127;128;150;151;152;153;154;155;156;157;158;159;160;161;162,221;236;226;172;243;193;171;166;163;167;233;188;195;191;218;209;184;194;200;237;224;203;228;202;234;222;223;239;235;230;180;232;208;168;229;204;181;240;242;219;205;177;227;216;179;217;185;190;197;182;241;192;189;238;207;170;220;206;178;198;174;210;165;213;215;214;175;176;211;173;201;231;169;225;164;183,245;246;247;248;249;250;251;252;253;254;255;256;257;258;259;260;261;262;263;264,reject,0.21223114841507895,d12e5ec3093ff3916575285242ff0e90476c69ddf2615fb26e44331f6c0ce18c,1,1,1,0,0,1,1,1,1,1,1,3,3,1,1,9,2,0,cycle-0163;cycle-0166;cycle-0167;cycle-0168;cycle-0171;cycle-0172;cycle-0180;cycle-0181;cycle-0184;cycle-0188;cycle-0191;cycle-0193;cycle-0194;cycle-0195;cycle-0200;cycle-0202;cycle-0203;cycle-0204;cycle-0208;cycle-0209;cycle-0218;cycle-0221;cycle-0222;cycle-0223;cycle-0224;cycle-0226;cycle-0228;cycle-0229;cycle-0230;cycle-0232;cycle-0233;cycle-0234;cycle-0235;cycle-0236;cycle-0237;cycle-0239;cycle-0240;cycle-0243,1,2413.849342,4677.490363
16,blocked,FedAvg,score_aware,64,17,0,1,-1.27185755e-05,-1.913449475e-05,-1.2812886921052631e-05,0,0,9.293448666666667e-07,844,66,0,0,0,0,0,0,0,1,0,0.5141025641025642,0.5141025641025642,0.5141025641025642,0.0,0.0,25;93;97;53;71;42;110;37;111;38;47;107;65;90;35;21;67;104;83;3;87;22;63;57;100;24;75;101;98;58,112;113;114;115;116;117;118;119;120;121;122;123;124;125;126;127;128;150;151;152;153;154;155;156;157;158;159;160;161;162,221;236;226;172;243;193;171;166;163;167;233;188;195;191;218;209;184;194;200;237;224;203;228;202;234;222;223;239;235;230;180;232;208;168;229;204;181;240;242;219;205;177;227;216;179;217;185;190;197;182;241;192;189;238;207;170;220;206;178;198;174;210;165;213;215;214;175;176;211;173;201;231;169;225;164;183,245;246;247;248;249;250;251;252;253;254;255;256;257;258;259;260;261;262;263;264,commit,-1.27185755e-05,5447fc9003d2a6897b1c6a57a80cb11866703708fb857a301936826a56fefcf9,1,1,1,1,1,1,1,1,1,1,1,3,3,1,1,9,2,0,cycle-0163;cycle-0166;cycle-0167;cycle-0168;cycle-0171;cycle-0172;cycle-0180;cycle-0181;cycle-0184;cycle-0188;cycle-0191;cycle-0193;cycle-0194;cycle-0195;cycle-0200;cycle-0202;cycle-0203;cycle-0204;cycle-0208;cycle-0209;cycle-0218;cycle-0221;cycle-0222;cycle-0223;cycle-0224;cycle-0226;cycle-0228;cycle-0229;cycle-0230;cycle-0232;cycle-0233;cycle-0234;cycle-0235;cycle-0236;cycle-0237;cycle-0239;cycle-0240;cycle-0243,1,2385.665361,4598.24322
16,blocked,FLTrust,score_aware,64,25,0,0,0.25962289195626315,0.2709144610433,0.2549027793822105,0,0,0.26193144892276665,844,66,0,0,0,1,0,0,0,0,0,0.5141025641025642,0.5007692307692307,0.5141025641025642,0.01333333333333342,0.2709144610433,25;93;97;53;71;42;110;37;111;38;47;107;65;90;35;21;67;104;83;3;87;22;63;57;100;24;75;101;98;58,112;113;114;115;116;117;118;119;120;121;122;123;124;125;126;127;128;150;151;152;153;154;155;156;157;158;159;160;161;162,221;236;226;172;243;193;171;166;163;167;233;188;195;191;218;209;184;194;200;237;224;203;228;202;234;222;223;239;235;230;180;232;208;168;229;204;181;240;242;219;205;177;227;216;179;217;185;190;197;182;241;192;189;238;207;170;220;206;178;198;174;210;165;213;215;214;175;176;211;173;201;231;169;225;164;183,245;246;247;248;249;250;251;252;253;254;255;256;257;258;259;260;261;262;263;264,reject,0.25962289195626315,270f533cc3f237312c8e4d9157ed264fe78eb55700870bfe6c777d279abff69a,1,1,1,0,0,1,1,1,1,1,1,3,3,1,1,9,2,1,cycle-0164;cycle-0165;cycle-0169;cycle-0170;cycle-0173;cycle-0174;cycle-0175;cycle-0176;cycle-0177;cycle-0178;cycle-0179;cycle-0182;cycle-0183;cycle-0185;cycle-0189;cycle-0190;cycle-0192;cycle-0197;cycle-0198;cycle-0201;cycle-0205;cycle-0206;cycle-0207;cycle-0210;cycle-0211;cycle-0213;cycle-0214;cycle-0215;cycle-0216;cycle-0217;cycle-0219;cycle-0220;cycle-0225;cycle-0227;cycle-0231;cycle-0238;cycle-0241;cycle-0242,1,2271.163515,4565.98927
16,blocked,FoundationFL,score_aware,64,7,1,1,-0.010797653096921052,-0.011164971687,-0.010533056271039473,0,0,-0.011556580387966666,844,66,1,0,0,0,0,0,0,1,0,0.5141025641025642,0.5321367521367522,0.5321367521367522,0.0,0.0,25;93;97;53;71;42;110;37;111;38;47;107;65;90;35;21;67;104;83;3;87;22;63;57;100;24;75;101;98;58,112;113;114;115;116;117;118;119;120;121;122;123;124;125;126;127;128;150;151;152;153;154;155;156;157;158;159;160;161;162,221;236;226;172;243;193;171;166;163;167;233;188;195;191;218;209;184;194;200;237;224;203;228;202;234;222;223;239;235;230;180;232;208;168;229;204;181;240;242;219;205;177;227;216;179;217;185;190;197;182;241;192;189;238;207;170;220;206;178;198;174;210;165;213;215;214;175;176;211;173;201;231;169;225;164;183,245;246;247;248;249;250;251;252;253;254;255;256;257;258;259;260;261;262;263;264,commit,-0.010797653096921052,702359a6e0b5c83b55409431ea553f88b37b37079fbac1353ebb2afac94c5d61,1,1,1,1,1,1,1,1,1,1,1,3,3,1,1,9,2,1,cycle-0164;cycle-0165;cycle-0169;cycle-0170;cycle-0173;cycle-0174;cycle-0175;cycle-0176;cycle-0177;cycle-0178;cycle-0179;cycle-0182;cycle-0183;cycle-0185;cycle-0189;cycle-0190;cycle-0192;cycle-0197;cycle-0198;cycle-0201;cycle-0205;cycle-0206;cycle-0207;cycle-0210;cycle-0211;cycle-0213;cycle-0214;cycle-0215;cycle-0216;cycle-0217;cycle-0219;cycle-0220;cycle-0225;cycle-0227;cycle-0231;cycle-0238;cycle-0241;cycle-0242,1,2288.347447,4537.30293
17,blocked,FedAvg,none,0,0,0,0,0.0055829340954210525,0.0063065731175,0.005839394902328947,0,0,0.006224523253666667,844,66,0,0,0,0,0,0,0,0,0,0.5,0.5,0.5,0.0,0.0063065731175,103;13;89;105;20;12;102;50;15;26;18;85;30;51;57;87;47;36;77;42;72;38;75;23;33;66;6;19;83;39,112;113;114;115;116;117;118;119;120;121;122;123;124;125;126;127;128;150;151;152;153;154;155;156;157;158;159;160;161;162,226;175;197;208;210;167;215;171;229;235;228;185;164;232;236;227;193;176;178;190;219;165;216;181;209;242;222;214;198;194;241;177;202;217;169;192;174;188;168;191;224;231;184;189;239;233;180;243;211;238;223;218;230;221;204;183;163;166;173;203;186;213;200;225;179;170;196;205;207;234;220;199;172;240;212;201,245;246;247;248;249;250;251;252;253;254;255;256;257;258;259;260;261;262;263;264,reject,0.0055829340954210525,e09a1b4c545f8aacfd83c3cfb4093cf996adb760cf60db019434f8bc19fa3018,1,2,2,0,0,1,1,1,1,1,1,3,3,1,1,9,2,0,cycle-0164;cycle-0165;cycle-0167;cycle-0169;cycle-0171;cycle-0174;cycle-0175;cycle-0176;cycle-0177;cycle-0178;cycle-0181;cycle-0185;cycle-0188;cycle-0190;cycle-0192;cycle-0193;cycle-0194;cycle-0197;cycle-0198;cycle-0202;cycle-0208;cycle-0209;cycle-0210;cycle-0214;cycle-0215;cycle-0216;cycle-0217;cycle-0219;cycle-0222;cycle-0226;cycle-0227;cycle-0228;cycle-0229;cycle-0232;cycle-0235;cycle-0236;cycle-0241;cycle-0242,1,2328.826256,5400.135604
17,blocked,CoordinateMedian,none,0,0,0,1,-0.0008302934050263158,-0.0005755694392,-0.0007928305053684211,0,0,-0.0014391971245666666,844,66,1,0,0,0,0,0,0,1,0,0.5,0.5,0.5,0.0,0.0,103;13;89;105;20;12;102;50;15;26;18;85;30;51;57;87;47;36;77;42;72;38;75;23;33;66;6;19;83;39,112;113;114;115;116;117;118;119;120;121;122;123;124;125;126;127;128;150;151;152;153;154;155;156;157;158;159;160;161;162,226;175;197;208;210;167;215;171;229;235;228;185;164;232;236;227;193;176;178;190;219;165;216;181;209;242;222;214;198;194;241;177;202;217;169;192;174;188;168;191;224;231;184;189;239;233;180;243;211;238;223;218;230;221;204;183;163;166;173;203;186;213;200;225;179;170;196;205;207;234;220;199;172;240;212;201,245;246;247;248;249;250;251;252;253;254;255;256;257;258;259;260;261;262;263;264,commit,-0.0008302934050263158,bc42835536d796fbee9432d0e16f0c976b2e94c6f508cd0f0563afb652fd1269,1,1,1,1,1,1,1,1,1,1,1,3,3,1,1,9,2,1,cycle-0163;cycle-0166;cycle-0168;cycle-0170;cycle-0172;cycle-0173;cycle-0179;cycle-0180;cycle-0183;cycle-0184;cycle-0186;cycle-0189;cycle-0191;cycle-0196;cycle-0199;cycle-0200;cycle-0201;cycle-0203;cycle-0204;cycle-0205;cycle-0207;cycle-0211;cycle-0212;cycle-0213;cycle-0218;cycle-0220;cycle-0221;cycle-0223;cycle-0224;cycle-0225;cycle-0230;cycle-0231;cycle-0233;cycle-0234;cycle-0238;cycle-0239;cycle-0240;cycle-0243,1,2402.950787,4644.747786
17,blocked,Krum,none,0,0,0,1,-0.004715494796263158,-0.004140238554,-0.004425444991552631,0,0,-0.005482105340366666,844,66,1,0,0,0,0,0,0,1,0,0.5,0.5,0.5,0.0,0.0,103;13;89;105;20;12;102;50;15;26;18;85;30;51;57;87;47;36;77;42;72;38;75;23;33;66;6;19;83;39,112;113;114;115;116;117;118;119;120;121;122;123;124;125;126;127;128;150;151;152;153;154;155;156;157;158;159;160;161;162,226;175;197;208;210;167;215;171;229;235;228;185;164;232;236;227;193;176;178;190;219;165;216;181;209;242;222;214;198;194;241;177;202;217;169;192;174;188;168;191;224;231;184;189;239;233;180;243;211;238;223;218;230;221;204;183;163;166;173;203;186;213;200;225;179;170;196;205;207;234;220;199;172;240;212;201,245;246;247;248;249;250;251;252;253;254;255;256;257;258;259;260;261;262;263;264,commit,-0.004715494796263158,ecd3246312ae07d51b191bf7908bcd5c87b05046c744879f127416669613b7c4,1,1,1,1,1,1,1,1,1,1,1,3,3,1,1,9,2,1,cycle-0163;cycle-0166;cycle-0168;cycle-0170;cycle-0172;cycle-0173;cycle-0179;cycle-0180;cycle-0183;cycle-0184;cycle-0186;cycle-0189;cycle-0191;cycle-0196;cycle-0199;cycle-0200;cycle-0201;cycle-0203;cycle-0204;cycle-0205;cycle-0207;cycle-0211;cycle-0212;cycle-0213;cycle-0218;cycle-0220;cycle-0221;cycle-0223;cycle-0224;cycle-0225;cycle-0230;cycle-0231;cycle-0233;cycle-0234;cycle-0238;cycle-0239;cycle-0240;cycle-0243,1,2369.030301,4591.697707
17,blocked,FLTrust,none,0,0,0,0,0.3934970111124737,0.4112204529978,0.38524191840986843,1,0,0.396304624676,844,66,0,0,0,1,1,0,0,0,0,0.5,0.5007692307692307,0.5,-0.0007692307692307443,0.4112204529978,103;13;89;105;20;12;102;50;15;26;18;85;30;51;57;87;47;36;77;42;72;38;75;23;33;66;6;19;83;39,112;113;114;115;116;117;118;119;120;121;122;123;124;125;126;127;128;150;151;152;153;154;155;156;157;158;159;160;161;162,226;175;197;208;210;167;215;171;229;235;228;185;164;232;236;227;193;176;178;190;219;165;216;181;209;242;222;214;198;194;241;177;202;217;169;192;174;188;168;191;224;231;184;189;239;233;180;243;211;238;223;218;230;221;204;183;163;166;173;203;186;213;200;225;179;170;196;205;207;234;220;199;172;240;212;201,245;246;247;248;249;250;251;252;253;254;255;256;257;258;259;260;261;262;263;264,reject,0.3934970111124737,b97ae1c62c317f115b82fab8f426e70d80f3edd991877dafcb2e30cdd7171e3a,1,1,1,0,0,1,1,1,1,1,1,3,3,1,1,9,2,1,cycle-0163;cycle-0166;cycle-0168;cycle-0170;cycle-0172;cycle-0173;cycle-0179;cycle-0180;cycle-0183;cycle-0184;cycle-0186;cycle-0189;cycle-0191;cycle-0196;cycle-0199;cycle-0200;cycle-0201;cycle-0203;cycle-0204;cycle-0205;cycle-0207;cycle-0211;cycle-0212;cycle-0213;cycle-0218;cycle-0220;cycle-0221;cycle-0223;cycle-0224;cycle-0225;cycle-0230;cycle-0231;cycle-0233;cycle-0234;cycle-0238;cycle-0239;cycle-0240;cycle-0243,1,2344.230238,4569.789686
17,blocked,FedVal,none,0,0,0,0,0.04777876655986842,0.04973667753795,0.04610516895552631,0,0,0.0495320463592,844,66,0,0,0,0,0,0,0,0,0,0.5,0.5018803418803419,0.5,-0.001880341880341918,0.04973667753795,103;13;89;105;20;12;102;50;15;26;18;85;30;51;57;87;47;36;77;42;72;38;75;23;33;66;6;19;83;39,112;113;114;115;116;117;118;119;120;121;122;123;124;125;126;127;128;150;151;152;153;154;155;156;157;158;159;160;161;162,226;175;197;208;210;167;215;171;229;235;228;185;164;232;236;227;193;176;178;190;219;165;216;181;209;242;222;214;198;194;241;177;202;217;169;192;174;188;168;191;224;231;184;189;239;233;180;243;211;238;223;218;230;221;204;183;163;166;173;203;186;213;200;225;179;170;196;205;207;234;220;199;172;240;212;201,245;246;247;248;249;250;251;252;253;254;255;256;257;258;259;260;261;262;263;264,reject,0.04777876655986842,9f0530ffd1fb5bbc3a4ec1d2bc761295e550752873cc7b4f1daf5af6b86d2d7d,1,1,1,0,0,1,1,1,1,1,1,3,3,1,1,9,2,1,cycle-0163;cycle-0166;cycle-0168;cycle-0170;cycle-0172;cycle-0173;cycle-0179;cycle-0180;cycle-0183;cycle-0184;cycle-0186;cycle-0189;cycle-0191;cycle-0196;cycle-0199;cycle-0200;cycle-0201;cycle-0203;cycle-0204;cycle-0205;cycle-0207;cycle-0211;cycle-0212;cycle-0213;cycle-0218;cycle-0220;cycle-0221;cycle-0223;cycle-0224;cycle-0225;cycle-0230;cycle-0231;cycle-0233;cycle-0234;cycle-0238;cycle-0239;cycle-0240;cycle-0243,1,2392.192489,4624.76308
17,blocked,FLShield,none,0,0,0,1,-0.025305973807026316,-0.0260255622592,-0.024101497559092105,0,0,-0.027790982723133333,844,66,1,0,0,0,0,0,0,1,0,0.5,0.5,0.5,0.0,0.0,103;13;89;105;20;12;102;50;15;26;18;85;30;51;57;87;47;36;77;42;72;38;75;23;33;66;6;19;83;39,112;113;114;115;116;117;118;119;120;121;122;123;124;125;126;127;128;150;151;152;153;154;155;156;157;158;159;160;161;162,226;175;197;208;210;167;215;171;229;235;228;185;164;232;236;227;193;176;178;190;219;165;216;181;209;242;222;214;198;194;241;177;202;217;169;192;174;188;168;191;224;231;184;189;239;233;180;243;211;238;223;218;230;221;204;183;163;166;173;203;186;213;200;225;179;170;196;205;207;234;220;199;172;240;212;201,245;246;247;248;249;250;251;252;253;254;255;256;257;258;259;260;261;262;263;264,commit,-0.025305973807026316,8adf028788f0f5228199c9fc29e3893a45ccd268784808df336c02acc98bc5d3,1,1,1,1,1,1,1,1,1,1,1,3,3,1,1,9,2,1,cycle-0163;cycle-0166;cycle-0168;cycle-0170;cycle-0172;cycle-0173;cycle-0179;cycle-0180;cycle-0183;cycle-0184;cycle-0186;cycle-0189;cycle-0191;cycle-0196;cycle-0199;cycle-0200;cycle-0201;cycle-0203;cycle-0204;cycle-0205;cycle-0207;cycle-0211;cycle-0212;cycle-0213;cycle-0218;cycle-0220;cycle-0221;cycle-0223;cycle-0224;cycle-0225;cycle-0230;cycle-0231;cycle-0233;cycle-0234;cycle-0238;cycle-0239;cycle-0240;cycle-0243,1,2391.22295,4583.257961
17,blocked,FoundationFL,none,0,0,0,0,0.0021243345295,0.00284922254385,0.0021745832964210525,0,0,0.0022298075953333333,844,66,0,0,0,0,0,0,0,0,0,0.5,0.5,0.5,0.0,0.00284922254385,103;13;89;105;20;12;102;50;15;26;18;85;30;51;57;87;47;36;77;42;72;38;75;23;33;66;6;19;83;39,112;113;114;115;116;117;118;119;120;121;122;123;124;125;126;127;128;150;151;152;153;154;155;156;157;158;159;160;161;162,226;175;197;208;210;167;215;171;229;235;228;185;164;232;236;227;193;176;178;190;219;165;216;181;209;242;222;214;198;194;241;177;202;217;169;192;174;188;168;191;224;231;184;189;239;233;180;243;211;238;223;218;230;221;204;183;163;166;173;203;186;213;200;225;179;170;196;205;207;234;220;199;172;240;212;201,245;246;247;248;249;250;251;252;253;254;255;256;257;258;259;260;261;262;263;264,reject,0.0021243345295,7e4e4a06b68bee104e1cadc31c611db7fb1fcce3a57ebcf6ab20b9d74e5a072e,1,1,1,0,0,1,1,1,1,1,1,3,3,1,1,9,2,0,cycle-0164;cycle-0165;cycle-0167;cycle-0169;cycle-0171;cycle-0174;cycle-0175;cycle-0176;cycle-0177;cycle-0178;cycle-0181;cycle-0185;cycle-0188;cycle-0190;cycle-0192;cycle-0193;cycle-0194;cycle-0197;cycle-0198;cycle-0202;cycle-0208;cycle-0209;cycle-0210;cycle-0214;cycle-0215;cycle-0216;cycle-0217;cycle-0219;cycle-0222;cycle-0226;cycle-0227;cycle-0228;cycle-0229;cycle-0232;cycle-0235;cycle-0236;cycle-0241;cycle-0242,1,2249.729162,4506.960207
17,blocked,FedAvg,sign_flip,0,0,0,0,0.05405811520994737,0.05574291243055,0.05214606565956579,0,0,0.05726625827443333,844,66,0,0,0,1,0,0,0,0,0,0.5,0.5114529914529915,0.5,-0.011452991452991501,0.05574291243055,103;13;89;105;20;12;102;50;15;26;18;85;30;51;57;87;47;36;77;42;72;38;75;23;33;66;6;19;83;39,112;113;114;115;116;117;118;119;120;121;122;123;124;125;126;127;128;150;151;152;153;154;155;156;157;158;159;160;161;162,226;175;197;208;210;167;215;171;229;235;228;185;164;232;236;227;193;176;178;190;219;165;216;181;209;242;222;214;198;194;241;177;202;217;169;192;174;188;168;191;224;231;184;189;239;233;180;243;211;238;223;218;230;221;204;183;163;166;173;203;186;213;200;225;179;170;196;205;207;234;220;199;172;240;212;201,245;246;247;248;249;250;251;252;253;254;255;256;257;258;259;260;261;262;263;264,reject,0.05405811520994737,fe7cca75595c52bdac43228a79865f3244fdf7b8ac6cc21d4fa5d55105a22742,1,1,1,0,0,1,1,1,1,1,1,3,3,1,1,9,2,1,cycle-0163;cycle-0166;cycle-0168;cycle-0170;cycle-0172;cycle-0173;cycle-0179;cycle-0180;cycle-0183;cycle-0184;cycle-0186;cycle-0189;cycle-0191;cycle-0196;cycle-0199;cycle-0200;cycle-0201;cycle-0203;cycle-0204;cycle-0205;cycle-0207;cycle-0211;cycle-0212;cycle-0213;cycle-0218;cycle-0220;cycle-0221;cycle-0223;cycle-0224;cycle-0225;cycle-0230;cycle-0231;cycle-0233;cycle-0234;cycle-0238;cycle-0239;cycle-0240;cycle-0243,1,2351.483456,4603.539861
17,blocked,CoordinateMedian,sign_flip,0,0,0,0,0.003719641146605263,0.00437431383035,0.0038954087323289474,0,0,0.003911143408933333,844,66,0,0,0,0,0,0,0,0,0,0.5,0.5,0.5,0.0,0.00437431383035,103;13;89;105;20;12;102;50;15;26;18;85;30;51;57;87;47;36;77;42;72;38;75;23;33;66;6;19;83;39,112;113;114;115;116;117;118;119;120;121;122;123;124;125;126;127;128;150;151;152;153;154;155;156;157;158;159;160;161;162,226;175;197;208;210;167;215;171;229;235;228;185;164;232;236;227;193;176;178;190;219;165;216;181;209;242;222;214;198;194;241;177;202;217;169;192;174;188;168;191;224;231;184;189;239;233;180;243;211;238;223;218;230;221;204;183;163;166;173;203;186;213;200;225;179;170;196;205;207;234;220;199;172;240;212;201,245;246;247;248;249;250;251;252;253;254;255;256;257;258;259;260;261;262;263;264,reject,0.003719641146605263,02ebee68cf6a8e1e5067a3f0314695b4248d024305fd3a16b1cbfd726f49db32,1,1,1,0,0,1,1,1,1,1,1,3,3,1,1,9,2,0,cycle-0164;cycle-0165;cycle-0167;cycle-0169;cycle-0171;cycle-0174;cycle-0175;cycle-0176;cycle-0177;cycle-0178;cycle-0181;cycle-0185;cycle-0188;cycle-0190;cycle-0192;cycle-0193;cycle-0194;cycle-0197;cycle-0198;cycle-0202;cycle-0208;cycle-0209;cycle-0210;cycle-0214;cycle-0215;cycle-0216;cycle-0217;cycle-0219;cycle-0222;cycle-0226;cycle-0227;cycle-0228;cycle-0229;cycle-0232;cycle-0235;cycle-0236;cycle-0241;cycle-0242,1,2358.57053,4588.365781
17,blocked,Krum,sign_flip,0,0,0,0,0.004501411587657895,0.00415135716605,0.004344152215960526,0,0,0.0039483189441,844,66,0,0,0,0,0,0,0,0,0,0.5,0.49923076923076926,0.5,0.0007692307692307443,0.00415135716605,103;13;89;105;20;12;102;50;15;26;18;85;30;51;57;87;47;36;77;42;72;38;75;23;33;66;6;19;83;39,112;113;114;115;116;117;118;119;120;121;122;123;124;125;126;127;128;150;151;152;153;154;155;156;157;158;159;160;161;162,226;175;197;208;210;167;215;171;229;235;228;185;164;232;236;227;193;176;178;190;219;165;216;181;209;242;222;214;198;194;241;177;202;217;169;192;174;188;168;191;224;231;184;189;239;233;180;243;211;238;223;218;230;221;204;183;163;166;173;203;186;213;200;225;179;170;196;205;207;234;220;199;172;240;212;201,245;246;247;248;249;250;251;252;253;254;255;256;257;258;259;260;261;262;263;264,reject,0.004501411587657895,d3f5398cd78df9cee85b62265a325fa69a13cdd6b53da9a00fd3c8acf920387d,1,1,1,0,0,1,1,1,1,1,1,3,3,1,1,9,2,1,cycle-0163;cycle-0166;cycle-0168;cycle-0170;cycle-0172;cycle-0173;cycle-0179;cycle-0180;cycle-0183;cycle-0184;cycle-0186;cycle-0189;cycle-0191;cycle-0196;cycle-0199;cycle-0200;cycle-0201;cycle-0203;cycle-0204;cycle-0205;cycle-0207;cycle-0211;cycle-0212;cycle-0213;cycle-0218;cycle-0220;cycle-0221;cycle-0223;cycle-0224;cycle-0225;cycle-0230;cycle-0231;cycle-0233;cycle-0234;cycle-0238;cycle-0239;cycle-0240;cycle-0243,1,2341.845462,4637.268494
17,blocked,FLTrust,sign_flip,0,0,0,0,0.3951510743034737,0.41207425858465,0.3867081841000132,1,0,0.39901987276486667,844,66,0,0,0,1,1,0,0,0,0,0.5,0.5007692307692307,0.5,-0.0007692307692307443,0.41207425858465,103;13;89;105;20;12;102;50;15;26;18;85;30;51;57;87;47;36;77;42;72;38;75;23;33;66;6;19;83;39,112;113;114;115;116;117;118;119;120;121;122;123;124;125;126;127;128;150;151;152;153;154;155;156;157;158;159;160;161;162,226;175;197;208;210;167;215;171;229;235;228;185;164;232;236;227;193;176;178;190;219;165;216;181;209;242;222;214;198;194;241;177;202;217;169;192;174;188;168;191;224;231;184;189;239;233;180;243;211;238;223;218;230;221;204;183;163;166;173;203;186;213;200;225;179;170;196;205;207;234;220;199;172;240;212;201,245;246;247;248;249;250;251;252;253;254;255;256;257;258;259;260;261;262;263;264,reject,0.3951510743034737,89bc7eb24b357c3688170e32bdd73025952f0fa6ae1329b693389de70f53d984,1,1,1,0,0,1,1,1,1,1,1,3,3,1,1,9,2,1,cycle-0163;cycle-0166;cycle-0168;cycle-0170;cycle-0172;cycle-0173;cycle-0179;cycle-0180;cycle-0183;cycle-0184;cycle-0186;cycle-0189;cycle-0191;cycle-0196;cycle-0199;cycle-0200;cycle-0201;cycle-0203;cycle-0204;cycle-0205;cycle-0207;cycle-0211;cycle-0212;cycle-0213;cycle-0218;cycle-0220;cycle-0221;cycle-0223;cycle-0224;cycle-0225;cycle-0230;cycle-0231;cycle-0233;cycle-0234;cycle-0238;cycle-0239;cycle-0240;cycle-0243,1,2388.189699,4579.135284
17,blocked,FedVal,sign_flip,0,0,0,0,0.05765280032405263,0.05945419804345,0.05561596197614474,0,0,0.0603709081613,844,66,0,0,0,1,0,0,0,0,0,0.5,0.5099145299145299,0.5,-0.009914529914529902,0.05945419804345,103;13;89;105;20;12;102;50;15;26;18;85;30;51;57;87;47;36;77;42;72;38;75;23;33;66;6;19;83;39,112;113;114;115;116;117;118;119;120;121;122;123;124;125;126;127;128;150;151;152;153;154;155;156;157;158;159;160;161;162,226;175;197;208;210;167;215;171;229;235;228;185;164;232;236;227;193;176;178;190;219;165;216;181;209;242;222;214;198;194;241;177;202;217;169;192;174;188;168;191;224;231;184;189;239;233;180;243;211;238;223;218;230;221;204;183;163;166;173;203;186;213;200;225;179;170;196;205;207;234;220;199;172;240;212;201,245;246;247;248;249;250;251;252;253;254;255;256;257;258;259;260;261;262;263;264,reject,0.05765280032405263,04b77c6e17743230a139787ae8435b4e2910b054f7801007ecf48f5ae5cd5a88,1,1,1,0,0,1,1,1,1,1,1,3,3,1,1,9,2,1,cycle-0163;cycle-0166;cycle-0168;cycle-0170;cycle-0172;cycle-0173;cycle-0179;cycle-0180;cycle-0183;cycle-0184;cycle-0186;cycle-0189;cycle-0191;cycle-0196;cycle-0199;cycle-0200;cycle-0201;cycle-0203;cycle-0204;cycle-0205;cycle-0207;cycle-0211;cycle-0212;cycle-0213;cycle-0218;cycle-0220;cycle-0221;cycle-0223;cycle-0224;cycle-0225;cycle-0230;cycle-0231;cycle-0233;cycle-0234;cycle-0238;cycle-0239;cycle-0240;cycle-0243,1,2393.284689,4606.077972
17,blocked,FLShield,sign_flip,0,0,0,0,0.011094935678421052,0.01142345349265,0.010655781595131579,0,0,0.011915943572533333,844,66,0,0,0,0,0,0,0,0,0,0.5,0.5,0.5,0.0,0.01142345349265,103;13;89;105;20;12;102;50;15;26;18;85;30;51;57;87;47;36;77;42;72;38;75;23;33;66;6;19;83;39,112;113;114;115;116;117;118;119;120;121;122;123;124;125;126;127;128;150;151;152;153;154;155;156;157;158;159;160;161;162,226;175;197;208;210;167;215;171;229;235;228;185;164;232;236;227;193;176;178;190;219;165;216;181;209;242;222;214;198;194;241;177;202;217;169;192;174;188;168;191;224;231;184;189;239;233;180;243;211;238;223;218;230;221;204;183;163;166;173;203;186;213;200;225;179;170;196;205;207;234;220;199;172;240;212;201,245;246;247;248;249;250;251;252;253;254;255;256;257;258;259;260;261;262;263;264,reject,0.011094935678421052,c4e62398fe62ec19f4cc95f3eff171123833316c52e69f6ec0aa4c83774e7652,1,1,1,0,0,1,1,1,1,1,1,3,3,1,1,9,2,1,cycle-0163;cycle-0166;cycle-0168;cycle-0170;cycle-0172;cycle-0173;cycle-0179;cycle-0180;cycle-0183;cycle-0184;cycle-0186;cycle-0189;cycle-0191;cycle-0196;cycle-0199;cycle-0200;cycle-0201;cycle-0203;cycle-0204;cycle-0205;cycle-0207;cycle-0211;cycle-0212;cycle-0213;cycle-0218;cycle-0220;cycle-0221;cycle-0223;cycle-0224;cycle-0225;cycle-0230;cycle-0231;cycle-0233;cycle-0234;cycle-0238;cycle-0239;cycle-0240;cycle-0243,1,2314.339466,4608.115875
17,blocked,FoundationFL,sign_flip,0,0,0,0,0.32429658244721055,0.3525267337462,0.33233984681669737,0,0,0.34482289772223335,844,66,0,0,0,1,1,0,0,0,0,0.5,0.5015384615384615,0.5,-0.0015384615384614886,0.3525267337462,103;13;89;105;20;12;102;50;15;26;18;85;30;51;57;87;47;36;77;42;72;38;75;23;33;66;6;19;83;39,112;113;114;115;116;117;118;119;120;121;122;123;124;125;126;127;128;150;151;152;153;154;155;156;157;158;159;160;161;162,226;175;197;208;210;167;215;171;229;235;228;185;164;232;236;227;193;176;178;190;219;165;216;181;209;242;222;214;198;194;241;177;202;217;169;192;174;188;168;191;224;231;184;189;239;233;180;243;211;238;223;218;230;221;204;183;163;166;173;203;186;213;200;225;179;170;196;205;207;234;220;199;172;240;212;201,245;246;247;248;249;250;251;252;253;254;255;256;257;258;259;260;261;262;263;264,reject,0.32429658244721055,eff816477681bbb82bd0b90d3cbaf18fc5a9a2c1e3990a0dd0278c1e6c2168d8,1,1,1,0,0,1,1,1,1,1,1,3,3,1,1,9,2,0,cycle-0164;cycle-0165;cycle-0167;cycle-0169;cycle-0171;cycle-0174;cycle-0175;cycle-0176;cycle-0177;cycle-0178;cycle-0181;cycle-0185;cycle-0188;cycle-0190;cycle-0192;cycle-0193;cycle-0194;cycle-0197;cycle-0198;cycle-0202;cycle-0208;cycle-0209;cycle-0210;cycle-0214;cycle-0215;cycle-0216;cycle-0217;cycle-0219;cycle-0222;cycle-0226;cycle-0227;cycle-0228;cycle-0229;cycle-0232;cycle-0235;cycle-0236;cycle-0241;cycle-0242,1,2285.152308,4457.137478
17,blocked,FedAvg,model_replacement,0,0,0,0,0.41469473705463156,0.4475985965148,0.4232404754890263,1,0,0.4693989719698,844,66,0,0,0,1,1,0,0,0,0,0.5,0.5023076923076923,0.5,-0.002307692307692344,0.4475985965148,103;13;89;105;20;12;102;50;15;26;18;85;30;51;57;87;47;36;77;42;72;38;75;23;33;66;6;19;83;39,112;113;114;115;116;117;118;119;120;121;122;123;124;125;126;127;128;150;151;152;153;154;155;156;157;158;159;160;161;162,226;175;197;208;210;167;215;171;229;235;228;185;164;232;236;227;193;176;178;190;219;165;216;181;209;242;222;214;198;194;241;177;202;217;169;192;174;188;168;191;224;231;184;189;239;233;180;243;211;238;223;218;230;221;204;183;163;166;173;203;186;213;200;225;179;170;196;205;207;234;220;199;172;240;212;201,245;246;247;248;249;250;251;252;253;254;255;256;257;258;259;260;261;262;263;264,reject,0.41469473705463156,15f8b81b3425098c2347328e14b7c5aecf1ff6932f5b1b2abd23099e62b5921a,1,1,1,0,0,1,1,1,1,1,1,3,3,1,1,9,2,0,cycle-0164;cycle-0165;cycle-0167;cycle-0169;cycle-0171;cycle-0174;cycle-0175;cycle-0176;cycle-0177;cycle-0178;cycle-0181;cycle-0185;cycle-0188;cycle-0190;cycle-0192;cycle-0193;cycle-0194;cycle-0197;cycle-0198;cycle-0202;cycle-0208;cycle-0209;cycle-0210;cycle-0214;cycle-0215;cycle-0216;cycle-0217;cycle-0219;cycle-0222;cycle-0226;cycle-0227;cycle-0228;cycle-0229;cycle-0232;cycle-0235;cycle-0236;cycle-0241;cycle-0242,1,2332.979332,4535.501563
17,blocked,CoordinateMedian,model_replacement,0,0,0,0,0.007244686353421053,0.00849452491595,0.0075112987636315786,0,0,0.008474150819566666,844,66,0,0,0,0,0,0,0,0,0,0.5,0.5,0.5,0.0,0.00849452491595,103;13;89;105;20;12;102;50;15;26;18;85;30;51;57;87;47;36;77;42;72;38;75;23;33;66;6;19;83;39,112;113;114;115;116;117;118;119;120;121;122;123;124;125;126;127;128;150;151;152;153;154;155;156;157;158;159;160;161;162,226;175;197;208;210;167;215;171;229;235;228;185;164;232;236;227;193;176;178;190;219;165;216;181;209;242;222;214;198;194;241;177;202;217;169;192;174;188;168;191;224;231;184;189;239;233;180;243;211;238;223;218;230;221;204;183;163;166;173;203;186;213;200;225;179;170;196;205;207;234;220;199;172;240;212;201,245;246;247;248;249;250;251;252;253;254;255;256;257;258;259;260;261;262;263;264,reject,0.007244686353421053,882e1a882fa3a7560bc1aa832c0f57f9739666d6999dfe930224f4136626f6af,1,1,1,0,0,1,1,1,1,1,1,3,3,1,1,9,2,0,cycle-0164;cycle-0165;cycle-0167;cycle-0169;cycle-0171;cycle-0174;cycle-0175;cycle-0176;cycle-0177;cycle-0178;cycle-0181;cycle-0185;cycle-0188;cycle-0190;cycle-0192;cycle-0193;cycle-0194;cycle-0197;cycle-0198;cycle-0202;cycle-0208;cycle-0209;cycle-0210;cycle-0214;cycle-0215;cycle-0216;cycle-0217;cycle-0219;cycle-0222;cycle-0226;cycle-0227;cycle-0228;cycle-0229;cycle-0232;cycle-0235;cycle-0236;cycle-0241;cycle-0242,1,2230.664998,4585.773427
17,blocked,Krum,model_replacement,0,0,0,1,-0.007910182555657895,-0.0068173974976,-0.007434963331,0,0,-0.0084229941897,844,66,1,0,0,0,0,0,0,1,0,0.5,0.5,0.5,0.0,0.0,103;13;89;105;20;12;102;50;15;26;18;85;30;51;57;87;47;36;77;42;72;38;75;23;33;66;6;19;83;39,112;113;114;115;116;117;118;119;120;121;122;123;124;125;126;127;128;150;151;152;153;154;155;156;157;158;159;160;161;162,226;175;197;208;210;167;215;171;229;235;228;185;164;232;236;227;193;176;178;190;219;165;216;181;209;242;222;214;198;194;241;177;202;217;169;192;174;188;168;191;224;231;184;189;239;233;180;243;211;238;223;218;230;221;204;183;163;166;173;203;186;213;200;225;179;170;196;205;207;234;220;199;172;240;212;201,245;246;247;248;249;250;251;252;253;254;255;256;257;258;259;260;261;262;263;264,commit,-0.007910182555657895,a18487514aafbf3a9dfc07240b53e9cc129f6125ab367c41ad4d7286af63d98d,1,1,1,1,1,1,1,1,1,1,1,3,3,1,1,9,2,1,cycle-0163;cycle-0166;cycle-0168;cycle-0170;cycle-0172;cycle-0173;cycle-0179;cycle-0180;cycle-0183;cycle-0184;cycle-0186;cycle-0189;cycle-0191;cycle-0196;cycle-0199;cycle-0200;cycle-0201;cycle-0203;cycle-0204;cycle-0205;cycle-0207;cycle-0211;cycle-0212;cycle-0213;cycle-0218;cycle-0220;cycle-0221;cycle-0223;cycle-0224;cycle-0225;cycle-0230;cycle-0231;cycle-0233;cycle-0234;cycle-0238;cycle-0239;cycle-0240;cycle-0243,1,2417.842521,4684.780969
17,blocked,FLTrust,model_replacement,0,0,0,0,0.34739388606489474,0.36381839308895,0.3398237446009211,0,0,0.3507983488396,844,66,0,0,0,1,1,0,0,0,0,0.5,0.5007692307692307,0.5,-0.0007692307692307443,0.36381839308895,103;13;89;105;20;12;102;50;15;26;18;85;30;51;57;87;47;36;77;42;72;38;75;23;33;66;6;19;83;39,112;113;114;115;116;117;118;119;120;121;122;123;124;125;126;127;128;150;151;152;153;154;155;156;157;158;159;160;161;162,226;175;197;208;210;167;215;171;229;235;228;185;164;232;236;227;193;176;178;190;219;165;216;181;209;242;222;214;198;194;241;177;202;217;169;192;174;188;168;191;224;231;184;189;239;233;180;243;211;238;223;218;230;221;204;183;163;166;173;203;186;213;200;225;179;170;196;205;207;234;220;199;172;240;212;201,245;246;247;248;249;250;251;252;253;254;255;256;257;258;259;260;261;262;263;264,reject,0.34739388606489474,b9c867bd21d7aa330c9c495d4534193405aece225105879be8637d048e3f25e1,1,1,1,0,0,1,1,1,1,1,1,3,3,1,1,9,2,1,cycle-0163;cycle-0166;cycle-0168;cycle-0170;cycle-0172;cycle-0173;cycle-0179;cycle-0180;cycle-0183;cycle-0184;cycle-0186;cycle-0189;cycle-0191;cycle-0196;cycle-0199;cycle-0200;cycle-0201;cycle-0203;cycle-0204;cycle-0205;cycle-0207;cycle-0211;cycle-0212;cycle-0213;cycle-0218;cycle-0220;cycle-0221;cycle-0223;cycle-0224;cycle-0225;cycle-0230;cycle-0231;cycle-0233;cycle-0234;cycle-0238;cycle-0239;cycle-0240;cycle-0243,1,2429.248358,4662.391739
17,blocked,FedVal,model_replacement,0,0,0,0,0.17998827441113158,0.19696473475685,0.18442148522371052,0,0,0.21009296975243333,844,66,0,0,0,1,0,0,0,0,0,0.5,0.46136752136752135,0.5,0.03863247863247865,0.19696473475685,103;13;89;105;20;12;102;50;15;26;18;85;30;51;57;87;47;36;77;42;72;38;75;23;33;66;6;19;83;39,112;113;114;115;116;117;118;119;120;121;122;123;124;125;126;127;128;150;151;152;153;154;155;156;157;158;159;160;161;162,226;175;197;208;210;167;215;171;229;235;228;185;164;232;236;227;193;176;178;190;219;165;216;181;209;242;222;214;198;194;241;177;202;217;169;192;174;188;168;191;224;231;184;189;239;233;180;243;211;238;223;218;230;221;204;183;163;166;173;203;186;213;200;225;179;170;196;205;207;234;220;199;172;240;212;201,245;246;247;248;249;250;251;252;253;254;255;256;257;258;259;260;261;262;263;264,reject,0.17998827441113158,36bece6346ab4317287ba36a494da6d49ea70d178a8e1b11e59b748d54a93619,1,1,1,0,0,1,1,1,1,1,1,3,3,1,1,9,2,0,cycle-0164;cycle-0165;cycle-0167;cycle-0169;cycle-0171;cycle-0174;cycle-0175;cycle-0176;cycle-0177;cycle-0178;cycle-0181;cycle-0185;cycle-0188;cycle-0190;cycle-0192;cycle-0193;cycle-0194;cycle-0197;cycle-0198;cycle-0202;cycle-0208;cycle-0209;cycle-0210;cycle-0214;cycle-0215;cycle-0216;cycle-0217;cycle-0219;cycle-0222;cycle-0226;cycle-0227;cycle-0228;cycle-0229;cycle-0232;cycle-0235;cycle-0236;cycle-0241;cycle-0242,1,2239.714492,4496.385885
17,blocked,FLShield,model_replacement,0,0,0,0,0.005251779756789474,0.0059697481213,0.0054795467185526315,0,0,0.0059234968643333335,844,66,0,0,0,0,0,0,0,0,0,0.5,0.5,0.5,0.0,0.0059697481213,103;13;89;105;20;12;102;50;15;26;18;85;30;51;57;87;47;36;77;42;72;38;75;23;33;66;6;19;83;39,112;113;114;115;116;117;118;119;120;121;122;123;124;125;126;127;128;150;151;152;153;154;155;156;157;158;159;160;161;162,226;175;197;208;210;167;215;171;229;235;228;185;164;232;236;227;193;176;178;190;219;165;216;181;209;242;222;214;198;194;241;177;202;217;169;192;174;188;168;191;224;231;184;189;239;233;180;243;211;238;223;218;230;221;204;183;163;166;173;203;186;213;200;225;179;170;196;205;207;234;220;199;172;240;212;201,245;246;247;248;249;250;251;252;253;254;255;256;257;258;259;260;261;262;263;264,reject,0.005251779756789474,d30b09bc9894dda6947960720141ade96bae8a446444be00339b801992379dec,1,1,1,0,0,1,1,1,1,1,1,3,3,1,1,9,2,0,cycle-0164;cycle-0165;cycle-0167;cycle-0169;cycle-0171;cycle-0174;cycle-0175;cycle-0176;cycle-0177;cycle-0178;cycle-0181;cycle-0185;cycle-0188;cycle-0190;cycle-0192;cycle-0193;cycle-0194;cycle-0197;cycle-0198;cycle-0202;cycle-0208;cycle-0209;cycle-0210;cycle-0214;cycle-0215;cycle-0216;cycle-0217;cycle-0219;cycle-0222;cycle-0226;cycle-0227;cycle-0228;cycle-0229;cycle-0232;cycle-0235;cycle-0236;cycle-0241;cycle-0242,1,2263.846402,4438.007372
17,blocked,FoundationFL,model_replacement,0,0,0,0,0.05781587983136842,0.0656469158585,0.0597790701920921,0,0,0.09017507247063333,844,66,0,0,0,1,0,0,0,0,0,0.5,0.4582905982905983,0.5,0.04170940170940168,0.0656469158585,103;13;89;105;20;12;102;50;15;26;18;85;30;51;57;87;47;36;77;42;72;38;75;23;33;66;6;19;83;39,112;113;114;115;116;117;118;119;120;121;122;123;124;125;126;127;128;150;151;152;153;154;155;156;157;158;159;160;161;162,226;175;197;208;210;167;215;171;229;235;228;185;164;232;236;227;193;176;178;190;219;165;216;181;209;242;222;214;198;194;241;177;202;217;169;192;174;188;168;191;224;231;184;189;239;233;180;243;211;238;223;218;230;221;204;183;163;166;173;203;186;213;200;225;179;170;196;205;207;234;220;199;172;240;212;201,245;246;247;248;249;250;251;252;253;254;255;256;257;258;259;260;261;262;263;264,reject,0.05781587983136842,c5e6a6eb12380e3eb0fac51c33cf851ee49145e0342000fb44a9cfd586ed56c4,1,1,1,0,0,1,1,1,1,1,1,3,3,1,1,9,2,1,cycle-0163;cycle-0166;cycle-0168;cycle-0170;cycle-0172;cycle-0173;cycle-0179;cycle-0180;cycle-0183;cycle-0184;cycle-0186;cycle-0189;cycle-0191;cycle-0196;cycle-0199;cycle-0200;cycle-0201;cycle-0203;cycle-0204;cycle-0205;cycle-0207;cycle-0211;cycle-0212;cycle-0213;cycle-0218;cycle-0220;cycle-0221;cycle-0223;cycle-0224;cycle-0225;cycle-0230;cycle-0231;cycle-0233;cycle-0234;cycle-0238;cycle-0239;cycle-0240;cycle-0243,1,2389.549292,4609.926421
17,blocked,FedAvg,score_aware,64,17,0,1,-2.2525766315789473e-06,-7.96210715e-06,-2.8263407236842107e-06,0,0,-8.164984666666667e-07,844,66,1,0,0,0,0,0,0,1,0,0.5,0.5,0.5,0.0,0.0,103;13;89;105;20;12;102;50;15;26;18;85;30;51;57;87;47;36;77;42;72;38;75;23;33;66;6;19;83;39,112;113;114;115;116;117;118;119;120;121;122;123;124;125;126;127;128;150;151;152;153;154;155;156;157;158;159;160;161;162,226;175;197;208;210;167;215;171;229;235;228;185;164;232;236;227;193;176;178;190;219;165;216;181;209;242;222;214;198;194;241;177;202;217;169;192;174;188;168;191;224;231;184;189;239;233;180;243;211;238;223;218;230;221;204;183;163;166;173;203;186;213;200;225;179;170;196;205;207;234;220;199;172;240;212;201,245;246;247;248;249;250;251;252;253;254;255;256;257;258;259;260;261;262;263;264,commit,-2.2525766315789473e-06,78c8b011ad1d1eeee66e2cd37f616c5ee37cf33ef58e911d3dca04202a17dbb1,1,1,1,1,1,1,1,1,1,1,1,3,3,1,1,9,2,1,cycle-0163;cycle-0166;cycle-0168;cycle-0170;cycle-0172;cycle-0173;cycle-0179;cycle-0180;cycle-0183;cycle-0184;cycle-0186;cycle-0189;cycle-0191;cycle-0196;cycle-0199;cycle-0200;cycle-0201;cycle-0203;cycle-0204;cycle-0205;cycle-0207;cycle-0211;cycle-0212;cycle-0213;cycle-0218;cycle-0220;cycle-0221;cycle-0223;cycle-0224;cycle-0225;cycle-0230;cycle-0231;cycle-0233;cycle-0234;cycle-0238;cycle-0239;cycle-0240;cycle-0243,1,2359.650996,4798.100206
17,blocked,FLTrust,score_aware,64,33,0,0,0.3239871782668684,0.33851715139795,0.31659788717919735,0,0,0.32755155349633336,844,66,0,0,0,1,0,0,0,0,0,0.5,0.5007692307692307,0.5,-0.0007692307692307443,0.33851715139795,103;13;89;105;20;12;102;50;15;26;18;85;30;51;57;87;47;36;77;42;72;38;75;23;33;66;6;19;83;39,112;113;114;115;116;117;118;119;120;121;122;123;124;125;126;127;128;150;151;152;153;154;155;156;157;158;159;160;161;162,226;175;197;208;210;167;215;171;229;235;228;185;164;232;236;227;193;176;178;190;219;165;216;181;209;242;222;214;198;194;241;177;202;217;169;192;174;188;168;191;224;231;184;189;239;233;180;243;211;238;223;218;230;221;204;183;163;166;173;203;186;213;200;225;179;170;196;205;207;234;220;199;172;240;212;201,245;246;247;248;249;250;251;252;253;254;255;256;257;258;259;260;261;262;263;264,reject,0.3239871782668684,1e6f78de7c7b0f671c190a695bd043f054a004b0a6e547a5e10852de754a246a,1,1,1,0,0,1,1,1,1,1,1,3,3,1,1,9,2,1,cycle-0163;cycle-0166;cycle-0168;cycle-0170;cycle-0172;cycle-0173;cycle-0179;cycle-0180;cycle-0183;cycle-0184;cycle-0186;cycle-0189;cycle-0191;cycle-0196;cycle-0199;cycle-0200;cycle-0201;cycle-0203;cycle-0204;cycle-0205;cycle-0207;cycle-0211;cycle-0212;cycle-0213;cycle-0218;cycle-0220;cycle-0221;cycle-0223;cycle-0224;cycle-0225;cycle-0230;cycle-0231;cycle-0233;cycle-0234;cycle-0238;cycle-0239;cycle-0240;cycle-0243,1,2435.020696,4681.690887
17,blocked,FoundationFL,score_aware,64,22,1,1,-0.0016059088297894738,-0.00149836218,-0.0017187553824736842,0,0,-0.0022694495327,844,66,1,0,0,0,0,0,0,1,0,0.5,0.5,0.5,0.0,0.0,103;13;89;105;20;12;102;50;15;26;18;85;30;51;57;87;47;36;77;42;72;38;75;23;33;66;6;19;83;39,112;113;114;115;116;117;118;119;120;121;122;123;124;125;126;127;128;150;151;152;153;154;155;156;157;158;159;160;161;162,226;175;197;208;210;167;215;171;229;235;228;185;164;232;236;227;193;176;178;190;219;165;216;181;209;242;222;214;198;194;241;177;202;217;169;192;174;188;168;191;224;231;184;189;239;233;180;243;211;238;223;218;230;221;204;183;163;166;173;203;186;213;200;225;179;170;196;205;207;234;220;199;172;240;212;201,245;246;247;248;249;250;251;252;253;254;255;256;257;258;259;260;261;262;263;264,commit,-0.0016059088297894738,e3d7d7555325f429356327ad7d229b56a8be83c941ccdb648060a9915b7452b9,1,1,1,1,1,1,1,1,1,1,1,3,3,1,1,9,2,0,cycle-0164;cycle-0165;cycle-0167;cycle-0169;cycle-0171;cycle-0174;cycle-0175;cycle-0176;cycle-0177;cycle-0178;cycle-0181;cycle-0185;cycle-0188;cycle-0190;cycle-0192;cycle-0193;cycle-0194;cycle-0197;cycle-0198;cycle-0202;cycle-0208;cycle-0209;cycle-0210;cycle-0214;cycle-0215;cycle-0216;cycle-0217;cycle-0219;cycle-0222;cycle-0226;cycle-0227;cycle-0228;cycle-0229;cycle-0232;cycle-0235;cycle-0236;cycle-0241;cycle-0242,1,2466.152762,4730.631071
18,blocked,FedAvg,none,0,0,0,1,-0.011357239039868421,-0.01182874740005,-0.011359262642460526,0,0,-0.012057177783333333,844,66,1,0,0,0,0,0,0,1,0,0.5106837606837606,0.49538461538461537,0.49538461538461537,0.0,0.0,106;98;28;1;53;18;88;50;70;109;34;100;43;48;102;27;45;66;4;8;23;89;75;12;7;19;3;35;16;24,112;113;114;115;116;117;118;119;120;121;122;123;124;125;126;127;128;150;151;152;153;154;155;156;157;158;159;160;161;162,199;236;228;207;218;241;203;182;177;167;194;226;224;238;175;169;233;215;242;174;210;234;232;163;164;172;231;192;183;189;240;170;216;176;208;202;200;206;171;209;213;165;221;222;230;196;205;223;178;219;239;217;180;190;243;225;186;181;227;211;237;185;214;184;197;195;173;229;235;201;204;193;179;198;220;168,245;246;247;248;249;250;251;252;253;254;255;256;257;258;259;260;261;262;263;264,commit,-0.011357239039868421,e344fd326d9488fcf0ef9e9c529aa027ac681f033122163e60dce48d9a584fe1,1,2,2,1,1,1,1,1,1,1,1,3,3,1,1,9,2,1,cycle-0165;cycle-0168;cycle-0171;cycle-0173;cycle-0178;cycle-0179;cycle-0180;cycle-0181;cycle-0184;cycle-0185;cycle-0186;cycle-0190;cycle-0193;cycle-0195;cycle-0196;cycle-0197;cycle-0198;cycle-0201;cycle-0204;cycle-0205;cycle-0209;cycle-0211;cycle-0213;cycle-0214;cycle-0217;cycle-0219;cycle-0220;cycle-0221;cycle-0222;cycle-0223;cycle-0225;cycle-0227;cycle-0229;cycle-0230;cycle-0235;cycle-0237;cycle-0239;cycle-0243,1,2246.924658,5287.483352
18,blocked,CoordinateMedian,none,0,0,0,0,0.009663078575894737,0.0109316203385,0.00967558583961842,0,0,0.0093094211971,844,66,0,0,0,0,0,0,0,0,0,0.5106837606837606,0.5148717948717949,0.5106837606837606,-0.004188034188034262,0.0109316203385,106;98;28;1;53;18;88;50;70;109;34;100;43;48;102;27;45;66;4;8;23;89;75;12;7;19;3;35;16;24,112;113;114;115;116;117;118;119;120;121;122;123;124;125;126;127;128;150;151;152;153;154;155;156;157;158;159;160;161;162,199;236;228;207;218;241;203;182;177;167;194;226;224;238;175;169;233;215;242;174;210;234;232;163;164;172;231;192;183;189;240;170;216;176;208;202;200;206;171;209;213;165;221;222;230;196;205;223;178;219;239;217;180;190;243;225;186;181;227;211;237;185;214;184;197;195;173;229;235;201;204;193;179;198;220;168,245;246;247;248;249;250;251;252;253;254;255;256;257;258;259;260;261;262;263;264,reject,0.009663078575894737,2236b1416846a69a05c0e7a0d7f1f38467f58a76d3178c69904be9192405407d,1,1,1,0,0,1,1,1,1,1,1,3,3,1,1,9,2,1,cycle-0165;cycle-0168;cycle-0171;cycle-0173;cycle-0178;cycle-0179;cycle-0180;cycle-0181;cycle-0184;cycle-0185;cycle-0186;cycle-0190;cycle-0193;cycle-0195;cycle-0196;cycle-0197;cycle-0198;cycle-0201;cycle-0204;cycle-0205;cycle-0209;cycle-0211;cycle-0213;cycle-0214;cycle-0217;cycle-0219;cycle-0220;cycle-0221;cycle-0222;cycle-0223;cycle-0225;cycle-0227;cycle-0229;cycle-0230;cycle-0235;cycle-0237;cycle-0239;cycle-0243,1,2301.736317,4478.103201
18,blocked,Krum,none,0,0,0,0,0.0009786741619736842,0.0017698625967,0.0009093328145263158,0,0,-0.0005025026212,844,66,1,0,0,0,0,0,0,0,0,0.5106837606837606,0.5122222222222222,0.5106837606837606,-0.0015384615384615996,0.0017698625967,106;98;28;1;53;18;88;50;70;109;34;100;43;48;102;27;45;66;4;8;23;89;75;12;7;19;3;35;16;24,112;113;114;115;116;117;118;119;120;121;122;123;124;125;126;127;128;150;151;152;153;154;155;156;157;158;159;160;161;162,199;236;228;207;218;241;203;182;177;167;194;226;224;238;175;169;233;215;242;174;210;234;232;163;164;172;231;192;183;189;240;170;216;176;208;202;200;206;171;209;213;165;221;222;230;196;205;223;178;219;239;217;180;190;243;225;186;181;227;211;237;185;214;184;197;195;173;229;235;201;204;193;179;198;220;168,245;246;247;248;249;250;251;252;253;254;255;256;257;258;259;260;261;262;263;264,reject,0.0009786741619736842,c4c05fe82a39b4b367260349cfbc2d8e444f0efe608f4931b38432cba63bd010,1,1,1,0,0,1,1,1,1,1,1,3,3,1,1,9,2,1,cycle-0165;cycle-0168;cycle-0171;cycle-0173;cycle-0178;cycle-0179;cycle-0180;cycle-0181;cycle-0184;cycle-0185;cycle-0186;cycle-0190;cycle-0193;cycle-0195;cycle-0196;cycle-0197;cycle-0198;cycle-0201;cycle-0204;cycle-0205;cycle-0209;cycle-0211;cycle-0213;cycle-0214;cycle-0217;cycle-0219;cycle-0220;cycle-0221;cycle-0222;cycle-0223;cycle-0225;cycle-0227;cycle-0229;cycle-0230;cycle-0235;cycle-0237;cycle-0239;cycle-0243,1,2218.651507,4447.649137
18,blocked,FLTrust,none,0,0,0,0,0.3701337247968158,0.39398188909505,0.37032937468855265,1,0,0.3785765769189333,844,66,0,0,0,1,1,0,0,0,0,0.5106837606837606,0.5,0.5106837606837606,0.010683760683760646,0.39398188909505,106;98;28;1;53;18;88;50;70;109;34;100;43;48;102;27;45;66;4;8;23;89;75;12;7;19;3;35;16;24,112;113;114;115;116;117;118;119;120;121;122;123;124;125;126;127;128;150;151;152;153;154;155;156;157;158;159;160;161;162,199;236;228;207;218;241;203;182;177;167;194;226;224;238;175;169;233;215;242;174;210;234;232;163;164;172;231;192;183;189;240;170;216;176;208;202;200;206;171;209;213;165;221;222;230;196;205;223;178;219;239;217;180;190;243;225;186;181;227;211;237;185;214;184;197;195;173;229;235;201;204;193;179;198;220;168,245;246;247;248;249;250;251;252;253;254;255;256;257;258;259;260;261;262;263;264,reject,0.3701337247968158,4e38d22afb0b021a0954ed227c931973333f4dfb44da46b8e5ea2d860a78c945,1,1,1,0,0,1,1,1,1,1,1,3,3,1,1,9,2,0,cycle-0163;cycle-0164;cycle-0167;cycle-0169;cycle-0170;cycle-0172;cycle-0174;cycle-0175;cycle-0176;cycle-0177;cycle-0182;cycle-0183;cycle-0189;cycle-0192;cycle-0194;cycle-0199;cycle-0200;cycle-0202;cycle-0203;cycle-0206;cycle-0207;cycle-0208;cycle-0210;cycle-0215;cycle-0216;cycle-0218;cycle-0224;cycle-0226;cycle-0228;cycle-0231;cycle-0232;cycle-0233;cycle-0234;cycle-0236;cycle-0238;cycle-0240;cycle-0241;cycle-0242,1,2523.587008,4810.93682
18,blocked,FedVal,none,0,0,0,0,0.03838589276728947,0.0416011080291,0.03833953033530263,0,0,0.039614492181433335,844,66,0,0,0,0,0,0,0,0,0,0.5106837606837606,0.5460683760683761,0.5106837606837606,-0.03538461538461546,0.0416011080291,106;98;28;1;53;18;88;50;70;109;34;100;43;48;102;27;45;66;4;8;23;89;75;12;7;19;3;35;16;24,112;113;114;115;116;117;118;119;120;121;122;123;124;125;126;127;128;150;151;152;153;154;155;156;157;158;159;160;161;162,199;236;228;207;218;241;203;182;177;167;194;226;224;238;175;169;233;215;242;174;210;234;232;163;164;172;231;192;183;189;240;170;216;176;208;202;200;206;171;209;213;165;221;222;230;196;205;223;178;219;239;217;180;190;243;225;186;181;227;211;237;185;214;184;197;195;173;229;235;201;204;193;179;198;220;168,245;246;247;248;249;250;251;252;253;254;255;256;257;258;259;260;261;262;263;264,reject,0.03838589276728947,7e3e0c57c81daac2fcf0fc36e3a710b1ab39f3c3aa749d8c2df91db78978f827,1,1,1,0,0,1,1,1,1,1,1,3,3,1,1,9,2,1,cycle-0165;cycle-0168;cycle-0171;cycle-0173;cycle-0178;cycle-0179;cycle-0180;cycle-0181;cycle-0184;cycle-0185;cycle-0186;cycle-0190;cycle-0193;cycle-0195;cycle-0196;cycle-0197;cycle-0198;cycle-0201;cycle-0204;cycle-0205;cycle-0209;cycle-0211;cycle-0213;cycle-0214;cycle-0217;cycle-0219;cycle-0220;cycle-0221;cycle-0222;cycle-0223;cycle-0225;cycle-0227;cycle-0229;cycle-0230;cycle-0235;cycle-0237;cycle-0239;cycle-0243,1,2180.274997,4337.150941
18,blocked,FLShield,none,0,0,0,1,-0.0906027208435,-0.0978460404924,-0.09093165747625,0,0,-0.1006038488451,844,66,1,0,0,0,0,0,0,1,0,0.5106837606837606,0.5,0.5,0.0,0.0,106;98;28;1;53;18;88;50;70;109;34;100;43;48;102;27;45;66;4;8;23;89;75;12;7;19;3;35;16;24,112;113;114;115;116;117;118;119;120;121;122;123;124;125;126;127;128;150;151;152;153;154;155;156;157;158;159;160;161;162,199;236;228;207;218;241;203;182;177;167;194;226;224;238;175;169;233;215;242;174;210;234;232;163;164;172;231;192;183;189;240;170;216;176;208;202;200;206;171;209;213;165;221;222;230;196;205;223;178;219;239;217;180;190;243;225;186;181;227;211;237;185;214;184;197;195;173;229;235;201;204;193;179;198;220;168,245;246;247;248;249;250;251;252;253;254;255;256;257;258;259;260;261;262;263;264,commit,-0.0906027208435,69db83f04ec71e86dbc44517132240958e263071314737b63cbd8a71a8f573ef,1,1,1,1,1,1,1,1,1,1,1,3,3,1,1,9,2,0,cycle-0163;cycle-0164;cycle-0167;cycle-0169;cycle-0170;cycle-0172;cycle-0174;cycle-0175;cycle-0176;cycle-0177;cycle-0182;cycle-0183;cycle-0189;cycle-0192;cycle-0194;cycle-0199;cycle-0200;cycle-0202;cycle-0203;cycle-0206;cycle-0207;cycle-0208;cycle-0210;cycle-0215;cycle-0216;cycle-0218;cycle-0224;cycle-0226;cycle-0228;cycle-0231;cycle-0232;cycle-0233;cycle-0234;cycle-0236;cycle-0238;cycle-0240;cycle-0241;cycle-0242,1,2374.466344,4718.49807
18,blocked,FoundationFL,none,0,0,0,1,-0.03175384962915789,-0.03335364529735,-0.03167058587,0,0,-0.034095906812266666,844,66,1,0,0,0,0,0,0,1,0,0.5106837606837606,0.5,0.5,0.0,0.0,106;98;28;1;53;18;88;50;70;109;34;100;43;48;102;27;45;66;4;8;23;89;75;12;7;19;3;35;16;24,112;113;114;115;116;117;118;119;120;121;122;123;124;125;126;127;128;150;151;152;153;154;155;156;157;158;159;160;161;162,199;236;228;207;218;241;203;182;177;167;194;226;224;238;175;169;233;215;242;174;210;234;232;163;164;172;231;192;183;189;240;170;216;176;208;202;200;206;171;209;213;165;221;222;230;196;205;223;178;219;239;217;180;190;243;225;186;181;227;211;237;185;214;184;197;195;173;229;235;201;204;193;179;198;220;168,245;246;247;248;249;250;251;252;253;254;255;256;257;258;259;260;261;262;263;264,commit,-0.03175384962915789,9fe24c33f0da1c7b33c526ea0ebf0d6e6715fe9f3758c86be5e7fb378906f346,1,1,1,1,1,1,1,1,1,1,1,3,3,1,1,9,2,1,cycle-0165;cycle-0168;cycle-0171;cycle-0173;cycle-0178;cycle-0179;cycle-0180;cycle-0181;cycle-0184;cycle-0185;cycle-0186;cycle-0190;cycle-0193;cycle-0195;cycle-0196;cycle-0197;cycle-0198;cycle-0201;cycle-0204;cycle-0205;cycle-0209;cycle-0211;cycle-0213;cycle-0214;cycle-0217;cycle-0219;cycle-0220;cycle-0221;cycle-0222;cycle-0223;cycle-0225;cycle-0227;cycle-0229;cycle-0230;cycle-0235;cycle-0237;cycle-0239;cycle-0243,1,2295.969275,4454.624093
18,blocked,FedAvg,sign_flip,0,0,0,0,0.029321069089210526,0.03168011733475,0.029265021567342106,0,0,0.031143004906233333,844,66,0,0,0,0,0,0,0,0,0,0.5106837606837606,0.5511965811965812,0.5106837606837606,-0.04051282051282057,0.03168011733475,106;98;28;1;53;18;88;50;70;109;34;100;43;48;102;27;45;66;4;8;23;89;75;12;7;19;3;35;16;24,112;113;114;115;116;117;118;119;120;121;122;123;124;125;126;127;128;150;151;152;153;154;155;156;157;158;159;160;161;162,199;236;228;207;218;241;203;182;177;167;194;226;224;238;175;169;233;215;242;174;210;234;232;163;164;172;231;192;183;189;240;170;216;176;208;202;200;206;171;209;213;165;221;222;230;196;205;223;178;219;239;217;180;190;243;225;186;181;227;211;237;185;214;184;197;195;173;229;235;201;204;193;179;198;220;168,245;246;247;248;249;250;251;252;253;254;255;256;257;258;259;260;261;262;263;264,reject,0.029321069089210526,0323a9ec8367563568cca6495dfb2c0fb77ef7da0ff6aec2f091fbaf0b909e0e,1,1,1,0,0,1,1,1,1,1,1,3,3,1,1,9,2,1,cycle-0165;cycle-0168;cycle-0171;cycle-0173;cycle-0178;cycle-0179;cycle-0180;cycle-0181;cycle-0184;cycle-0185;cycle-0186;cycle-0190;cycle-0193;cycle-0195;cycle-0196;cycle-0197;cycle-0198;cycle-0201;cycle-0204;cycle-0205;cycle-0209;cycle-0211;cycle-0213;cycle-0214;cycle-0217;cycle-0219;cycle-0220;cycle-0221;cycle-0222;cycle-0223;cycle-0225;cycle-0227;cycle-0229;cycle-0230;cycle-0235;cycle-0237;cycle-0239;cycle-0243,1,2178.80844,4317.673238
18,blocked,CoordinateMedian,sign_flip,0,0,0,0,0.048517111692105264,0.0528251836112,0.048525958182236845,0,0,0.0496419419088,844,66,0,0,0,1,0,0,0,0,0,0.5106837606837606,0.5801709401709402,0.5106837606837606,-0.06948717948717953,0.0528251836112,106;98;28;1;53;18;88;50;70;109;34;100;43;48;102;27;45;66;4;8;23;89;75;12;7;19;3;35;16;24,112;113;114;115;116;117;118;119;120;121;122;123;124;125;126;127;128;150;151;152;153;154;155;156;157;158;159;160;161;162,199;236;228;207;218;241;203;182;177;167;194;226;224;238;175;169;233;215;242;174;210;234;232;163;164;172;231;192;183;189;240;170;216;176;208;202;200;206;171;209;213;165;221;222;230;196;205;223;178;219;239;217;180;190;243;225;186;181;227;211;237;185;214;184;197;195;173;229;235;201;204;193;179;198;220;168,245;246;247;248;249;250;251;252;253;254;255;256;257;258;259;260;261;262;263;264,reject,0.048517111692105264,e3a9e8f4b410a59048a0872f4d50b19b10d602d26f5ea3a3e09581bf46f0b495,1,1,1,0,0,1,1,1,1,1,1,3,3,1,1,9,2,0,cycle-0163;cycle-0164;cycle-0167;cycle-0169;cycle-0170;cycle-0172;cycle-0174;cycle-0175;cycle-0176;cycle-0177;cycle-0182;cycle-0183;cycle-0189;cycle-0192;cycle-0194;cycle-0199;cycle-0200;cycle-0202;cycle-0203;cycle-0206;cycle-0207;cycle-0208;cycle-0210;cycle-0215;cycle-0216;cycle-0218;cycle-0224;cycle-0226;cycle-0228;cycle-0231;cycle-0232;cycle-0233;cycle-0234;cycle-0236;cycle-0238;cycle-0240;cycle-0241;cycle-0242,1,2265.912247,4603.025535
18,blocked,Krum,sign_flip,0,0,0,1,-0.007389191101657895,-0.00714691041295,-0.007399002810236842,0,0,-0.008829923559633333,844,66,1,0,0,0,0,0,0,1,0,0.5106837606837606,0.49538461538461537,0.49538461538461537,0.0,0.0,106;98;28;1;53;18;88;50;70;109;34;100;43;48;102;27;45;66;4;8;23;89;75;12;7;19;3;35;16;24,112;113;114;115;116;117;118;119;120;121;122;123;124;125;126;127;128;150;151;152;153;154;155;156;157;158;159;160;161;162,199;236;228;207;218;241;203;182;177;167;194;226;224;238;175;169;233;215;242;174;210;234;232;163;164;172;231;192;183;189;240;170;216;176;208;202;200;206;171;209;213;165;221;222;230;196;205;223;178;219;239;217;180;190;243;225;186;181;227;211;237;185;214;184;197;195;173;229;235;201;204;193;179;198;220;168,245;246;247;248;249;250;251;252;253;254;255;256;257;258;259;260;261;262;263;264,commit,-0.007389191101657895,d5fd3e5b0d22457f1551238f3a2ceec7042467977b9295a20328adbfe3012806,1,1,1,1,1,1,1,1,1,1,1,3,3,1,1,9,2,1,cycle-0165;cycle-0168;cycle-0171;cycle-0173;cycle-0178;cycle-0179;cycle-0180;cycle-0181;cycle-0184;cycle-0185;cycle-0186;cycle-0190;cycle-0193;cycle-0195;cycle-0196;cycle-0197;cycle-0198;cycle-0201;cycle-0204;cycle-0205;cycle-0209;cycle-0211;cycle-0213;cycle-0214;cycle-0217;cycle-0219;cycle-0220;cycle-0221;cycle-0222;cycle-0223;cycle-0225;cycle-0227;cycle-0229;cycle-0230;cycle-0235;cycle-0237;cycle-0239;cycle-0243,1,2264.194182,4417.48149
18,blocked,FLTrust,sign_flip,0,0,0,0,0.3787190302093158,0.4027605834536,0.37894726574006576,1,0,0.3879673525942,844,66,0,0,0,1,1,0,0,0,0,0.5106837606837606,0.5,0.5106837606837606,0.010683760683760646,0.4027605834536,106;98;28;1;53;18;88;50;70;109;34;100;43;48;102;27;45;66;4;8;23;89;75;12;7;19;3;35;16;24,112;113;114;115;116;117;118;119;120;121;122;123;124;125;126;127;128;150;151;152;153;154;155;156;157;158;159;160;161;162,199;236;228;207;218;241;203;182;177;167;194;226;224;238;175;169;233;215;242;174;210;234;232;163;164;172;231;192;183;189;240;170;216;176;208;202;200;206;171;209;213;165;221;222;230;196;205;223;178;219;239;217;180;190;243;225;186;181;227;211;237;185;214;184;197;195;173;229;235;201;204;193;179;198;220;168,245;246;247;248;249;250;251;252;253;254;255;256;257;258;259;260;261;262;263;264,reject,0.3787190302093158,f4a3efe92eb48303cda25f7f76c2fb02c5ff42f6a4e1c4e00711d2314f8a12f7,1,1,1,0,0,1,1,1,1,1,1,3,3,1,1,9,2,0,cycle-0163;cycle-0164;cycle-0167;cycle-0169;cycle-0170;cycle-0172;cycle-0174;cycle-0175;cycle-0176;cycle-0177;cycle-0182;cycle-0183;cycle-0189;cycle-0192;cycle-0194;cycle-0199;cycle-0200;cycle-0202;cycle-0203;cycle-0206;cycle-0207;cycle-0208;cycle-0210;cycle-0215;cycle-0216;cycle-0218;cycle-0224;cycle-0226;cycle-0228;cycle-0231;cycle-0232;cycle-0233;cycle-0234;cycle-0236;cycle-0238;cycle-0240;cycle-0241;cycle-0242,1,2456.921025,4715.760145
18,blocked,FedVal,sign_flip,0,0,0,0,0.03748045508734211,0.04066290103605,0.03743967082382895,0,0,0.039454452538766664,844,66,0,0,0,0,0,0,0,0,0,0.5106837606837606,0.5364957264957264,0.5106837606837606,-0.025811965811965765,0.04066290103605,106;98;28;1;53;18;88;50;70;109;34;100;43;48;102;27;45;66;4;8;23;89;75;12;7;19;3;35;16;24,112;113;114;115;116;117;118;119;120;121;122;123;124;125;126;127;128;150;151;152;153;154;155;156;157;158;159;160;161;162,199;236;228;207;218;241;203;182;177;167;194;226;224;238;175;169;233;215;242;174;210;234;232;163;164;172;231;192;183;189;240;170;216;176;208;202;200;206;171;209;213;165;221;222;230;196;205;223;178;219;239;217;180;190;243;225;186;181;227;211;237;185;214;184;197;195;173;229;235;201;204;193;179;198;220;168,245;246;247;248;249;250;251;252;253;254;255;256;257;258;259;260;261;262;263;264,reject,0.03748045508734211,a53cd67e93bd43058963148faf487f490b0fc5fa85b9180ad513674cff8a35b6,1,1,1,0,0,1,1,1,1,1,1,3,3,1,1,9,2,1,cycle-0165;cycle-0168;cycle-0171;cycle-0173;cycle-0178;cycle-0179;cycle-0180;cycle-0181;cycle-0184;cycle-0185;cycle-0186;cycle-0190;cycle-0193;cycle-0195;cycle-0196;cycle-0197;cycle-0198;cycle-0201;cycle-0204;cycle-0205;cycle-0209;cycle-0211;cycle-0213;cycle-0214;cycle-0217;cycle-0219;cycle-0220;cycle-0221;cycle-0222;cycle-0223;cycle-0225;cycle-0227;cycle-0229;cycle-0230;cycle-0235;cycle-0237;cycle-0239;cycle-0243,1,2196.199342,4462.757626
18,blocked,FLShield,sign_flip,0,0,0,0,0.0037402949376842106,0.0042775847472,0.0037201204866842107,0,0,0.0041077681521,844,66,0,0,0,0,0,0,0,0,0,0.5106837606837606,0.5068376068376068,0.5106837606837606,0.0038461538461538325,0.0042775847472,106;98;28;1;53;18;88;50;70;109;34;100;43;48;102;27;45;66;4;8;23;89;75;12;7;19;3;35;16;24,112;113;114;115;116;117;118;119;120;121;122;123;124;125;126;127;128;150;151;152;153;154;155;156;157;158;159;160;161;162,199;236;228;207;218;241;203;182;177;167;194;226;224;238;175;169;233;215;242;174;210;234;232;163;164;172;231;192;183;189;240;170;216;176;208;202;200;206;171;209;213;165;221;222;230;196;205;223;178;219;239;217;180;190;243;225;186;181;227;211;237;185;214;184;197;195;173;229;235;201;204;193;179;198;220;168,245;246;247;248;249;250;251;252;253;254;255;256;257;258;259;260;261;262;263;264,reject,0.0037402949376842106,c7f8a314f4037c6136f9b5df0a940d47c0eab4f043e9374d0f45dc0e97d7f2a9,1,1,1,0,0,1,1,1,1,1,1,3,3,1,1,9,2,1,cycle-0165;cycle-0168;cycle-0171;cycle-0173;cycle-0178;cycle-0179;cycle-0180;cycle-0181;cycle-0184;cycle-0185;cycle-0186;cycle-0190;cycle-0193;cycle-0195;cycle-0196;cycle-0197;cycle-0198;cycle-0201;cycle-0204;cycle-0205;cycle-0209;cycle-0211;cycle-0213;cycle-0214;cycle-0217;cycle-0219;cycle-0220;cycle-0221;cycle-0222;cycle-0223;cycle-0225;cycle-0227;cycle-0229;cycle-0230;cycle-0235;cycle-0237;cycle-0239;cycle-0243,1,2233.005967,4389.119752
18,blocked,FoundationFL,sign_flip,0,0,0,0,0.011972511180157895,0.0108696325053,0.01186857078093421,0,0,0.0163965988717,844,66,0,0,0,0,0,0,0,0,0,0.5106837606837606,0.515982905982906,0.5106837606837606,-0.005299145299145325,0.0108696325053,106;98;28;1;53;18;88;50;70;109;34;100;43;48;102;27;45;66;4;8;23;89;75;12;7;19;3;35;16;24,112;113;114;115;116;117;118;119;120;121;122;123;124;125;126;127;128;150;151;152;153;154;155;156;157;158;159;160;161;162,199;236;228;207;218;241;203;182;177;167;194;226;224;238;175;169;233;215;242;174;210;234;232;163;164;172;231;192;183;189;240;170;216;176;208;202;200;206;171;209;213;165;221;222;230;196;205;223;178;219;239;217;180;190;243;225;186;181;227;211;237;185;214;184;197;195;173;229;235;201;204;193;179;198;220;168,245;246;247;248;249;250;251;252;253;254;255;256;257;258;259;260;261;262;263;264,reject,0.011972511180157895,ddd5cc2d33f69a906c936229789036c86c64409cb77595b34bda42aeed8a4054,1,1,1,0,0,1,1,1,1,1,1,3,3,1,1,9,2,0,cycle-0163;cycle-0164;cycle-0167;cycle-0169;cycle-0170;cycle-0172;cycle-0174;cycle-0175;cycle-0176;cycle-0177;cycle-0182;cycle-0183;cycle-0189;cycle-0192;cycle-0194;cycle-0199;cycle-0200;cycle-0202;cycle-0203;cycle-0206;cycle-0207;cycle-0208;cycle-0210;cycle-0215;cycle-0216;cycle-0218;cycle-0224;cycle-0226;cycle-0228;cycle-0231;cycle-0232;cycle-0233;cycle-0234;cycle-0236;cycle-0238;cycle-0240;cycle-0241;cycle-0242,1,2418.152023,4625.791207
18,blocked,FedAvg,model_replacement,0,0,0,0,0.008854294660710527,0.0057007685177,0.008338388778578947,0,0,0.024995106867733333,844,66,0,0,0,0,0,0,0,0,0,0.5106837606837606,0.47299145299145295,0.5106837606837606,0.03769230769230769,0.0057007685177,106;98;28;1;53;18;88;50;70;109;34;100;43;48;102;27;45;66;4;8;23;89;75;12;7;19;3;35;16;24,112;113;114;115;116;117;118;119;120;121;122;123;124;125;126;127;128;150;151;152;153;154;155;156;157;158;159;160;161;162,199;236;228;207;218;241;203;182;177;167;194;226;224;238;175;169;233;215;242;174;210;234;232;163;164;172;231;192;183;189;240;170;216;176;208;202;200;206;171;209;213;165;221;222;230;196;205;223;178;219;239;217;180;190;243;225;186;181;227;211;237;185;214;184;197;195;173;229;235;201;204;193;179;198;220;168,245;246;247;248;249;250;251;252;253;254;255;256;257;258;259;260;261;262;263;264,reject,0.008854294660710527,ad87f067da4f98a709ca3a663eaa5006afa6074a12b82f664827863a3c5038ca,1,1,1,0,0,1,1,1,1,1,1,3,3,1,1,9,2,1,cycle-0165;cycle-0168;cycle-0171;cycle-0173;cycle-0178;cycle-0179;cycle-0180;cycle-0181;cycle-0184;cycle-0185;cycle-0186;cycle-0190;cycle-0193;cycle-0195;cycle-0196;cycle-0197;cycle-0198;cycle-0201;cycle-0204;cycle-0205;cycle-0209;cycle-0211;cycle-0213;cycle-0214;cycle-0217;cycle-0219;cycle-0220;cycle-0221;cycle-0222;cycle-0223;cycle-0225;cycle-0227;cycle-0229;cycle-0230;cycle-0235;cycle-0237;cycle-0239;cycle-0243,1,2181.625518,4549.07531
18,blocked,CoordinateMedian,model_replacement,0,0,0,1,-0.07005375963121052,-0.07551427791615,-0.07024861166885527,0,0,-0.07649446317066666,844,66,1,0,0,0,0,0,0,1,0,0.5106837606837606,0.5,0.5,0.0,0.0,106;98;28;1;53;18;88;50;70;109;34;100;43;48;102;27;45;66;4;8;23;89;75;12;7;19;3;35;16;24,112;113;114;115;116;117;118;119;120;121;122;123;124;125;126;127;128;150;151;152;153;154;155;156;157;158;159;160;161;162,199;236;228;207;218;241;203;182;177;167;194;226;224;238;175;169;233;215;242;174;210;234;232;163;164;172;231;192;183;189;240;170;216;176;208;202;200;206;171;209;213;165;221;222;230;196;205;223;178;219;239;217;180;190;243;225;186;181;227;211;237;185;214;184;197;195;173;229;235;201;204;193;179;198;220;168,245;246;247;248;249;250;251;252;253;254;255;256;257;258;259;260;261;262;263;264,commit,-0.07005375963121052,69e2a4cc5fde1be2cd5c1543f16e6078b87fe98789772d8fab1116114ac1b56f,1,1,1,1,1,1,1,1,1,1,1,3,3,1,1,9,2,0,cycle-0163;cycle-0164;cycle-0167;cycle-0169;cycle-0170;cycle-0172;cycle-0174;cycle-0175;cycle-0176;cycle-0177;cycle-0182;cycle-0183;cycle-0189;cycle-0192;cycle-0194;cycle-0199;cycle-0200;cycle-0202;cycle-0203;cycle-0206;cycle-0207;cycle-0208;cycle-0210;cycle-0215;cycle-0216;cycle-0218;cycle-0224;cycle-0226;cycle-0228;cycle-0231;cycle-0232;cycle-0233;cycle-0234;cycle-0236;cycle-0238;cycle-0240;cycle-0241;cycle-0242,1,2412.340071,4665.578055
18,blocked,Krum,model_replacement,0,0,0,0,0.0009786741619736842,0.0017698625967,0.0009093328145263158,0,0,-0.0005025026212,844,66,1,0,0,0,0,0,0,0,0,0.5106837606837606,0.5122222222222222,0.5106837606837606,-0.0015384615384615996,0.0017698625967,106;98;28;1;53;18;88;50;70;109;34;100;43;48;102;27;45;66;4;8;23;89;75;12;7;19;3;35;16;24,112;113;114;115;116;117;118;119;120;121;122;123;124;125;126;127;128;150;151;152;153;154;155;156;157;158;159;160;161;162,199;236;228;207;218;241;203;182;177;167;194;226;224;238;175;169;233;215;242;174;210;234;232;163;164;172;231;192;183;189;240;170;216;176;208;202;200;206;171;209;213;165;221;222;230;196;205;223;178;219;239;217;180;190;243;225;186;181;227;211;237;185;214;184;197;195;173;229;235;201;204;193;179;198;220;168,245;246;247;248;249;250;251;252;253;254;255;256;257;258;259;260;261;262;263;264,reject,0.0009786741619736842,a3b74fb440ef0359a38757c2c1fa40a71c4dcf9a6639cec9d9f5292f6fcf72d4,1,1,1,0,0,1,1,1,1,1,1,3,3,1,1,9,2,1,cycle-0165;cycle-0168;cycle-0171;cycle-0173;cycle-0178;cycle-0179;cycle-0180;cycle-0181;cycle-0184;cycle-0185;cycle-0186;cycle-0190;cycle-0193;cycle-0195;cycle-0196;cycle-0197;cycle-0198;cycle-0201;cycle-0204;cycle-0205;cycle-0209;cycle-0211;cycle-0213;cycle-0214;cycle-0217;cycle-0219;cycle-0220;cycle-0221;cycle-0222;cycle-0223;cycle-0225;cycle-0227;cycle-0229;cycle-0230;cycle-0235;cycle-0237;cycle-0239;cycle-0243,1,2219.919355,4417.933007
18,blocked,FLTrust,model_replacement,0,0,0,0,0.3686417481030526,0.3919488573079,0.3684994701766316,1,0,0.37619159571526667,844,66,0,0,0,1,1,0,0,0,0,0.5106837606837606,0.5,0.5106837606837606,0.010683760683760646,0.3919488573079,106;98;28;1;53;18;88;50;70;109;34;100;43;48;102;27;45;66;4;8;23;89;75;12;7;19;3;35;16;24,112;113;114;115;116;117;118;119;120;121;122;123;124;125;126;127;128;150;151;152;153;154;155;156;157;158;159;160;161;162,199;236;228;207;218;241;203;182;177;167;194;226;224;238;175;169;233;215;242;174;210;234;232;163;164;172;231;192;183;189;240;170;216;176;208;202;200;206;171;209;213;165;221;222;230;196;205;223;178;219;239;217;180;190;243;225;186;181;227;211;237;185;214;184;197;195;173;229;235;201;204;193;179;198;220;168,245;246;247;248;249;250;251;252;253;254;255;256;257;258;259;260;261;262;263;264,reject,0.3686417481030526,e297f251d8f6be584b37fe5b217abb0cbc73fa80f1fe93bd0c390981f9d48f9e,1,1,1,0,0,1,1,1,1,1,1,3,3,1,1,9,2,1,cycle-0165;cycle-0168;cycle-0171;cycle-0173;cycle-0178;cycle-0179;cycle-0180;cycle-0181;cycle-0184;cycle-0185;cycle-0186;cycle-0190;cycle-0193;cycle-0195;cycle-0196;cycle-0197;cycle-0198;cycle-0201;cycle-0204;cycle-0205;cycle-0209;cycle-0211;cycle-0213;cycle-0214;cycle-0217;cycle-0219;cycle-0220;cycle-0221;cycle-0222;cycle-0223;cycle-0225;cycle-0227;cycle-0229;cycle-0230;cycle-0235;cycle-0237;cycle-0239;cycle-0243,1,2222.998777,4459.88053
18,blocked,FedVal,model_replacement,0,0,0,0,0.03974415925481579,0.04088116151065,0.03998983090128947,0,0,0.0513116725211,844,66,0,0,0,0,0,0,0,0,0,0.5106837606837606,0.4818803418803419,0.5106837606837606,0.028803418803418745,0.04088116151065,106;98;28;1;53;18;88;50;70;109;34;100;43;48;102;27;45;66;4;8;23;89;75;12;7;19;3;35;16;24,112;113;114;115;116;117;118;119;120;121;122;123;124;125;126;127;128;150;151;152;153;154;155;156;157;158;159;160;161;162,199;236;228;207;218;241;203;182;177;167;194;226;224;238;175;169;233;215;242;174;210;234;232;163;164;172;231;192;183;189;240;170;216;176;208;202;200;206;171;209;213;165;221;222;230;196;205;223;178;219;239;217;180;190;243;225;186;181;227;211;237;185;214;184;197;195;173;229;235;201;204;193;179;198;220;168,245;246;247;248;249;250;251;252;253;254;255;256;257;258;259;260;261;262;263;264,reject,0.03974415925481579,7b2d079d7ea4e70ba93f21fb974cf20713a8904a50d5f401be71e7e07961afa3,1,1,1,0,0,1,1,1,1,1,1,3,3,1,1,9,2,0,cycle-0163;cycle-0164;cycle-0167;cycle-0169;cycle-0170;cycle-0172;cycle-0174;cycle-0175;cycle-0176;cycle-0177;cycle-0182;cycle-0183;cycle-0189;cycle-0192;cycle-0194;cycle-0199;cycle-0200;cycle-0202;cycle-0203;cycle-0206;cycle-0207;cycle-0208;cycle-0210;cycle-0215;cycle-0216;cycle-0218;cycle-0224;cycle-0226;cycle-0228;cycle-0231;cycle-0232;cycle-0233;cycle-0234;cycle-0236;cycle-0238;cycle-0240;cycle-0241;cycle-0242,1,2378.264583,4565.557569
18,blocked,FLShield,model_replacement,0,0,0,1,-0.0129560305995,-0.0136178629787,-0.012935667727460525,0,0,-0.013939292471566667,844,66,1,0,0,0,0,0,0,1,0,0.5106837606837606,0.49615384615384617,0.49615384615384617,0.0,0.0,106;98;28;1;53;18;88;50;70;109;34;100;43;48;102;27;45;66;4;8;23;89;75;12;7;19;3;35;16;24,112;113;114;115;116;117;118;119;120;121;122;123;124;125;126;127;128;150;151;152;153;154;155;156;157;158;159;160;161;162,199;236;228;207;218;241;203;182;177;167;194;226;224;238;175;169;233;215;242;174;210;234;232;163;164;172;231;192;183;189;240;170;216;176;208;202;200;206;171;209;213;165;221;222;230;196;205;223;178;219;239;217;180;190;243;225;186;181;227;211;237;185;214;184;197;195;173;229;235;201;204;193;179;198;220;168,245;246;247;248;249;250;251;252;253;254;255;256;257;258;259;260;261;262;263;264,commit,-0.0129560305995,ed5d30bb602303a336c0dbefca956b3dae93178370bf5a07d8daaa8fd25beb21,1,1,1,1,1,1,1,1,1,1,1,3,3,1,1,9,2,1,cycle-0165;cycle-0168;cycle-0171;cycle-0173;cycle-0178;cycle-0179;cycle-0180;cycle-0181;cycle-0184;cycle-0185;cycle-0186;cycle-0190;cycle-0193;cycle-0195;cycle-0196;cycle-0197;cycle-0198;cycle-0201;cycle-0204;cycle-0205;cycle-0209;cycle-0211;cycle-0213;cycle-0214;cycle-0217;cycle-0219;cycle-0220;cycle-0221;cycle-0222;cycle-0223;cycle-0225;cycle-0227;cycle-0229;cycle-0230;cycle-0235;cycle-0237;cycle-0239;cycle-0243,1,2257.828094,4509.059929
18,blocked,FoundationFL,model_replacement,0,0,0,1,-0.08659895503863158,-0.09370910166185,-0.0862074545930921,0,0,-0.0933228978884,844,66,1,0,0,0,0,0,0,1,0,0.5106837606837606,0.49837606837606835,0.49837606837606835,0.0,0.0,106;98;28;1;53;18;88;50;70;109;34;100;43;48;102;27;45;66;4;8;23;89;75;12;7;19;3;35;16;24,112;113;114;115;116;117;118;119;120;121;122;123;124;125;126;127;128;150;151;152;153;154;155;156;157;158;159;160;161;162,199;236;228;207;218;241;203;182;177;167;194;226;224;238;175;169;233;215;242;174;210;234;232;163;164;172;231;192;183;189;240;170;216;176;208;202;200;206;171;209;213;165;221;222;230;196;205;223;178;219;239;217;180;190;243;225;186;181;227;211;237;185;214;184;197;195;173;229;235;201;204;193;179;198;220;168,245;246;247;248;249;250;251;252;253;254;255;256;257;258;259;260;261;262;263;264,commit,-0.08659895503863158,3d305f446f79832f25ffb6ade08a1f5f0d523dc08ef50b94019f3f70955388a4,1,1,1,1,1,1,1,1,1,1,1,3,3,1,1,9,2,0,cycle-0163;cycle-0164;cycle-0167;cycle-0169;cycle-0170;cycle-0172;cycle-0174;cycle-0175;cycle-0176;cycle-0177;cycle-0182;cycle-0183;cycle-0189;cycle-0192;cycle-0194;cycle-0199;cycle-0200;cycle-0202;cycle-0203;cycle-0206;cycle-0207;cycle-0208;cycle-0210;cycle-0215;cycle-0216;cycle-0218;cycle-0224;cycle-0226;cycle-0228;cycle-0231;cycle-0232;cycle-0233;cycle-0234;cycle-0236;cycle-0238;cycle-0240;cycle-0241;cycle-0242,1,2390.379942,4758.452282
18,blocked,FedAvg,score_aware,64,16,1,1,-0.10950903372492106,-0.12391362905225,-0.11071754642876316,0,0,-0.1416142707808,844,66,1,0,0,0,0,0,0,1,0,0.5106837606837606,0.5,0.5,0.0,0.0,106;98;28;1;53;18;88;50;70;109;34;100;43;48;102;27;45;66;4;8;23;89;75;12;7;19;3;35;16;24,112;113;114;115;116;117;118;119;120;121;122;123;124;125;126;127;128;150;151;152;153;154;155;156;157;158;159;160;161;162,199;236;228;207;218;241;203;182;177;167;194;226;224;238;175;169;233;215;242;174;210;234;232;163;164;172;231;192;183;189;240;170;216;176;208;202;200;206;171;209;213;165;221;222;230;196;205;223;178;219;239;217;180;190;243;225;186;181;227;211;237;185;214;184;197;195;173;229;235;201;204;193;179;198;220;168,245;246;247;248;249;250;251;252;253;254;255;256;257;258;259;260;261;262;263;264,commit,-0.10950903372492106,4d375107e7e0fa840d1702dcb1a396a097cfeda6488c83ca20f8555a5cec8013,1,1,1,1,1,1,1,1,1,1,1,3,3,1,1,9,2,0,cycle-0163;cycle-0164;cycle-0167;cycle-0169;cycle-0170;cycle-0172;cycle-0174;cycle-0175;cycle-0176;cycle-0177;cycle-0182;cycle-0183;cycle-0189;cycle-0192;cycle-0194;cycle-0199;cycle-0200;cycle-0202;cycle-0203;cycle-0206;cycle-0207;cycle-0208;cycle-0210;cycle-0215;cycle-0216;cycle-0218;cycle-0224;cycle-0226;cycle-0228;cycle-0231;cycle-0232;cycle-0233;cycle-0234;cycle-0236;cycle-0238;cycle-0240;cycle-0241;cycle-0242,1,2445.514172,4749.968025
18,blocked,FLTrust,score_aware,64,57,0,0,0.32088520734355264,0.34167030281255,0.32102958017905264,0,0,0.329318085665,844,66,0,0,0,1,0,0,0,0,0,0.5106837606837606,0.5007692307692307,0.5106837606837606,0.009914529914529902,0.34167030281255,106;98;28;1;53;18;88;50;70;109;34;100;43;48;102;27;45;66;4;8;23;89;75;12;7;19;3;35;16;24,112;113;114;115;116;117;118;119;120;121;122;123;124;125;126;127;128;150;151;152;153;154;155;156;157;158;159;160;161;162,199;236;228;207;218;241;203;182;177;167;194;226;224;238;175;169;233;215;242;174;210;234;232;163;164;172;231;192;183;189;240;170;216;176;208;202;200;206;171;209;213;165;221;222;230;196;205;223;178;219;239;217;180;190;243;225;186;181;227;211;237;185;214;184;197;195;173;229;235;201;204;193;179;198;220;168,245;246;247;248;249;250;251;252;253;254;255;256;257;258;259;260;261;262;263;264,reject,0.32088520734355264,d7e15ee4b54bd298f238157adce29ea9515fd0b73d72d5a2d71807572fdc290c,1,1,1,0,0,1,1,1,1,1,1,3,3,1,1,9,2,0,cycle-0163;cycle-0164;cycle-0167;cycle-0169;cycle-0170;cycle-0172;cycle-0174;cycle-0175;cycle-0176;cycle-0177;cycle-0182;cycle-0183;cycle-0189;cycle-0192;cycle-0194;cycle-0199;cycle-0200;cycle-0202;cycle-0203;cycle-0206;cycle-0207;cycle-0208;cycle-0210;cycle-0215;cycle-0216;cycle-0218;cycle-0224;cycle-0226;cycle-0228;cycle-0231;cycle-0232;cycle-0233;cycle-0234;cycle-0236;cycle-0238;cycle-0240;cycle-0241;cycle-0242,1,2398.313649,4756.215756
18,blocked,FoundationFL,score_aware,64,9,1,1,-0.09963970623936842,-0.1090191201891,-0.09995979165198685,0,0,-0.11145774691243333,844,66,1,0,0,0,0,0,0,1,0,0.5106837606837606,0.5,0.5,0.0,0.0,106;98;28;1;53;18;88;50;70;109;34;100;43;48;102;27;45;66;4;8;23;89;75;12;7;19;3;35;16;24,112;113;114;115;116;117;118;119;120;121;122;123;124;125;126;127;128;150;151;152;153;154;155;156;157;158;159;160;161;162,199;236;228;207;218;241;203;182;177;167;194;226;224;238;175;169;233;215;242;174;210;234;232;163;164;172;231;192;183;189;240;170;216;176;208;202;200;206;171;209;213;165;221;222;230;196;205;223;178;219;239;217;180;190;243;225;186;181;227;211;237;185;214;184;197;195;173;229;235;201;204;193;179;198;220;168,245;246;247;248;249;250;251;252;253;254;255;256;257;258;259;260;261;262;263;264,commit,-0.09963970623936842,ca9281982aa2d877f9e4562eaf3e3cc33098718bf7412964de16e2f711f701cb,1,1,1,1,1,1,1,1,1,1,1,3,3,1,1,9,2,0,cycle-0163;cycle-0164;cycle-0167;cycle-0169;cycle-0170;cycle-0172;cycle-0174;cycle-0175;cycle-0176;cycle-0177;cycle-0182;cycle-0183;cycle-0189;cycle-0192;cycle-0194;cycle-0199;cycle-0200;cycle-0202;cycle-0203;cycle-0206;cycle-0207;cycle-0208;cycle-0210;cycle-0215;cycle-0216;cycle-0218;cycle-0224;cycle-0226;cycle-0228;cycle-0231;cycle-0232;cycle-0233;cycle-0234;cycle-0236;cycle-0238;cycle-0240;cycle-0241;cycle-0242,1,2441.284667,4655.179268
19,blocked,FedAvg,none,0,0,0,0,0.0076049618738947364,0.0079584217035,0.007254645270578947,0,0,0.0075934190218333334,844,66,0,0,0,0,0,0,0,0,0,0.517948717948718,0.5156410256410257,0.517948717948718,0.002307692307692344,0.0079584217035,76;66;35;17;39;99;94;28;110;56;9;109;18;1;10;16;32;44;78;57;29;54;22;40;103;84;20;49;80;50,112;113;114;115;116;117;118;119;120;121;122;123;124;125;126;127;128;150;151;152;153;154;155;156;157;158;159;160;161;162,202;233;227;200;232;180;235;208;199;185;218;195;205;182;221;197;169;186;239;231;216;217;175;177;198;213;209;166;226;219;164;201;230;178;189;229;222;238;214;194;188;172;183;206;236;204;176;192;167;243;184;203;163;170;228;179;174;196;207;168;173;241;211;215;171;190;240;225;165;193;237;224;210;181;191;220,245;246;247;248;249;250;251;252;253;254;255;256;257;258;259;260;261;262;263;264,reject,0.0076049618738947364,c60f6db096884652eba4b5e8afbb13c0865968e683e8da5ee1f14f9bd31bae6c,1,2,2,0,0,1,1,1,1,1,1,3,3,1,1,9,2,1,cycle-0163;cycle-0165;cycle-0167;cycle-0168;cycle-0170;cycle-0171;cycle-0172;cycle-0173;cycle-0174;cycle-0176;cycle-0179;cycle-0181;cycle-0183;cycle-0184;cycle-0188;cycle-0190;cycle-0191;cycle-0192;cycle-0193;cycle-0194;cycle-0196;cycle-0203;cycle-0204;cycle-0206;cycle-0207;cycle-0210;cycle-0211;cycle-0214;cycle-0215;cycle-0220;cycle-0224;cycle-0225;cycle-0228;cycle-0236;cycle-0237;cycle-0240;cycle-0241;cycle-0243,1,2307.178823,5328.046134
19,blocked,CoordinateMedian,none,0,0,0,1,-0.012431687619631579,-0.01203177663995,-0.01179392659681579,0,0,-0.0131424241697,844,66,1,0,0,0,0,0,0,1,0,0.517948717948718,0.5160683760683761,0.5160683760683761,0.0,0.0,76;66;35;17;39;99;94;28;110;56;9;109;18;1;10;16;32;44;78;57;29;54;22;40;103;84;20;49;80;50,112;113;114;115;116;117;118;119;120;121;122;123;124;125;126;127;128;150;151;152;153;154;155;156;157;158;159;160;161;162,202;233;227;200;232;180;235;208;199;185;218;195;205;182;221;197;169;186;239;231;216;217;175;177;198;213;209;166;226;219;164;201;230;178;189;229;222;238;214;194;188;172;183;206;236;204;176;192;167;243;184;203;163;170;228;179;174;196;207;168;173;241;211;215;171;190;240;225;165;193;237;224;210;181;191;220,245;246;247;248;249;250;251;252;253;254;255;256;257;258;259;260;261;262;263;264,commit,-0.012431687619631579,c01bd2cc5a0c66bbaeaf25d181fcff014a4c9bdc22145e39e62b478e7211edcf,1,1,1,1,1,1,1,1,1,1,1,3,3,1,1,9,2,1,cycle-0163;cycle-0165;cycle-0167;cycle-0168;cycle-0170;cycle-0171;cycle-0172;cycle-0173;cycle-0174;cycle-0176;cycle-0179;cycle-0181;cycle-0183;cycle-0184;cycle-0188;cycle-0190;cycle-0191;cycle-0192;cycle-0193;cycle-0194;cycle-0196;cycle-0203;cycle-0204;cycle-0206;cycle-0207;cycle-0210;cycle-0211;cycle-0214;cycle-0215;cycle-0220;cycle-0224;cycle-0225;cycle-0228;cycle-0236;cycle-0237;cycle-0240;cycle-0241;cycle-0243,1,2257.629347,4464.496619
19,blocked,Krum,none,0,0,0,1,-0.007215539747710526,-0.00715096900885,-0.0075519816015,0,0,-0.008887002858566667,844,66,1,0,0,0,0,0,0,1,0,0.517948717948718,0.5137606837606837,0.5137606837606837,0.0,0.0,76;66;35;17;39;99;94;28;110;56;9;109;18;1;10;16;32;44;78;57;29;54;22;40;103;84;20;49;80;50,112;113;114;115;116;117;118;119;120;121;122;123;124;125;126;127;128;150;151;152;153;154;155;156;157;158;159;160;161;162,202;233;227;200;232;180;235;208;199;185;218;195;205;182;221;197;169;186;239;231;216;217;175;177;198;213;209;166;226;219;164;201;230;178;189;229;222;238;214;194;188;172;183;206;236;204;176;192;167;243;184;203;163;170;228;179;174;196;207;168;173;241;211;215;171;190;240;225;165;193;237;224;210;181;191;220,245;246;247;248;249;250;251;252;253;254;255;256;257;258;259;260;261;262;263;264,commit,-0.007215539747710526,ed0de169606a97a2038c2c82a27d88773656f3c68769e24b5a7839cf7dfb90af,1,1,1,1,1,1,1,1,1,1,1,3,3,1,1,9,2,0,cycle-0164;cycle-0166;cycle-0169;cycle-0175;cycle-0177;cycle-0178;cycle-0180;cycle-0182;cycle-0185;cycle-0186;cycle-0189;cycle-0195;cycle-0197;cycle-0198;cycle-0199;cycle-0200;cycle-0201;cycle-0202;cycle-0205;cycle-0208;cycle-0209;cycle-0213;cycle-0216;cycle-0217;cycle-0218;cycle-0219;cycle-0221;cycle-0222;cycle-0226;cycle-0227;cycle-0229;cycle-0230;cycle-0231;cycle-0232;cycle-0233;cycle-0235;cycle-0238;cycle-0239,1,2281.900062,4433.808691
19,blocked,FLTrust,none,0,0,0,0,0.3826905487159737,0.3941903856119,0.3707878689185921,1,0,0.3791601930849,844,66,0,0,0,1,1,0,0,0,0,0.517948717948718,0.5,0.517948717948718,0.017948717948717996,0.3941903856119,76;66;35;17;39;99;94;28;110;56;9;109;18;1;10;16;32;44;78;57;29;54;22;40;103;84;20;49;80;50,112;113;114;115;116;117;118;119;120;121;122;123;124;125;126;127;128;150;151;152;153;154;155;156;157;158;159;160;161;162,202;233;227;200;232;180;235;208;199;185;218;195;205;182;221;197;169;186;239;231;216;217;175;177;198;213;209;166;226;219;164;201;230;178;189;229;222;238;214;194;188;172;183;206;236;204;176;192;167;243;184;203;163;170;228;179;174;196;207;168;173;241;211;215;171;190;240;225;165;193;237;224;210;181;191;220,245;246;247;248;249;250;251;252;253;254;255;256;257;258;259;260;261;262;263;264,reject,0.3826905487159737,8c14e021008f7e8b5d48aa35555736f5a9eb8b83d5e78de656c73fcf10c5b37b,1,1,1,0,0,1,1,1,1,1,1,3,3,1,1,9,2,1,cycle-0163;cycle-0165;cycle-0167;cycle-0168;cycle-0170;cycle-0171;cycle-0172;cycle-0173;cycle-0174;cycle-0176;cycle-0179;cycle-0181;cycle-0183;cycle-0184;cycle-0188;cycle-0190;cycle-0191;cycle-0192;cycle-0193;cycle-0194;cycle-0196;cycle-0203;cycle-0204;cycle-0206;cycle-0207;cycle-0210;cycle-0211;cycle-0214;cycle-0215;cycle-0220;cycle-0224;cycle-0225;cycle-0228;cycle-0236;cycle-0237;cycle-0240;cycle-0241;cycle-0243,1,2301.435878,4546.953068
19,blocked,FedVal,none,0,0,0,0,0.04246653607039474,0.0478931608309,0.04447464354536842,0,0,0.0459140301609,844,66,0,0,0,0,0,0,0,0,0,0.517948717948718,0.5647008547008547,0.517948717948718,-0.04675213675213674,0.0478931608309,76;66;35;17;39;99;94;28;110;56;9;109;18;1;10;16;32;44;78;57;29;54;22;40;103;84;20;49;80;50,112;113;114;115;116;117;118;119;120;121;122;123;124;125;126;127;128;150;151;152;153;154;155;156;157;158;159;160;161;162,202;233;227;200;232;180;235;208;199;185;218;195;205;182;221;197;169;186;239;231;216;217;175;177;198;213;209;166;226;219;164;201;230;178;189;229;222;238;214;194;188;172;183;206;236;204;176;192;167;243;184;203;163;170;228;179;174;196;207;168;173;241;211;215;171;190;240;225;165;193;237;224;210;181;191;220,245;246;247;248;249;250;251;252;253;254;255;256;257;258;259;260;261;262;263;264,reject,0.04246653607039474,2df0ecfcf246ba73cdd1d73dcca288d0093ad00fe941058e80b9ed143618f572,1,1,1,0,0,1,1,1,1,1,1,3,3,1,1,9,2,0,cycle-0164;cycle-0166;cycle-0169;cycle-0175;cycle-0177;cycle-0178;cycle-0180;cycle-0182;cycle-0185;cycle-0186;cycle-0189;cycle-0195;cycle-0197;cycle-0198;cycle-0199;cycle-0200;cycle-0201;cycle-0202;cycle-0205;cycle-0208;cycle-0209;cycle-0213;cycle-0216;cycle-0217;cycle-0218;cycle-0219;cycle-0221;cycle-0222;cycle-0226;cycle-0227;cycle-0229;cycle-0230;cycle-0231;cycle-0232;cycle-0233;cycle-0235;cycle-0238;cycle-0239,1,2221.350436,4418.466814
19,blocked,FLShield,none,0,0,0,1,-0.04854213132536842,-0.05502106608115,-0.051548769135407894,0,0,-0.055629833462333335,844,66,1,0,0,0,0,0,0,1,0,0.517948717948718,0.5,0.5,0.0,0.0,76;66;35;17;39;99;94;28;110;56;9;109;18;1;10;16;32;44;78;57;29;54;22;40;103;84;20;49;80;50,112;113;114;115;116;117;118;119;120;121;122;123;124;125;126;127;128;150;151;152;153;154;155;156;157;158;159;160;161;162,202;233;227;200;232;180;235;208;199;185;218;195;205;182;221;197;169;186;239;231;216;217;175;177;198;213;209;166;226;219;164;201;230;178;189;229;222;238;214;194;188;172;183;206;236;204;176;192;167;243;184;203;163;170;228;179;174;196;207;168;173;241;211;215;171;190;240;225;165;193;237;224;210;181;191;220,245;246;247;248;249;250;251;252;253;254;255;256;257;258;259;260;261;262;263;264,commit,-0.04854213132536842,a26ef915933180d415ee569c8a1f75f80b9e02ebd27cc53c224cfb0278e74e2d,1,1,1,1,1,1,1,1,1,1,1,3,3,1,1,9,2,0,cycle-0164;cycle-0166;cycle-0169;cycle-0175;cycle-0177;cycle-0178;cycle-0180;cycle-0182;cycle-0185;cycle-0186;cycle-0189;cycle-0195;cycle-0197;cycle-0198;cycle-0199;cycle-0200;cycle-0201;cycle-0202;cycle-0205;cycle-0208;cycle-0209;cycle-0213;cycle-0216;cycle-0217;cycle-0218;cycle-0219;cycle-0221;cycle-0222;cycle-0226;cycle-0227;cycle-0229;cycle-0230;cycle-0231;cycle-0232;cycle-0233;cycle-0235;cycle-0238;cycle-0239,1,2330.096899,4556.166064
19,blocked,FoundationFL,none,0,0,0,1,-0.025286357825657895,-0.02594565511765,-0.023896480456486843,0,0,-0.025724897683566665,844,66,1,0,0,0,0,0,0,1,0,0.517948717948718,0.49615384615384617,0.49615384615384617,0.0,0.0,76;66;35;17;39;99;94;28;110;56;9;109;18;1;10;16;32;44;78;57;29;54;22;40;103;84;20;49;80;50,112;113;114;115;116;117;118;119;120;121;122;123;124;125;126;127;128;150;151;152;153;154;155;156;157;158;159;160;161;162,202;233;227;200;232;180;235;208;199;185;218;195;205;182;221;197;169;186;239;231;216;217;175;177;198;213;209;166;226;219;164;201;230;178;189;229;222;238;214;194;188;172;183;206;236;204;176;192;167;243;184;203;163;170;228;179;174;196;207;168;173;241;211;215;171;190;240;225;165;193;237;224;210;181;191;220,245;246;247;248;249;250;251;252;253;254;255;256;257;258;259;260;261;262;263;264,commit,-0.025286357825657895,4ef40523ab90aba4423d66e06d71fa7983d90df8524b2ffaf8b2b441360415ab,1,1,1,1,1,1,1,1,1,1,1,3,3,1,1,9,2,1,cycle-0163;cycle-0165;cycle-0167;cycle-0168;cycle-0170;cycle-0171;cycle-0172;cycle-0173;cycle-0174;cycle-0176;cycle-0179;cycle-0181;cycle-0183;cycle-0184;cycle-0188;cycle-0190;cycle-0191;cycle-0192;cycle-0193;cycle-0194;cycle-0196;cycle-0203;cycle-0204;cycle-0206;cycle-0207;cycle-0210;cycle-0211;cycle-0214;cycle-0215;cycle-0220;cycle-0224;cycle-0225;cycle-0228;cycle-0236;cycle-0237;cycle-0240;cycle-0241;cycle-0243,1,2242.139288,4481.495856
19,blocked,FedAvg,sign_flip,0,0,0,1,-0.09059241491305263,-0.0901337028959,-0.08435263806014473,0,0,-0.09374709193983333,844,66,1,0,0,0,0,0,0,1,0,0.517948717948718,0.5,0.5,0.0,0.0,76;66;35;17;39;99;94;28;110;56;9;109;18;1;10;16;32;44;78;57;29;54;22;40;103;84;20;49;80;50,112;113;114;115;116;117;118;119;120;121;122;123;124;125;126;127;128;150;151;152;153;154;155;156;157;158;159;160;161;162,202;233;227;200;232;180;235;208;199;185;218;195;205;182;221;197;169;186;239;231;216;217;175;177;198;213;209;166;226;219;164;201;230;178;189;229;222;238;214;194;188;172;183;206;236;204;176;192;167;243;184;203;163;170;228;179;174;196;207;168;173;241;211;215;171;190;240;225;165;193;237;224;210;181;191;220,245;246;247;248;249;250;251;252;253;254;255;256;257;258;259;260;261;262;263;264,commit,-0.09059241491305263,c58c030391847cfe2c5b9f758055d094e766bad15d129fc3fc4196423b1e6921,1,1,1,1,1,1,1,1,1,1,1,3,3,1,1,9,2,1,cycle-0163;cycle-0165;cycle-0167;cycle-0168;cycle-0170;cycle-0171;cycle-0172;cycle-0173;cycle-0174;cycle-0176;cycle-0179;cycle-0181;cycle-0183;cycle-0184;cycle-0188;cycle-0190;cycle-0191;cycle-0192;cycle-0193;cycle-0194;cycle-0196;cycle-0203;cycle-0204;cycle-0206;cycle-0207;cycle-0210;cycle-0211;cycle-0214;cycle-0215;cycle-0220;cycle-0224;cycle-0225;cycle-0228;cycle-0236;cycle-0237;cycle-0240;cycle-0241;cycle-0243,1,2262.061038,4511.309801
19,blocked,CoordinateMedian,sign_flip,0,0,0,1,-0.027508223459263157,-0.03043474859485,-0.02909649538651316,0,0,-0.03157121554536667,844,66,1,0,0,0,0,0,0,1,0,0.517948717948718,0.49923076923076926,0.49923076923076926,0.0,0.0,76;66;35;17;39;99;94;28;110;56;9;109;18;1;10;16;32;44;78;57;29;54;22;40;103;84;20;49;80;50,112;113;114;115;116;117;118;119;120;121;122;123;124;125;126;127;128;150;151;152;153;154;155;156;157;158;159;160;161;162,202;233;227;200;232;180;235;208;199;185;218;195;205;182;221;197;169;186;239;231;216;217;175;177;198;213;209;166;226;219;164;201;230;178;189;229;222;238;214;194;188;172;183;206;236;204;176;192;167;243;184;203;163;170;228;179;174;196;207;168;173;241;211;215;171;190;240;225;165;193;237;224;210;181;191;220,245;246;247;248;249;250;251;252;253;254;255;256;257;258;259;260;261;262;263;264,commit,-0.027508223459263157,1b28b3d868347a616e51155e21a566ed12776629034a8d858116c384494e9756,1,1,1,1,1,1,1,1,1,1,1,3,3,1,1,9,2,0,cycle-0164;cycle-0166;cycle-0169;cycle-0175;cycle-0177;cycle-0178;cycle-0180;cycle-0182;cycle-0185;cycle-0186;cycle-0189;cycle-0195;cycle-0197;cycle-0198;cycle-0199;cycle-0200;cycle-0201;cycle-0202;cycle-0205;cycle-0208;cycle-0209;cycle-0213;cycle-0216;cycle-0217;cycle-0218;cycle-0219;cycle-0221;cycle-0222;cycle-0226;cycle-0227;cycle-0229;cycle-0230;cycle-0231;cycle-0232;cycle-0233;cycle-0235;cycle-0238;cycle-0239,1,2350.658656,4504.184724
19,blocked,Krum,sign_flip,0,0,0,1,-0.007888423455289473,-0.00715096900885,-0.0075519816015,0,0,-0.008887002858566667,844,66,1,0,0,0,0,0,0,1,0,0.517948717948718,0.5137606837606837,0.5137606837606837,0.0,0.0,76;66;35;17;39;99;94;28;110;56;9;109;18;1;10;16;32;44;78;57;29;54;22;40;103;84;20;49;80;50,112;113;114;115;116;117;118;119;120;121;122;123;124;125;126;127;128;150;151;152;153;154;155;156;157;158;159;160;161;162,202;233;227;200;232;180;235;208;199;185;218;195;205;182;221;197;169;186;239;231;216;217;175;177;198;213;209;166;226;219;164;201;230;178;189;229;222;238;214;194;188;172;183;206;236;204;176;192;167;243;184;203;163;170;228;179;174;196;207;168;173;241;211;215;171;190;240;225;165;193;237;224;210;181;191;220,245;246;247;248;249;250;251;252;253;254;255;256;257;258;259;260;261;262;263;264,commit,-0.007888423455289473,e0b56e8bb6cae211a5e3c7e84b83f90a07656c307bf867b313e986c371017ed3,1,1,1,1,1,1,1,1,1,1,1,3,3,1,1,9,2,1,cycle-0163;cycle-0165;cycle-0167;cycle-0168;cycle-0170;cycle-0171;cycle-0172;cycle-0173;cycle-0174;cycle-0176;cycle-0179;cycle-0181;cycle-0183;cycle-0184;cycle-0188;cycle-0190;cycle-0191;cycle-0192;cycle-0193;cycle-0194;cycle-0196;cycle-0203;cycle-0204;cycle-0206;cycle-0207;cycle-0210;cycle-0211;cycle-0214;cycle-0215;cycle-0220;cycle-0224;cycle-0225;cycle-0228;cycle-0236;cycle-0237;cycle-0240;cycle-0241;cycle-0243,1,2252.960558,4400.258473
19,blocked,FLTrust,sign_flip,0,0,0,0,0.35773047277494735,0.3940115041875,0.3696196363980658,1,0,0.3773766980300333,844,66,0,0,0,1,1,0,0,0,0,0.517948717948718,0.5,0.517948717948718,0.017948717948717996,0.3940115041875,76;66;35;17;39;99;94;28;110;56;9;109;18;1;10;16;32;44;78;57;29;54;22;40;103;84;20;49;80;50,112;113;114;115;116;117;118;119;120;121;122;123;124;125;126;127;128;150;151;152;153;154;155;156;157;158;159;160;161;162,202;233;227;200;232;180;235;208;199;185;218;195;205;182;221;197;169;186;239;231;216;217;175;177;198;213;209;166;226;219;164;201;230;178;189;229;222;238;214;194;188;172;183;206;236;204;176;192;167;243;184;203;163;170;228;179;174;196;207;168;173;241;211;215;171;190;240;225;165;193;237;224;210;181;191;220,245;246;247;248;249;250;251;252;253;254;255;256;257;258;259;260;261;262;263;264,reject,0.35773047277494735,479416858634ba8975501ca3303765a4fc930e33e873d45f6f0fb35db7ca33c8,1,1,1,0,0,1,1,1,1,1,1,3,3,1,1,9,2,0,cycle-0164;cycle-0166;cycle-0169;cycle-0175;cycle-0177;cycle-0178;cycle-0180;cycle-0182;cycle-0185;cycle-0186;cycle-0189;cycle-0195;cycle-0197;cycle-0198;cycle-0199;cycle-0200;cycle-0201;cycle-0202;cycle-0205;cycle-0208;cycle-0209;cycle-0213;cycle-0216;cycle-0217;cycle-0218;cycle-0219;cycle-0221;cycle-0222;cycle-0226;cycle-0227;cycle-0229;cycle-0230;cycle-0231;cycle-0232;cycle-0233;cycle-0235;cycle-0238;cycle-0239,1,2272.525154,4511.594147
19,blocked,FedVal,sign_flip,0,0,0,0,0.019779442957710527,0.02143839009035,0.01881483035825,0,0,0.019089605073866665,844,66,0,0,0,0,0,0,0,0,0,0.517948717948718,0.5064102564102564,0.517948717948718,0.011538461538461608,0.02143839009035,76;66;35;17;39;99;94;28;110;56;9;109;18;1;10;16;32;44;78;57;29;54;22;40;103;84;20;49;80;50,112;113;114;115;116;117;118;119;120;121;122;123;124;125;126;127;128;150;151;152;153;154;155;156;157;158;159;160;161;162,202;233;227;200;232;180;235;208;199;185;218;195;205;182;221;197;169;186;239;231;216;217;175;177;198;213;209;166;226;219;164;201;230;178;189;229;222;238;214;194;188;172;183;206;236;204;176;192;167;243;184;203;163;170;228;179;174;196;207;168;173;241;211;215;171;190;240;225;165;193;237;224;210;181;191;220,245;246;247;248;249;250;251;252;253;254;255;256;257;258;259;260;261;262;263;264,reject,0.019779442957710527,4ef1c23bfb190995e795d4bb0c52a6493fc91990f2c14913fbe2f2062cc5fd97,1,1,1,0,0,1,1,1,1,1,1,3,3,1,1,9,2,1,cycle-0163;cycle-0165;cycle-0167;cycle-0168;cycle-0170;cycle-0171;cycle-0172;cycle-0173;cycle-0174;cycle-0176;cycle-0179;cycle-0181;cycle-0183;cycle-0184;cycle-0188;cycle-0190;cycle-0191;cycle-0192;cycle-0193;cycle-0194;cycle-0196;cycle-0203;cycle-0204;cycle-0206;cycle-0207;cycle-0210;cycle-0211;cycle-0214;cycle-0215;cycle-0220;cycle-0224;cycle-0225;cycle-0228;cycle-0236;cycle-0237;cycle-0240;cycle-0241;cycle-0243,1,2210.675014,4495.871505
19,blocked,FLShield,sign_flip,0,0,0,1,-0.09664397465778947,-0.1228087328551,-0.11083884102630263,0,0,-0.13933431189373333,844,66,1,0,0,0,0,0,0,1,0,0.517948717948718,0.5,0.5,0.0,0.0,76;66;35;17;39;99;94;28;110;56;9;109;18;1;10;16;32;44;78;57;29;54;22;40;103;84;20;49;80;50,112;113;114;115;116;117;118;119;120;121;122;123;124;125;126;127;128;150;151;152;153;154;155;156;157;158;159;160;161;162,202;233;227;200;232;180;235;208;199;185;218;195;205;182;221;197;169;186;239;231;216;217;175;177;198;213;209;166;226;219;164;201;230;178;189;229;222;238;214;194;188;172;183;206;236;204;176;192;167;243;184;203;163;170;228;179;174;196;207;168;173;241;211;215;171;190;240;225;165;193;237;224;210;181;191;220,245;246;247;248;249;250;251;252;253;254;255;256;257;258;259;260;261;262;263;264,commit,-0.09664397465778947,69ee8d974ffbcc53a48d5ca0301ba64276a5b9ffa7c7bd6e18c6c59843da7e65,1,1,1,1,1,1,1,1,1,1,1,3,3,1,1,9,2,0,cycle-0164;cycle-0166;cycle-0169;cycle-0175;cycle-0177;cycle-0178;cycle-0180;cycle-0182;cycle-0185;cycle-0186;cycle-0189;cycle-0195;cycle-0197;cycle-0198;cycle-0199;cycle-0200;cycle-0201;cycle-0202;cycle-0205;cycle-0208;cycle-0209;cycle-0213;cycle-0216;cycle-0217;cycle-0218;cycle-0219;cycle-0221;cycle-0222;cycle-0226;cycle-0227;cycle-0229;cycle-0230;cycle-0231;cycle-0232;cycle-0233;cycle-0235;cycle-0238;cycle-0239,1,2324.874514,4509.992196
19,blocked,FoundationFL,sign_flip,0,0,0,0,0.19226983108684212,0.20319491336275,0.18576990278175,0,0,0.19244075721606665,844,66,0,0,0,1,0,0,0,0,0,0.517948717948718,0.51,0.517948717948718,0.007948717948717987,0.20319491336275,76;66;35;17;39;99;94;28;110;56;9;109;18;1;10;16;32;44;78;57;29;54;22;40;103;84;20;49;80;50,112;113;114;115;116;117;118;119;120;121;122;123;124;125;126;127;128;150;151;152;153;154;155;156;157;158;159;160;161;162,202;233;227;200;232;180;235;208;199;185;218;195;205;182;221;197;169;186;239;231;216;217;175;177;198;213;209;166;226;219;164;201;230;178;189;229;222;238;214;194;188;172;183;206;236;204;176;192;167;243;184;203;163;170;228;179;174;196;207;168;173;241;211;215;171;190;240;225;165;193;237;224;210;181;191;220,245;246;247;248;249;250;251;252;253;254;255;256;257;258;259;260;261;262;263;264,reject,0.19226983108684212,ecd9940a7f1def2b66c4f96ae7b164851d82b24d8c73aa5f90009fd7f9ec5779,1,1,1,0,0,1,1,1,1,1,1,3,3,1,1,9,2,1,cycle-0163;cycle-0165;cycle-0167;cycle-0168;cycle-0170;cycle-0171;cycle-0172;cycle-0173;cycle-0174;cycle-0176;cycle-0179;cycle-0181;cycle-0183;cycle-0184;cycle-0188;cycle-0190;cycle-0191;cycle-0192;cycle-0193;cycle-0194;cycle-0196;cycle-0203;cycle-0204;cycle-0206;cycle-0207;cycle-0210;cycle-0211;cycle-0214;cycle-0215;cycle-0220;cycle-0224;cycle-0225;cycle-0228;cycle-0236;cycle-0237;cycle-0240;cycle-0241;cycle-0243,1,2285.968285,4429.252425
19,blocked,FedAvg,model_replacement,0,0,0,0,0.1035883038571842,0.1125989815768,0.10667476655463158,0,0,0.13326677595593334,844,66,0,0,0,1,0,0,0,0,0,0.517948717948718,0.3317094017094017,0.517948717948718,0.18623931623931628,0.1125989815768,76;66;35;17;39;99;94;28;110;56;9;109;18;1;10;16;32;44;78;57;29;54;22;40;103;84;20;49;80;50,112;113;114;115;116;117;118;119;120;121;122;123;124;125;126;127;128;150;151;152;153;154;155;156;157;158;159;160;161;162,202;233;227;200;232;180;235;208;199;185;218;195;205;182;221;197;169;186;239;231;216;217;175;177;198;213;209;166;226;219;164;201;230;178;189;229;222;238;214;194;188;172;183;206;236;204;176;192;167;243;184;203;163;170;228;179;174;196;207;168;173;241;211;215;171;190;240;225;165;193;237;224;210;181;191;220,245;246;247;248;249;250;251;252;253;254;255;256;257;258;259;260;261;262;263;264,reject,0.1035883038571842,7ea5155e366a612956977af523205de2cfacfe32fa18f341781f3eace25f5330,1,1,1,0,0,1,1,1,1,1,1,3,3,1,1,9,2,0,cycle-0164;cycle-0166;cycle-0169;cycle-0175;cycle-0177;cycle-0178;cycle-0180;cycle-0182;cycle-0185;cycle-0186;cycle-0189;cycle-0195;cycle-0197;cycle-0198;cycle-0199;cycle-0200;cycle-0201;cycle-0202;cycle-0205;cycle-0208;cycle-0209;cycle-0213;cycle-0216;cycle-0217;cycle-0218;cycle-0219;cycle-0221;cycle-0222;cycle-0226;cycle-0227;cycle-0229;cycle-0230;cycle-0231;cycle-0232;cycle-0233;cycle-0235;cycle-0238;cycle-0239,1,2216.030428,4479.369488
19,blocked,CoordinateMedian,model_replacement,0,0,0,1,-0.019903231213394736,-0.02185276496395,-0.020985409466223685,0,0,-0.022516544174233332,844,66,1,0,0,0,0,0,0,1,0,0.517948717948718,0.4976923076923077,0.4976923076923077,0.0,0.0,76;66;35;17;39;99;94;28;110;56;9;109;18;1;10;16;32;44;78;57;29;54;22;40;103;84;20;49;80;50,112;113;114;115;116;117;118;119;120;121;122;123;124;125;126;127;128;150;151;152;153;154;155;156;157;158;159;160;161;162,202;233;227;200;232;180;235;208;199;185;218;195;205;182;221;197;169;186;239;231;216;217;175;177;198;213;209;166;226;219;164;201;230;178;189;229;222;238;214;194;188;172;183;206;236;204;176;192;167;243;184;203;163;170;228;179;174;196;207;168;173;241;211;215;171;190;240;225;165;193;237;224;210;181;191;220,245;246;247;248;249;250;251;252;253;254;255;256;257;258;259;260;261;262;263;264,commit,-0.019903231213394736,d3b291e659033cd35276c11b5255cda45ad6e46e7f1980a7e62c2226164cae33,1,1,1,1,1,1,1,1,1,1,1,3,3,1,1,9,2,0,cycle-0164;cycle-0166;cycle-0169;cycle-0175;cycle-0177;cycle-0178;cycle-0180;cycle-0182;cycle-0185;cycle-0186;cycle-0189;cycle-0195;cycle-0197;cycle-0198;cycle-0199;cycle-0200;cycle-0201;cycle-0202;cycle-0205;cycle-0208;cycle-0209;cycle-0213;cycle-0216;cycle-0217;cycle-0218;cycle-0219;cycle-0221;cycle-0222;cycle-0226;cycle-0227;cycle-0229;cycle-0230;cycle-0231;cycle-0232;cycle-0233;cycle-0235;cycle-0238;cycle-0239,1,2288.441401,4458.006889
19,blocked,Krum,model_replacement,0,0,0,1,-0.007215539747710526,-0.00715096900885,-0.0075519816015,0,0,-0.008887002858566667,844,66,1,0,0,0,0,0,0,1,0,0.517948717948718,0.5137606837606837,0.5137606837606837,0.0,0.0,76;66;35;17;39;99;94;28;110;56;9;109;18;1;10;16;32;44;78;57;29;54;22;40;103;84;20;49;80;50,112;113;114;115;116;117;118;119;120;121;122;123;124;125;126;127;128;150;151;152;153;154;155;156;157;158;159;160;161;162,202;233;227;200;232;180;235;208;199;185;218;195;205;182;221;197;169;186;239;231;216;217;175;177;198;213;209;166;226;219;164;201;230;178;189;229;222;238;214;194;188;172;183;206;236;204;176;192;167;243;184;203;163;170;228;179;174;196;207;168;173;241;211;215;171;190;240;225;165;193;237;224;210;181;191;220,245;246;247;248;249;250;251;252;253;254;255;256;257;258;259;260;261;262;263;264,commit,-0.007215539747710526,e9655131cc21ce6cf5f10ead279cfc5f9a7732b13974156267da1ef14c349a58,1,1,1,1,1,1,1,1,1,1,1,3,3,1,1,9,2,0,cycle-0164;cycle-0166;cycle-0169;cycle-0175;cycle-0177;cycle-0178;cycle-0180;cycle-0182;cycle-0185;cycle-0186;cycle-0189;cycle-0195;cycle-0197;cycle-0198;cycle-0199;cycle-0200;cycle-0201;cycle-0202;cycle-0205;cycle-0208;cycle-0209;cycle-0213;cycle-0216;cycle-0217;cycle-0218;cycle-0219;cycle-0221;cycle-0222;cycle-0226;cycle-0227;cycle-0229;cycle-0230;cycle-0231;cycle-0232;cycle-0233;cycle-0235;cycle-0238;cycle-0239,1,2311.370648,4452.262722
19,blocked,FLTrust,model_replacement,0,0,0,0,0.369739682187,0.3810664689326,0.35811403700355265,1,0,0.36560008292766666,844,66,0,0,0,1,1,0,0,0,0,0.517948717948718,0.5007692307692307,0.517948717948718,0.01717948717948725,0.3810664689326,76;66;35;17;39;99;94;28;110;56;9;109;18;1;10;16;32;44;78;57;29;54;22;40;103;84;20;49;80;50,112;113;114;115;116;117;118;119;120;121;122;123;124;125;126;127;128;150;151;152;153;154;155;156;157;158;159;160;161;162,202;233;227;200;232;180;235;208;199;185;218;195;205;182;221;197;169;186;239;231;216;217;175;177;198;213;209;166;226;219;164;201;230;178;189;229;222;238;214;194;188;172;183;206;236;204;176;192;167;243;184;203;163;170;228;179;174;196;207;168;173;241;211;215;171;190;240;225;165;193;237;224;210;181;191;220,245;246;247;248;249;250;251;252;253;254;255;256;257;258;259;260;261;262;263;264,reject,0.369739682187,be0fb1c4f86602f46d1f8da093966c00d646885b192a5c2eedc8f43b841a46cd,1,1,1,0,0,1,1,1,1,1,1,3,3,1,1,9,2,1,cycle-0163;cycle-0165;cycle-0167;cycle-0168;cycle-0170;cycle-0171;cycle-0172;cycle-0173;cycle-0174;cycle-0176;cycle-0179;cycle-0181;cycle-0183;cycle-0184;cycle-0188;cycle-0190;cycle-0191;cycle-0192;cycle-0193;cycle-0194;cycle-0196;cycle-0203;cycle-0204;cycle-0206;cycle-0207;cycle-0210;cycle-0211;cycle-0214;cycle-0215;cycle-0220;cycle-0224;cycle-0225;cycle-0228;cycle-0236;cycle-0237;cycle-0240;cycle-0241;cycle-0243,1,2245.259829,4554.133116
19,blocked,FedVal,model_replacement,0,0,0,0,0.019315724025526317,0.02080846941855,0.020162660548171053,0,0,0.0274756389412,844,66,0,0,0,0,0,0,0,0,0,0.517948717948718,0.508034188034188,0.517948717948718,0.009914529914530013,0.02080846941855,76;66;35;17;39;99;94;28;110;56;9;109;18;1;10;16;32;44;78;57;29;54;22;40;103;84;20;49;80;50,112;113;114;115;116;117;118;119;120;121;122;123;124;125;126;127;128;150;151;152;153;154;155;156;157;158;159;160;161;162,202;233;227;200;232;180;235;208;199;185;218;195;205;182;221;197;169;186;239;231;216;217;175;177;198;213;209;166;226;219;164;201;230;178;189;229;222;238;214;194;188;172;183;206;236;204;176;192;167;243;184;203;163;170;228;179;174;196;207;168;173;241;211;215;171;190;240;225;165;193;237;224;210;181;191;220,245;246;247;248;249;250;251;252;253;254;255;256;257;258;259;260;261;262;263;264,reject,0.019315724025526317,e26b5158af3c150a32ad17d2ee501401636f48c21c3116c0466e751f216cd637,1,1,1,0,0,1,1,1,1,1,1,3,3,1,1,9,2,0,cycle-0164;cycle-0166;cycle-0169;cycle-0175;cycle-0177;cycle-0178;cycle-0180;cycle-0182;cycle-0185;cycle-0186;cycle-0189;cycle-0195;cycle-0197;cycle-0198;cycle-0199;cycle-0200;cycle-0201;cycle-0202;cycle-0205;cycle-0208;cycle-0209;cycle-0213;cycle-0216;cycle-0217;cycle-0218;cycle-0219;cycle-0221;cycle-0222;cycle-0226;cycle-0227;cycle-0229;cycle-0230;cycle-0231;cycle-0232;cycle-0233;cycle-0235;cycle-0238;cycle-0239,1,2318.674088,4469.582657
19,blocked,FLShield,model_replacement,0,0,0,0,0.007587250901657894,0.0080506350364,0.007269827194697368,0,0,0.0071216563853,844,66,0,0,0,0,0,0,0,0,0,0.517948717948718,0.5141025641025642,0.517948717948718,0.0038461538461538325,0.0080506350364,76;66;35;17;39;99;94;28;110;56;9;109;18;1;10;16;32;44;78;57;29;54;22;40;103;84;20;49;80;50,112;113;114;115;116;117;118;119;120;121;122;123;124;125;126;127;128;150;151;152;153;154;155;156;157;158;159;160;161;162,202;233;227;200;232;180;235;208;199;185;218;195;205;182;221;197;169;186;239;231;216;217;175;177;198;213;209;166;226;219;164;201;230;178;189;229;222;238;214;194;188;172;183;206;236;204;176;192;167;243;184;203;163;170;228;179;174;196;207;168;173;241;211;215;171;190;240;225;165;193;237;224;210;181;191;220,245;246;247;248;249;250;251;252;253;254;255;256;257;258;259;260;261;262;263;264,reject,0.007587250901657894,819624add3247888ea67b754655610a6127234436ea3ccefdf6735452d47e3cb,1,1,1,0,0,1,1,1,1,1,1,3,3,1,1,9,2,1,cycle-0163;cycle-0165;cycle-0167;cycle-0168;cycle-0170;cycle-0171;cycle-0172;cycle-0173;cycle-0174;cycle-0176;cycle-0179;cycle-0181;cycle-0183;cycle-0184;cycle-0188;cycle-0190;cycle-0191;cycle-0192;cycle-0193;cycle-0194;cycle-0196;cycle-0203;cycle-0204;cycle-0206;cycle-0207;cycle-0210;cycle-0211;cycle-0214;cycle-0215;cycle-0220;cycle-0224;cycle-0225;cycle-0228;cycle-0236;cycle-0237;cycle-0240;cycle-0241;cycle-0243,1,2281.812244,4427.63468
19,blocked,FoundationFL,model_replacement,0,0,0,1,-0.03436533750165789,-0.0435444468093,-0.039560187516907895,0,0,-0.026397480885566666,844,66,1,0,0,0,0,0,0,1,0,0.517948717948718,0.49025641025641026,0.49025641025641026,0.0,0.0,76;66;35;17;39;99;94;28;110;56;9;109;18;1;10;16;32;44;78;57;29;54;22;40;103;84;20;49;80;50,112;113;114;115;116;117;118;119;120;121;122;123;124;125;126;127;128;150;151;152;153;154;155;156;157;158;159;160;161;162,202;233;227;200;232;180;235;208;199;185;218;195;205;182;221;197;169;186;239;231;216;217;175;177;198;213;209;166;226;219;164;201;230;178;189;229;222;238;214;194;188;172;183;206;236;204;176;192;167;243;184;203;163;170;228;179;174;196;207;168;173;241;211;215;171;190;240;225;165;193;237;224;210;181;191;220,245;246;247;248;249;250;251;252;253;254;255;256;257;258;259;260;261;262;263;264,commit,-0.03436533750165789,63c7b12ee20b81aba4d08c80f586f326f5022f78afd6d37a3684ff0501640b15,1,1,1,1,1,1,1,1,1,1,1,3,3,1,1,9,2,0,cycle-0164;cycle-0166;cycle-0169;cycle-0175;cycle-0177;cycle-0178;cycle-0180;cycle-0182;cycle-0185;cycle-0186;cycle-0189;cycle-0195;cycle-0197;cycle-0198;cycle-0199;cycle-0200;cycle-0201;cycle-0202;cycle-0205;cycle-0208;cycle-0209;cycle-0213;cycle-0216;cycle-0217;cycle-0218;cycle-0219;cycle-0221;cycle-0222;cycle-0226;cycle-0227;cycle-0229;cycle-0230;cycle-0231;cycle-0232;cycle-0233;cycle-0235;cycle-0238;cycle-0239,1,2266.604283,4616.859577
19,blocked,FedAvg,score_aware,64,17,0,1,-1.0600886815789473e-05,-2.310810805e-05,-1.072204052631579e-05,0,0,7.901553666666667e-07,844,66,0,0,0,0,0,0,0,1,0,0.517948717948718,0.517948717948718,0.517948717948718,0.0,0.0,76;66;35;17;39;99;94;28;110;56;9;109;18;1;10;16;32;44;78;57;29;54;22;40;103;84;20;49;80;50,112;113;114;115;116;117;118;119;120;121;122;123;124;125;126;127;128;150;151;152;153;154;155;156;157;158;159;160;161;162,202;233;227;200;232;180;235;208;199;185;218;195;205;182;221;197;169;186;239;231;216;217;175;177;198;213;209;166;226;219;164;201;230;178;189;229;222;238;214;194;188;172;183;206;236;204;176;192;167;243;184;203;163;170;228;179;174;196;207;168;173;241;211;215;171;190;240;225;165;193;237;224;210;181;191;220,245;246;247;248;249;250;251;252;253;254;255;256;257;258;259;260;261;262;263;264,commit,-1.0600886815789473e-05,1e3c05e5563a4912cf8d15411a3561c6ecddde67967d2a73bc4d60c9cb4ddd21,1,1,1,1,1,1,1,1,1,1,1,3,3,1,1,9,2,1,cycle-0163;cycle-0165;cycle-0167;cycle-0168;cycle-0170;cycle-0171;cycle-0172;cycle-0173;cycle-0174;cycle-0176;cycle-0179;cycle-0181;cycle-0183;cycle-0184;cycle-0188;cycle-0190;cycle-0191;cycle-0192;cycle-0193;cycle-0194;cycle-0196;cycle-0203;cycle-0204;cycle-0206;cycle-0207;cycle-0210;cycle-0211;cycle-0214;cycle-0215;cycle-0220;cycle-0224;cycle-0225;cycle-0228;cycle-0236;cycle-0237;cycle-0240;cycle-0241;cycle-0243,1,2265.375873,4452.229853
19,blocked,FLTrust,score_aware,64,8,0,0,0.33667818191886845,0.345962188524,0.32580522006507895,0,0,0.33390860221996665,844,66,0,0,0,1,0,0,0,0,0,0.517948717948718,0.5007692307692307,0.517948717948718,0.01717948717948725,0.345962188524,76;66;35;17;39;99;94;28;110;56;9;109;18;1;10;16;32;44;78;57;29;54;22;40;103;84;20;49;80;50,112;113;114;115;116;117;118;119;120;121;122;123;124;125;126;127;128;150;151;152;153;154;155;156;157;158;159;160;161;162,202;233;227;200;232;180;235;208;199;185;218;195;205;182;221;197;169;186;239;231;216;217;175;177;198;213;209;166;226;219;164;201;230;178;189;229;222;238;214;194;188;172;183;206;236;204;176;192;167;243;184;203;163;170;228;179;174;196;207;168;173;241;211;215;171;190;240;225;165;193;237;224;210;181;191;220,245;246;247;248;249;250;251;252;253;254;255;256;257;258;259;260;261;262;263;264,reject,0.33667818191886845,01893678bfa16c74b0aa8eb663082785bdc7a76925bec8fbeb99f14de5e4b73e,1,1,1,0,0,1,1,1,1,1,1,3,3,1,1,9,2,1,cycle-0163;cycle-0165;cycle-0167;cycle-0168;cycle-0170;cycle-0171;cycle-0172;cycle-0173;cycle-0174;cycle-0176;cycle-0179;cycle-0181;cycle-0183;cycle-0184;cycle-0188;cycle-0190;cycle-0191;cycle-0192;cycle-0193;cycle-0194;cycle-0196;cycle-0203;cycle-0204;cycle-0206;cycle-0207;cycle-0210;cycle-0211;cycle-0214;cycle-0215;cycle-0220;cycle-0224;cycle-0225;cycle-0228;cycle-0236;cycle-0237;cycle-0240;cycle-0241;cycle-0243,1,2343.267502,4509.388098
19,blocked,FoundationFL,score_aware,64,29,1,1,-0.03528016488455263,-0.0554658198018,-0.031906983590894736,0,0,-0.0066058683111,844,66,1,0,0,0,0,0,0,1,0,0.517948717948718,0.522051282051282,0.522051282051282,0.0,0.0,76;66;35;17;39;99;94;28;110;56;9;109;18;1;10;16;32;44;78;57;29;54;22;40;103;84;20;49;80;50,112;113;114;115;116;117;118;119;120;121;122;123;124;125;126;127;128;150;151;152;153;154;155;156;157;158;159;160;161;162,202;233;227;200;232;180;235;208;199;185;218;195;205;182;221;197;169;186;239;231;216;217;175;177;198;213;209;166;226;219;164;201;230;178;189;229;222;238;214;194;188;172;183;206;236;204;176;192;167;243;184;203;163;170;228;179;174;196;207;168;173;241;211;215;171;190;240;225;165;193;237;224;210;181;191;220,245;246;247;248;249;250;251;252;253;254;255;256;257;258;259;260;261;262;263;264,commit,-0.03528016488455263,040bfe12beb432a8a77b838922a1e9d7d58078f7870aab7aeffd964bec771861,1,1,1,1,1,1,1,1,1,1,1,3,3,1,1,9,2,1,cycle-0163;cycle-0165;cycle-0167;cycle-0168;cycle-0170;cycle-0171;cycle-0172;cycle-0173;cycle-0174;cycle-0176;cycle-0179;cycle-0181;cycle-0183;cycle-0184;cycle-0188;cycle-0190;cycle-0191;cycle-0192;cycle-0193;cycle-0194;cycle-0196;cycle-0203;cycle-0204;cycle-0206;cycle-0207;cycle-0210;cycle-0211;cycle-0214;cycle-0215;cycle-0220;cycle-0224;cycle-0225;cycle-0228;cycle-0236;cycle-0237;cycle-0240;cycle-0241;cycle-0243,1,2328.19611,4649.155944
